snapshot_hour_utc,retrieved_at_utc,metric,value,unit,source,source_observation_time,source_frequency,timestamp_quality,status
2026-09-03T06:00:00Z,2026-09-03T06:02:34.449062Z,BTC_DOMINANCE,59.0822830443946,percent,CoinGecko Global,2026-09-03T05:58:26Z,current,source_updated_at,OK
2026-09-03T06:00:00Z,2026-09-03T06:02:34.449062Z,CRYPTO_24H_VOLUME,75720630005.22925,USD,CoinGecko Global,2026-09-03T05:58:26Z,current,source_updated_at,OK
2026-09-03T06:00:00Z,2026-09-03T06:02:34.449062Z,CRYPTO_TOTAL_MCAP,2638099227425.4546,USD,CoinGecko Global,2026-09-03T05:58:26Z,current,source_updated_at,OK
2026-09-03T06:00:00Z,2026-09-03T06:02:34.449062Z,EFFR,3.63,percent,New York Fed Markets API,2026-09-01T00:00:00Z,business_daily,official_effective_date,OK
2026-09-03T06:00:00Z,2026-09-03T06:02:34.449062Z,ETH_DOMINANCE,11.096915198881462,percent,CoinGecko Global,2026-09-03T05:58:26Z,current,source_updated_at,OK
2026-09-03T06:00:00Z,2026-09-03T06:02:34.449062Z,SOFR,3.66,percent,New York Fed Markets API,2026-09-01T00:00:00Z,business_daily,official_effective_date,OK
2026-09-03T06:00:00Z,2026-09-03T06:02:34.449062Z,STABLECOIN_TOTAL_SUPPLY,310159889850.278,USD,DefiLlama Stablecoins,2026-09-03T06:02:36.299588Z,current,retrieval_time_proxy,OK
2026-09-03T06:00:00Z,2026-09-03T06:02:34.449062Z,TGA_CLOSING_BALANCE,942793.0,USD millions,US Treasury FiscalData:DTS operating_cash_balance,2026-09-01T00:00:00Z,business_daily,official_record_date,OK
2026-09-03T06:00:00Z,2026-09-03T06:02:34.449062Z,US10Y,4.79,percent,US Treasury:daily_treasury_yield_curve,2026-09-02T00:00:00,daily,official_observation_date,OK
2026-09-03T06:00:00Z,2026-09-03T06:02:34.449062Z,US10Y_REAL,2.45,percent,US Treasury:daily_treasury_real_yield_curve,2026-09-02T00:00:00,daily,official_observation_date,OK
2026-09-03T06:00:00Z,2026-09-03T06:02:34.449062Z,US2Y,4.39,percent,US Treasury:daily_treasury_yield_curve,2026-09-02T00:00:00,daily,official_observation_date,OK
2026-09-03T06:00:00Z,2026-09-03T06:02:34.449062Z,US30Y,5.27,percent,US Treasury:daily_treasury_yield_curve,2026-09-02T00:00:00,daily,official_observation_date,OK
2026-09-03T06:00:00Z,2026-09-03T06:02:34.449062Z,USDC_SUPPLY,73862378834.24203,USD,DefiLlama Stablecoins,2026-09-03T06:02:36.299588Z,current,retrieval_time_proxy,OK
2026-09-03T06:00:00Z,2026-09-03T06:02:34.449062Z,USDT_SUPPLY,183294033746.98782,USD,DefiLlama Stablecoins,2026-09-03T06:02:36.299588Z,current,retrieval_time_proxy,OK
2026-09-03T07:00:00Z,2026-09-03T07:58:16.812188Z,BTC_DOMINANCE,59.082129439579234,percent,CoinGecko Global,2026-09-03T07:48:34Z,current,source_updated_at,OK
2026-09-03T07:00:00Z,2026-09-03T07:58:16.812188Z,CRYPTO_24H_VOLUME,77099011171.43874,USD,CoinGecko Global,2026-09-03T07:48:34Z,current,source_updated_at,OK
2026-09-03T07:00:00Z,2026-09-03T07:58:16.812188Z,CRYPTO_TOTAL_MCAP,2629044007571.361,USD,CoinGecko Global,2026-09-03T07:48:34Z,current,source_updated_at,OK
2026-09-03T07:00:00Z,2026-09-03T07:58:16.812188Z,EFFR,3.63,percent,New York Fed Markets API,2026-09-01T00:00:00Z,business_daily,official_effective_date,OK
2026-09-03T07:00:00Z,2026-09-03T07:58:16.812188Z,ETH_DOMINANCE,11.096778571890304,percent,CoinGecko Global,2026-09-03T07:48:34Z,current,source_updated_at,OK
2026-09-03T07:00:00Z,2026-09-03T07:58:16.812188Z,SOFR,3.66,percent,New York Fed Markets API,2026-09-01T00:00:00Z,business_daily,official_effective_date,OK
2026-09-03T07:00:00Z,2026-09-03T07:58:16.812188Z,STABLECOIN_TOTAL_SUPPLY,310056584423.2092,USD,DefiLlama Stablecoins,2026-09-03T07:58:18.460270Z,current,retrieval_time_proxy,OK
2026-09-03T07:00:00Z,2026-09-03T07:58:16.812188Z,TGA_CLOSING_BALANCE,942793.0,USD millions,US Treasury FiscalData:DTS operating_cash_balance,2026-09-01T00:00:00Z,business_daily,official_record_date,OK
2026-09-03T07:00:00Z,2026-09-03T07:58:16.812188Z,US10Y,4.79,percent,US Treasury:daily_treasury_yield_curve,2026-09-02T00:00:00,daily,official_observation_date,OK
2026-09-03T07:00:00Z,2026-09-03T07:58:16.812188Z,US10Y_REAL,2.45,percent,US Treasury:daily_treasury_real_yield_curve,2026-09-02T00:00:00,daily,official_observation_date,OK
2026-09-03T07:00:00Z,2026-09-03T07:58:16.812188Z,US2Y,4.39,percent,US Treasury:daily_treasury_yield_curve,2026-09-02T00:00:00,daily,official_observation_date,OK
2026-09-03T07:00:00Z,2026-09-03T07:58:16.812188Z,US30Y,5.27,percent,US Treasury:daily_treasury_yield_curve,2026-09-02T00:00:00,daily,official_observation_date,OK
2026-09-03T07:00:00Z,2026-09-03T07:58:16.812188Z,USDC_SUPPLY,73775737620.87628,USD,DefiLlama Stablecoins,2026-09-03T07:58:18.460270Z,current,retrieval_time_proxy,OK
2026-09-03T07:00:00Z,2026-09-03T07:58:16.812188Z,USDT_SUPPLY,183277477030.55038,USD,DefiLlama Stablecoins,2026-09-03T07:58:18.460270Z,current,retrieval_time_proxy,OK
2026-09-03T08:00:00Z,2026-09-03T08:58:58.838153Z,BTC_DOMINANCE,59.57616307198741,percent,CoinGecko Global,2026-09-03T08:58:40Z,current,source_updated_at,OK
2026-09-03T08:00:00Z,2026-09-03T08:58:58.838153Z,CRYPTO_24H_VOLUME,76743306408.10614,USD,CoinGecko Global,2026-09-03T08:58:40Z,current,source_updated_at,OK
2026-09-03T08:00:00Z,2026-09-03T08:58:58.838153Z,CRYPTO_TOTAL_MCAP,2618320864306.7085,USD,CoinGecko Global,2026-09-03T08:58:40Z,current,source_updated_at,OK
2026-09-03T08:00:00Z,2026-09-03T08:58:58.838153Z,EFFR,3.63,percent,New York Fed Markets API,2026-09-01T00:00:00Z,business_daily,official_effective_date,OK
2026-09-03T08:00:00Z,2026-09-03T08:58:58.838153Z,ETH_DOMINANCE,11.179397544483198,percent,CoinGecko Global,2026-09-03T08:58:40Z,current,source_updated_at,OK
2026-09-03T08:00:00Z,2026-09-03T08:58:58.838153Z,SOFR,3.66,percent,New York Fed Markets API,2026-09-01T00:00:00Z,business_daily,official_effective_date,OK
2026-09-03T08:00:00Z,2026-09-03T08:58:58.838153Z,STABLECOIN_TOTAL_SUPPLY,310013373373.4293,USD,DefiLlama Stablecoins,2026-09-03T08:59:00.439548Z,current,retrieval_time_proxy,OK
2026-09-03T08:00:00Z,2026-09-03T08:58:58.838153Z,TGA_CLOSING_BALANCE,942793.0,USD millions,US Treasury FiscalData:DTS operating_cash_balance,2026-09-01T00:00:00Z,business_daily,official_record_date,OK
2026-09-03T08:00:00Z,2026-09-03T08:58:58.838153Z,US10Y,4.79,percent,US Treasury:daily_treasury_yield_curve,2026-09-02T00:00:00,daily,official_observation_date,OK
2026-09-03T08:00:00Z,2026-09-03T08:58:58.838153Z,US10Y_REAL,2.45,percent,US Treasury:daily_treasury_real_yield_curve,2026-09-02T00:00:00,daily,official_observation_date,OK
2026-09-03T08:00:00Z,2026-09-03T08:58:58.838153Z,US2Y,4.39,percent,US Treasury:daily_treasury_yield_curve,2026-09-02T00:00:00,daily,official_observation_date,OK
2026-09-03T08:00:00Z,2026-09-03T08:58:58.838153Z,US30Y,5.27,percent,US Treasury:daily_treasury_yield_curve,2026-09-02T00:00:00,daily,official_observation_date,OK
2026-09-03T08:00:00Z,2026-09-03T08:58:58.838153Z,USDC_SUPPLY,73730135748.41228,USD,DefiLlama Stablecoins,2026-09-03T08:59:00.439548Z,current,retrieval_time_proxy,OK
2026-09-03T08:00:00Z,2026-09-03T08:58:58.838153Z,USDT_SUPPLY,183274992358.11978,USD,DefiLlama Stablecoins,2026-09-03T08:59:00.439548Z,current,retrieval_time_proxy,OK
2026-09-03T09:00:00Z,2026-09-03T09:58:05.537014Z,BTC_DOMINANCE,59.565848981871405,percent,CoinGecko Global,2026-09-03T09:48:43Z,current,source_updated_at,OK
2026-09-03T09:00:00Z,2026-09-03T09:58:05.537014Z,CRYPTO_24H_VOLUME,75486829934.3049,USD,CoinGecko Global,2026-09-03T09:48:43Z,current,source_updated_at,OK
2026-09-03T09:00:00Z,2026-09-03T09:58:05.537014Z,CRYPTO_TOTAL_MCAP,2614691089655.6514,USD,CoinGecko Global,2026-09-03T09:48:43Z,current,source_updated_at,OK
2026-09-03T09:00:00Z,2026-09-03T09:58:05.537014Z,EFFR,3.63,percent,New York Fed Markets API,2026-09-01T00:00:00Z,business_daily,official_effective_date,OK
2026-09-03T09:00:00Z,2026-09-03T09:58:05.537014Z,ETH_DOMINANCE,11.166243890355771,percent,CoinGecko Global,2026-09-03T09:48:43Z,current,source_updated_at,OK
2026-09-03T09:00:00Z,2026-09-03T09:58:05.537014Z,SOFR,3.66,percent,New York Fed Markets API,2026-09-01T00:00:00Z,business_daily,official_effective_date,OK
2026-09-03T09:00:00Z,2026-09-03T09:58:05.537014Z,STABLECOIN_TOTAL_SUPPLY,309976529744.15234,USD,DefiLlama Stablecoins,2026-09-03T09:58:07.262355Z,current,retrieval_time_proxy,OK
2026-09-03T09:00:00Z,2026-09-03T09:58:05.537014Z,TGA_CLOSING_BALANCE,942793.0,USD millions,US Treasury FiscalData:DTS operating_cash_balance,2026-09-01T00:00:00Z,business_daily,official_record_date,OK
2026-09-03T09:00:00Z,2026-09-03T09:58:05.537014Z,US10Y,4.79,percent,US Treasury:daily_treasury_yield_curve,2026-09-02T00:00:00,daily,official_observation_date,OK
2026-09-03T09:00:00Z,2026-09-03T09:58:05.537014Z,US10Y_REAL,2.45,percent,US Treasury:daily_treasury_real_yield_curve,2026-09-02T00:00:00,daily,official_observation_date,OK
2026-09-03T09:00:00Z,2026-09-03T09:58:05.537014Z,US2Y,4.39,percent,US Treasury:daily_treasury_yield_curve,2026-09-02T00:00:00,daily,official_observation_date,OK
2026-09-03T09:00:00Z,2026-09-03T09:58:05.537014Z,US30Y,5.27,percent,US Treasury:daily_treasury_yield_curve,2026-09-02T00:00:00,daily,official_observation_date,OK
2026-09-03T09:00:00Z,2026-09-03T09:58:05.537014Z,USDC_SUPPLY,73674469868.91536,USD,DefiLlama Stablecoins,2026-09-03T09:58:07.262355Z,current,retrieval_time_proxy,OK
2026-09-03T09:00:00Z,2026-09-03T09:58:05.537014Z,USDT_SUPPLY,183269468016.6666,USD,DefiLlama Stablecoins,2026-09-03T09:58:07.262355Z,current,retrieval_time_proxy,OK
2026-09-03T10:00:00Z,2026-09-03T10:58:02.174439Z,BTC_DOMINANCE,59.546257758728935,percent,CoinGecko Global,2026-09-03T10:48:47Z,current,source_updated_at,OK
2026-09-03T10:00:00Z,2026-09-03T10:58:02.174439Z,CRYPTO_24H_VOLUME,74213171101.77596,USD,CoinGecko Global,2026-09-03T10:48:47Z,current,source_updated_at,OK
2026-09-03T10:00:00Z,2026-09-03T10:58:02.174439Z,CRYPTO_TOTAL_MCAP,2607074417544.5605,USD,CoinGecko Global,2026-09-03T10:48:47Z,current,source_updated_at,OK
2026-09-03T10:00:00Z,2026-09-03T10:58:02.174439Z,EFFR,3.63,percent,New York Fed Markets API,2026-09-01T00:00:00Z,business_daily,official_effective_date,OK
2026-09-03T10:00:00Z,2026-09-03T10:58:02.174439Z,ETH_DOMINANCE,11.165062135215129,percent,CoinGecko Global,2026-09-03T10:48:47Z,current,source_updated_at,OK
2026-09-03T10:00:00Z,2026-09-03T10:58:02.174439Z,SOFR,3.66,percent,New York Fed Markets API,2026-09-01T00:00:00Z,business_daily,official_effective_date,OK
2026-09-03T10:00:00Z,2026-09-03T10:58:02.174439Z,STABLECOIN_TOTAL_SUPPLY,309976529744.15234,USD,DefiLlama Stablecoins,2026-09-03T10:58:03.950992Z,current,retrieval_time_proxy,OK
2026-09-03T10:00:00Z,2026-09-03T10:58:02.174439Z,TGA_CLOSING_BALANCE,942793.0,USD millions,US Treasury FiscalData:DTS operating_cash_balance,2026-09-01T00:00:00Z,business_daily,official_record_date,OK
2026-09-03T10:00:00Z,2026-09-03T10:58:02.174439Z,US10Y,4.79,percent,US Treasury:daily_treasury_yield_curve,2026-09-02T00:00:00,daily,official_observation_date,OK
2026-09-03T10:00:00Z,2026-09-03T10:58:02.174439Z,US10Y_REAL,2.45,percent,US Treasury:daily_treasury_real_yield_curve,2026-09-02T00:00:00,daily,official_observation_date,OK
2026-09-03T10:00:00Z,2026-09-03T10:58:02.174439Z,US2Y,4.39,percent,US Treasury:daily_treasury_yield_curve,2026-09-02T00:00:00,daily,official_observation_date,OK
2026-09-03T10:00:00Z,2026-09-03T10:58:02.174439Z,US30Y,5.27,percent,US Treasury:daily_treasury_yield_curve,2026-09-02T00:00:00,daily,official_observation_date,OK
2026-09-03T10:00:00Z,2026-09-03T10:58:02.174439Z,USDC_SUPPLY,73674469868.91536,USD,DefiLlama Stablecoins,2026-09-03T10:58:03.950992Z,current,retrieval_time_proxy,OK
2026-09-03T10:00:00Z,2026-09-03T10:58:02.174439Z,USDT_SUPPLY,183269468016.6666,USD,DefiLlama Stablecoins,2026-09-03T10:58:03.950992Z,current,retrieval_time_proxy,OK
2026-09-03T11:00:00Z,2026-09-03T11:58:02.491241Z,BTC_DOMINANCE,59.51933631484966,percent,CoinGecko Global,2026-09-03T11:48:53Z,current,source_updated_at,OK
2026-09-03T11:00:00Z,2026-09-03T11:58:02.491241Z,CRYPTO_24H_VOLUME,73472526152.5718,USD,CoinGecko Global,2026-09-03T11:48:53Z,current,source_updated_at,OK
2026-09-03T11:00:00Z,2026-09-03T11:58:02.491241Z,CRYPTO_TOTAL_MCAP,2622065424553.689,USD,CoinGecko Global,2026-09-03T11:48:53Z,current,source_updated_at,OK
2026-09-03T11:00:00Z,2026-09-03T11:58:02.491241Z,EFFR,3.63,percent,New York Fed Markets API,2026-09-01T00:00:00Z,business_daily,official_effective_date,OK
2026-09-03T11:00:00Z,2026-09-03T11:58:02.491241Z,ETH_DOMINANCE,11.180640233609743,percent,CoinGecko Global,2026-09-03T11:48:53Z,current,source_updated_at,OK
2026-09-03T11:00:00Z,2026-09-03T11:58:02.491241Z,SOFR,3.66,percent,New York Fed Markets API,2026-09-01T00:00:00Z,business_daily,official_effective_date,OK
2026-09-03T11:00:00Z,2026-09-03T11:58:02.491241Z,STABLECOIN_TOTAL_SUPPLY,309915181749.88776,USD,DefiLlama Stablecoins,2026-09-03T11:58:03.618628Z,current,retrieval_time_proxy,OK
2026-09-03T11:00:00Z,2026-09-03T11:58:02.491241Z,TGA_CLOSING_BALANCE,942793.0,USD millions,US Treasury FiscalData:DTS operating_cash_balance,2026-09-01T00:00:00Z,business_daily,official_record_date,OK
2026-09-03T11:00:00Z,2026-09-03T11:58:02.491241Z,US10Y,4.79,percent,US Treasury:daily_treasury_yield_curve,2026-09-02T00:00:00,daily,official_observation_date,OK
2026-09-03T11:00:00Z,2026-09-03T11:58:02.491241Z,US10Y_REAL,2.45,percent,US Treasury:daily_treasury_real_yield_curve,2026-09-02T00:00:00,daily,official_observation_date,OK
2026-09-03T11:00:00Z,2026-09-03T11:58:02.491241Z,US2Y,4.39,percent,US Treasury:daily_treasury_yield_curve,2026-09-02T00:00:00,daily,official_observation_date,OK
2026-09-03T11:00:00Z,2026-09-03T11:58:02.491241Z,US30Y,5.27,percent,US Treasury:daily_treasury_yield_curve,2026-09-02T00:00:00,daily,official_observation_date,OK
2026-09-03T11:00:00Z,2026-09-03T11:58:02.491241Z,USDC_SUPPLY,73630694646.47021,USD,DefiLlama Stablecoins,2026-09-03T11:58:03.618628Z,current,retrieval_time_proxy,OK
2026-09-03T11:00:00Z,2026-09-03T11:58:02.491241Z,USDT_SUPPLY,183267726161.44614,USD,DefiLlama Stablecoins,2026-09-03T11:58:03.618628Z,current,retrieval_time_proxy,OK
2026-09-03T12:00:00Z,2026-09-03T12:59:33.510640Z,BTC_DOMINANCE,59.16249609620725,percent,CoinGecko Global,2026-09-03T12:58:58Z,current,source_updated_at,OK
2026-09-03T12:00:00Z,2026-09-03T12:59:33.510640Z,CRYPTO_24H_VOLUME,75070488235.79347,USD,CoinGecko Global,2026-09-03T12:58:58Z,current,source_updated_at,OK
2026-09-03T12:00:00Z,2026-09-03T12:59:33.510640Z,CRYPTO_TOTAL_MCAP,2668522415165.385,USD,CoinGecko Global,2026-09-03T12:58:58Z,current,source_updated_at,OK
2026-09-03T12:00:00Z,2026-09-03T12:59:33.510640Z,EFFR,3.63,percent,New York Fed Markets API,2026-09-01T00:00:00Z,business_daily,official_effective_date,OK
2026-09-03T12:00:00Z,2026-09-03T12:59:33.510640Z,ETH_DOMINANCE,11.075651304629597,percent,CoinGecko Global,2026-09-03T12:58:58Z,current,source_updated_at,OK
2026-09-03T12:00:00Z,2026-09-03T12:59:33.510640Z,SOFR,3.65,percent,New York Fed Markets API,2026-09-02T00:00:00Z,business_daily,official_effective_date,OK
2026-09-03T12:00:00Z,2026-09-03T12:59:33.510640Z,STABLECOIN_TOTAL_SUPPLY,309986080176.01636,USD,DefiLlama Stablecoins,2026-09-03T12:59:35.481314Z,current,retrieval_time_proxy,OK
2026-09-03T12:00:00Z,2026-09-03T12:59:33.510640Z,TGA_CLOSING_BALANCE,942793.0,USD millions,US Treasury FiscalData:DTS operating_cash_balance,2026-09-01T00:00:00Z,business_daily,official_record_date,OK
2026-09-03T12:00:00Z,2026-09-03T12:59:33.510640Z,US10Y,4.79,percent,US Treasury:daily_treasury_yield_curve,2026-09-02T00:00:00,daily,official_observation_date,OK
2026-09-03T12:00:00Z,2026-09-03T12:59:33.510640Z,US10Y_REAL,2.45,percent,US Treasury:daily_treasury_real_yield_curve,2026-09-02T00:00:00,daily,official_observation_date,OK
2026-09-03T12:00:00Z,2026-09-03T12:59:33.510640Z,US2Y,4.39,percent,US Treasury:daily_treasury_yield_curve,2026-09-02T00:00:00,daily,official_observation_date,OK
2026-09-03T12:00:00Z,2026-09-03T12:59:33.510640Z,US30Y,5.27,percent,US Treasury:daily_treasury_yield_curve,2026-09-02T00:00:00,daily,official_observation_date,OK
2026-09-03T12:00:00Z,2026-09-03T12:59:33.510640Z,USDC_SUPPLY,73689534555.64427,USD,DefiLlama Stablecoins,2026-09-03T12:59:35.481314Z,current,retrieval_time_proxy,OK
2026-09-03T12:00:00Z,2026-09-03T12:59:33.510640Z,USDT_SUPPLY,183270995976.57996,USD,DefiLlama Stablecoins,2026-09-03T12:59:35.481314Z,current,retrieval_time_proxy,OK
2026-09-03T13:00:00Z,2026-09-03T13:58:33.575362Z,BTC_DOMINANCE,59.20295569246575,percent,CoinGecko Global,2026-09-03T13:49:02Z,current,source_updated_at,OK
2026-09-03T13:00:00Z,2026-09-03T13:58:33.575362Z,CRYPTO_24H_VOLUME,76007485701.53357,USD,CoinGecko Global,2026-09-03T13:49:02Z,current,source_updated_at,OK
2026-09-03T13:00:00Z,2026-09-03T13:58:33.575362Z,CRYPTO_TOTAL_MCAP,2666963173468.0693,USD,CoinGecko Global,2026-09-03T13:49:02Z,current,source_updated_at,OK
2026-09-03T13:00:00Z,2026-09-03T13:58:33.575362Z,EFFR,3.63,percent,New York Fed Markets API,2026-09-02T00:00:00Z,business_daily,official_effective_date,OK
2026-09-03T13:00:00Z,2026-09-03T13:58:33.575362Z,ETH_DOMINANCE,11.082920599273013,percent,CoinGecko Global,2026-09-03T13:49:02Z,current,source_updated_at,OK
2026-09-03T13:00:00Z,2026-09-03T13:58:33.575362Z,SOFR,3.65,percent,New York Fed Markets API,2026-09-02T00:00:00Z,business_daily,official_effective_date,OK
2026-09-03T13:00:00Z,2026-09-03T13:58:33.575362Z,STABLECOIN_TOTAL_SUPPLY,309759086351.7196,USD,DefiLlama Stablecoins,2026-09-03T13:58:38.789179Z,current,retrieval_time_proxy,OK
2026-09-03T13:00:00Z,2026-09-03T13:58:33.575362Z,TGA_CLOSING_BALANCE,942793.0,USD millions,US Treasury FiscalData:DTS operating_cash_balance,2026-09-01T00:00:00Z,business_daily,official_record_date,OK
2026-09-03T13:00:00Z,2026-09-03T13:58:33.575362Z,US10Y,4.79,percent,US Treasury:daily_treasury_yield_curve,2026-09-02T00:00:00,daily,official_observation_date,OK
2026-09-03T13:00:00Z,2026-09-03T13:58:33.575362Z,US10Y_REAL,2.45,percent,US Treasury:daily_treasury_real_yield_curve,2026-09-02T00:00:00,daily,official_observation_date,OK
2026-09-03T13:00:00Z,2026-09-03T13:58:33.575362Z,US2Y,4.39,percent,US Treasury:daily_treasury_yield_curve,2026-09-02T00:00:00,daily,official_observation_date,OK
2026-09-03T13:00:00Z,2026-09-03T13:58:33.575362Z,US30Y,5.27,percent,US Treasury:daily_treasury_yield_curve,2026-09-02T00:00:00,daily,official_observation_date,OK
2026-09-03T13:00:00Z,2026-09-03T13:58:33.575362Z,USDC_SUPPLY,73778836371.32936,USD,DefiLlama Stablecoins,2026-09-03T13:58:38.789179Z,current,retrieval_time_proxy,OK
2026-09-03T13:00:00Z,2026-09-03T13:58:33.575362Z,USDT_SUPPLY,182894438565.53656,USD,DefiLlama Stablecoins,2026-09-03T13:58:38.789179Z,current,retrieval_time_proxy,OK
2026-09-03T14:00:00Z,2026-09-03T14:59:07.096882Z,BTC_DOMINANCE,59.28637108653583,percent,CoinGecko Global,2026-09-03T14:59:08Z,current,source_updated_at,OK
2026-09-03T14:00:00Z,2026-09-03T14:59:07.096882Z,CRYPTO_24H_VOLUME,82536744933.75613,USD,CoinGecko Global,2026-09-03T14:59:08Z,current,source_updated_at,OK
2026-09-03T14:00:00Z,2026-09-03T14:59:07.096882Z,CRYPTO_TOTAL_MCAP,2716565110299.2515,USD,CoinGecko Global,2026-09-03T14:59:08Z,current,source_updated_at,OK
2026-09-03T14:00:00Z,2026-09-03T14:59:07.096882Z,EFFR,3.63,percent,New York Fed Markets API,2026-09-02T00:00:00Z,business_daily,official_effective_date,OK
2026-09-03T14:00:00Z,2026-09-03T14:59:07.096882Z,ETH_DOMINANCE,11.131524438758342,percent,CoinGecko Global,2026-09-03T14:59:08Z,current,source_updated_at,OK
2026-09-03T14:00:00Z,2026-09-03T14:59:07.096882Z,SOFR,3.65,percent,New York Fed Markets API,2026-09-02T00:00:00Z,business_daily,official_effective_date,OK
2026-09-03T14:00:00Z,2026-09-03T14:59:07.096882Z,STABLECOIN_TOTAL_SUPPLY,309779071693.56354,USD,DefiLlama Stablecoins,2026-09-03T14:59:09.144266Z,current,retrieval_time_proxy,OK
2026-09-03T14:00:00Z,2026-09-03T14:59:07.096882Z,TGA_CLOSING_BALANCE,942793.0,USD millions,US Treasury FiscalData:DTS operating_cash_balance,2026-09-01T00:00:00Z,business_daily,official_record_date,OK
2026-09-03T14:00:00Z,2026-09-03T14:59:07.096882Z,US10Y,4.79,percent,US Treasury:daily_treasury_yield_curve,2026-09-02T00:00:00,daily,official_observation_date,OK
2026-09-03T14:00:00Z,2026-09-03T14:59:07.096882Z,US10Y_REAL,2.45,percent,US Treasury:daily_treasury_real_yield_curve,2026-09-02T00:00:00,daily,official_observation_date,OK
2026-09-03T14:00:00Z,2026-09-03T14:59:07.096882Z,US2Y,4.39,percent,US Treasury:daily_treasury_yield_curve,2026-09-02T00:00:00,daily,official_observation_date,OK
2026-09-03T14:00:00Z,2026-09-03T14:59:07.096882Z,US30Y,5.27,percent,US Treasury:daily_treasury_yield_curve,2026-09-02T00:00:00,daily,official_observation_date,OK
2026-09-03T14:00:00Z,2026-09-03T14:59:07.096882Z,USDC_SUPPLY,73812930042.63925,USD,DefiLlama Stablecoins,2026-09-03T14:59:09.144266Z,current,retrieval_time_proxy,OK
2026-09-03T14:00:00Z,2026-09-03T14:59:07.096882Z,USDT_SUPPLY,182909646904.4677,USD,DefiLlama Stablecoins,2026-09-03T14:59:09.144266Z,current,retrieval_time_proxy,OK
2026-09-03T15:00:00Z,2026-09-03T15:58:36.822805Z,BTC_DOMINANCE,59.36956634459795,percent,CoinGecko Global,2026-09-03T15:49:13Z,current,source_updated_at,OK
2026-09-03T15:00:00Z,2026-09-03T15:58:36.822805Z,CRYPTO_24H_VOLUME,87389411015.98224,USD,CoinGecko Global,2026-09-03T15:49:13Z,current,source_updated_at,OK
2026-09-03T15:00:00Z,2026-09-03T15:58:36.822805Z,CRYPTO_TOTAL_MCAP,2719354664106.674,USD,CoinGecko Global,2026-09-03T15:49:13Z,current,source_updated_at,OK
2026-09-03T15:00:00Z,2026-09-03T15:58:36.822805Z,EFFR,3.63,percent,New York Fed Markets API,2026-09-02T00:00:00Z,business_daily,official_effective_date,OK
2026-09-03T15:00:00Z,2026-09-03T15:58:36.822805Z,ETH_DOMINANCE,11.119753159643626,percent,CoinGecko Global,2026-09-03T15:49:13Z,current,source_updated_at,OK
2026-09-03T15:00:00Z,2026-09-03T15:58:36.822805Z,SOFR,3.65,percent,New York Fed Markets API,2026-09-02T00:00:00Z,business_daily,official_effective_date,OK
2026-09-03T15:00:00Z,2026-09-03T15:58:36.822805Z,STABLECOIN_TOTAL_SUPPLY,309801889575.2812,USD,DefiLlama Stablecoins,2026-09-03T15:58:38.358399Z,current,retrieval_time_proxy,OK
2026-09-03T15:00:00Z,2026-09-03T15:58:36.822805Z,TGA_CLOSING_BALANCE,942793.0,USD millions,US Treasury FiscalData:DTS operating_cash_balance,2026-09-01T00:00:00Z,business_daily,official_record_date,OK
2026-09-03T15:00:00Z,2026-09-03T15:58:36.822805Z,US10Y,4.79,percent,US Treasury:daily_treasury_yield_curve,2026-09-02T00:00:00,daily,official_observation_date,OK
2026-09-03T15:00:00Z,2026-09-03T15:58:36.822805Z,US10Y_REAL,2.45,percent,US Treasury:daily_treasury_real_yield_curve,2026-09-02T00:00:00,daily,official_observation_date,OK
2026-09-03T15:00:00Z,2026-09-03T15:58:36.822805Z,US2Y,4.39,percent,US Treasury:daily_treasury_yield_curve,2026-09-02T00:00:00,daily,official_observation_date,OK
2026-09-03T15:00:00Z,2026-09-03T15:58:36.822805Z,US30Y,5.27,percent,US Treasury:daily_treasury_yield_curve,2026-09-02T00:00:00,daily,official_observation_date,OK
2026-09-03T15:00:00Z,2026-09-03T15:58:36.822805Z,USDC_SUPPLY,73763305099.46957,USD,DefiLlama Stablecoins,2026-09-03T15:58:38.358399Z,current,retrieval_time_proxy,OK
2026-09-03T15:00:00Z,2026-09-03T15:58:36.822805Z,USDT_SUPPLY,182959817993.38562,USD,DefiLlama Stablecoins,2026-09-03T15:58:38.358399Z,current,retrieval_time_proxy,OK
2026-09-03T16:00:00Z,2026-09-03T16:58:28.234455Z,BTC_DOMINANCE,59.32757734191112,percent,CoinGecko Global,2026-09-03T16:49:17Z,current,source_updated_at,OK
2026-09-03T16:00:00Z,2026-09-03T16:58:28.234455Z,CRYPTO_24H_VOLUME,91666735349.91692,USD,CoinGecko Global,2026-09-03T16:49:17Z,current,source_updated_at,OK
2026-09-03T16:00:00Z,2026-09-03T16:58:28.234455Z,CRYPTO_TOTAL_MCAP,2735089268467.033,USD,CoinGecko Global,2026-09-03T16:49:17Z,current,source_updated_at,OK
2026-09-03T16:00:00Z,2026-09-03T16:58:28.234455Z,EFFR,3.63,percent,New York Fed Markets API,2026-09-02T00:00:00Z,business_daily,official_effective_date,OK
2026-09-03T16:00:00Z,2026-09-03T16:58:28.234455Z,ETH_DOMINANCE,11.111461308048282,percent,CoinGecko Global,2026-09-03T16:49:17Z,current,source_updated_at,OK
2026-09-03T16:00:00Z,2026-09-03T16:58:28.234455Z,SOFR,3.65,percent,New York Fed Markets API,2026-09-02T00:00:00Z,business_daily,official_effective_date,OK
2026-09-03T16:00:00Z,2026-09-03T16:58:28.234455Z,STABLECOIN_TOTAL_SUPPLY,309807246718.0931,USD,DefiLlama Stablecoins,2026-09-03T16:58:30.228174Z,current,retrieval_time_proxy,OK
2026-09-03T16:00:00Z,2026-09-03T16:58:28.234455Z,TGA_CLOSING_BALANCE,942793.0,USD millions,US Treasury FiscalData:DTS operating_cash_balance,2026-09-01T00:00:00Z,business_daily,official_record_date,OK
2026-09-03T16:00:00Z,2026-09-03T16:58:28.234455Z,US10Y,4.79,percent,US Treasury:daily_treasury_yield_curve,2026-09-02T00:00:00,daily,official_observation_date,OK
2026-09-03T16:00:00Z,2026-09-03T16:58:28.234455Z,US10Y_REAL,2.45,percent,US Treasury:daily_treasury_real_yield_curve,2026-09-02T00:00:00,daily,official_observation_date,OK
2026-09-03T16:00:00Z,2026-09-03T16:58:28.234455Z,US2Y,4.39,percent,US Treasury:daily_treasury_yield_curve,2026-09-02T00:00:00,daily,official_observation_date,OK
2026-09-03T16:00:00Z,2026-09-03T16:58:28.234455Z,US30Y,5.27,percent,US Treasury:daily_treasury_yield_curve,2026-09-02T00:00:00,daily,official_observation_date,OK
2026-09-03T16:00:00Z,2026-09-03T16:58:28.234455Z,USDC_SUPPLY,73798250974.81274,USD,DefiLlama Stablecoins,2026-09-03T16:58:30.228174Z,current,retrieval_time_proxy,OK
2026-09-03T16:00:00Z,2026-09-03T16:58:28.234455Z,USDT_SUPPLY,182937518512.36792,USD,DefiLlama Stablecoins,2026-09-03T16:58:30.228174Z,current,retrieval_time_proxy,OK
2026-09-03T17:00:00Z,2026-09-03T17:58:08.448778Z,BTC_DOMINANCE,59.33834039987877,percent,CoinGecko Global,2026-09-03T17:49:22Z,current,source_updated_at,OK
2026-09-03T17:00:00Z,2026-09-03T17:58:08.448778Z,CRYPTO_24H_VOLUME,93288827485.90472,USD,CoinGecko Global,2026-09-03T17:49:22Z,current,source_updated_at,OK
2026-09-03T17:00:00Z,2026-09-03T17:58:08.448778Z,CRYPTO_TOTAL_MCAP,2741041198633.3306,USD,CoinGecko Global,2026-09-03T17:49:22Z,current,source_updated_at,OK
2026-09-03T17:00:00Z,2026-09-03T17:58:08.448778Z,EFFR,3.63,percent,New York Fed Markets API,2026-09-02T00:00:00Z,business_daily,official_effective_date,OK
2026-09-03T17:00:00Z,2026-09-03T17:58:08.448778Z,ETH_DOMINANCE,11.127956665013535,percent,CoinGecko Global,2026-09-03T17:49:22Z,current,source_updated_at,OK
2026-09-03T17:00:00Z,2026-09-03T17:58:08.448778Z,SOFR,3.65,percent,New York Fed Markets API,2026-09-02T00:00:00Z,business_daily,official_effective_date,OK
2026-09-03T17:00:00Z,2026-09-03T17:58:08.448778Z,STABLECOIN_TOTAL_SUPPLY,309902876887.2204,USD,DefiLlama Stablecoins,2026-09-03T17:58:09.976409Z,current,retrieval_time_proxy,OK
2026-09-03T17:00:00Z,2026-09-03T17:58:08.448778Z,TGA_CLOSING_BALANCE,942793.0,USD millions,US Treasury FiscalData:DTS operating_cash_balance,2026-09-01T00:00:00Z,business_daily,official_record_date,OK
2026-09-03T17:00:00Z,2026-09-03T17:58:08.448778Z,US10Y,4.79,percent,US Treasury:daily_treasury_yield_curve,2026-09-02T00:00:00,daily,official_observation_date,OK
2026-09-03T17:00:00Z,2026-09-03T17:58:08.448778Z,US10Y_REAL,2.45,percent,US Treasury:daily_treasury_real_yield_curve,2026-09-02T00:00:00,daily,official_observation_date,OK
2026-09-03T17:00:00Z,2026-09-03T17:58:08.448778Z,US2Y,4.39,percent,US Treasury:daily_treasury_yield_curve,2026-09-02T00:00:00,daily,official_observation_date,OK
2026-09-03T17:00:00Z,2026-09-03T17:58:08.448778Z,US30Y,5.27,percent,US Treasury:daily_treasury_yield_curve,2026-09-02T00:00:00,daily,official_observation_date,OK
2026-09-03T17:00:00Z,2026-09-03T17:58:08.448778Z,USDC_SUPPLY,73799458211.71272,USD,DefiLlama Stablecoins,2026-09-03T17:58:09.976409Z,current,retrieval_time_proxy,OK
2026-09-03T17:00:00Z,2026-09-03T17:58:08.448778Z,USDT_SUPPLY,182959699946.73895,USD,DefiLlama Stablecoins,2026-09-03T17:58:09.976409Z,current,retrieval_time_proxy,OK
2026-09-03T18:00:00Z,2026-09-03T18:58:24.352839Z,BTC_DOMINANCE,59.314583559004376,percent,CoinGecko Global,2026-09-03T18:49:27Z,current,source_updated_at,OK
2026-09-03T18:00:00Z,2026-09-03T18:58:24.352839Z,CRYPTO_24H_VOLUME,95084941071.50395,USD,CoinGecko Global,2026-09-03T18:49:27Z,current,source_updated_at,OK
2026-09-03T18:00:00Z,2026-09-03T18:58:24.352839Z,CRYPTO_TOTAL_MCAP,2735598769032.3003,USD,CoinGecko Global,2026-09-03T18:49:27Z,current,source_updated_at,OK
2026-09-03T18:00:00Z,2026-09-03T18:58:24.352839Z,EFFR,3.63,percent,New York Fed Markets API,2026-09-02T00:00:00Z,business_daily,official_effective_date,OK
2026-09-03T18:00:00Z,2026-09-03T18:58:24.352839Z,ETH_DOMINANCE,11.128056852532307,percent,CoinGecko Global,2026-09-03T18:49:27Z,current,source_updated_at,OK
2026-09-03T18:00:00Z,2026-09-03T18:58:24.352839Z,SOFR,3.65,percent,New York Fed Markets API,2026-09-02T00:00:00Z,business_daily,official_effective_date,OK
2026-09-03T18:00:00Z,2026-09-03T18:58:24.352839Z,STABLECOIN_TOTAL_SUPPLY,310132046757.07434,USD,DefiLlama Stablecoins,2026-09-03T18:58:26.439822Z,current,retrieval_time_proxy,OK
2026-09-03T18:00:00Z,2026-09-03T18:58:24.352839Z,TGA_CLOSING_BALANCE,942793.0,USD millions,US Treasury FiscalData:DTS operating_cash_balance,2026-09-01T00:00:00Z,business_daily,official_record_date,OK
2026-09-03T18:00:00Z,2026-09-03T18:58:24.352839Z,US10Y,4.79,percent,US Treasury:daily_treasury_yield_curve,2026-09-02T00:00:00,daily,official_observation_date,OK
2026-09-03T18:00:00Z,2026-09-03T18:58:24.352839Z,US10Y_REAL,2.45,percent,US Treasury:daily_treasury_real_yield_curve,2026-09-02T00:00:00,daily,official_observation_date,OK
2026-09-03T18:00:00Z,2026-09-03T18:58:24.352839Z,US2Y,4.39,percent,US Treasury:daily_treasury_yield_curve,2026-09-02T00:00:00,daily,official_observation_date,OK
2026-09-03T18:00:00Z,2026-09-03T18:58:24.352839Z,US30Y,5.27,percent,US Treasury:daily_treasury_yield_curve,2026-09-02T00:00:00,daily,official_observation_date,OK
2026-09-03T18:00:00Z,2026-09-03T18:58:24.352839Z,USDC_SUPPLY,74029305828.71582,USD,DefiLlama Stablecoins,2026-09-03T18:58:26.439822Z,current,retrieval_time_proxy,OK
2026-09-03T18:00:00Z,2026-09-03T18:58:24.352839Z,USDT_SUPPLY,182948469942.16742,USD,DefiLlama Stablecoins,2026-09-03T18:58:26.439822Z,current,retrieval_time_proxy,OK
2026-09-03T19:00:00Z,2026-09-03T19:58:12.072859Z,BTC_DOMINANCE,59.399929082481115,percent,CoinGecko Global,2026-09-03T19:49:31Z,current,source_updated_at,OK
2026-09-03T19:00:00Z,2026-09-03T19:58:12.072859Z,CRYPTO_24H_VOLUME,99229731072.02058,USD,CoinGecko Global,2026-09-03T19:49:31Z,current,source_updated_at,OK
2026-09-03T19:00:00Z,2026-09-03T19:58:12.072859Z,CRYPTO_TOTAL_MCAP,2748382956008.6426,USD,CoinGecko Global,2026-09-03T19:49:31Z,current,source_updated_at,OK
2026-09-03T19:00:00Z,2026-09-03T19:58:12.072859Z,EFFR,3.63,percent,New York Fed Markets API,2026-09-02T00:00:00Z,business_daily,official_effective_date,OK
2026-09-03T19:00:00Z,2026-09-03T19:58:12.072859Z,ETH_DOMINANCE,11.127041995856892,percent,CoinGecko Global,2026-09-03T19:49:31Z,current,source_updated_at,OK
2026-09-03T19:00:00Z,2026-09-03T19:58:12.072859Z,SOFR,3.65,percent,New York Fed Markets API,2026-09-02T00:00:00Z,business_daily,official_effective_date,OK
2026-09-03T19:00:00Z,2026-09-03T19:58:12.072859Z,STABLECOIN_TOTAL_SUPPLY,310170029794.92,USD,DefiLlama Stablecoins,2026-09-03T19:58:14.231422Z,current,retrieval_time_proxy,OK
2026-09-03T19:00:00Z,2026-09-03T19:58:12.072859Z,TGA_CLOSING_BALANCE,942793.0,USD millions,US Treasury FiscalData:DTS operating_cash_balance,2026-09-01T00:00:00Z,business_daily,official_record_date,OK
2026-09-03T19:00:00Z,2026-09-03T19:58:12.072859Z,US10Y,4.77,percent,US Treasury:daily_treasury_yield_curve,2026-09-03T00:00:00,daily,official_observation_date,OK
2026-09-03T19:00:00Z,2026-09-03T19:58:12.072859Z,US10Y_REAL,2.42,percent,US Treasury:daily_treasury_real_yield_curve,2026-09-03T00:00:00,daily,official_observation_date,OK
2026-09-03T19:00:00Z,2026-09-03T19:58:12.072859Z,US2Y,4.34,percent,US Treasury:daily_treasury_yield_curve,2026-09-03T00:00:00,daily,official_observation_date,OK
2026-09-03T19:00:00Z,2026-09-03T19:58:12.072859Z,US30Y,5.25,percent,US Treasury:daily_treasury_yield_curve,2026-09-03T00:00:00,daily,official_observation_date,OK
2026-09-03T19:00:00Z,2026-09-03T19:58:12.072859Z,USDC_SUPPLY,74042240618.2951,USD,DefiLlama Stablecoins,2026-09-03T19:58:14.231422Z,current,retrieval_time_proxy,OK
2026-09-03T19:00:00Z,2026-09-03T19:58:12.072859Z,USDT_SUPPLY,182959431178.92825,USD,DefiLlama Stablecoins,2026-09-03T19:58:14.231422Z,current,retrieval_time_proxy,OK
2026-09-03T20:00:00Z,2026-09-03T20:57:54.041789Z,BTC_DOMINANCE,59.392250025150474,percent,CoinGecko Global,2026-09-03T20:49:36Z,current,source_updated_at,OK
2026-09-03T20:00:00Z,2026-09-03T20:57:54.041789Z,CRYPTO_24H_VOLUME,100600845855.52896,USD,CoinGecko Global,2026-09-03T20:49:36Z,current,source_updated_at,OK
2026-09-03T20:00:00Z,2026-09-03T20:57:54.041789Z,CRYPTO_TOTAL_MCAP,2748583642836.966,USD,CoinGecko Global,2026-09-03T20:49:36Z,current,source_updated_at,OK
2026-09-03T20:00:00Z,2026-09-03T20:57:54.041789Z,EFFR,3.63,percent,New York Fed Markets API,2026-09-02T00:00:00Z,business_daily,official_effective_date,OK
2026-09-03T20:00:00Z,2026-09-03T20:57:54.041789Z,ETH_DOMINANCE,11.096180870676257,percent,CoinGecko Global,2026-09-03T20:49:36Z,current,source_updated_at,OK
2026-09-03T20:00:00Z,2026-09-03T20:57:54.041789Z,SOFR,3.65,percent,New York Fed Markets API,2026-09-02T00:00:00Z,business_daily,official_effective_date,OK
2026-09-03T20:00:00Z,2026-09-03T20:57:54.041789Z,STABLECOIN_TOTAL_SUPPLY,310230340288.55725,USD,DefiLlama Stablecoins,2026-09-03T20:57:55.506885Z,current,retrieval_time_proxy,OK
2026-09-03T20:00:00Z,2026-09-03T20:57:54.041789Z,TGA_CLOSING_BALANCE,944364.0,USD millions,US Treasury FiscalData:DTS operating_cash_balance,2026-09-02T00:00:00Z,business_daily,official_record_date,OK
2026-09-03T20:00:00Z,2026-09-03T20:57:54.041789Z,US10Y,4.77,percent,US Treasury:daily_treasury_yield_curve,2026-09-03T00:00:00,daily,official_observation_date,OK
2026-09-03T20:00:00Z,2026-09-03T20:57:54.041789Z,US10Y_REAL,2.42,percent,US Treasury:daily_treasury_real_yield_curve,2026-09-03T00:00:00,daily,official_observation_date,OK
2026-09-03T20:00:00Z,2026-09-03T20:57:54.041789Z,US2Y,4.34,percent,US Treasury:daily_treasury_yield_curve,2026-09-03T00:00:00,daily,official_observation_date,OK
2026-09-03T20:00:00Z,2026-09-03T20:57:54.041789Z,US30Y,5.25,percent,US Treasury:daily_treasury_yield_curve,2026-09-03T00:00:00,daily,official_observation_date,OK
2026-09-03T20:00:00Z,2026-09-03T20:57:54.041789Z,USDC_SUPPLY,74133159756.8933,USD,DefiLlama Stablecoins,2026-09-03T20:57:55.506885Z,current,retrieval_time_proxy,OK
2026-09-03T20:00:00Z,2026-09-03T20:57:54.041789Z,USDT_SUPPLY,182962426930.5379,USD,DefiLlama Stablecoins,2026-09-03T20:57:55.506885Z,current,retrieval_time_proxy,OK
2026-09-03T21:00:00Z,2026-09-03T21:58:11.657589Z,BTC_DOMINANCE,59.39529061820623,percent,CoinGecko Global,2026-09-03T21:49:40Z,current,source_updated_at,OK
2026-09-03T21:00:00Z,2026-09-03T21:58:11.657589Z,CRYPTO_24H_VOLUME,102821658241.80835,USD,CoinGecko Global,2026-09-03T21:49:40Z,current,source_updated_at,OK
2026-09-03T21:00:00Z,2026-09-03T21:58:11.657589Z,CRYPTO_TOTAL_MCAP,2742571967105.667,USD,CoinGecko Global,2026-09-03T21:49:40Z,current,source_updated_at,OK
2026-09-03T21:00:00Z,2026-09-03T21:58:11.657589Z,EFFR,3.63,percent,New York Fed Markets API,2026-09-02T00:00:00Z,business_daily,official_effective_date,OK
2026-09-03T21:00:00Z,2026-09-03T21:58:11.657589Z,ETH_DOMINANCE,11.109592762101427,percent,CoinGecko Global,2026-09-03T21:49:40Z,current,source_updated_at,OK
2026-09-03T21:00:00Z,2026-09-03T21:58:11.657589Z,SOFR,3.65,percent,New York Fed Markets API,2026-09-02T00:00:00Z,business_daily,official_effective_date,OK
2026-09-03T21:00:00Z,2026-09-03T21:58:11.657589Z,STABLECOIN_TOTAL_SUPPLY,310361649525.3166,USD,DefiLlama Stablecoins,2026-09-03T21:58:13.221745Z,current,retrieval_time_proxy,OK
2026-09-03T21:00:00Z,2026-09-03T21:58:11.657589Z,TGA_CLOSING_BALANCE,944364.0,USD millions,US Treasury FiscalData:DTS operating_cash_balance,2026-09-02T00:00:00Z,business_daily,official_record_date,OK
2026-09-03T21:00:00Z,2026-09-03T21:58:11.657589Z,US10Y,4.77,percent,US Treasury:daily_treasury_yield_curve,2026-09-03T00:00:00,daily,official_observation_date,OK
2026-09-03T21:00:00Z,2026-09-03T21:58:11.657589Z,US10Y_REAL,2.42,percent,US Treasury:daily_treasury_real_yield_curve,2026-09-03T00:00:00,daily,official_observation_date,OK
2026-09-03T21:00:00Z,2026-09-03T21:58:11.657589Z,US2Y,4.34,percent,US Treasury:daily_treasury_yield_curve,2026-09-03T00:00:00,daily,official_observation_date,OK
2026-09-03T21:00:00Z,2026-09-03T21:58:11.657589Z,US30Y,5.25,percent,US Treasury:daily_treasury_yield_curve,2026-09-03T00:00:00,daily,official_observation_date,OK
2026-09-03T21:00:00Z,2026-09-03T21:58:11.657589Z,USDC_SUPPLY,74214635625.21535,USD,DefiLlama Stablecoins,2026-09-03T21:58:13.221745Z,current,retrieval_time_proxy,OK
2026-09-03T21:00:00Z,2026-09-03T21:58:11.657589Z,USDT_SUPPLY,182964807912.78625,USD,DefiLlama Stablecoins,2026-09-03T21:58:13.221745Z,current,retrieval_time_proxy,OK
2026-09-03T22:00:00Z,2026-09-03T22:58:10.084487Z,BTC_DOMINANCE,59.398031324916424,percent,CoinGecko Global,2026-09-03T22:49:45Z,current,source_updated_at,OK
2026-09-03T22:00:00Z,2026-09-03T22:58:10.084487Z,CRYPTO_24H_VOLUME,144108005389.59827,USD,CoinGecko Global,2026-09-03T22:49:45Z,current,source_updated_at,OK
2026-09-03T22:00:00Z,2026-09-03T22:58:10.084487Z,CRYPTO_TOTAL_MCAP,2737284702173.8716,USD,CoinGecko Global,2026-09-03T22:49:45Z,current,source_updated_at,OK
2026-09-03T22:00:00Z,2026-09-03T22:58:10.084487Z,EFFR,3.63,percent,New York Fed Markets API,2026-09-02T00:00:00Z,business_daily,official_effective_date,OK
2026-09-03T22:00:00Z,2026-09-03T22:58:10.084487Z,ETH_DOMINANCE,11.10477956288507,percent,CoinGecko Global,2026-09-03T22:49:45Z,current,source_updated_at,OK
2026-09-03T22:00:00Z,2026-09-03T22:58:10.084487Z,SOFR,3.65,percent,New York Fed Markets API,2026-09-02T00:00:00Z,business_daily,official_effective_date,OK
2026-09-03T22:00:00Z,2026-09-03T22:58:10.084487Z,STABLECOIN_TOTAL_SUPPLY,310811702766.0986,USD,DefiLlama Stablecoins,2026-09-03T22:58:12.989237Z,current,retrieval_time_proxy,OK
2026-09-03T22:00:00Z,2026-09-03T22:58:10.084487Z,TGA_CLOSING_BALANCE,944364.0,USD millions,US Treasury FiscalData:DTS operating_cash_balance,2026-09-02T00:00:00Z,business_daily,official_record_date,OK
2026-09-03T22:00:00Z,2026-09-03T22:58:10.084487Z,US10Y,4.77,percent,US Treasury:daily_treasury_yield_curve,2026-09-03T00:00:00,daily,official_observation_date,OK
2026-09-03T22:00:00Z,2026-09-03T22:58:10.084487Z,US10Y_REAL,2.42,percent,US Treasury:daily_treasury_real_yield_curve,2026-09-03T00:00:00,daily,official_observation_date,OK
2026-09-03T22:00:00Z,2026-09-03T22:58:10.084487Z,US2Y,4.34,percent,US Treasury:daily_treasury_yield_curve,2026-09-03T00:00:00,daily,official_observation_date,OK
2026-09-03T22:00:00Z,2026-09-03T22:58:10.084487Z,US30Y,5.25,percent,US Treasury:daily_treasury_yield_curve,2026-09-03T00:00:00,daily,official_observation_date,OK
2026-09-03T22:00:00Z,2026-09-03T22:58:10.084487Z,USDC_SUPPLY,74587503148.98004,USD,DefiLlama Stablecoins,2026-09-03T22:58:12.989237Z,current,retrieval_time_proxy,OK
2026-09-03T22:00:00Z,2026-09-03T22:58:10.084487Z,USDT_SUPPLY,182968152240.76962,USD,DefiLlama Stablecoins,2026-09-03T22:58:12.989237Z,current,retrieval_time_proxy,OK
2026-09-03T23:00:00Z,2026-09-03T23:58:11.452546Z,BTC_DOMINANCE,59.36570102767309,percent,CoinGecko Global,2026-09-03T23:49:49Z,current,source_updated_at,OK
2026-09-03T23:00:00Z,2026-09-03T23:58:11.452546Z,CRYPTO_24H_VOLUME,106119035180.99413,USD,CoinGecko Global,2026-09-03T23:49:49Z,current,source_updated_at,OK
2026-09-03T23:00:00Z,2026-09-03T23:58:11.452546Z,CRYPTO_TOTAL_MCAP,2736319103963.97,USD,CoinGecko Global,2026-09-03T23:49:49Z,current,source_updated_at,OK
2026-09-03T23:00:00Z,2026-09-03T23:58:11.452546Z,EFFR,3.63,percent,New York Fed Markets API,2026-09-02T00:00:00Z,business_daily,official_effective_date,OK
2026-09-03T23:00:00Z,2026-09-03T23:58:11.452546Z,ETH_DOMINANCE,11.130008209815676,percent,CoinGecko Global,2026-09-03T23:49:49Z,current,source_updated_at,OK
2026-09-03T23:00:00Z,2026-09-03T23:58:11.452546Z,SOFR,3.65,percent,New York Fed Markets API,2026-09-02T00:00:00Z,business_daily,official_effective_date,OK
2026-09-03T23:00:00Z,2026-09-03T23:58:11.452546Z,STABLECOIN_TOTAL_SUPPLY,310870239659.2345,USD,DefiLlama Stablecoins,2026-09-03T23:58:13.392329Z,current,retrieval_time_proxy,OK
2026-09-03T23:00:00Z,2026-09-03T23:58:11.452546Z,TGA_CLOSING_BALANCE,944364.0,USD millions,US Treasury FiscalData:DTS operating_cash_balance,2026-09-02T00:00:00Z,business_daily,official_record_date,OK
2026-09-03T23:00:00Z,2026-09-03T23:58:11.452546Z,US10Y,4.77,percent,US Treasury:daily_treasury_yield_curve,2026-09-03T00:00:00,daily,official_observation_date,OK
2026-09-03T23:00:00Z,2026-09-03T23:58:11.452546Z,US10Y_REAL,2.42,percent,US Treasury:daily_treasury_real_yield_curve,2026-09-03T00:00:00,daily,official_observation_date,OK
2026-09-03T23:00:00Z,2026-09-03T23:58:11.452546Z,US2Y,4.34,percent,US Treasury:daily_treasury_yield_curve,2026-09-03T00:00:00,daily,official_observation_date,OK
2026-09-03T23:00:00Z,2026-09-03T23:58:11.452546Z,US30Y,5.25,percent,US Treasury:daily_treasury_yield_curve,2026-09-03T00:00:00,daily,official_observation_date,OK
2026-09-03T23:00:00Z,2026-09-03T23:58:11.452546Z,USDC_SUPPLY,74524419934.3973,USD,DefiLlama Stablecoins,2026-09-03T23:58:13.392329Z,current,retrieval_time_proxy,OK
2026-09-03T23:00:00Z,2026-09-03T23:58:11.452546Z,USDT_SUPPLY,182975581585.11508,USD,DefiLlama Stablecoins,2026-09-03T23:58:13.392329Z,current,retrieval_time_proxy,OK
2026-09-04T00:00:00Z,2026-09-04T00:59:14.086694Z,BTC_DOMINANCE,59.369255001606255,percent,CoinGecko Global,2026-09-04T00:49:54Z,current,source_updated_at,OK
2026-09-04T00:00:00Z,2026-09-04T00:59:14.086694Z,CRYPTO_24H_VOLUME,107428326371.55287,USD,CoinGecko Global,2026-09-04T00:49:54Z,current,source_updated_at,OK
2026-09-04T00:00:00Z,2026-09-04T00:59:14.086694Z,CRYPTO_TOTAL_MCAP,2736989340777.588,USD,CoinGecko Global,2026-09-04T00:49:54Z,current,source_updated_at,OK
2026-09-04T00:00:00Z,2026-09-04T00:59:14.086694Z,EFFR,3.63,percent,New York Fed Markets API,2026-09-02T00:00:00Z,business_daily,official_effective_date,OK
2026-09-04T00:00:00Z,2026-09-04T00:59:14.086694Z,ETH_DOMINANCE,11.13645825910848,percent,CoinGecko Global,2026-09-04T00:49:54Z,current,source_updated_at,OK
2026-09-04T00:00:00Z,2026-09-04T00:59:14.086694Z,SOFR,3.65,percent,New York Fed Markets API,2026-09-02T00:00:00Z,business_daily,official_effective_date,OK
2026-09-04T00:00:00Z,2026-09-04T00:59:14.086694Z,STABLECOIN_TOTAL_SUPPLY,310893337150.2891,USD,DefiLlama Stablecoins,2026-09-04T00:59:16.061829Z,current,retrieval_time_proxy,OK
2026-09-04T00:00:00Z,2026-09-04T00:59:14.086694Z,TGA_CLOSING_BALANCE,944364.0,USD millions,US Treasury FiscalData:DTS operating_cash_balance,2026-09-02T00:00:00Z,business_daily,official_record_date,OK
2026-09-04T00:00:00Z,2026-09-04T00:59:14.086694Z,US10Y,4.77,percent,US Treasury:daily_treasury_yield_curve,2026-09-03T00:00:00,daily,official_observation_date,OK
2026-09-04T00:00:00Z,2026-09-04T00:59:14.086694Z,US10Y_REAL,2.42,percent,US Treasury:daily_treasury_real_yield_curve,2026-09-03T00:00:00,daily,official_observation_date,OK
2026-09-04T00:00:00Z,2026-09-04T00:59:14.086694Z,US2Y,4.34,percent,US Treasury:daily_treasury_yield_curve,2026-09-03T00:00:00,daily,official_observation_date,OK
2026-09-04T00:00:00Z,2026-09-04T00:59:14.086694Z,US30Y,5.25,percent,US Treasury:daily_treasury_yield_curve,2026-09-03T00:00:00,daily,official_observation_date,OK
2026-09-04T00:00:00Z,2026-09-04T00:59:14.086694Z,USDC_SUPPLY,74555964244.45027,USD,DefiLlama Stablecoins,2026-09-04T00:59:16.061829Z,current,retrieval_time_proxy,OK
2026-09-04T00:00:00Z,2026-09-04T00:59:14.086694Z,USDT_SUPPLY,182961496306.6534,USD,DefiLlama Stablecoins,2026-09-04T00:59:16.061829Z,current,retrieval_time_proxy,OK
2026-09-04T01:00:00Z,2026-09-04T01:57:57.898450Z,BTC_DOMINANCE,59.348305993773366,percent,CoinGecko Global,2026-09-04T01:49:59Z,current,source_updated_at,OK
2026-09-04T01:00:00Z,2026-09-04T01:57:57.898450Z,CRYPTO_24H_VOLUME,106411741805.15714,USD,CoinGecko Global,2026-09-04T01:49:59Z,current,source_updated_at,OK
2026-09-04T01:00:00Z,2026-09-04T01:57:57.898450Z,CRYPTO_TOTAL_MCAP,2731064365342.73,USD,CoinGecko Global,2026-09-04T01:49:59Z,current,source_updated_at,OK
2026-09-04T01:00:00Z,2026-09-04T01:57:57.898450Z,EFFR,3.63,percent,New York Fed Markets API,2026-09-02T00:00:00Z,business_daily,official_effective_date,OK
2026-09-04T01:00:00Z,2026-09-04T01:57:57.898450Z,ETH_DOMINANCE,11.153508889149702,percent,CoinGecko Global,2026-09-04T01:49:59Z,current,source_updated_at,OK
2026-09-04T01:00:00Z,2026-09-04T01:57:57.898450Z,SOFR,3.65,percent,New York Fed Markets API,2026-09-02T00:00:00Z,business_daily,official_effective_date,OK
2026-09-04T01:00:00Z,2026-09-04T01:57:57.898450Z,STABLECOIN_TOTAL_SUPPLY,310677012463.934,USD,DefiLlama Stablecoins,2026-09-04T01:57:59.887866Z,current,retrieval_time_proxy,OK
2026-09-04T01:00:00Z,2026-09-04T01:57:57.898450Z,TGA_CLOSING_BALANCE,944364.0,USD millions,US Treasury FiscalData:DTS operating_cash_balance,2026-09-02T00:00:00Z,business_daily,official_record_date,OK
2026-09-04T01:00:00Z,2026-09-04T01:57:57.898450Z,US10Y,4.77,percent,US Treasury:daily_treasury_yield_curve,2026-09-03T00:00:00,daily,official_observation_date,OK
2026-09-04T01:00:00Z,2026-09-04T01:57:57.898450Z,US10Y_REAL,2.42,percent,US Treasury:daily_treasury_real_yield_curve,2026-09-03T00:00:00,daily,official_observation_date,OK
2026-09-04T01:00:00Z,2026-09-04T01:57:57.898450Z,US2Y,4.34,percent,US Treasury:daily_treasury_yield_curve,2026-09-03T00:00:00,daily,official_observation_date,OK
2026-09-04T01:00:00Z,2026-09-04T01:57:57.898450Z,US30Y,5.25,percent,US Treasury:daily_treasury_yield_curve,2026-09-03T00:00:00,daily,official_observation_date,OK
2026-09-04T01:00:00Z,2026-09-04T01:57:57.898450Z,USDC_SUPPLY,74569095880.55309,USD,DefiLlama Stablecoins,2026-09-04T01:57:59.887866Z,current,retrieval_time_proxy,OK
2026-09-04T01:00:00Z,2026-09-04T01:57:57.898450Z,USDT_SUPPLY,182965494514.1434,USD,DefiLlama Stablecoins,2026-09-04T01:57:59.887866Z,current,retrieval_time_proxy,OK
2026-09-04T02:00:00Z,2026-09-04T02:57:58.177581Z,BTC_DOMINANCE,59.279343288027206,percent,CoinGecko Global,2026-09-04T02:50:11Z,current,source_updated_at,OK
2026-09-04T02:00:00Z,2026-09-04T02:57:58.177581Z,CRYPTO_24H_VOLUME,105531718343.32664,USD,CoinGecko Global,2026-09-04T02:50:11Z,current,source_updated_at,OK
2026-09-04T02:00:00Z,2026-09-04T02:57:58.177581Z,CRYPTO_TOTAL_MCAP,2722888982242.466,USD,CoinGecko Global,2026-09-04T02:50:11Z,current,source_updated_at,OK
2026-09-04T02:00:00Z,2026-09-04T02:57:58.177581Z,EFFR,3.63,percent,New York Fed Markets API,2026-09-02T00:00:00Z,business_daily,official_effective_date,OK
2026-09-04T02:00:00Z,2026-09-04T02:57:58.177581Z,ETH_DOMINANCE,11.161977483064241,percent,CoinGecko Global,2026-09-04T02:50:11Z,current,source_updated_at,OK
2026-09-04T02:00:00Z,2026-09-04T02:57:58.177581Z,SOFR,3.65,percent,New York Fed Markets API,2026-09-02T00:00:00Z,business_daily,official_effective_date,OK
2026-09-04T02:00:00Z,2026-09-04T02:57:58.177581Z,STABLECOIN_TOTAL_SUPPLY,310846216647.78625,USD,DefiLlama Stablecoins,2026-09-04T02:58:00.151796Z,current,retrieval_time_proxy,OK
2026-09-04T02:00:00Z,2026-09-04T02:57:58.177581Z,TGA_CLOSING_BALANCE,944364.0,USD millions,US Treasury FiscalData:DTS operating_cash_balance,2026-09-02T00:00:00Z,business_daily,official_record_date,OK
2026-09-04T02:00:00Z,2026-09-04T02:57:58.177581Z,US10Y,4.77,percent,US Treasury:daily_treasury_yield_curve,2026-09-03T00:00:00,daily,official_observation_date,OK
2026-09-04T02:00:00Z,2026-09-04T02:57:58.177581Z,US10Y_REAL,2.42,percent,US Treasury:daily_treasury_real_yield_curve,2026-09-03T00:00:00,daily,official_observation_date,OK
2026-09-04T02:00:00Z,2026-09-04T02:57:58.177581Z,US2Y,4.34,percent,US Treasury:daily_treasury_yield_curve,2026-09-03T00:00:00,daily,official_observation_date,OK
2026-09-04T02:00:00Z,2026-09-04T02:57:58.177581Z,US30Y,5.25,percent,US Treasury:daily_treasury_yield_curve,2026-09-03T00:00:00,daily,official_observation_date,OK
2026-09-04T02:00:00Z,2026-09-04T02:57:58.177581Z,USDC_SUPPLY,74486531797.01797,USD,DefiLlama Stablecoins,2026-09-04T02:58:00.151796Z,current,retrieval_time_proxy,OK
2026-09-04T02:00:00Z,2026-09-04T02:57:58.177581Z,USDT_SUPPLY,182962240827.54388,USD,DefiLlama Stablecoins,2026-09-04T02:58:00.151796Z,current,retrieval_time_proxy,OK
2026-09-04T03:00:00Z,2026-09-04T03:58:00.310620Z,BTC_DOMINANCE,59.310510504747235,percent,CoinGecko Global,2026-09-04T03:50:17Z,current,source_updated_at,OK
2026-09-04T03:00:00Z,2026-09-04T03:58:00.310620Z,CRYPTO_24H_VOLUME,106431188539.94984,USD,CoinGecko Global,2026-09-04T03:50:17Z,current,source_updated_at,OK
2026-09-04T03:00:00Z,2026-09-04T03:58:00.310620Z,CRYPTO_TOTAL_MCAP,2737091921296.6587,USD,CoinGecko Global,2026-09-04T03:50:17Z,current,source_updated_at,OK
2026-09-04T03:00:00Z,2026-09-04T03:58:00.310620Z,EFFR,3.63,percent,New York Fed Markets API,2026-09-02T00:00:00Z,business_daily,official_effective_date,OK
2026-09-04T03:00:00Z,2026-09-04T03:58:00.310620Z,ETH_DOMINANCE,11.164417539726847,percent,CoinGecko Global,2026-09-04T03:50:17Z,current,source_updated_at,OK
2026-09-04T03:00:00Z,2026-09-04T03:58:00.310620Z,SOFR,3.65,percent,New York Fed Markets API,2026-09-02T00:00:00Z,business_daily,official_effective_date,OK
2026-09-04T03:00:00Z,2026-09-04T03:58:00.310620Z,STABLECOIN_TOTAL_SUPPLY,311294064114.62103,USD,DefiLlama Stablecoins,2026-09-04T03:58:02.639829Z,current,retrieval_time_proxy,OK
2026-09-04T03:00:00Z,2026-09-04T03:58:00.310620Z,TGA_CLOSING_BALANCE,944364.0,USD millions,US Treasury FiscalData:DTS operating_cash_balance,2026-09-02T00:00:00Z,business_daily,official_record_date,OK
2026-09-04T03:00:00Z,2026-09-04T03:58:00.310620Z,US10Y,4.77,percent,US Treasury:daily_treasury_yield_curve,2026-09-03T00:00:00,daily,official_observation_date,OK
2026-09-04T03:00:00Z,2026-09-04T03:58:00.310620Z,US10Y_REAL,2.42,percent,US Treasury:daily_treasury_real_yield_curve,2026-09-03T00:00:00,daily,official_observation_date,OK
2026-09-04T03:00:00Z,2026-09-04T03:58:00.310620Z,US2Y,4.34,percent,US Treasury:daily_treasury_yield_curve,2026-09-03T00:00:00,daily,official_observation_date,OK
2026-09-04T03:00:00Z,2026-09-04T03:58:00.310620Z,US30Y,5.25,percent,US Treasury:daily_treasury_yield_curve,2026-09-03T00:00:00,daily,official_observation_date,OK
2026-09-04T03:00:00Z,2026-09-04T03:58:00.310620Z,USDC_SUPPLY,74530121697.44035,USD,DefiLlama Stablecoins,2026-09-04T03:58:02.639829Z,current,retrieval_time_proxy,OK
2026-09-04T03:00:00Z,2026-09-04T03:58:00.310620Z,USDT_SUPPLY,183356078881.0672,USD,DefiLlama Stablecoins,2026-09-04T03:58:02.639829Z,current,retrieval_time_proxy,OK
2026-09-04T04:00:00Z,2026-09-04T04:58:21.333970Z,BTC_DOMINANCE,59.329438522939014,percent,CoinGecko Global,2026-09-04T04:50:23Z,current,source_updated_at,OK
2026-09-04T04:00:00Z,2026-09-04T04:58:21.333970Z,CRYPTO_24H_VOLUME,107394212166.14108,USD,CoinGecko Global,2026-09-04T04:50:23Z,current,source_updated_at,OK
2026-09-04T04:00:00Z,2026-09-04T04:58:21.333970Z,CRYPTO_TOTAL_MCAP,2736660150856.393,USD,CoinGecko Global,2026-09-04T04:50:23Z,current,source_updated_at,OK
2026-09-04T04:00:00Z,2026-09-04T04:58:21.333970Z,EFFR,3.63,percent,New York Fed Markets API,2026-09-02T00:00:00Z,business_daily,official_effective_date,OK
2026-09-04T04:00:00Z,2026-09-04T04:58:21.333970Z,ETH_DOMINANCE,11.16537290177169,percent,CoinGecko Global,2026-09-04T04:50:23Z,current,source_updated_at,OK
2026-09-04T04:00:00Z,2026-09-04T04:58:21.333970Z,SOFR,3.65,percent,New York Fed Markets API,2026-09-02T00:00:00Z,business_daily,official_effective_date,OK
2026-09-04T04:00:00Z,2026-09-04T04:58:21.333970Z,STABLECOIN_TOTAL_SUPPLY,311203469380.1573,USD,DefiLlama Stablecoins,2026-09-04T04:58:23.105876Z,current,retrieval_time_proxy,OK
2026-09-04T04:00:00Z,2026-09-04T04:58:21.333970Z,TGA_CLOSING_BALANCE,944364.0,USD millions,US Treasury FiscalData:DTS operating_cash_balance,2026-09-02T00:00:00Z,business_daily,official_record_date,OK
2026-09-04T04:00:00Z,2026-09-04T04:58:21.333970Z,US10Y,4.77,percent,US Treasury:daily_treasury_yield_curve,2026-09-03T00:00:00,daily,official_observation_date,OK
2026-09-04T04:00:00Z,2026-09-04T04:58:21.333970Z,US10Y_REAL,2.42,percent,US Treasury:daily_treasury_real_yield_curve,2026-09-03T00:00:00,daily,official_observation_date,OK
2026-09-04T04:00:00Z,2026-09-04T04:58:21.333970Z,US2Y,4.34,percent,US Treasury:daily_treasury_yield_curve,2026-09-03T00:00:00,daily,official_observation_date,OK
2026-09-04T04:00:00Z,2026-09-04T04:58:21.333970Z,US30Y,5.25,percent,US Treasury:daily_treasury_yield_curve,2026-09-03T00:00:00,daily,official_observation_date,OK
2026-09-04T04:00:00Z,2026-09-04T04:58:21.333970Z,USDC_SUPPLY,74447749027.53871,USD,DefiLlama Stablecoins,2026-09-04T04:58:23.105876Z,current,retrieval_time_proxy,OK
2026-09-04T04:00:00Z,2026-09-04T04:58:21.333970Z,USDT_SUPPLY,183348219468.1971,USD,DefiLlama Stablecoins,2026-09-04T04:58:23.105876Z,current,retrieval_time_proxy,OK
2026-09-04T05:00:00Z,2026-09-04T05:58:18.788416Z,BTC_DOMINANCE,59.32507660307055,percent,CoinGecko Global,2026-09-04T05:50:28Z,current,source_updated_at,OK
2026-09-04T05:00:00Z,2026-09-04T05:58:18.788416Z,CRYPTO_24H_VOLUME,107197042608.6343,USD,CoinGecko Global,2026-09-04T05:50:28Z,current,source_updated_at,OK
2026-09-04T05:00:00Z,2026-09-04T05:58:18.788416Z,CRYPTO_TOTAL_MCAP,2729741802808.8335,USD,CoinGecko Global,2026-09-04T05:50:28Z,current,source_updated_at,OK
2026-09-04T05:00:00Z,2026-09-04T05:58:18.788416Z,EFFR,3.63,percent,New York Fed Markets API,2026-09-02T00:00:00Z,business_daily,official_effective_date,OK
2026-09-04T05:00:00Z,2026-09-04T05:58:18.788416Z,ETH_DOMINANCE,11.177305709797531,percent,CoinGecko Global,2026-09-04T05:50:28Z,current,source_updated_at,OK
2026-09-04T05:00:00Z,2026-09-04T05:58:18.788416Z,SOFR,3.65,percent,New York Fed Markets API,2026-09-02T00:00:00Z,business_daily,official_effective_date,OK
2026-09-04T05:00:00Z,2026-09-04T05:58:18.788416Z,STABLECOIN_TOTAL_SUPPLY,311213267059.796,USD,DefiLlama Stablecoins,2026-09-04T05:58:20.093222Z,current,retrieval_time_proxy,OK
2026-09-04T05:00:00Z,2026-09-04T05:58:18.788416Z,TGA_CLOSING_BALANCE,944364.0,USD millions,US Treasury FiscalData:DTS operating_cash_balance,2026-09-02T00:00:00Z,business_daily,official_record_date,OK
2026-09-04T05:00:00Z,2026-09-04T05:58:18.788416Z,US10Y,4.77,percent,US Treasury:daily_treasury_yield_curve,2026-09-03T00:00:00,daily,official_observation_date,OK
2026-09-04T05:00:00Z,2026-09-04T05:58:18.788416Z,US10Y_REAL,2.42,percent,US Treasury:daily_treasury_real_yield_curve,2026-09-03T00:00:00,daily,official_observation_date,OK
2026-09-04T05:00:00Z,2026-09-04T05:58:18.788416Z,US2Y,4.34,percent,US Treasury:daily_treasury_yield_curve,2026-09-03T00:00:00,daily,official_observation_date,OK
2026-09-04T05:00:00Z,2026-09-04T05:58:18.788416Z,US30Y,5.25,percent,US Treasury:daily_treasury_yield_curve,2026-09-03T00:00:00,daily,official_observation_date,OK
2026-09-04T05:00:00Z,2026-09-04T05:58:18.788416Z,USDC_SUPPLY,74461968141.84398,USD,DefiLlama Stablecoins,2026-09-04T05:58:20.093222Z,current,retrieval_time_proxy,OK
2026-09-04T05:00:00Z,2026-09-04T05:58:18.788416Z,USDT_SUPPLY,183344658361.14648,USD,DefiLlama Stablecoins,2026-09-04T05:58:20.093222Z,current,retrieval_time_proxy,OK
2026-09-04T07:00:00Z,2026-09-04T07:58:01.033571Z,BTC_DOMINANCE,59.271339683491966,percent,CoinGecko Global,2026-09-04T07:50:37Z,current,source_updated_at,OK
2026-09-04T07:00:00Z,2026-09-04T07:58:01.033571Z,CRYPTO_24H_VOLUME,106925425195.89903,USD,CoinGecko Global,2026-09-04T07:50:37Z,current,source_updated_at,OK
2026-09-04T07:00:00Z,2026-09-04T07:58:01.033571Z,CRYPTO_TOTAL_MCAP,2726915316465.1533,USD,CoinGecko Global,2026-09-04T07:50:37Z,current,source_updated_at,OK
2026-09-04T07:00:00Z,2026-09-04T07:58:01.033571Z,EFFR,3.63,percent,New York Fed Markets API,2026-09-02T00:00:00Z,business_daily,official_effective_date,OK
2026-09-04T07:00:00Z,2026-09-04T07:58:01.033571Z,ETH_DOMINANCE,11.183136037415581,percent,CoinGecko Global,2026-09-04T07:50:37Z,current,source_updated_at,OK
2026-09-04T07:00:00Z,2026-09-04T07:58:01.033571Z,SOFR,3.65,percent,New York Fed Markets API,2026-09-02T00:00:00Z,business_daily,official_effective_date,OK
2026-09-04T07:00:00Z,2026-09-04T07:58:01.033571Z,STABLECOIN_TOTAL_SUPPLY,311219075560.67773,USD,DefiLlama Stablecoins,2026-09-04T07:58:03.087474Z,current,retrieval_time_proxy,OK
2026-09-04T07:00:00Z,2026-09-04T07:58:01.033571Z,TGA_CLOSING_BALANCE,944364.0,USD millions,US Treasury FiscalData:DTS operating_cash_balance,2026-09-02T00:00:00Z,business_daily,official_record_date,OK
2026-09-04T07:00:00Z,2026-09-04T07:58:01.033571Z,US10Y,4.77,percent,US Treasury:daily_treasury_yield_curve,2026-09-03T00:00:00,daily,official_observation_date,OK
2026-09-04T07:00:00Z,2026-09-04T07:58:01.033571Z,US10Y_REAL,2.42,percent,US Treasury:daily_treasury_real_yield_curve,2026-09-03T00:00:00,daily,official_observation_date,OK
2026-09-04T07:00:00Z,2026-09-04T07:58:01.033571Z,US2Y,4.34,percent,US Treasury:daily_treasury_yield_curve,2026-09-03T00:00:00,daily,official_observation_date,OK
2026-09-04T07:00:00Z,2026-09-04T07:58:01.033571Z,US30Y,5.25,percent,US Treasury:daily_treasury_yield_curve,2026-09-03T00:00:00,daily,official_observation_date,OK
2026-09-04T07:00:00Z,2026-09-04T07:58:01.033571Z,USDC_SUPPLY,74464682197.61902,USD,DefiLlama Stablecoins,2026-09-04T07:58:03.087474Z,current,retrieval_time_proxy,OK
2026-09-04T07:00:00Z,2026-09-04T07:58:01.033571Z,USDT_SUPPLY,183334959119.5833,USD,DefiLlama Stablecoins,2026-09-04T07:58:03.087474Z,current,retrieval_time_proxy,OK
2026-09-04T08:00:00Z,2026-09-04T08:58:40.310604Z,BTC_DOMINANCE,59.3165108143177,percent,CoinGecko Global,2026-09-04T08:50:42Z,current,source_updated_at,OK
2026-09-04T08:00:00Z,2026-09-04T08:58:40.310604Z,CRYPTO_24H_VOLUME,109105697283.29561,USD,CoinGecko Global,2026-09-04T08:50:42Z,current,source_updated_at,OK
2026-09-04T08:00:00Z,2026-09-04T08:58:40.310604Z,CRYPTO_TOTAL_MCAP,2739204327741.503,USD,CoinGecko Global,2026-09-04T08:50:42Z,current,source_updated_at,OK
2026-09-04T08:00:00Z,2026-09-04T08:58:40.310604Z,EFFR,3.63,percent,New York Fed Markets API,2026-09-02T00:00:00Z,business_daily,official_effective_date,OK
2026-09-04T08:00:00Z,2026-09-04T08:58:40.310604Z,ETH_DOMINANCE,11.210870668433664,percent,CoinGecko Global,2026-09-04T08:50:42Z,current,source_updated_at,OK
2026-09-04T08:00:00Z,2026-09-04T08:58:40.310604Z,SOFR,3.65,percent,New York Fed Markets API,2026-09-02T00:00:00Z,business_daily,official_effective_date,OK
2026-09-04T08:00:00Z,2026-09-04T08:58:40.310604Z,STABLECOIN_TOTAL_SUPPLY,311184338783.97705,USD,DefiLlama Stablecoins,2026-09-04T08:58:42.714510Z,current,retrieval_time_proxy,OK
2026-09-04T08:00:00Z,2026-09-04T08:58:40.310604Z,TGA_CLOSING_BALANCE,944364.0,USD millions,US Treasury FiscalData:DTS operating_cash_balance,2026-09-02T00:00:00Z,business_daily,official_record_date,OK
2026-09-04T08:00:00Z,2026-09-04T08:58:40.310604Z,US10Y,4.77,percent,US Treasury:daily_treasury_yield_curve,2026-09-03T00:00:00,daily,official_observation_date,OK
2026-09-04T08:00:00Z,2026-09-04T08:58:40.310604Z,US10Y_REAL,2.42,percent,US Treasury:daily_treasury_real_yield_curve,2026-09-03T00:00:00,daily,official_observation_date,OK
2026-09-04T08:00:00Z,2026-09-04T08:58:40.310604Z,US2Y,4.34,percent,US Treasury:daily_treasury_yield_curve,2026-09-03T00:00:00,daily,official_observation_date,OK
2026-09-04T08:00:00Z,2026-09-04T08:58:40.310604Z,US30Y,5.25,percent,US Treasury:daily_treasury_yield_curve,2026-09-03T00:00:00,daily,official_observation_date,OK
2026-09-04T08:00:00Z,2026-09-04T08:58:40.310604Z,USDC_SUPPLY,74427142772.675,USD,DefiLlama Stablecoins,2026-09-04T08:58:42.714510Z,current,retrieval_time_proxy,OK
2026-09-04T08:00:00Z,2026-09-04T08:58:40.310604Z,USDT_SUPPLY,183326606888.30008,USD,DefiLlama Stablecoins,2026-09-04T08:58:42.714510Z,current,retrieval_time_proxy,OK
2026-09-04T09:00:00Z,2026-09-04T09:58:27.368354Z,BTC_DOMINANCE,59.76171218635666,percent,CoinGecko Global,2026-09-04T09:50:47Z,current,source_updated_at,OK
2026-09-04T09:00:00Z,2026-09-04T09:58:27.368354Z,CRYPTO_24H_VOLUME,111693016531.86926,USD,CoinGecko Global,2026-09-04T09:50:47Z,current,source_updated_at,OK
2026-09-04T09:00:00Z,2026-09-04T09:58:27.368354Z,CRYPTO_TOTAL_MCAP,2716057024282.1353,USD,CoinGecko Global,2026-09-04T09:50:47Z,current,source_updated_at,OK
2026-09-04T09:00:00Z,2026-09-04T09:58:27.368354Z,EFFR,3.63,percent,New York Fed Markets API,2026-09-02T00:00:00Z,business_daily,official_effective_date,OK
2026-09-04T09:00:00Z,2026-09-04T09:58:27.368354Z,ETH_DOMINANCE,11.301435023084776,percent,CoinGecko Global,2026-09-04T09:50:47Z,current,source_updated_at,OK
2026-09-04T09:00:00Z,2026-09-04T09:58:27.368354Z,SOFR,3.65,percent,New York Fed Markets API,2026-09-02T00:00:00Z,business_daily,official_effective_date,OK
2026-09-04T09:00:00Z,2026-09-04T09:58:27.368354Z,STABLECOIN_TOTAL_SUPPLY,311030716701.23114,USD,DefiLlama Stablecoins,2026-09-04T09:58:29.686989Z,current,retrieval_time_proxy,OK
2026-09-04T09:00:00Z,2026-09-04T09:58:27.368354Z,TGA_CLOSING_BALANCE,944364.0,USD millions,US Treasury FiscalData:DTS operating_cash_balance,2026-09-02T00:00:00Z,business_daily,official_record_date,OK
2026-09-04T09:00:00Z,2026-09-04T09:58:27.368354Z,US10Y,4.77,percent,US Treasury:daily_treasury_yield_curve,2026-09-03T00:00:00,daily,official_observation_date,OK
2026-09-04T09:00:00Z,2026-09-04T09:58:27.368354Z,US10Y_REAL,2.42,percent,US Treasury:daily_treasury_real_yield_curve,2026-09-03T00:00:00,daily,official_observation_date,OK
2026-09-04T09:00:00Z,2026-09-04T09:58:27.368354Z,US2Y,4.34,percent,US Treasury:daily_treasury_yield_curve,2026-09-03T00:00:00,daily,official_observation_date,OK
2026-09-04T09:00:00Z,2026-09-04T09:58:27.368354Z,US30Y,5.25,percent,US Treasury:daily_treasury_yield_curve,2026-09-03T00:00:00,daily,official_observation_date,OK
2026-09-04T09:00:00Z,2026-09-04T09:58:27.368354Z,USDC_SUPPLY,74332640152.20169,USD,DefiLlama Stablecoins,2026-09-04T09:58:29.686989Z,current,retrieval_time_proxy,OK
2026-09-04T09:00:00Z,2026-09-04T09:58:27.368354Z,USDT_SUPPLY,183322121310.3052,USD,DefiLlama Stablecoins,2026-09-04T09:58:29.686989Z,current,retrieval_time_proxy,OK
2026-09-04T10:00:00Z,2026-09-04T10:58:03.637735Z,BTC_DOMINANCE,59.743674777661596,percent,CoinGecko Global,2026-09-04T10:50:51Z,current,source_updated_at,OK
2026-09-04T10:00:00Z,2026-09-04T10:58:03.637735Z,CRYPTO_24H_VOLUME,112725808748.67728,USD,CoinGecko Global,2026-09-04T10:50:51Z,current,source_updated_at,OK
2026-09-04T10:00:00Z,2026-09-04T10:58:03.637735Z,CRYPTO_TOTAL_MCAP,2718565303590.734,USD,CoinGecko Global,2026-09-04T10:50:51Z,current,source_updated_at,OK
2026-09-04T10:00:00Z,2026-09-04T10:58:03.637735Z,EFFR,3.63,percent,New York Fed Markets API,2026-09-02T00:00:00Z,business_daily,official_effective_date,OK
2026-09-04T10:00:00Z,2026-09-04T10:58:03.637735Z,ETH_DOMINANCE,11.313411158163655,percent,CoinGecko Global,2026-09-04T10:50:51Z,current,source_updated_at,OK
2026-09-04T10:00:00Z,2026-09-04T10:58:03.637735Z,SOFR,3.65,percent,New York Fed Markets API,2026-09-02T00:00:00Z,business_daily,official_effective_date,OK
2026-09-04T10:00:00Z,2026-09-04T10:58:03.637735Z,STABLECOIN_TOTAL_SUPPLY,311012263083.13226,USD,DefiLlama Stablecoins,2026-09-04T10:58:05.601965Z,current,retrieval_time_proxy,OK
2026-09-04T10:00:00Z,2026-09-04T10:58:03.637735Z,TGA_CLOSING_BALANCE,944364.0,USD millions,US Treasury FiscalData:DTS operating_cash_balance,2026-09-02T00:00:00Z,business_daily,official_record_date,OK
2026-09-04T10:00:00Z,2026-09-04T10:58:03.637735Z,US10Y,4.77,percent,US Treasury:daily_treasury_yield_curve,2026-09-03T00:00:00,daily,official_observation_date,OK
2026-09-04T10:00:00Z,2026-09-04T10:58:03.637735Z,US10Y_REAL,2.42,percent,US Treasury:daily_treasury_real_yield_curve,2026-09-03T00:00:00,daily,official_observation_date,OK
2026-09-04T10:00:00Z,2026-09-04T10:58:03.637735Z,US2Y,4.34,percent,US Treasury:daily_treasury_yield_curve,2026-09-03T00:00:00,daily,official_observation_date,OK
2026-09-04T10:00:00Z,2026-09-04T10:58:03.637735Z,US30Y,5.25,percent,US Treasury:daily_treasury_yield_curve,2026-09-03T00:00:00,daily,official_observation_date,OK
2026-09-04T10:00:00Z,2026-09-04T10:58:03.637735Z,USDC_SUPPLY,74307227857.28264,USD,DefiLlama Stablecoins,2026-09-04T10:58:05.601965Z,current,retrieval_time_proxy,OK
2026-09-04T10:00:00Z,2026-09-04T10:58:03.637735Z,USDT_SUPPLY,183330974951.7139,USD,DefiLlama Stablecoins,2026-09-04T10:58:05.601965Z,current,retrieval_time_proxy,OK
2026-09-04T11:00:00Z,2026-09-04T11:58:03.659112Z,BTC_DOMINANCE,59.77195503796546,percent,CoinGecko Global,2026-09-04T11:50:55Z,current,source_updated_at,OK
2026-09-04T11:00:00Z,2026-09-04T11:58:03.659112Z,CRYPTO_24H_VOLUME,112704543513.8042,USD,CoinGecko Global,2026-09-04T11:50:55Z,current,source_updated_at,OK
2026-09-04T11:00:00Z,2026-09-04T11:58:03.659112Z,CRYPTO_TOTAL_MCAP,2722984504125.587,USD,CoinGecko Global,2026-09-04T11:50:55Z,current,source_updated_at,OK
2026-09-04T11:00:00Z,2026-09-04T11:58:03.659112Z,EFFR,3.63,percent,New York Fed Markets API,2026-09-02T00:00:00Z,business_daily,official_effective_date,OK
2026-09-04T11:00:00Z,2026-09-04T11:58:03.659112Z,ETH_DOMINANCE,11.289911968361857,percent,CoinGecko Global,2026-09-04T11:50:55Z,current,source_updated_at,OK
2026-09-04T11:00:00Z,2026-09-04T11:58:03.659112Z,SOFR,3.65,percent,New York Fed Markets API,2026-09-02T00:00:00Z,business_daily,official_effective_date,OK
2026-09-04T11:00:00Z,2026-09-04T11:58:03.659112Z,STABLECOIN_TOTAL_SUPPLY,310972676016.4894,USD,DefiLlama Stablecoins,2026-09-04T11:58:05.998009Z,current,retrieval_time_proxy,OK
2026-09-04T11:00:00Z,2026-09-04T11:58:03.659112Z,TGA_CLOSING_BALANCE,944364.0,USD millions,US Treasury FiscalData:DTS operating_cash_balance,2026-09-02T00:00:00Z,business_daily,official_record_date,OK
2026-09-04T11:00:00Z,2026-09-04T11:58:03.659112Z,US10Y,4.77,percent,US Treasury:daily_treasury_yield_curve,2026-09-03T00:00:00,daily,official_observation_date,OK
2026-09-04T11:00:00Z,2026-09-04T11:58:03.659112Z,US10Y_REAL,2.42,percent,US Treasury:daily_treasury_real_yield_curve,2026-09-03T00:00:00,daily,official_observation_date,OK
2026-09-04T11:00:00Z,2026-09-04T11:58:03.659112Z,US2Y,4.34,percent,US Treasury:daily_treasury_yield_curve,2026-09-03T00:00:00,daily,official_observation_date,OK
2026-09-04T11:00:00Z,2026-09-04T11:58:03.659112Z,US30Y,5.25,percent,US Treasury:daily_treasury_yield_curve,2026-09-03T00:00:00,daily,official_observation_date,OK
2026-09-04T11:00:00Z,2026-09-04T11:58:03.659112Z,USDC_SUPPLY,74269601250.60602,USD,DefiLlama Stablecoins,2026-09-04T11:58:05.998009Z,current,retrieval_time_proxy,OK
2026-09-04T11:00:00Z,2026-09-04T11:58:03.659112Z,USDT_SUPPLY,183336374045.06516,USD,DefiLlama Stablecoins,2026-09-04T11:58:05.998009Z,current,retrieval_time_proxy,OK
2026-09-04T12:00:00Z,2026-09-04T12:59:38.981862Z,BTC_DOMINANCE,59.17550501257279,percent,CoinGecko Global,2026-09-04T12:51:00Z,current,source_updated_at,OK
2026-09-04T12:00:00Z,2026-09-04T12:59:38.981862Z,CRYPTO_24H_VOLUME,118599305124.37575,USD,CoinGecko Global,2026-09-04T12:51:00Z,current,source_updated_at,OK
2026-09-04T12:00:00Z,2026-09-04T12:59:38.981862Z,CRYPTO_TOTAL_MCAP,2673990476350.0127,USD,CoinGecko Global,2026-09-04T12:51:00Z,current,source_updated_at,OK
2026-09-04T12:00:00Z,2026-09-04T12:59:38.981862Z,EFFR,3.63,percent,New York Fed Markets API,2026-09-03T00:00:00Z,business_daily,official_effective_date,OK
2026-09-04T12:00:00Z,2026-09-04T12:59:38.981862Z,ETH_DOMINANCE,11.080774392226676,percent,CoinGecko Global,2026-09-04T12:51:00Z,current,source_updated_at,OK
2026-09-04T12:00:00Z,2026-09-04T12:59:38.981862Z,SOFR,3.66,percent,New York Fed Markets API,2026-09-03T00:00:00Z,business_daily,official_effective_date,OK
2026-09-04T12:00:00Z,2026-09-04T12:59:38.981862Z,STABLECOIN_TOTAL_SUPPLY,311058892712.86304,USD,DefiLlama Stablecoins,2026-09-04T12:59:40.461101Z,current,retrieval_time_proxy,OK
2026-09-04T12:00:00Z,2026-09-04T12:59:38.981862Z,TGA_CLOSING_BALANCE,944364.0,USD millions,US Treasury FiscalData:DTS operating_cash_balance,2026-09-02T00:00:00Z,business_daily,official_record_date,OK
2026-09-04T12:00:00Z,2026-09-04T12:59:38.981862Z,US10Y,4.77,percent,US Treasury:daily_treasury_yield_curve,2026-09-03T00:00:00,daily,official_observation_date,OK
2026-09-04T12:00:00Z,2026-09-04T12:59:38.981862Z,US10Y_REAL,2.42,percent,US Treasury:daily_treasury_real_yield_curve,2026-09-03T00:00:00,daily,official_observation_date,OK
2026-09-04T12:00:00Z,2026-09-04T12:59:38.981862Z,US2Y,4.34,percent,US Treasury:daily_treasury_yield_curve,2026-09-03T00:00:00,daily,official_observation_date,OK
2026-09-04T12:00:00Z,2026-09-04T12:59:38.981862Z,US30Y,5.25,percent,US Treasury:daily_treasury_yield_curve,2026-09-03T00:00:00,daily,official_observation_date,OK
2026-09-04T12:00:00Z,2026-09-04T12:59:38.981862Z,USDC_SUPPLY,74339502781.9327,USD,DefiLlama Stablecoins,2026-09-04T12:59:40.461101Z,current,retrieval_time_proxy,OK
2026-09-04T12:00:00Z,2026-09-04T12:59:38.981862Z,USDT_SUPPLY,183342121131.92316,USD,DefiLlama Stablecoins,2026-09-04T12:59:40.461101Z,current,retrieval_time_proxy,OK
2026-09-04T13:00:00Z,2026-09-04T13:58:41.992836Z,BTC_DOMINANCE,59.14332147059278,percent,CoinGecko Global,2026-09-04T13:51:04Z,current,source_updated_at,OK
2026-09-04T13:00:00Z,2026-09-04T13:58:41.992836Z,CRYPTO_24H_VOLUME,123640842699.80304,USD,CoinGecko Global,2026-09-04T13:51:04Z,current,source_updated_at,OK
2026-09-04T13:00:00Z,2026-09-04T13:58:41.992836Z,CRYPTO_TOTAL_MCAP,2707835569087.687,USD,CoinGecko Global,2026-09-04T13:51:04Z,current,source_updated_at,OK
2026-09-04T13:00:00Z,2026-09-04T13:58:41.992836Z,EFFR,3.63,percent,New York Fed Markets API,2026-09-03T00:00:00Z,business_daily,official_effective_date,OK
2026-09-04T13:00:00Z,2026-09-04T13:58:41.992836Z,ETH_DOMINANCE,11.106954889354414,percent,CoinGecko Global,2026-09-04T13:51:04Z,current,source_updated_at,OK
2026-09-04T13:00:00Z,2026-09-04T13:58:41.992836Z,SOFR,3.66,percent,New York Fed Markets API,2026-09-03T00:00:00Z,business_daily,official_effective_date,OK
2026-09-04T13:00:00Z,2026-09-04T13:58:41.992836Z,STABLECOIN_TOTAL_SUPPLY,311135286049.74066,USD,DefiLlama Stablecoins,2026-09-04T13:58:43.710942Z,current,retrieval_time_proxy,OK
2026-09-04T13:00:00Z,2026-09-04T13:58:41.992836Z,TGA_CLOSING_BALANCE,944364.0,USD millions,US Treasury FiscalData:DTS operating_cash_balance,2026-09-02T00:00:00Z,business_daily,official_record_date,OK
2026-09-04T13:00:00Z,2026-09-04T13:58:41.992836Z,US10Y,4.77,percent,US Treasury:daily_treasury_yield_curve,2026-09-03T00:00:00,daily,official_observation_date,OK
2026-09-04T13:00:00Z,2026-09-04T13:58:41.992836Z,US10Y_REAL,2.42,percent,US Treasury:daily_treasury_real_yield_curve,2026-09-03T00:00:00,daily,official_observation_date,OK
2026-09-04T13:00:00Z,2026-09-04T13:58:41.992836Z,US2Y,4.34,percent,US Treasury:daily_treasury_yield_curve,2026-09-03T00:00:00,daily,official_observation_date,OK
2026-09-04T13:00:00Z,2026-09-04T13:58:41.992836Z,US30Y,5.25,percent,US Treasury:daily_treasury_yield_curve,2026-09-03T00:00:00,daily,official_observation_date,OK
2026-09-04T13:00:00Z,2026-09-04T13:58:41.992836Z,USDC_SUPPLY,74348194852.43947,USD,DefiLlama Stablecoins,2026-09-04T13:58:43.710942Z,current,retrieval_time_proxy,OK
2026-09-04T13:00:00Z,2026-09-04T13:58:41.992836Z,USDT_SUPPLY,183349915188.8468,USD,DefiLlama Stablecoins,2026-09-04T13:58:43.710942Z,current,retrieval_time_proxy,OK
2026-09-04T14:00:00Z,2026-09-04T14:58:29.900495Z,BTC_DOMINANCE,59.101029672048966,percent,CoinGecko Global,2026-09-04T14:51:10Z,current,source_updated_at,OK
2026-09-04T14:00:00Z,2026-09-04T14:58:29.900495Z,CRYPTO_24H_VOLUME,119114626885.15085,USD,CoinGecko Global,2026-09-04T14:51:10Z,current,source_updated_at,OK
2026-09-04T14:00:00Z,2026-09-04T14:58:29.900495Z,CRYPTO_TOTAL_MCAP,2655585242595.704,USD,CoinGecko Global,2026-09-04T14:51:10Z,current,source_updated_at,OK
2026-09-04T14:00:00Z,2026-09-04T14:58:29.900495Z,EFFR,3.63,percent,New York Fed Markets API,2026-09-03T00:00:00Z,business_daily,official_effective_date,OK
2026-09-04T14:00:00Z,2026-09-04T14:58:29.900495Z,ETH_DOMINANCE,11.113452014225075,percent,CoinGecko Global,2026-09-04T14:51:10Z,current,source_updated_at,OK
2026-09-04T14:00:00Z,2026-09-04T14:58:29.900495Z,SOFR,3.66,percent,New York Fed Markets API,2026-09-03T00:00:00Z,business_daily,official_effective_date,OK
2026-09-04T14:00:00Z,2026-09-04T14:58:29.900495Z,STABLECOIN_TOTAL_SUPPLY,311113820796.9582,USD,DefiLlama Stablecoins,2026-09-04T14:58:31.927805Z,current,retrieval_time_proxy,OK
2026-09-04T14:00:00Z,2026-09-04T14:58:29.900495Z,TGA_CLOSING_BALANCE,944364.0,USD millions,US Treasury FiscalData:DTS operating_cash_balance,2026-09-02T00:00:00Z,business_daily,official_record_date,OK
2026-09-04T14:00:00Z,2026-09-04T14:58:29.900495Z,US10Y,4.77,percent,US Treasury:daily_treasury_yield_curve,2026-09-03T00:00:00,daily,official_observation_date,OK
2026-09-04T14:00:00Z,2026-09-04T14:58:29.900495Z,US10Y_REAL,2.42,percent,US Treasury:daily_treasury_real_yield_curve,2026-09-03T00:00:00,daily,official_observation_date,OK
2026-09-04T14:00:00Z,2026-09-04T14:58:29.900495Z,US2Y,4.34,percent,US Treasury:daily_treasury_yield_curve,2026-09-03T00:00:00,daily,official_observation_date,OK
2026-09-04T14:00:00Z,2026-09-04T14:58:29.900495Z,US30Y,5.25,percent,US Treasury:daily_treasury_yield_curve,2026-09-03T00:00:00,daily,official_observation_date,OK
2026-09-04T14:00:00Z,2026-09-04T14:58:29.900495Z,USDC_SUPPLY,74336102013.37764,USD,DefiLlama Stablecoins,2026-09-04T14:58:31.927805Z,current,retrieval_time_proxy,OK
2026-09-04T14:00:00Z,2026-09-04T14:58:29.900495Z,USDT_SUPPLY,183345299959.76202,USD,DefiLlama Stablecoins,2026-09-04T14:58:31.927805Z,current,retrieval_time_proxy,OK
2026-09-04T15:00:00Z,2026-09-04T15:58:07.997773Z,BTC_DOMINANCE,59.17349560980863,percent,CoinGecko Global,2026-09-04T15:51:15Z,current,source_updated_at,OK
2026-09-04T15:00:00Z,2026-09-04T15:58:07.997773Z,CRYPTO_24H_VOLUME,114783893077.73354,USD,CoinGecko Global,2026-09-04T15:51:15Z,current,source_updated_at,OK
2026-09-04T15:00:00Z,2026-09-04T15:58:07.997773Z,CRYPTO_TOTAL_MCAP,2685239739794.732,USD,CoinGecko Global,2026-09-04T15:51:15Z,current,source_updated_at,OK
2026-09-04T15:00:00Z,2026-09-04T15:58:07.997773Z,EFFR,3.63,percent,New York Fed Markets API,2026-09-03T00:00:00Z,business_daily,official_effective_date,OK
2026-09-04T15:00:00Z,2026-09-04T15:58:07.997773Z,ETH_DOMINANCE,11.103339493208289,percent,CoinGecko Global,2026-09-04T15:51:15Z,current,source_updated_at,OK
2026-09-04T15:00:00Z,2026-09-04T15:58:07.997773Z,SOFR,3.66,percent,New York Fed Markets API,2026-09-03T00:00:00Z,business_daily,official_effective_date,OK
2026-09-04T15:00:00Z,2026-09-04T15:58:07.997773Z,STABLECOIN_TOTAL_SUPPLY,311101387779.4176,USD,DefiLlama Stablecoins,2026-09-04T15:58:10.338575Z,current,retrieval_time_proxy,OK
2026-09-04T15:00:00Z,2026-09-04T15:58:07.997773Z,TGA_CLOSING_BALANCE,944364.0,USD millions,US Treasury FiscalData:DTS operating_cash_balance,2026-09-02T00:00:00Z,business_daily,official_record_date,OK
2026-09-04T15:00:00Z,2026-09-04T15:58:07.997773Z,US10Y,4.77,percent,US Treasury:daily_treasury_yield_curve,2026-09-03T00:00:00,daily,official_observation_date,OK
2026-09-04T15:00:00Z,2026-09-04T15:58:07.997773Z,US10Y_REAL,2.42,percent,US Treasury:daily_treasury_real_yield_curve,2026-09-03T00:00:00,daily,official_observation_date,OK
2026-09-04T15:00:00Z,2026-09-04T15:58:07.997773Z,US2Y,4.34,percent,US Treasury:daily_treasury_yield_curve,2026-09-03T00:00:00,daily,official_observation_date,OK
2026-09-04T15:00:00Z,2026-09-04T15:58:07.997773Z,US30Y,5.25,percent,US Treasury:daily_treasury_yield_curve,2026-09-03T00:00:00,daily,official_observation_date,OK
2026-09-04T15:00:00Z,2026-09-04T15:58:07.997773Z,USDC_SUPPLY,74341735295.33028,USD,DefiLlama Stablecoins,2026-09-04T15:58:10.338575Z,current,retrieval_time_proxy,OK
2026-09-04T15:00:00Z,2026-09-04T15:58:07.997773Z,USDT_SUPPLY,183337736785.09497,USD,DefiLlama Stablecoins,2026-09-04T15:58:10.338575Z,current,retrieval_time_proxy,OK
2026-09-04T16:00:00Z,2026-09-04T16:58:09.772858Z,BTC_DOMINANCE,59.18786901866129,percent,CoinGecko Global,2026-09-04T16:51:19Z,current,source_updated_at,OK
2026-09-04T16:00:00Z,2026-09-04T16:58:09.772858Z,CRYPTO_24H_VOLUME,112135824900.09833,USD,CoinGecko Global,2026-09-04T16:51:19Z,current,source_updated_at,OK
2026-09-04T16:00:00Z,2026-09-04T16:58:09.772858Z,CRYPTO_TOTAL_MCAP,2699268918514.8726,USD,CoinGecko Global,2026-09-04T16:51:19Z,current,source_updated_at,OK
2026-09-04T16:00:00Z,2026-09-04T16:58:09.772858Z,EFFR,3.63,percent,New York Fed Markets API,2026-09-03T00:00:00Z,business_daily,official_effective_date,OK
2026-09-04T16:00:00Z,2026-09-04T16:58:09.772858Z,ETH_DOMINANCE,11.092701926368893,percent,CoinGecko Global,2026-09-04T16:51:19Z,current,source_updated_at,OK
2026-09-04T16:00:00Z,2026-09-04T16:58:09.772858Z,SOFR,3.66,percent,New York Fed Markets API,2026-09-03T00:00:00Z,business_daily,official_effective_date,OK
2026-09-04T16:00:00Z,2026-09-04T16:58:09.772858Z,STABLECOIN_TOTAL_SUPPLY,311088321573.988,USD,DefiLlama Stablecoins,2026-09-04T16:58:12.114716Z,current,retrieval_time_proxy,OK
2026-09-04T16:00:00Z,2026-09-04T16:58:09.772858Z,TGA_CLOSING_BALANCE,944364.0,USD millions,US Treasury FiscalData:DTS operating_cash_balance,2026-09-02T00:00:00Z,business_daily,official_record_date,OK
2026-09-04T16:00:00Z,2026-09-04T16:58:09.772858Z,US10Y,4.77,percent,US Treasury:daily_treasury_yield_curve,2026-09-03T00:00:00,daily,official_observation_date,OK
2026-09-04T16:00:00Z,2026-09-04T16:58:09.772858Z,US10Y_REAL,2.42,percent,US Treasury:daily_treasury_real_yield_curve,2026-09-03T00:00:00,daily,official_observation_date,OK
2026-09-04T16:00:00Z,2026-09-04T16:58:09.772858Z,US2Y,4.34,percent,US Treasury:daily_treasury_yield_curve,2026-09-03T00:00:00,daily,official_observation_date,OK
2026-09-04T16:00:00Z,2026-09-04T16:58:09.772858Z,US30Y,5.25,percent,US Treasury:daily_treasury_yield_curve,2026-09-03T00:00:00,daily,official_observation_date,OK
2026-09-04T16:00:00Z,2026-09-04T16:58:09.772858Z,USDC_SUPPLY,74306814529.9252,USD,DefiLlama Stablecoins,2026-09-04T16:58:12.114716Z,current,retrieval_time_proxy,OK
2026-09-04T16:00:00Z,2026-09-04T16:58:09.772858Z,USDT_SUPPLY,183340728937.54645,USD,DefiLlama Stablecoins,2026-09-04T16:58:12.114716Z,current,retrieval_time_proxy,OK
2026-09-04T17:00:00Z,2026-09-04T17:58:19.755730Z,BTC_DOMINANCE,59.211485274779406,percent,CoinGecko Global,2026-09-04T17:51:23Z,current,source_updated_at,OK
2026-09-04T17:00:00Z,2026-09-04T17:58:19.755730Z,CRYPTO_24H_VOLUME,109541523027.34438,USD,CoinGecko Global,2026-09-04T17:51:23Z,current,source_updated_at,OK
2026-09-04T17:00:00Z,2026-09-04T17:58:19.755730Z,CRYPTO_TOTAL_MCAP,2689863794851.792,USD,CoinGecko Global,2026-09-04T17:51:23Z,current,source_updated_at,OK
2026-09-04T17:00:00Z,2026-09-04T17:58:19.755730Z,EFFR,3.63,percent,New York Fed Markets API,2026-09-03T00:00:00Z,business_daily,official_effective_date,OK
2026-09-04T17:00:00Z,2026-09-04T17:58:19.755730Z,ETH_DOMINANCE,11.071442991889596,percent,CoinGecko Global,2026-09-04T17:51:23Z,current,source_updated_at,OK
2026-09-04T17:00:00Z,2026-09-04T17:58:19.755730Z,SOFR,3.66,percent,New York Fed Markets API,2026-09-03T00:00:00Z,business_daily,official_effective_date,OK
2026-09-04T17:00:00Z,2026-09-04T17:58:19.755730Z,STABLECOIN_TOTAL_SUPPLY,311044209398.94183,USD,DefiLlama Stablecoins,2026-09-04T17:58:21.259110Z,current,retrieval_time_proxy,OK
2026-09-04T17:00:00Z,2026-09-04T17:58:19.755730Z,TGA_CLOSING_BALANCE,944364.0,USD millions,US Treasury FiscalData:DTS operating_cash_balance,2026-09-02T00:00:00Z,business_daily,official_record_date,OK
2026-09-04T17:00:00Z,2026-09-04T17:58:19.755730Z,US10Y,4.77,percent,US Treasury:daily_treasury_yield_curve,2026-09-03T00:00:00,daily,official_observation_date,OK
2026-09-04T17:00:00Z,2026-09-04T17:58:19.755730Z,US10Y_REAL,2.42,percent,US Treasury:daily_treasury_real_yield_curve,2026-09-03T00:00:00,daily,official_observation_date,OK
2026-09-04T17:00:00Z,2026-09-04T17:58:19.755730Z,US2Y,4.34,percent,US Treasury:daily_treasury_yield_curve,2026-09-03T00:00:00,daily,official_observation_date,OK
2026-09-04T17:00:00Z,2026-09-04T17:58:19.755730Z,US30Y,5.25,percent,US Treasury:daily_treasury_yield_curve,2026-09-03T00:00:00,daily,official_observation_date,OK
2026-09-04T17:00:00Z,2026-09-04T17:58:19.755730Z,USDC_SUPPLY,74273869291.36748,USD,DefiLlama Stablecoins,2026-09-04T17:58:21.259110Z,current,retrieval_time_proxy,OK
2026-09-04T17:00:00Z,2026-09-04T17:58:19.755730Z,USDT_SUPPLY,183358901278.91827,USD,DefiLlama Stablecoins,2026-09-04T17:58:21.259110Z,current,retrieval_time_proxy,OK
2026-09-04T18:00:00Z,2026-09-04T18:57:58.132165Z,BTC_DOMINANCE,59.19814055928453,percent,CoinGecko Global,2026-09-04T18:51:28Z,current,source_updated_at,OK
2026-09-04T18:00:00Z,2026-09-04T18:57:58.132165Z,CRYPTO_24H_VOLUME,108369709326.31996,USD,CoinGecko Global,2026-09-04T18:51:28Z,current,source_updated_at,OK
2026-09-04T18:00:00Z,2026-09-04T18:57:58.132165Z,CRYPTO_TOTAL_MCAP,2693097847421.438,USD,CoinGecko Global,2026-09-04T18:51:28Z,current,source_updated_at,OK
2026-09-04T18:00:00Z,2026-09-04T18:57:58.132165Z,EFFR,3.63,percent,New York Fed Markets API,2026-09-03T00:00:00Z,business_daily,official_effective_date,OK
2026-09-04T18:00:00Z,2026-09-04T18:57:58.132165Z,ETH_DOMINANCE,11.07234625837191,percent,CoinGecko Global,2026-09-04T18:51:28Z,current,source_updated_at,OK
2026-09-04T18:00:00Z,2026-09-04T18:57:58.132165Z,SOFR,3.66,percent,New York Fed Markets API,2026-09-03T00:00:00Z,business_daily,official_effective_date,OK
2026-09-04T18:00:00Z,2026-09-04T18:57:58.132165Z,STABLECOIN_TOTAL_SUPPLY,311189352239.93915,USD,DefiLlama Stablecoins,2026-09-04T18:58:00.116101Z,current,retrieval_time_proxy,OK
2026-09-04T18:00:00Z,2026-09-04T18:57:58.132165Z,TGA_CLOSING_BALANCE,944364.0,USD millions,US Treasury FiscalData:DTS operating_cash_balance,2026-09-02T00:00:00Z,business_daily,official_record_date,OK
2026-09-04T18:00:00Z,2026-09-04T18:57:58.132165Z,US10Y,4.77,percent,US Treasury:daily_treasury_yield_curve,2026-09-03T00:00:00,daily,official_observation_date,OK
2026-09-04T18:00:00Z,2026-09-04T18:57:58.132165Z,US10Y_REAL,2.42,percent,US Treasury:daily_treasury_real_yield_curve,2026-09-03T00:00:00,daily,official_observation_date,OK
2026-09-04T18:00:00Z,2026-09-04T18:57:58.132165Z,US2Y,4.34,percent,US Treasury:daily_treasury_yield_curve,2026-09-03T00:00:00,daily,official_observation_date,OK
2026-09-04T18:00:00Z,2026-09-04T18:57:58.132165Z,US30Y,5.25,percent,US Treasury:daily_treasury_yield_curve,2026-09-03T00:00:00,daily,official_observation_date,OK
2026-09-04T18:00:00Z,2026-09-04T18:57:58.132165Z,USDC_SUPPLY,74360053683.48177,USD,DefiLlama Stablecoins,2026-09-04T18:58:00.116101Z,current,retrieval_time_proxy,OK
2026-09-04T18:00:00Z,2026-09-04T18:57:58.132165Z,USDT_SUPPLY,183363884532.89825,USD,DefiLlama Stablecoins,2026-09-04T18:58:00.116101Z,current,retrieval_time_proxy,OK
2026-09-04T19:00:00Z,2026-09-04T19:58:06.360456Z,BTC_DOMINANCE,59.18843718107425,percent,CoinGecko Global,2026-09-04T19:51:33Z,current,source_updated_at,OK
2026-09-04T19:00:00Z,2026-09-04T19:58:06.360456Z,CRYPTO_24H_VOLUME,106154464001.68454,USD,CoinGecko Global,2026-09-04T19:51:33Z,current,source_updated_at,OK
2026-09-04T19:00:00Z,2026-09-04T19:58:06.360456Z,CRYPTO_TOTAL_MCAP,2700995425198.569,USD,CoinGecko Global,2026-09-04T19:51:33Z,current,source_updated_at,OK
2026-09-04T19:00:00Z,2026-09-04T19:58:06.360456Z,EFFR,3.63,percent,New York Fed Markets API,2026-09-03T00:00:00Z,business_daily,official_effective_date,OK
2026-09-04T19:00:00Z,2026-09-04T19:58:06.360456Z,ETH_DOMINANCE,11.081546258430166,percent,CoinGecko Global,2026-09-04T19:51:33Z,current,source_updated_at,OK
2026-09-04T19:00:00Z,2026-09-04T19:58:06.360456Z,SOFR,3.66,percent,New York Fed Markets API,2026-09-03T00:00:00Z,business_daily,official_effective_date,OK
2026-09-04T19:00:00Z,2026-09-04T19:58:06.360456Z,STABLECOIN_TOTAL_SUPPLY,311178731293.0463,USD,DefiLlama Stablecoins,2026-09-04T19:58:08.148732Z,current,retrieval_time_proxy,OK
2026-09-04T19:00:00Z,2026-09-04T19:58:06.360456Z,TGA_CLOSING_BALANCE,944364.0,USD millions,US Treasury FiscalData:DTS operating_cash_balance,2026-09-02T00:00:00Z,business_daily,official_record_date,OK
2026-09-04T19:00:00Z,2026-09-04T19:58:06.360456Z,US10Y,4.78,percent,US Treasury:daily_treasury_yield_curve,2026-09-04T00:00:00,daily,official_observation_date,OK
2026-09-04T19:00:00Z,2026-09-04T19:58:06.360456Z,US10Y_REAL,2.43,percent,US Treasury:daily_treasury_real_yield_curve,2026-09-04T00:00:00,daily,official_observation_date,OK
2026-09-04T19:00:00Z,2026-09-04T19:58:06.360456Z,US2Y,4.37,percent,US Treasury:daily_treasury_yield_curve,2026-09-04T00:00:00,daily,official_observation_date,OK
2026-09-04T19:00:00Z,2026-09-04T19:58:06.360456Z,US30Y,5.24,percent,US Treasury:daily_treasury_yield_curve,2026-09-04T00:00:00,daily,official_observation_date,OK
2026-09-04T19:00:00Z,2026-09-04T19:58:06.360456Z,USDC_SUPPLY,74365988468.11055,USD,DefiLlama Stablecoins,2026-09-04T19:58:08.148732Z,current,retrieval_time_proxy,OK
2026-09-04T19:00:00Z,2026-09-04T19:58:06.360456Z,USDT_SUPPLY,183369588616.3252,USD,DefiLlama Stablecoins,2026-09-04T19:58:08.148732Z,current,retrieval_time_proxy,OK
2026-09-04T20:00:00Z,2026-09-04T20:57:59.775430Z,BTC_DOMINANCE,59.21085311054468,percent,CoinGecko Global,2026-09-04T20:51:38Z,current,source_updated_at,OK
2026-09-04T20:00:00Z,2026-09-04T20:57:59.775430Z,CRYPTO_24H_VOLUME,104192849077.44063,USD,CoinGecko Global,2026-09-04T20:51:38Z,current,source_updated_at,OK
2026-09-04T20:00:00Z,2026-09-04T20:57:59.775430Z,CRYPTO_TOTAL_MCAP,2697574895216.0234,USD,CoinGecko Global,2026-09-04T20:51:38Z,current,source_updated_at,OK
2026-09-04T20:00:00Z,2026-09-04T20:57:59.775430Z,EFFR,3.63,percent,New York Fed Markets API,2026-09-03T00:00:00Z,business_daily,official_effective_date,OK
2026-09-04T20:00:00Z,2026-09-04T20:57:59.775430Z,ETH_DOMINANCE,11.073993596577864,percent,CoinGecko Global,2026-09-04T20:51:38Z,current,source_updated_at,OK
2026-09-04T20:00:00Z,2026-09-04T20:57:59.775430Z,SOFR,3.66,percent,New York Fed Markets API,2026-09-03T00:00:00Z,business_daily,official_effective_date,OK
2026-09-04T20:00:00Z,2026-09-04T20:57:59.775430Z,STABLECOIN_TOTAL_SUPPLY,311125494154.7293,USD,DefiLlama Stablecoins,2026-09-04T20:58:01.172432Z,current,retrieval_time_proxy,OK
2026-09-04T20:00:00Z,2026-09-04T20:57:59.775430Z,TGA_CLOSING_BALANCE,903928.0,USD millions,US Treasury FiscalData:DTS operating_cash_balance,2026-09-03T00:00:00Z,business_daily,official_record_date,OK
2026-09-04T20:00:00Z,2026-09-04T20:57:59.775430Z,US10Y,4.78,percent,US Treasury:daily_treasury_yield_curve,2026-09-04T00:00:00,daily,official_observation_date,OK
2026-09-04T20:00:00Z,2026-09-04T20:57:59.775430Z,US10Y_REAL,2.43,percent,US Treasury:daily_treasury_real_yield_curve,2026-09-04T00:00:00,daily,official_observation_date,OK
2026-09-04T20:00:00Z,2026-09-04T20:57:59.775430Z,US2Y,4.37,percent,US Treasury:daily_treasury_yield_curve,2026-09-04T00:00:00,daily,official_observation_date,OK
2026-09-04T20:00:00Z,2026-09-04T20:57:59.775430Z,US30Y,5.24,percent,US Treasury:daily_treasury_yield_curve,2026-09-04T00:00:00,daily,official_observation_date,OK
2026-09-04T20:00:00Z,2026-09-04T20:57:59.775430Z,USDC_SUPPLY,74353610159.18727,USD,DefiLlama Stablecoins,2026-09-04T20:58:01.172432Z,current,retrieval_time_proxy,OK
2026-09-04T20:00:00Z,2026-09-04T20:57:59.775430Z,USDT_SUPPLY,183370492637.57758,USD,DefiLlama Stablecoins,2026-09-04T20:58:01.172432Z,current,retrieval_time_proxy,OK
2026-09-04T21:00:00Z,2026-09-04T21:58:05.331667Z,BTC_DOMINANCE,59.22423095616507,percent,CoinGecko Global,2026-09-04T21:51:43Z,current,source_updated_at,OK
2026-09-04T21:00:00Z,2026-09-04T21:58:05.331667Z,CRYPTO_24H_VOLUME,101903599040.75243,USD,CoinGecko Global,2026-09-04T21:51:43Z,current,source_updated_at,OK
2026-09-04T21:00:00Z,2026-09-04T21:58:05.331667Z,CRYPTO_TOTAL_MCAP,2697982512533.969,USD,CoinGecko Global,2026-09-04T21:51:43Z,current,source_updated_at,OK
2026-09-04T21:00:00Z,2026-09-04T21:58:05.331667Z,EFFR,3.63,percent,New York Fed Markets API,2026-09-03T00:00:00Z,business_daily,official_effective_date,OK
2026-09-04T21:00:00Z,2026-09-04T21:58:05.331667Z,ETH_DOMINANCE,11.07980789229436,percent,CoinGecko Global,2026-09-04T21:51:43Z,current,source_updated_at,OK
2026-09-04T21:00:00Z,2026-09-04T21:58:05.331667Z,SOFR,3.66,percent,New York Fed Markets API,2026-09-03T00:00:00Z,business_daily,official_effective_date,OK
2026-09-04T21:00:00Z,2026-09-04T21:58:05.331667Z,STABLECOIN_TOTAL_SUPPLY,311274004778.0336,USD,DefiLlama Stablecoins,2026-09-04T21:58:06.743894Z,current,retrieval_time_proxy,OK
2026-09-04T21:00:00Z,2026-09-04T21:58:05.331667Z,TGA_CLOSING_BALANCE,903928.0,USD millions,US Treasury FiscalData:DTS operating_cash_balance,2026-09-03T00:00:00Z,business_daily,official_record_date,OK
2026-09-04T21:00:00Z,2026-09-04T21:58:05.331667Z,US10Y,4.78,percent,US Treasury:daily_treasury_yield_curve,2026-09-04T00:00:00,daily,official_observation_date,OK
2026-09-04T21:00:00Z,2026-09-04T21:58:05.331667Z,US10Y_REAL,2.43,percent,US Treasury:daily_treasury_real_yield_curve,2026-09-04T00:00:00,daily,official_observation_date,OK
2026-09-04T21:00:00Z,2026-09-04T21:58:05.331667Z,US2Y,4.37,percent,US Treasury:daily_treasury_yield_curve,2026-09-04T00:00:00,daily,official_observation_date,OK
2026-09-04T21:00:00Z,2026-09-04T21:58:05.331667Z,US30Y,5.24,percent,US Treasury:daily_treasury_yield_curve,2026-09-04T00:00:00,daily,official_observation_date,OK
2026-09-04T21:00:00Z,2026-09-04T21:58:05.331667Z,USDC_SUPPLY,74549092733.72212,USD,DefiLlama Stablecoins,2026-09-04T21:58:06.743894Z,current,retrieval_time_proxy,OK
2026-09-04T21:00:00Z,2026-09-04T21:58:05.331667Z,USDT_SUPPLY,183384518813.6359,USD,DefiLlama Stablecoins,2026-09-04T21:58:06.743894Z,current,retrieval_time_proxy,OK
2026-09-04T22:00:00Z,2026-09-04T22:58:07.858388Z,BTC_DOMINANCE,59.23613632032622,percent,CoinGecko Global,2026-09-04T22:51:47Z,current,source_updated_at,OK
2026-09-04T22:00:00Z,2026-09-04T22:58:07.858388Z,CRYPTO_24H_VOLUME,100273371939.0155,USD,CoinGecko Global,2026-09-04T22:51:47Z,current,source_updated_at,OK
2026-09-04T22:00:00Z,2026-09-04T22:58:07.858388Z,CRYPTO_TOTAL_MCAP,2695636206001.4316,USD,CoinGecko Global,2026-09-04T22:51:47Z,current,source_updated_at,OK
2026-09-04T22:00:00Z,2026-09-04T22:58:07.858388Z,EFFR,3.63,percent,New York Fed Markets API,2026-09-03T00:00:00Z,business_daily,official_effective_date,OK
2026-09-04T22:00:00Z,2026-09-04T22:58:07.858388Z,ETH_DOMINANCE,11.078787026217512,percent,CoinGecko Global,2026-09-04T22:51:47Z,current,source_updated_at,OK
2026-09-04T22:00:00Z,2026-09-04T22:58:07.858388Z,SOFR,3.66,percent,New York Fed Markets API,2026-09-03T00:00:00Z,business_daily,official_effective_date,OK
2026-09-04T22:00:00Z,2026-09-04T22:58:07.858388Z,STABLECOIN_TOTAL_SUPPLY,311366401569.9206,USD,DefiLlama Stablecoins,2026-09-04T22:58:10.591103Z,current,retrieval_time_proxy,OK
2026-09-04T22:00:00Z,2026-09-04T22:58:07.858388Z,TGA_CLOSING_BALANCE,903928.0,USD millions,US Treasury FiscalData:DTS operating_cash_balance,2026-09-03T00:00:00Z,business_daily,official_record_date,OK
2026-09-04T22:00:00Z,2026-09-04T22:58:07.858388Z,US10Y,4.78,percent,US Treasury:daily_treasury_yield_curve,2026-09-04T00:00:00,daily,official_observation_date,OK
2026-09-04T22:00:00Z,2026-09-04T22:58:07.858388Z,US10Y_REAL,2.43,percent,US Treasury:daily_treasury_real_yield_curve,2026-09-04T00:00:00,daily,official_observation_date,OK
2026-09-04T22:00:00Z,2026-09-04T22:58:07.858388Z,US2Y,4.37,percent,US Treasury:daily_treasury_yield_curve,2026-09-04T00:00:00,daily,official_observation_date,OK
2026-09-04T22:00:00Z,2026-09-04T22:58:07.858388Z,US30Y,5.24,percent,US Treasury:daily_treasury_yield_curve,2026-09-04T00:00:00,daily,official_observation_date,OK
2026-09-04T22:00:00Z,2026-09-04T22:58:07.858388Z,USDC_SUPPLY,74668418796.5801,USD,DefiLlama Stablecoins,2026-09-04T22:58:10.591103Z,current,retrieval_time_proxy,OK
2026-09-04T22:00:00Z,2026-09-04T22:58:07.858388Z,USDT_SUPPLY,183335461542.82703,USD,DefiLlama Stablecoins,2026-09-04T22:58:10.591103Z,current,retrieval_time_proxy,OK
2026-09-04T23:00:00Z,2026-09-04T23:58:06.917478Z,BTC_DOMINANCE,59.18636944452687,percent,CoinGecko Global,2026-09-04T23:51:52Z,current,source_updated_at,OK
2026-09-04T23:00:00Z,2026-09-04T23:58:06.917478Z,CRYPTO_24H_VOLUME,98562465676.65227,USD,CoinGecko Global,2026-09-04T23:51:52Z,current,source_updated_at,OK
2026-09-04T23:00:00Z,2026-09-04T23:58:06.917478Z,CRYPTO_TOTAL_MCAP,2696809784538.6895,USD,CoinGecko Global,2026-09-04T23:51:52Z,current,source_updated_at,OK
2026-09-04T23:00:00Z,2026-09-04T23:58:06.917478Z,EFFR,3.63,percent,New York Fed Markets API,2026-09-03T00:00:00Z,business_daily,official_effective_date,OK
2026-09-04T23:00:00Z,2026-09-04T23:58:06.917478Z,ETH_DOMINANCE,11.083437553798433,percent,CoinGecko Global,2026-09-04T23:51:52Z,current,source_updated_at,OK
2026-09-04T23:00:00Z,2026-09-04T23:58:06.917478Z,SOFR,3.66,percent,New York Fed Markets API,2026-09-03T00:00:00Z,business_daily,official_effective_date,OK
2026-09-04T23:00:00Z,2026-09-04T23:58:06.917478Z,STABLECOIN_TOTAL_SUPPLY,310363932432.90314,USD,DefiLlama Stablecoins,2026-09-04T23:58:08.557169Z,current,retrieval_time_proxy,OK
2026-09-04T23:00:00Z,2026-09-04T23:58:06.917478Z,TGA_CLOSING_BALANCE,903928.0,USD millions,US Treasury FiscalData:DTS operating_cash_balance,2026-09-03T00:00:00Z,business_daily,official_record_date,OK
2026-09-04T23:00:00Z,2026-09-04T23:58:06.917478Z,US10Y,4.78,percent,US Treasury:daily_treasury_yield_curve,2026-09-04T00:00:00,daily,official_observation_date,OK
2026-09-04T23:00:00Z,2026-09-04T23:58:06.917478Z,US10Y_REAL,2.43,percent,US Treasury:daily_treasury_real_yield_curve,2026-09-04T00:00:00,daily,official_observation_date,OK
2026-09-04T23:00:00Z,2026-09-04T23:58:06.917478Z,US2Y,4.37,percent,US Treasury:daily_treasury_yield_curve,2026-09-04T00:00:00,daily,official_observation_date,OK
2026-09-04T23:00:00Z,2026-09-04T23:58:06.917478Z,US30Y,5.24,percent,US Treasury:daily_treasury_yield_curve,2026-09-04T00:00:00,daily,official_observation_date,OK
2026-09-04T23:00:00Z,2026-09-04T23:58:06.917478Z,USDC_SUPPLY,74668130959.38054,USD,DefiLlama Stablecoins,2026-09-04T23:58:08.557169Z,current,retrieval_time_proxy,OK
2026-09-04T23:00:00Z,2026-09-04T23:58:06.917478Z,USDT_SUPPLY,183344046408.22495,USD,DefiLlama Stablecoins,2026-09-04T23:58:08.557169Z,current,retrieval_time_proxy,OK
2026-09-05T01:00:00Z,2026-09-05T01:58:05.807867Z,BTC_DOMINANCE,59.17531722418376,percent,CoinGecko Global,2026-09-05T01:52:03Z,current,source_updated_at,OK
2026-09-05T01:00:00Z,2026-09-05T01:58:05.807867Z,CRYPTO_24H_VOLUME,95758285368.58553,USD,CoinGecko Global,2026-09-05T01:52:03Z,current,source_updated_at,OK
2026-09-05T01:00:00Z,2026-09-05T01:58:05.807867Z,CRYPTO_TOTAL_MCAP,2694693118714.924,USD,CoinGecko Global,2026-09-05T01:52:03Z,current,source_updated_at,OK
2026-09-05T01:00:00Z,2026-09-05T01:58:05.807867Z,EFFR,3.63,percent,New York Fed Markets API,2026-09-03T00:00:00Z,business_daily,official_effective_date,OK
2026-09-05T01:00:00Z,2026-09-05T01:58:05.807867Z,ETH_DOMINANCE,11.080900149007839,percent,CoinGecko Global,2026-09-05T01:52:03Z,current,source_updated_at,OK
2026-09-05T01:00:00Z,2026-09-05T01:58:05.807867Z,SOFR,3.66,percent,New York Fed Markets API,2026-09-03T00:00:00Z,business_daily,official_effective_date,OK
2026-09-05T01:00:00Z,2026-09-05T01:58:05.807867Z,STABLECOIN_TOTAL_SUPPLY,311230763672.4786,USD,DefiLlama Stablecoins,2026-09-05T01:58:07.421908Z,current,retrieval_time_proxy,OK
2026-09-05T01:00:00Z,2026-09-05T01:58:05.807867Z,TGA_CLOSING_BALANCE,903928.0,USD millions,US Treasury FiscalData:DTS operating_cash_balance,2026-09-03T00:00:00Z,business_daily,official_record_date,OK
2026-09-05T01:00:00Z,2026-09-05T01:58:05.807867Z,US10Y,4.78,percent,US Treasury:daily_treasury_yield_curve,2026-09-04T00:00:00,daily,official_observation_date,OK
2026-09-05T01:00:00Z,2026-09-05T01:58:05.807867Z,US10Y_REAL,2.43,percent,US Treasury:daily_treasury_real_yield_curve,2026-09-04T00:00:00,daily,official_observation_date,OK
2026-09-05T01:00:00Z,2026-09-05T01:58:05.807867Z,US2Y,4.37,percent,US Treasury:daily_treasury_yield_curve,2026-09-04T00:00:00,daily,official_observation_date,OK
2026-09-05T01:00:00Z,2026-09-05T01:58:05.807867Z,US30Y,5.24,percent,US Treasury:daily_treasury_yield_curve,2026-09-04T00:00:00,daily,official_observation_date,OK
2026-09-05T01:00:00Z,2026-09-05T01:58:05.807867Z,USDC_SUPPLY,74688365175.75137,USD,DefiLlama Stablecoins,2026-09-05T01:58:07.421908Z,current,retrieval_time_proxy,OK
2026-09-05T01:00:00Z,2026-09-05T01:58:05.807867Z,USDT_SUPPLY,183404029411.98553,USD,DefiLlama Stablecoins,2026-09-05T01:58:07.421908Z,current,retrieval_time_proxy,OK
2026-09-05T02:00:00Z,2026-09-05T02:57:53.419592Z,BTC_DOMINANCE,59.153177243933996,percent,CoinGecko Global,2026-09-05T02:52:07Z,current,source_updated_at,OK
2026-09-05T02:00:00Z,2026-09-05T02:57:53.419592Z,CRYPTO_24H_VOLUME,94899726197.25406,USD,CoinGecko Global,2026-09-05T02:52:07Z,current,source_updated_at,OK
2026-09-05T02:00:00Z,2026-09-05T02:57:53.419592Z,CRYPTO_TOTAL_MCAP,2694338814628.725,USD,CoinGecko Global,2026-09-05T02:52:07Z,current,source_updated_at,OK
2026-09-05T02:00:00Z,2026-09-05T02:57:53.419592Z,EFFR,3.63,percent,New York Fed Markets API,2026-09-03T00:00:00Z,business_daily,official_effective_date,OK
2026-09-05T02:00:00Z,2026-09-05T02:57:53.419592Z,ETH_DOMINANCE,11.074584967354177,percent,CoinGecko Global,2026-09-05T02:52:07Z,current,source_updated_at,OK
2026-09-05T02:00:00Z,2026-09-05T02:57:53.419592Z,SOFR,3.66,percent,New York Fed Markets API,2026-09-03T00:00:00Z,business_daily,official_effective_date,OK
2026-09-05T02:00:00Z,2026-09-05T02:57:53.419592Z,STABLECOIN_TOTAL_SUPPLY,311533682011.82904,USD,DefiLlama Stablecoins,2026-09-05T02:57:55.866090Z,current,retrieval_time_proxy,OK
2026-09-05T02:00:00Z,2026-09-05T02:57:53.419592Z,TGA_CLOSING_BALANCE,903928.0,USD millions,US Treasury FiscalData:DTS operating_cash_balance,2026-09-03T00:00:00Z,business_daily,official_record_date,OK
2026-09-05T02:00:00Z,2026-09-05T02:57:53.419592Z,US10Y,4.78,percent,US Treasury:daily_treasury_yield_curve,2026-09-04T00:00:00,daily,official_observation_date,OK
2026-09-05T02:00:00Z,2026-09-05T02:57:53.419592Z,US10Y_REAL,2.43,percent,US Treasury:daily_treasury_real_yield_curve,2026-09-04T00:00:00,daily,official_observation_date,OK
2026-09-05T02:00:00Z,2026-09-05T02:57:53.419592Z,US2Y,4.37,percent,US Treasury:daily_treasury_yield_curve,2026-09-04T00:00:00,daily,official_observation_date,OK
2026-09-05T02:00:00Z,2026-09-05T02:57:53.419592Z,US30Y,5.24,percent,US Treasury:daily_treasury_yield_curve,2026-09-04T00:00:00,daily,official_observation_date,OK
2026-09-05T02:00:00Z,2026-09-05T02:57:53.419592Z,USDC_SUPPLY,74745871855.62154,USD,DefiLlama Stablecoins,2026-09-05T02:57:55.866090Z,current,retrieval_time_proxy,OK
2026-09-05T02:00:00Z,2026-09-05T02:57:53.419592Z,USDT_SUPPLY,183403626112.25815,USD,DefiLlama Stablecoins,2026-09-05T02:57:55.866090Z,current,retrieval_time_proxy,OK
2026-09-05T03:00:00Z,2026-09-05T03:58:09.945629Z,BTC_DOMINANCE,59.13106136546067,percent,CoinGecko Global,2026-09-05T03:52:12Z,current,source_updated_at,OK
2026-09-05T03:00:00Z,2026-09-05T03:58:09.945629Z,CRYPTO_24H_VOLUME,93529223005.1712,USD,CoinGecko Global,2026-09-05T03:52:12Z,current,source_updated_at,OK
2026-09-05T03:00:00Z,2026-09-05T03:58:09.945629Z,CRYPTO_TOTAL_MCAP,2698321283942.012,USD,CoinGecko Global,2026-09-05T03:52:12Z,current,source_updated_at,OK
2026-09-05T03:00:00Z,2026-09-05T03:58:09.945629Z,EFFR,3.63,percent,New York Fed Markets API,2026-09-03T00:00:00Z,business_daily,official_effective_date,OK
2026-09-05T03:00:00Z,2026-09-05T03:58:09.945629Z,ETH_DOMINANCE,11.076774529478966,percent,CoinGecko Global,2026-09-05T03:52:12Z,current,source_updated_at,OK
2026-09-05T03:00:00Z,2026-09-05T03:58:09.945629Z,SOFR,3.66,percent,New York Fed Markets API,2026-09-03T00:00:00Z,business_daily,official_effective_date,OK
2026-09-05T03:00:00Z,2026-09-05T03:58:09.945629Z,STABLECOIN_TOTAL_SUPPLY,311562093591.7587,USD,DefiLlama Stablecoins,2026-09-05T03:58:11.682198Z,current,retrieval_time_proxy,OK
2026-09-05T03:00:00Z,2026-09-05T03:58:09.945629Z,TGA_CLOSING_BALANCE,903928.0,USD millions,US Treasury FiscalData:DTS operating_cash_balance,2026-09-03T00:00:00Z,business_daily,official_record_date,OK
2026-09-05T03:00:00Z,2026-09-05T03:58:09.945629Z,US10Y,4.78,percent,US Treasury:daily_treasury_yield_curve,2026-09-04T00:00:00,daily,official_observation_date,OK
2026-09-05T03:00:00Z,2026-09-05T03:58:09.945629Z,US10Y_REAL,2.43,percent,US Treasury:daily_treasury_real_yield_curve,2026-09-04T00:00:00,daily,official_observation_date,OK
2026-09-05T03:00:00Z,2026-09-05T03:58:09.945629Z,US2Y,4.37,percent,US Treasury:daily_treasury_yield_curve,2026-09-04T00:00:00,daily,official_observation_date,OK
2026-09-05T03:00:00Z,2026-09-05T03:58:09.945629Z,US30Y,5.24,percent,US Treasury:daily_treasury_yield_curve,2026-09-04T00:00:00,daily,official_observation_date,OK
2026-09-05T03:00:00Z,2026-09-05T03:58:09.945629Z,USDC_SUPPLY,74788985439.4788,USD,DefiLlama Stablecoins,2026-09-05T03:58:11.682198Z,current,retrieval_time_proxy,OK
2026-09-05T03:00:00Z,2026-09-05T03:58:09.945629Z,USDT_SUPPLY,183395475869.24966,USD,DefiLlama Stablecoins,2026-09-05T03:58:11.682198Z,current,retrieval_time_proxy,OK
2026-09-05T04:00:00Z,2026-09-05T04:58:09.907037Z,BTC_DOMINANCE,59.151690625195855,percent,CoinGecko Global,2026-09-05T04:52:17Z,current,source_updated_at,OK
2026-09-05T04:00:00Z,2026-09-05T04:58:09.907037Z,CRYPTO_24H_VOLUME,92098866391.51468,USD,CoinGecko Global,2026-09-05T04:52:17Z,current,source_updated_at,OK
2026-09-05T04:00:00Z,2026-09-05T04:58:09.907037Z,CRYPTO_TOTAL_MCAP,2693579574334.217,USD,CoinGecko Global,2026-09-05T04:52:17Z,current,source_updated_at,OK
2026-09-05T04:00:00Z,2026-09-05T04:58:09.907037Z,EFFR,3.63,percent,New York Fed Markets API,2026-09-03T00:00:00Z,business_daily,official_effective_date,OK
2026-09-05T04:00:00Z,2026-09-05T04:58:09.907037Z,ETH_DOMINANCE,11.07236424223728,percent,CoinGecko Global,2026-09-05T04:52:17Z,current,source_updated_at,OK
2026-09-05T04:00:00Z,2026-09-05T04:58:09.907037Z,SOFR,3.66,percent,New York Fed Markets API,2026-09-03T00:00:00Z,business_daily,official_effective_date,OK
2026-09-05T04:00:00Z,2026-09-05T04:58:09.907037Z,STABLECOIN_TOTAL_SUPPLY,311546399840.42694,USD,DefiLlama Stablecoins,2026-09-05T04:58:11.608091Z,current,retrieval_time_proxy,OK
2026-09-05T04:00:00Z,2026-09-05T04:58:09.907037Z,TGA_CLOSING_BALANCE,903928.0,USD millions,US Treasury FiscalData:DTS operating_cash_balance,2026-09-03T00:00:00Z,business_daily,official_record_date,OK
2026-09-05T04:00:00Z,2026-09-05T04:58:09.907037Z,US10Y,4.78,percent,US Treasury:daily_treasury_yield_curve,2026-09-04T00:00:00,daily,official_observation_date,OK
2026-09-05T04:00:00Z,2026-09-05T04:58:09.907037Z,US10Y_REAL,2.43,percent,US Treasury:daily_treasury_real_yield_curve,2026-09-04T00:00:00,daily,official_observation_date,OK
2026-09-05T04:00:00Z,2026-09-05T04:58:09.907037Z,US2Y,4.37,percent,US Treasury:daily_treasury_yield_curve,2026-09-04T00:00:00,daily,official_observation_date,OK
2026-09-05T04:00:00Z,2026-09-05T04:58:09.907037Z,US30Y,5.24,percent,US Treasury:daily_treasury_yield_curve,2026-09-04T00:00:00,daily,official_observation_date,OK
2026-09-05T04:00:00Z,2026-09-05T04:58:09.907037Z,USDC_SUPPLY,74767005593.11433,USD,DefiLlama Stablecoins,2026-09-05T04:58:11.608091Z,current,retrieval_time_proxy,OK
2026-09-05T04:00:00Z,2026-09-05T04:58:09.907037Z,USDT_SUPPLY,183387690173.21057,USD,DefiLlama Stablecoins,2026-09-05T04:58:11.608091Z,current,retrieval_time_proxy,OK
2026-09-05T05:00:00Z,2026-09-05T05:57:57.451445Z,BTC_DOMINANCE,59.13237647232534,percent,CoinGecko Global,2026-09-05T05:52:22Z,current,source_updated_at,OK
2026-09-05T05:00:00Z,2026-09-05T05:57:57.451445Z,CRYPTO_24H_VOLUME,91403399515.06932,USD,CoinGecko Global,2026-09-05T05:52:22Z,current,source_updated_at,OK
2026-09-05T05:00:00Z,2026-09-05T05:57:57.451445Z,CRYPTO_TOTAL_MCAP,2694076697490.4907,USD,CoinGecko Global,2026-09-05T05:52:22Z,current,source_updated_at,OK
2026-09-05T05:00:00Z,2026-09-05T05:57:57.451445Z,EFFR,3.63,percent,New York Fed Markets API,2026-09-03T00:00:00Z,business_daily,official_effective_date,OK
2026-09-05T05:00:00Z,2026-09-05T05:57:57.451445Z,ETH_DOMINANCE,11.070603292736655,percent,CoinGecko Global,2026-09-05T05:52:22Z,current,source_updated_at,OK
2026-09-05T05:00:00Z,2026-09-05T05:57:57.451445Z,SOFR,3.66,percent,New York Fed Markets API,2026-09-03T00:00:00Z,business_daily,official_effective_date,OK
2026-09-05T05:00:00Z,2026-09-05T05:57:57.451445Z,STABLECOIN_TOTAL_SUPPLY,311520266117.62915,USD,DefiLlama Stablecoins,2026-09-05T05:57:58.690540Z,current,retrieval_time_proxy,OK
2026-09-05T05:00:00Z,2026-09-05T05:57:57.451445Z,TGA_CLOSING_BALANCE,903928.0,USD millions,US Treasury FiscalData:DTS operating_cash_balance,2026-09-03T00:00:00Z,business_daily,official_record_date,OK
2026-09-05T05:00:00Z,2026-09-05T05:57:57.451445Z,US10Y,4.78,percent,US Treasury:daily_treasury_yield_curve,2026-09-04T00:00:00,daily,official_observation_date,OK
2026-09-05T05:00:00Z,2026-09-05T05:57:57.451445Z,US10Y_REAL,2.43,percent,US Treasury:daily_treasury_real_yield_curve,2026-09-04T00:00:00,daily,official_observation_date,OK
2026-09-05T05:00:00Z,2026-09-05T05:57:57.451445Z,US2Y,4.37,percent,US Treasury:daily_treasury_yield_curve,2026-09-04T00:00:00,daily,official_observation_date,OK
2026-09-05T05:00:00Z,2026-09-05T05:57:57.451445Z,US30Y,5.24,percent,US Treasury:daily_treasury_yield_curve,2026-09-04T00:00:00,daily,official_observation_date,OK
2026-09-05T05:00:00Z,2026-09-05T05:57:57.451445Z,USDC_SUPPLY,74732790228.2446,USD,DefiLlama Stablecoins,2026-09-05T05:57:58.690540Z,current,retrieval_time_proxy,OK
2026-09-05T05:00:00Z,2026-09-05T05:57:57.451445Z,USDT_SUPPLY,183392893219.0381,USD,DefiLlama Stablecoins,2026-09-05T05:57:58.690540Z,current,retrieval_time_proxy,OK
2026-09-05T06:00:00Z,2026-09-05T06:58:00.735725Z,BTC_DOMINANCE,59.11772497672024,percent,CoinGecko Global,2026-09-05T06:52:26Z,current,source_updated_at,OK
2026-09-05T06:00:00Z,2026-09-05T06:58:00.735725Z,CRYPTO_24H_VOLUME,90177559627.99875,USD,CoinGecko Global,2026-09-05T06:52:26Z,current,source_updated_at,OK
2026-09-05T06:00:00Z,2026-09-05T06:58:00.735725Z,CRYPTO_TOTAL_MCAP,2700581271187.097,USD,CoinGecko Global,2026-09-05T06:52:26Z,current,source_updated_at,OK
2026-09-05T06:00:00Z,2026-09-05T06:58:00.735725Z,EFFR,3.63,percent,New York Fed Markets API,2026-09-03T00:00:00Z,business_daily,official_effective_date,OK
2026-09-05T06:00:00Z,2026-09-05T06:58:00.735725Z,ETH_DOMINANCE,11.060139003529205,percent,CoinGecko Global,2026-09-05T06:52:26Z,current,source_updated_at,OK
2026-09-05T06:00:00Z,2026-09-05T06:58:00.735725Z,SOFR,3.66,percent,New York Fed Markets API,2026-09-03T00:00:00Z,business_daily,official_effective_date,OK
2026-09-05T06:00:00Z,2026-09-05T06:58:00.735725Z,STABLECOIN_TOTAL_SUPPLY,311548059343.4671,USD,DefiLlama Stablecoins,2026-09-05T06:58:02.786149Z,current,retrieval_time_proxy,OK
2026-09-05T06:00:00Z,2026-09-05T06:58:00.735725Z,TGA_CLOSING_BALANCE,903928.0,USD millions,US Treasury FiscalData:DTS operating_cash_balance,2026-09-03T00:00:00Z,business_daily,official_record_date,OK
2026-09-05T06:00:00Z,2026-09-05T06:58:00.735725Z,US10Y,4.78,percent,US Treasury:daily_treasury_yield_curve,2026-09-04T00:00:00,daily,official_observation_date,OK
2026-09-05T06:00:00Z,2026-09-05T06:58:00.735725Z,US10Y_REAL,2.43,percent,US Treasury:daily_treasury_real_yield_curve,2026-09-04T00:00:00,daily,official_observation_date,OK
2026-09-05T06:00:00Z,2026-09-05T06:58:00.735725Z,US2Y,4.37,percent,US Treasury:daily_treasury_yield_curve,2026-09-04T00:00:00,daily,official_observation_date,OK
2026-09-05T06:00:00Z,2026-09-05T06:58:00.735725Z,US30Y,5.24,percent,US Treasury:daily_treasury_yield_curve,2026-09-04T00:00:00,daily,official_observation_date,OK
2026-09-05T06:00:00Z,2026-09-05T06:58:00.735725Z,USDC_SUPPLY,74757010431.80508,USD,DefiLlama Stablecoins,2026-09-05T06:58:02.786149Z,current,retrieval_time_proxy,OK
2026-09-05T06:00:00Z,2026-09-05T06:58:00.735725Z,USDT_SUPPLY,183391053279.41275,USD,DefiLlama Stablecoins,2026-09-05T06:58:02.786149Z,current,retrieval_time_proxy,OK
2026-09-05T07:00:00Z,2026-09-05T07:57:50.958125Z,BTC_DOMINANCE,59.083914511542105,percent,CoinGecko Global,2026-09-05T07:52:30Z,current,source_updated_at,OK
2026-09-05T07:00:00Z,2026-09-05T07:57:50.958125Z,CRYPTO_24H_VOLUME,89357615161.03925,USD,CoinGecko Global,2026-09-05T07:52:30Z,current,source_updated_at,OK
2026-09-05T07:00:00Z,2026-09-05T07:57:50.958125Z,CRYPTO_TOTAL_MCAP,2703087319886.2373,USD,CoinGecko Global,2026-09-05T07:52:30Z,current,source_updated_at,OK
2026-09-05T07:00:00Z,2026-09-05T07:57:50.958125Z,EFFR,3.63,percent,New York Fed Markets API,2026-09-03T00:00:00Z,business_daily,official_effective_date,OK
2026-09-05T07:00:00Z,2026-09-05T07:57:50.958125Z,ETH_DOMINANCE,11.068471920728859,percent,CoinGecko Global,2026-09-05T07:52:30Z,current,source_updated_at,OK
2026-09-05T07:00:00Z,2026-09-05T07:57:50.958125Z,SOFR,3.66,percent,New York Fed Markets API,2026-09-03T00:00:00Z,business_daily,official_effective_date,OK
2026-09-05T07:00:00Z,2026-09-05T07:57:50.958125Z,STABLECOIN_TOTAL_SUPPLY,311536048678.8485,USD,DefiLlama Stablecoins,2026-09-05T07:57:52.187820Z,current,retrieval_time_proxy,OK
2026-09-05T07:00:00Z,2026-09-05T07:57:50.958125Z,TGA_CLOSING_BALANCE,903928.0,USD millions,US Treasury FiscalData:DTS operating_cash_balance,2026-09-03T00:00:00Z,business_daily,official_record_date,OK
2026-09-05T07:00:00Z,2026-09-05T07:57:50.958125Z,US10Y,4.78,percent,US Treasury:daily_treasury_yield_curve,2026-09-04T00:00:00,daily,official_observation_date,OK
2026-09-05T07:00:00Z,2026-09-05T07:57:50.958125Z,US10Y_REAL,2.43,percent,US Treasury:daily_treasury_real_yield_curve,2026-09-04T00:00:00,daily,official_observation_date,OK
2026-09-05T07:00:00Z,2026-09-05T07:57:50.958125Z,US2Y,4.37,percent,US Treasury:daily_treasury_yield_curve,2026-09-04T00:00:00,daily,official_observation_date,OK
2026-09-05T07:00:00Z,2026-09-05T07:57:50.958125Z,US30Y,5.24,percent,US Treasury:daily_treasury_yield_curve,2026-09-04T00:00:00,daily,official_observation_date,OK
2026-09-05T07:00:00Z,2026-09-05T07:57:50.958125Z,USDC_SUPPLY,74753337942.11194,USD,DefiLlama Stablecoins,2026-09-05T07:57:52.187820Z,current,retrieval_time_proxy,OK
2026-09-05T07:00:00Z,2026-09-05T07:57:50.958125Z,USDT_SUPPLY,183387283080.0733,USD,DefiLlama Stablecoins,2026-09-05T07:57:52.187820Z,current,retrieval_time_proxy,OK
2026-09-05T08:00:00Z,2026-09-05T08:58:09.240266Z,BTC_DOMINANCE,59.020318676951746,percent,CoinGecko Global,2026-09-05T08:52:34Z,current,source_updated_at,OK
2026-09-05T08:00:00Z,2026-09-05T08:58:09.240266Z,CRYPTO_24H_VOLUME,87482826492.26033,USD,CoinGecko Global,2026-09-05T08:52:34Z,current,source_updated_at,OK
2026-09-05T08:00:00Z,2026-09-05T08:58:09.240266Z,CRYPTO_TOTAL_MCAP,2702612346170.5728,USD,CoinGecko Global,2026-09-05T08:52:34Z,current,source_updated_at,OK
2026-09-05T08:00:00Z,2026-09-05T08:58:09.240266Z,EFFR,3.63,percent,New York Fed Markets API,2026-09-03T00:00:00Z,business_daily,official_effective_date,OK
2026-09-05T08:00:00Z,2026-09-05T08:58:09.240266Z,ETH_DOMINANCE,11.058265801353816,percent,CoinGecko Global,2026-09-05T08:52:34Z,current,source_updated_at,OK
2026-09-05T08:00:00Z,2026-09-05T08:58:09.240266Z,SOFR,3.66,percent,New York Fed Markets API,2026-09-03T00:00:00Z,business_daily,official_effective_date,OK
2026-09-05T08:00:00Z,2026-09-05T08:58:09.240266Z,STABLECOIN_TOTAL_SUPPLY,312213324021.1346,USD,DefiLlama Stablecoins,2026-09-05T08:58:12.744264Z,current,retrieval_time_proxy,OK
2026-09-05T08:00:00Z,2026-09-05T08:58:09.240266Z,TGA_CLOSING_BALANCE,903928.0,USD millions,US Treasury FiscalData:DTS operating_cash_balance,2026-09-03T00:00:00Z,business_daily,official_record_date,OK
2026-09-05T08:00:00Z,2026-09-05T08:58:09.240266Z,US10Y,4.78,percent,US Treasury:daily_treasury_yield_curve,2026-09-04T00:00:00,daily,official_observation_date,OK
2026-09-05T08:00:00Z,2026-09-05T08:58:09.240266Z,US10Y_REAL,2.43,percent,US Treasury:daily_treasury_real_yield_curve,2026-09-04T00:00:00,daily,official_observation_date,OK
2026-09-05T08:00:00Z,2026-09-05T08:58:09.240266Z,US2Y,4.37,percent,US Treasury:daily_treasury_yield_curve,2026-09-04T00:00:00,daily,official_observation_date,OK
2026-09-05T08:00:00Z,2026-09-05T08:58:09.240266Z,US30Y,5.24,percent,US Treasury:daily_treasury_yield_curve,2026-09-04T00:00:00,daily,official_observation_date,OK
2026-09-05T08:00:00Z,2026-09-05T08:58:09.240266Z,USDC_SUPPLY,74750592832.56479,USD,DefiLlama Stablecoins,2026-09-05T08:58:12.744264Z,current,retrieval_time_proxy,OK
2026-09-05T08:00:00Z,2026-09-05T08:58:09.240266Z,USDT_SUPPLY,183388431068.13034,USD,DefiLlama Stablecoins,2026-09-05T08:58:12.744264Z,current,retrieval_time_proxy,OK
2026-09-05T09:00:00Z,2026-09-05T09:58:09.694855Z,BTC_DOMINANCE,59.01450090703503,percent,CoinGecko Global,2026-09-05T09:52:39Z,current,source_updated_at,OK
2026-09-05T09:00:00Z,2026-09-05T09:58:09.694855Z,CRYPTO_24H_VOLUME,83846362235.45526,USD,CoinGecko Global,2026-09-05T09:52:39Z,current,source_updated_at,OK
2026-09-05T09:00:00Z,2026-09-05T09:58:09.694855Z,CRYPTO_TOTAL_MCAP,2704680778928.798,USD,CoinGecko Global,2026-09-05T09:52:39Z,current,source_updated_at,OK
2026-09-05T09:00:00Z,2026-09-05T09:58:09.694855Z,EFFR,3.63,percent,New York Fed Markets API,2026-09-03T00:00:00Z,business_daily,official_effective_date,OK
2026-09-05T09:00:00Z,2026-09-05T09:58:09.694855Z,ETH_DOMINANCE,11.075080032172181,percent,CoinGecko Global,2026-09-05T09:52:39Z,current,source_updated_at,OK
2026-09-05T09:00:00Z,2026-09-05T09:58:09.694855Z,SOFR,3.66,percent,New York Fed Markets API,2026-09-03T00:00:00Z,business_daily,official_effective_date,OK
2026-09-05T09:00:00Z,2026-09-05T09:58:09.694855Z,STABLECOIN_TOTAL_SUPPLY,312178301316.49164,USD,DefiLlama Stablecoins,2026-09-05T09:58:10.961531Z,current,retrieval_time_proxy,OK
2026-09-05T09:00:00Z,2026-09-05T09:58:09.694855Z,TGA_CLOSING_BALANCE,903928.0,USD millions,US Treasury FiscalData:DTS operating_cash_balance,2026-09-03T00:00:00Z,business_daily,official_record_date,OK
2026-09-05T09:00:00Z,2026-09-05T09:58:09.694855Z,US10Y,4.78,percent,US Treasury:daily_treasury_yield_curve,2026-09-04T00:00:00,daily,official_observation_date,OK
2026-09-05T09:00:00Z,2026-09-05T09:58:09.694855Z,US10Y_REAL,2.43,percent,US Treasury:daily_treasury_real_yield_curve,2026-09-04T00:00:00,daily,official_observation_date,OK
2026-09-05T09:00:00Z,2026-09-05T09:58:09.694855Z,US2Y,4.37,percent,US Treasury:daily_treasury_yield_curve,2026-09-04T00:00:00,daily,official_observation_date,OK
2026-09-05T09:00:00Z,2026-09-05T09:58:09.694855Z,US30Y,5.24,percent,US Treasury:daily_treasury_yield_curve,2026-09-04T00:00:00,daily,official_observation_date,OK
2026-09-05T09:00:00Z,2026-09-05T09:58:09.694855Z,USDC_SUPPLY,74740209556.71135,USD,DefiLlama Stablecoins,2026-09-05T09:58:10.961531Z,current,retrieval_time_proxy,OK
2026-09-05T09:00:00Z,2026-09-05T09:58:09.694855Z,USDT_SUPPLY,183362249218.62167,USD,DefiLlama Stablecoins,2026-09-05T09:58:10.961531Z,current,retrieval_time_proxy,OK
2026-09-05T10:00:00Z,2026-09-05T10:57:53.671235Z,BTC_DOMINANCE,59.0058483225798,percent,CoinGecko Global,2026-09-05T10:52:43Z,current,source_updated_at,OK
2026-09-05T10:00:00Z,2026-09-05T10:57:53.671235Z,CRYPTO_24H_VOLUME,82115813155.51155,USD,CoinGecko Global,2026-09-05T10:52:43Z,current,source_updated_at,OK
2026-09-05T10:00:00Z,2026-09-05T10:57:53.671235Z,CRYPTO_TOTAL_MCAP,2703170600671.621,USD,CoinGecko Global,2026-09-05T10:52:43Z,current,source_updated_at,OK
2026-09-05T10:00:00Z,2026-09-05T10:57:53.671235Z,EFFR,3.63,percent,New York Fed Markets API,2026-09-03T00:00:00Z,business_daily,official_effective_date,OK
2026-09-05T10:00:00Z,2026-09-05T10:57:53.671235Z,ETH_DOMINANCE,11.057013822140739,percent,CoinGecko Global,2026-09-05T10:52:43Z,current,source_updated_at,OK
2026-09-05T10:00:00Z,2026-09-05T10:57:53.671235Z,SOFR,3.66,percent,New York Fed Markets API,2026-09-03T00:00:00Z,business_daily,official_effective_date,OK
2026-09-05T10:00:00Z,2026-09-05T10:57:53.671235Z,STABLECOIN_TOTAL_SUPPLY,312164368547.2449,USD,DefiLlama Stablecoins,2026-09-05T10:57:55.419306Z,current,retrieval_time_proxy,OK
2026-09-05T10:00:00Z,2026-09-05T10:57:53.671235Z,TGA_CLOSING_BALANCE,903928.0,USD millions,US Treasury FiscalData:DTS operating_cash_balance,2026-09-03T00:00:00Z,business_daily,official_record_date,OK
2026-09-05T10:00:00Z,2026-09-05T10:57:53.671235Z,US10Y,4.78,percent,US Treasury:daily_treasury_yield_curve,2026-09-04T00:00:00,daily,official_observation_date,OK
2026-09-05T10:00:00Z,2026-09-05T10:57:53.671235Z,US10Y_REAL,2.43,percent,US Treasury:daily_treasury_real_yield_curve,2026-09-04T00:00:00,daily,official_observation_date,OK
2026-09-05T10:00:00Z,2026-09-05T10:57:53.671235Z,US2Y,4.37,percent,US Treasury:daily_treasury_yield_curve,2026-09-04T00:00:00,daily,official_observation_date,OK
2026-09-05T10:00:00Z,2026-09-05T10:57:53.671235Z,US30Y,5.24,percent,US Treasury:daily_treasury_yield_curve,2026-09-04T00:00:00,daily,official_observation_date,OK
2026-09-05T10:00:00Z,2026-09-05T10:57:53.671235Z,USDC_SUPPLY,74749518700.33307,USD,DefiLlama Stablecoins,2026-09-05T10:57:55.419306Z,current,retrieval_time_proxy,OK
2026-09-05T10:00:00Z,2026-09-05T10:57:53.671235Z,USDT_SUPPLY,183364806659.3776,USD,DefiLlama Stablecoins,2026-09-05T10:57:55.419306Z,current,retrieval_time_proxy,OK
2026-09-05T11:00:00Z,2026-09-05T11:58:03.604912Z,BTC_DOMINANCE,59.02237105075784,percent,CoinGecko Global,2026-09-05T11:52:48Z,current,source_updated_at,OK
2026-09-05T11:00:00Z,2026-09-05T11:58:03.604912Z,CRYPTO_24H_VOLUME,80807872816.792,USD,CoinGecko Global,2026-09-05T11:52:48Z,current,source_updated_at,OK
2026-09-05T11:00:00Z,2026-09-05T11:58:03.604912Z,CRYPTO_TOTAL_MCAP,2705434585332.5283,USD,CoinGecko Global,2026-09-05T11:52:48Z,current,source_updated_at,OK
2026-09-05T11:00:00Z,2026-09-05T11:58:03.604912Z,EFFR,3.63,percent,New York Fed Markets API,2026-09-03T00:00:00Z,business_daily,official_effective_date,OK
2026-09-05T11:00:00Z,2026-09-05T11:58:03.604912Z,ETH_DOMINANCE,11.052166587651344,percent,CoinGecko Global,2026-09-05T11:52:48Z,current,source_updated_at,OK
2026-09-05T11:00:00Z,2026-09-05T11:58:03.604912Z,SOFR,3.66,percent,New York Fed Markets API,2026-09-03T00:00:00Z,business_daily,official_effective_date,OK
2026-09-05T11:00:00Z,2026-09-05T11:58:03.604912Z,STABLECOIN_TOTAL_SUPPLY,312159298576.09186,USD,DefiLlama Stablecoins,2026-09-05T11:58:05.327451Z,current,retrieval_time_proxy,OK
2026-09-05T11:00:00Z,2026-09-05T11:58:03.604912Z,TGA_CLOSING_BALANCE,903928.0,USD millions,US Treasury FiscalData:DTS operating_cash_balance,2026-09-03T00:00:00Z,business_daily,official_record_date,OK
2026-09-05T11:00:00Z,2026-09-05T11:58:03.604912Z,US10Y,4.78,percent,US Treasury:daily_treasury_yield_curve,2026-09-04T00:00:00,daily,official_observation_date,OK
2026-09-05T11:00:00Z,2026-09-05T11:58:03.604912Z,US10Y_REAL,2.43,percent,US Treasury:daily_treasury_real_yield_curve,2026-09-04T00:00:00,daily,official_observation_date,OK
2026-09-05T11:00:00Z,2026-09-05T11:58:03.604912Z,US2Y,4.37,percent,US Treasury:daily_treasury_yield_curve,2026-09-04T00:00:00,daily,official_observation_date,OK
2026-09-05T11:00:00Z,2026-09-05T11:58:03.604912Z,US30Y,5.24,percent,US Treasury:daily_treasury_yield_curve,2026-09-04T00:00:00,daily,official_observation_date,OK
2026-09-05T11:00:00Z,2026-09-05T11:58:03.604912Z,USDC_SUPPLY,74750551106.37326,USD,DefiLlama Stablecoins,2026-09-05T11:58:05.327451Z,current,retrieval_time_proxy,OK
2026-09-05T11:00:00Z,2026-09-05T11:58:03.604912Z,USDT_SUPPLY,183362555491.9073,USD,DefiLlama Stablecoins,2026-09-05T11:58:05.327451Z,current,retrieval_time_proxy,OK
2026-09-05T12:00:00Z,2026-09-05T12:57:55.405038Z,BTC_DOMINANCE,58.95343755600058,percent,CoinGecko Global,2026-09-05T12:52:53Z,current,source_updated_at,OK
2026-09-05T12:00:00Z,2026-09-05T12:57:55.405038Z,CRYPTO_24H_VOLUME,70919520272.4545,USD,CoinGecko Global,2026-09-05T12:52:53Z,current,source_updated_at,OK
2026-09-05T12:00:00Z,2026-09-05T12:57:55.405038Z,CRYPTO_TOTAL_MCAP,2709879112546.9067,USD,CoinGecko Global,2026-09-05T12:52:53Z,current,source_updated_at,OK
2026-09-05T12:00:00Z,2026-09-05T12:57:55.405038Z,EFFR,3.63,percent,New York Fed Markets API,2026-09-03T00:00:00Z,business_daily,official_effective_date,OK
2026-09-05T12:00:00Z,2026-09-05T12:57:55.405038Z,ETH_DOMINANCE,11.047614379983846,percent,CoinGecko Global,2026-09-05T12:52:53Z,current,source_updated_at,OK
2026-09-05T12:00:00Z,2026-09-05T12:57:55.405038Z,SOFR,3.66,percent,New York Fed Markets API,2026-09-03T00:00:00Z,business_daily,official_effective_date,OK
2026-09-05T12:00:00Z,2026-09-05T12:57:55.405038Z,STABLECOIN_TOTAL_SUPPLY,311487631651.19147,USD,DefiLlama Stablecoins,2026-09-05T12:57:57.777251Z,current,retrieval_time_proxy,OK
2026-09-05T12:00:00Z,2026-09-05T12:57:55.405038Z,TGA_CLOSING_BALANCE,903928.0,USD millions,US Treasury FiscalData:DTS operating_cash_balance,2026-09-03T00:00:00Z,business_daily,official_record_date,OK
2026-09-05T12:00:00Z,2026-09-05T12:57:55.405038Z,US10Y,4.78,percent,US Treasury:daily_treasury_yield_curve,2026-09-04T00:00:00,daily,official_observation_date,OK
2026-09-05T12:00:00Z,2026-09-05T12:57:55.405038Z,US10Y_REAL,2.43,percent,US Treasury:daily_treasury_real_yield_curve,2026-09-04T00:00:00,daily,official_observation_date,OK
2026-09-05T12:00:00Z,2026-09-05T12:57:55.405038Z,US2Y,4.37,percent,US Treasury:daily_treasury_yield_curve,2026-09-04T00:00:00,daily,official_observation_date,OK
2026-09-05T12:00:00Z,2026-09-05T12:57:55.405038Z,US30Y,5.24,percent,US Treasury:daily_treasury_yield_curve,2026-09-04T00:00:00,daily,official_observation_date,OK
2026-09-05T12:00:00Z,2026-09-05T12:57:55.405038Z,USDC_SUPPLY,74740396232.73361,USD,DefiLlama Stablecoins,2026-09-05T12:57:57.777251Z,current,retrieval_time_proxy,OK
2026-09-05T12:00:00Z,2026-09-05T12:57:55.405038Z,USDT_SUPPLY,183370667089.08768,USD,DefiLlama Stablecoins,2026-09-05T12:57:57.777251Z,current,retrieval_time_proxy,OK
2026-09-05T13:00:00Z,2026-09-05T13:57:59.785154Z,BTC_DOMINANCE,58.93965749406714,percent,CoinGecko Global,2026-09-05T13:52:58Z,current,source_updated_at,OK
2026-09-05T13:00:00Z,2026-09-05T13:57:59.785154Z,CRYPTO_24H_VOLUME,66039277274.013916,USD,CoinGecko Global,2026-09-05T13:52:58Z,current,source_updated_at,OK
2026-09-05T13:00:00Z,2026-09-05T13:57:59.785154Z,CRYPTO_TOTAL_MCAP,2703557035005.295,USD,CoinGecko Global,2026-09-05T13:52:58Z,current,source_updated_at,OK
2026-09-05T13:00:00Z,2026-09-05T13:57:59.785154Z,EFFR,3.63,percent,New York Fed Markets API,2026-09-03T00:00:00Z,business_daily,official_effective_date,OK
2026-09-05T13:00:00Z,2026-09-05T13:57:59.785154Z,ETH_DOMINANCE,11.037105026173588,percent,CoinGecko Global,2026-09-05T13:52:58Z,current,source_updated_at,OK
2026-09-05T13:00:00Z,2026-09-05T13:57:59.785154Z,SOFR,3.66,percent,New York Fed Markets API,2026-09-03T00:00:00Z,business_daily,official_effective_date,OK
2026-09-05T13:00:00Z,2026-09-05T13:57:59.785154Z,STABLECOIN_TOTAL_SUPPLY,311495059374.2773,USD,DefiLlama Stablecoins,2026-09-05T13:58:01.705937Z,current,retrieval_time_proxy,OK
2026-09-05T13:00:00Z,2026-09-05T13:57:59.785154Z,TGA_CLOSING_BALANCE,903928.0,USD millions,US Treasury FiscalData:DTS operating_cash_balance,2026-09-03T00:00:00Z,business_daily,official_record_date,OK
2026-09-05T13:00:00Z,2026-09-05T13:57:59.785154Z,US10Y,4.78,percent,US Treasury:daily_treasury_yield_curve,2026-09-04T00:00:00,daily,official_observation_date,OK
2026-09-05T13:00:00Z,2026-09-05T13:57:59.785154Z,US10Y_REAL,2.43,percent,US Treasury:daily_treasury_real_yield_curve,2026-09-04T00:00:00,daily,official_observation_date,OK
2026-09-05T13:00:00Z,2026-09-05T13:57:59.785154Z,US2Y,4.37,percent,US Treasury:daily_treasury_yield_curve,2026-09-04T00:00:00,daily,official_observation_date,OK
2026-09-05T13:00:00Z,2026-09-05T13:57:59.785154Z,US30Y,5.24,percent,US Treasury:daily_treasury_yield_curve,2026-09-04T00:00:00,daily,official_observation_date,OK
2026-09-05T13:00:00Z,2026-09-05T13:57:59.785154Z,USDC_SUPPLY,74743654708.11984,USD,DefiLlama Stablecoins,2026-09-05T13:58:01.705937Z,current,retrieval_time_proxy,OK
2026-09-05T13:00:00Z,2026-09-05T13:57:59.785154Z,USDT_SUPPLY,183376865843.16653,USD,DefiLlama Stablecoins,2026-09-05T13:58:01.705937Z,current,retrieval_time_proxy,OK
2026-09-05T14:00:00Z,2026-09-05T14:57:55.505091Z,BTC_DOMINANCE,58.93764996414904,percent,CoinGecko Global,2026-09-05T14:53:02Z,current,source_updated_at,OK
2026-09-05T14:00:00Z,2026-09-05T14:57:55.505091Z,CRYPTO_24H_VOLUME,61804356344.66222,USD,CoinGecko Global,2026-09-05T14:53:02Z,current,source_updated_at,OK
2026-09-05T14:00:00Z,2026-09-05T14:57:55.505091Z,CRYPTO_TOTAL_MCAP,2711311636483.9956,USD,CoinGecko Global,2026-09-05T14:53:02Z,current,source_updated_at,OK
2026-09-05T14:00:00Z,2026-09-05T14:57:55.505091Z,EFFR,3.63,percent,New York Fed Markets API,2026-09-03T00:00:00Z,business_daily,official_effective_date,OK
2026-09-05T14:00:00Z,2026-09-05T14:57:55.505091Z,ETH_DOMINANCE,11.03479935710028,percent,CoinGecko Global,2026-09-05T14:53:02Z,current,source_updated_at,OK
2026-09-05T14:00:00Z,2026-09-05T14:57:55.505091Z,SOFR,3.66,percent,New York Fed Markets API,2026-09-03T00:00:00Z,business_daily,official_effective_date,OK
2026-09-05T14:00:00Z,2026-09-05T14:57:55.505091Z,STABLECOIN_TOTAL_SUPPLY,311484200635.2858,USD,DefiLlama Stablecoins,2026-09-05T14:57:57.536274Z,current,retrieval_time_proxy,OK
2026-09-05T14:00:00Z,2026-09-05T14:57:55.505091Z,TGA_CLOSING_BALANCE,903928.0,USD millions,US Treasury FiscalData:DTS operating_cash_balance,2026-09-03T00:00:00Z,business_daily,official_record_date,OK
2026-09-05T14:00:00Z,2026-09-05T14:57:55.505091Z,US10Y,4.78,percent,US Treasury:daily_treasury_yield_curve,2026-09-04T00:00:00,daily,official_observation_date,OK
2026-09-05T14:00:00Z,2026-09-05T14:57:55.505091Z,US10Y_REAL,2.43,percent,US Treasury:daily_treasury_real_yield_curve,2026-09-04T00:00:00,daily,official_observation_date,OK
2026-09-05T14:00:00Z,2026-09-05T14:57:55.505091Z,US2Y,4.37,percent,US Treasury:daily_treasury_yield_curve,2026-09-04T00:00:00,daily,official_observation_date,OK
2026-09-05T14:00:00Z,2026-09-05T14:57:55.505091Z,US30Y,5.24,percent,US Treasury:daily_treasury_yield_curve,2026-09-04T00:00:00,daily,official_observation_date,OK
2026-09-05T14:00:00Z,2026-09-05T14:57:55.505091Z,USDC_SUPPLY,74717949776.51888,USD,DefiLlama Stablecoins,2026-09-05T14:57:57.536274Z,current,retrieval_time_proxy,OK
2026-09-05T14:00:00Z,2026-09-05T14:57:55.505091Z,USDT_SUPPLY,183378215690.25446,USD,DefiLlama Stablecoins,2026-09-05T14:57:57.536274Z,current,retrieval_time_proxy,OK
2026-09-05T15:00:00Z,2026-09-05T15:58:18.728554Z,BTC_DOMINANCE,58.93536037723553,percent,CoinGecko Global,2026-09-05T15:53:07Z,current,source_updated_at,OK
2026-09-05T15:00:00Z,2026-09-05T15:58:18.728554Z,CRYPTO_24H_VOLUME,59580295239.13478,USD,CoinGecko Global,2026-09-05T15:53:07Z,current,source_updated_at,OK
2026-09-05T15:00:00Z,2026-09-05T15:58:18.728554Z,CRYPTO_TOTAL_MCAP,2712424396492.049,USD,CoinGecko Global,2026-09-05T15:53:07Z,current,source_updated_at,OK
2026-09-05T15:00:00Z,2026-09-05T15:58:18.728554Z,EFFR,3.63,percent,New York Fed Markets API,2026-09-03T00:00:00Z,business_daily,official_effective_date,OK
2026-09-05T15:00:00Z,2026-09-05T15:58:18.728554Z,ETH_DOMINANCE,11.044097397840188,percent,CoinGecko Global,2026-09-05T15:53:07Z,current,source_updated_at,OK
2026-09-05T15:00:00Z,2026-09-05T15:58:18.728554Z,SOFR,3.66,percent,New York Fed Markets API,2026-09-03T00:00:00Z,business_daily,official_effective_date,OK
2026-09-05T15:00:00Z,2026-09-05T15:58:18.728554Z,STABLECOIN_TOTAL_SUPPLY,311489401820.2029,USD,DefiLlama Stablecoins,2026-09-05T15:58:21.004288Z,current,retrieval_time_proxy,OK
2026-09-05T15:00:00Z,2026-09-05T15:58:18.728554Z,TGA_CLOSING_BALANCE,903928.0,USD millions,US Treasury FiscalData:DTS operating_cash_balance,2026-09-03T00:00:00Z,business_daily,official_record_date,OK
2026-09-05T15:00:00Z,2026-09-05T15:58:18.728554Z,US10Y,4.78,percent,US Treasury:daily_treasury_yield_curve,2026-09-04T00:00:00,daily,official_observation_date,OK
2026-09-05T15:00:00Z,2026-09-05T15:58:18.728554Z,US10Y_REAL,2.43,percent,US Treasury:daily_treasury_real_yield_curve,2026-09-04T00:00:00,daily,official_observation_date,OK
2026-09-05T15:00:00Z,2026-09-05T15:58:18.728554Z,US2Y,4.37,percent,US Treasury:daily_treasury_yield_curve,2026-09-04T00:00:00,daily,official_observation_date,OK
2026-09-05T15:00:00Z,2026-09-05T15:58:18.728554Z,US30Y,5.24,percent,US Treasury:daily_treasury_yield_curve,2026-09-04T00:00:00,daily,official_observation_date,OK
2026-09-05T15:00:00Z,2026-09-05T15:58:18.728554Z,USDC_SUPPLY,74729881603.20027,USD,DefiLlama Stablecoins,2026-09-05T15:58:21.004288Z,current,retrieval_time_proxy,OK
2026-09-05T15:00:00Z,2026-09-05T15:58:18.728554Z,USDT_SUPPLY,183373484922.69296,USD,DefiLlama Stablecoins,2026-09-05T15:58:21.004288Z,current,retrieval_time_proxy,OK
2026-09-05T16:00:00Z,2026-09-05T16:57:47.300983Z,BTC_DOMINANCE,58.93768363931703,percent,CoinGecko Global,2026-09-05T16:53:12Z,current,source_updated_at,OK
2026-09-05T16:00:00Z,2026-09-05T16:57:47.300983Z,CRYPTO_24H_VOLUME,58393567041.89276,USD,CoinGecko Global,2026-09-05T16:53:12Z,current,source_updated_at,OK
2026-09-05T16:00:00Z,2026-09-05T16:57:47.300983Z,CRYPTO_TOTAL_MCAP,2720144814190.5024,USD,CoinGecko Global,2026-09-05T16:53:12Z,current,source_updated_at,OK
2026-09-05T16:00:00Z,2026-09-05T16:57:47.300983Z,EFFR,3.63,percent,New York Fed Markets API,2026-09-03T00:00:00Z,business_daily,official_effective_date,OK
2026-09-05T16:00:00Z,2026-09-05T16:57:47.300983Z,ETH_DOMINANCE,11.060885873329982,percent,CoinGecko Global,2026-09-05T16:53:12Z,current,source_updated_at,OK
2026-09-05T16:00:00Z,2026-09-05T16:57:47.300983Z,SOFR,3.66,percent,New York Fed Markets API,2026-09-03T00:00:00Z,business_daily,official_effective_date,OK
2026-09-05T16:00:00Z,2026-09-05T16:57:47.300983Z,STABLECOIN_TOTAL_SUPPLY,311537548092.1785,USD,DefiLlama Stablecoins,2026-09-05T16:57:49.505899Z,current,retrieval_time_proxy,OK
2026-09-05T16:00:00Z,2026-09-05T16:57:47.300983Z,TGA_CLOSING_BALANCE,903928.0,USD millions,US Treasury FiscalData:DTS operating_cash_balance,2026-09-03T00:00:00Z,business_daily,official_record_date,OK
2026-09-05T16:00:00Z,2026-09-05T16:57:47.300983Z,US10Y,4.78,percent,US Treasury:daily_treasury_yield_curve,2026-09-04T00:00:00,daily,official_observation_date,OK
2026-09-05T16:00:00Z,2026-09-05T16:57:47.300983Z,US10Y_REAL,2.43,percent,US Treasury:daily_treasury_real_yield_curve,2026-09-04T00:00:00,daily,official_observation_date,OK
2026-09-05T16:00:00Z,2026-09-05T16:57:47.300983Z,US2Y,4.37,percent,US Treasury:daily_treasury_yield_curve,2026-09-04T00:00:00,daily,official_observation_date,OK
2026-09-05T16:00:00Z,2026-09-05T16:57:47.300983Z,US30Y,5.24,percent,US Treasury:daily_treasury_yield_curve,2026-09-04T00:00:00,daily,official_observation_date,OK
2026-09-05T16:00:00Z,2026-09-05T16:57:47.300983Z,USDC_SUPPLY,74733542311.37448,USD,DefiLlama Stablecoins,2026-09-05T16:57:49.505899Z,current,retrieval_time_proxy,OK
2026-09-05T16:00:00Z,2026-09-05T16:57:47.300983Z,USDT_SUPPLY,183397246523.83762,USD,DefiLlama Stablecoins,2026-09-05T16:57:49.505899Z,current,retrieval_time_proxy,OK
2026-09-05T17:00:00Z,2026-09-05T17:58:05.585933Z,BTC_DOMINANCE,58.89651797637313,percent,CoinGecko Global,2026-09-05T17:53:17Z,current,source_updated_at,OK
2026-09-05T17:00:00Z,2026-09-05T17:58:05.585933Z,CRYPTO_24H_VOLUME,59349997568.40531,USD,CoinGecko Global,2026-09-05T17:53:17Z,current,source_updated_at,OK
2026-09-05T17:00:00Z,2026-09-05T17:58:05.585933Z,CRYPTO_TOTAL_MCAP,2724957092599.0264,USD,CoinGecko Global,2026-09-05T17:53:17Z,current,source_updated_at,OK
2026-09-05T17:00:00Z,2026-09-05T17:58:05.585933Z,EFFR,3.63,percent,New York Fed Markets API,2026-09-03T00:00:00Z,business_daily,official_effective_date,OK
2026-09-05T17:00:00Z,2026-09-05T17:58:05.585933Z,ETH_DOMINANCE,11.081243091320985,percent,CoinGecko Global,2026-09-05T17:53:17Z,current,source_updated_at,OK
2026-09-05T17:00:00Z,2026-09-05T17:58:05.585933Z,SOFR,3.66,percent,New York Fed Markets API,2026-09-03T00:00:00Z,business_daily,official_effective_date,OK
2026-09-05T17:00:00Z,2026-09-05T17:58:05.585933Z,STABLECOIN_TOTAL_SUPPLY,311531213571.8116,USD,DefiLlama Stablecoins,2026-09-05T17:58:07.647339Z,current,retrieval_time_proxy,OK
2026-09-05T17:00:00Z,2026-09-05T17:58:05.585933Z,TGA_CLOSING_BALANCE,903928.0,USD millions,US Treasury FiscalData:DTS operating_cash_balance,2026-09-03T00:00:00Z,business_daily,official_record_date,OK
2026-09-05T17:00:00Z,2026-09-05T17:58:05.585933Z,US10Y,4.78,percent,US Treasury:daily_treasury_yield_curve,2026-09-04T00:00:00,daily,official_observation_date,OK
2026-09-05T17:00:00Z,2026-09-05T17:58:05.585933Z,US10Y_REAL,2.43,percent,US Treasury:daily_treasury_real_yield_curve,2026-09-04T00:00:00,daily,official_observation_date,OK
2026-09-05T17:00:00Z,2026-09-05T17:58:05.585933Z,US2Y,4.37,percent,US Treasury:daily_treasury_yield_curve,2026-09-04T00:00:00,daily,official_observation_date,OK
2026-09-05T17:00:00Z,2026-09-05T17:58:05.585933Z,US30Y,5.24,percent,US Treasury:daily_treasury_yield_curve,2026-09-04T00:00:00,daily,official_observation_date,OK
2026-09-05T17:00:00Z,2026-09-05T17:58:05.585933Z,USDC_SUPPLY,74724317718.94855,USD,DefiLlama Stablecoins,2026-09-05T17:58:07.647339Z,current,retrieval_time_proxy,OK
2026-09-05T17:00:00Z,2026-09-05T17:58:05.585933Z,USDT_SUPPLY,183398277829.6018,USD,DefiLlama Stablecoins,2026-09-05T17:58:07.647339Z,current,retrieval_time_proxy,OK
2026-09-05T18:00:00Z,2026-09-05T18:58:10.810294Z,BTC_DOMINANCE,58.85955114442511,percent,CoinGecko Global,2026-09-05T18:53:22Z,current,source_updated_at,OK
2026-09-05T18:00:00Z,2026-09-05T18:58:10.810294Z,CRYPTO_24H_VOLUME,60132697511.19668,USD,CoinGecko Global,2026-09-05T18:53:22Z,current,source_updated_at,OK
2026-09-05T18:00:00Z,2026-09-05T18:58:10.810294Z,CRYPTO_TOTAL_MCAP,2721473955331.9434,USD,CoinGecko Global,2026-09-05T18:53:22Z,current,source_updated_at,OK
2026-09-05T18:00:00Z,2026-09-05T18:58:10.810294Z,EFFR,3.63,percent,New York Fed Markets API,2026-09-03T00:00:00Z,business_daily,official_effective_date,OK
2026-09-05T18:00:00Z,2026-09-05T18:58:10.810294Z,ETH_DOMINANCE,11.082652991335568,percent,CoinGecko Global,2026-09-05T18:53:22Z,current,source_updated_at,OK
2026-09-05T18:00:00Z,2026-09-05T18:58:10.810294Z,SOFR,3.66,percent,New York Fed Markets API,2026-09-03T00:00:00Z,business_daily,official_effective_date,OK
2026-09-05T18:00:00Z,2026-09-05T18:58:10.810294Z,STABLECOIN_TOTAL_SUPPLY,311530186421.69995,USD,DefiLlama Stablecoins,2026-09-05T18:58:13.074794Z,current,retrieval_time_proxy,OK
2026-09-05T18:00:00Z,2026-09-05T18:58:10.810294Z,TGA_CLOSING_BALANCE,903928.0,USD millions,US Treasury FiscalData:DTS operating_cash_balance,2026-09-03T00:00:00Z,business_daily,official_record_date,OK
2026-09-05T18:00:00Z,2026-09-05T18:58:10.810294Z,US10Y,4.78,percent,US Treasury:daily_treasury_yield_curve,2026-09-04T00:00:00,daily,official_observation_date,OK
2026-09-05T18:00:00Z,2026-09-05T18:58:10.810294Z,US10Y_REAL,2.43,percent,US Treasury:daily_treasury_real_yield_curve,2026-09-04T00:00:00,daily,official_observation_date,OK
2026-09-05T18:00:00Z,2026-09-05T18:58:10.810294Z,US2Y,4.37,percent,US Treasury:daily_treasury_yield_curve,2026-09-04T00:00:00,daily,official_observation_date,OK
2026-09-05T18:00:00Z,2026-09-05T18:58:10.810294Z,US30Y,5.24,percent,US Treasury:daily_treasury_yield_curve,2026-09-04T00:00:00,daily,official_observation_date,OK
2026-09-05T18:00:00Z,2026-09-05T18:58:10.810294Z,USDC_SUPPLY,74718769326.69788,USD,DefiLlama Stablecoins,2026-09-05T18:58:13.074794Z,current,retrieval_time_proxy,OK
2026-09-05T18:00:00Z,2026-09-05T18:58:10.810294Z,USDT_SUPPLY,183393480263.0231,USD,DefiLlama Stablecoins,2026-09-05T18:58:13.074794Z,current,retrieval_time_proxy,OK
2026-09-05T19:00:00Z,2026-09-05T19:58:07.744035Z,BTC_DOMINANCE,58.836891948902235,percent,CoinGecko Global,2026-09-05T19:53:27Z,current,source_updated_at,OK
2026-09-05T19:00:00Z,2026-09-05T19:58:07.744035Z,CRYPTO_24H_VOLUME,59895669678.55018,USD,CoinGecko Global,2026-09-05T19:53:27Z,current,source_updated_at,OK
2026-09-05T19:00:00Z,2026-09-05T19:58:07.744035Z,CRYPTO_TOTAL_MCAP,2715923522225.3086,USD,CoinGecko Global,2026-09-05T19:53:27Z,current,source_updated_at,OK
2026-09-05T19:00:00Z,2026-09-05T19:58:07.744035Z,EFFR,3.63,percent,New York Fed Markets API,2026-09-03T00:00:00Z,business_daily,official_effective_date,OK
2026-09-05T19:00:00Z,2026-09-05T19:58:07.744035Z,ETH_DOMINANCE,11.095201375122663,percent,CoinGecko Global,2026-09-05T19:53:27Z,current,source_updated_at,OK
2026-09-05T19:00:00Z,2026-09-05T19:58:07.744035Z,SOFR,3.66,percent,New York Fed Markets API,2026-09-03T00:00:00Z,business_daily,official_effective_date,OK
2026-09-05T19:00:00Z,2026-09-05T19:58:07.744035Z,STABLECOIN_TOTAL_SUPPLY,311541942312.6876,USD,DefiLlama Stablecoins,2026-09-05T19:58:09.134568Z,current,retrieval_time_proxy,OK
2026-09-05T19:00:00Z,2026-09-05T19:58:07.744035Z,TGA_CLOSING_BALANCE,903928.0,USD millions,US Treasury FiscalData:DTS operating_cash_balance,2026-09-03T00:00:00Z,business_daily,official_record_date,OK
2026-09-05T19:00:00Z,2026-09-05T19:58:07.744035Z,US10Y,4.78,percent,US Treasury:daily_treasury_yield_curve,2026-09-04T00:00:00,daily,official_observation_date,OK
2026-09-05T19:00:00Z,2026-09-05T19:58:07.744035Z,US10Y_REAL,2.43,percent,US Treasury:daily_treasury_real_yield_curve,2026-09-04T00:00:00,daily,official_observation_date,OK
2026-09-05T19:00:00Z,2026-09-05T19:58:07.744035Z,US2Y,4.37,percent,US Treasury:daily_treasury_yield_curve,2026-09-04T00:00:00,daily,official_observation_date,OK
2026-09-05T19:00:00Z,2026-09-05T19:58:07.744035Z,US30Y,5.24,percent,US Treasury:daily_treasury_yield_curve,2026-09-04T00:00:00,daily,official_observation_date,OK
2026-09-05T19:00:00Z,2026-09-05T19:58:07.744035Z,USDC_SUPPLY,74732754865.56242,USD,DefiLlama Stablecoins,2026-09-05T19:58:09.134568Z,current,retrieval_time_proxy,OK
2026-09-05T19:00:00Z,2026-09-05T19:58:07.744035Z,USDT_SUPPLY,183385256455.31915,USD,DefiLlama Stablecoins,2026-09-05T19:58:09.134568Z,current,retrieval_time_proxy,OK
2026-09-05T20:00:00Z,2026-09-05T20:58:01.449056Z,BTC_DOMINANCE,58.83646985936514,percent,CoinGecko Global,2026-09-05T20:53:31Z,current,source_updated_at,OK
2026-09-05T20:00:00Z,2026-09-05T20:58:01.449056Z,CRYPTO_24H_VOLUME,59618610699.98848,USD,CoinGecko Global,2026-09-05T20:53:31Z,current,source_updated_at,OK
2026-09-05T20:00:00Z,2026-09-05T20:58:01.449056Z,CRYPTO_TOTAL_MCAP,2716529119311.9478,USD,CoinGecko Global,2026-09-05T20:53:31Z,current,source_updated_at,OK
2026-09-05T20:00:00Z,2026-09-05T20:58:01.449056Z,EFFR,3.63,percent,New York Fed Markets API,2026-09-03T00:00:00Z,business_daily,official_effective_date,OK
2026-09-05T20:00:00Z,2026-09-05T20:58:01.449056Z,ETH_DOMINANCE,11.113377629005356,percent,CoinGecko Global,2026-09-05T20:53:31Z,current,source_updated_at,OK
2026-09-05T20:00:00Z,2026-09-05T20:58:01.449056Z,SOFR,3.66,percent,New York Fed Markets API,2026-09-03T00:00:00Z,business_daily,official_effective_date,OK
2026-09-05T20:00:00Z,2026-09-05T20:58:01.449056Z,STABLECOIN_TOTAL_SUPPLY,311510664008.99286,USD,DefiLlama Stablecoins,2026-09-05T20:58:03.788891Z,current,retrieval_time_proxy,OK
2026-09-05T20:00:00Z,2026-09-05T20:58:01.449056Z,TGA_CLOSING_BALANCE,903928.0,USD millions,US Treasury FiscalData:DTS operating_cash_balance,2026-09-03T00:00:00Z,business_daily,official_record_date,OK
2026-09-05T20:00:00Z,2026-09-05T20:58:01.449056Z,US10Y,4.78,percent,US Treasury:daily_treasury_yield_curve,2026-09-04T00:00:00,daily,official_observation_date,OK
2026-09-05T20:00:00Z,2026-09-05T20:58:01.449056Z,US10Y_REAL,2.43,percent,US Treasury:daily_treasury_real_yield_curve,2026-09-04T00:00:00,daily,official_observation_date,OK
2026-09-05T20:00:00Z,2026-09-05T20:58:01.449056Z,US2Y,4.37,percent,US Treasury:daily_treasury_yield_curve,2026-09-04T00:00:00,daily,official_observation_date,OK
2026-09-05T20:00:00Z,2026-09-05T20:58:01.449056Z,US30Y,5.24,percent,US Treasury:daily_treasury_yield_curve,2026-09-04T00:00:00,daily,official_observation_date,OK
2026-09-05T20:00:00Z,2026-09-05T20:58:01.449056Z,USDC_SUPPLY,74699261825.66241,USD,DefiLlama Stablecoins,2026-09-05T20:58:03.788891Z,current,retrieval_time_proxy,OK
2026-09-05T20:00:00Z,2026-09-05T20:58:01.449056Z,USDT_SUPPLY,183382675961.92148,USD,DefiLlama Stablecoins,2026-09-05T20:58:03.788891Z,current,retrieval_time_proxy,OK
2026-09-05T21:00:00Z,2026-09-05T21:58:19.280274Z,BTC_DOMINANCE,58.81186215433489,percent,CoinGecko Global,2026-09-05T21:53:35Z,current,source_updated_at,OK
2026-09-05T21:00:00Z,2026-09-05T21:58:19.280274Z,CRYPTO_24H_VOLUME,59671655623.55571,USD,CoinGecko Global,2026-09-05T21:53:35Z,current,source_updated_at,OK
2026-09-05T21:00:00Z,2026-09-05T21:58:19.280274Z,CRYPTO_TOTAL_MCAP,2722596550360.173,USD,CoinGecko Global,2026-09-05T21:53:35Z,current,source_updated_at,OK
2026-09-05T21:00:00Z,2026-09-05T21:58:19.280274Z,EFFR,3.63,percent,New York Fed Markets API,2026-09-03T00:00:00Z,business_daily,official_effective_date,OK
2026-09-05T21:00:00Z,2026-09-05T21:58:19.280274Z,ETH_DOMINANCE,11.139793764449394,percent,CoinGecko Global,2026-09-05T21:53:35Z,current,source_updated_at,OK
2026-09-05T21:00:00Z,2026-09-05T21:58:19.280274Z,SOFR,3.66,percent,New York Fed Markets API,2026-09-03T00:00:00Z,business_daily,official_effective_date,OK
2026-09-05T21:00:00Z,2026-09-05T21:58:19.280274Z,STABLECOIN_TOTAL_SUPPLY,311483092289.42535,USD,DefiLlama Stablecoins,2026-09-05T21:58:20.821002Z,current,retrieval_time_proxy,OK
2026-09-05T21:00:00Z,2026-09-05T21:58:19.280274Z,TGA_CLOSING_BALANCE,903928.0,USD millions,US Treasury FiscalData:DTS operating_cash_balance,2026-09-03T00:00:00Z,business_daily,official_record_date,OK
2026-09-05T21:00:00Z,2026-09-05T21:58:19.280274Z,US10Y,4.78,percent,US Treasury:daily_treasury_yield_curve,2026-09-04T00:00:00,daily,official_observation_date,OK
2026-09-05T21:00:00Z,2026-09-05T21:58:19.280274Z,US10Y_REAL,2.43,percent,US Treasury:daily_treasury_real_yield_curve,2026-09-04T00:00:00,daily,official_observation_date,OK
2026-09-05T21:00:00Z,2026-09-05T21:58:19.280274Z,US2Y,4.37,percent,US Treasury:daily_treasury_yield_curve,2026-09-04T00:00:00,daily,official_observation_date,OK
2026-09-05T21:00:00Z,2026-09-05T21:58:19.280274Z,US30Y,5.24,percent,US Treasury:daily_treasury_yield_curve,2026-09-04T00:00:00,daily,official_observation_date,OK
2026-09-05T21:00:00Z,2026-09-05T21:58:19.280274Z,USDC_SUPPLY,74691951413.60515,USD,DefiLlama Stablecoins,2026-09-05T21:58:20.821002Z,current,retrieval_time_proxy,OK
2026-09-05T21:00:00Z,2026-09-05T21:58:19.280274Z,USDT_SUPPLY,183382913010.61124,USD,DefiLlama Stablecoins,2026-09-05T21:58:20.821002Z,current,retrieval_time_proxy,OK
2026-09-05T22:00:00Z,2026-09-05T22:57:58.500292Z,BTC_DOMINANCE,58.81401594334048,percent,CoinGecko Global,2026-09-05T22:53:39Z,current,source_updated_at,OK
2026-09-05T22:00:00Z,2026-09-05T22:57:58.500292Z,CRYPTO_24H_VOLUME,59127799842.61009,USD,CoinGecko Global,2026-09-05T22:53:39Z,current,source_updated_at,OK
2026-09-05T22:00:00Z,2026-09-05T22:57:58.500292Z,CRYPTO_TOTAL_MCAP,2718065743840.1147,USD,CoinGecko Global,2026-09-05T22:53:39Z,current,source_updated_at,OK
2026-09-05T22:00:00Z,2026-09-05T22:57:58.500292Z,EFFR,3.63,percent,New York Fed Markets API,2026-09-03T00:00:00Z,business_daily,official_effective_date,OK
2026-09-05T22:00:00Z,2026-09-05T22:57:58.500292Z,ETH_DOMINANCE,11.110330695815408,percent,CoinGecko Global,2026-09-05T22:53:39Z,current,source_updated_at,OK
2026-09-05T22:00:00Z,2026-09-05T22:57:58.500292Z,SOFR,3.66,percent,New York Fed Markets API,2026-09-03T00:00:00Z,business_daily,official_effective_date,OK
2026-09-05T22:00:00Z,2026-09-05T22:57:58.500292Z,STABLECOIN_TOTAL_SUPPLY,311082834233.21295,USD,DefiLlama Stablecoins,2026-09-05T22:58:00.375327Z,current,retrieval_time_proxy,OK
2026-09-05T22:00:00Z,2026-09-05T22:57:58.500292Z,TGA_CLOSING_BALANCE,903928.0,USD millions,US Treasury FiscalData:DTS operating_cash_balance,2026-09-03T00:00:00Z,business_daily,official_record_date,OK
2026-09-05T22:00:00Z,2026-09-05T22:57:58.500292Z,US10Y,4.78,percent,US Treasury:daily_treasury_yield_curve,2026-09-04T00:00:00,daily,official_observation_date,OK
2026-09-05T22:00:00Z,2026-09-05T22:57:58.500292Z,US10Y_REAL,2.43,percent,US Treasury:daily_treasury_real_yield_curve,2026-09-04T00:00:00,daily,official_observation_date,OK
2026-09-05T22:00:00Z,2026-09-05T22:57:58.500292Z,US2Y,4.37,percent,US Treasury:daily_treasury_yield_curve,2026-09-04T00:00:00,daily,official_observation_date,OK
2026-09-05T22:00:00Z,2026-09-05T22:57:58.500292Z,US30Y,5.24,percent,US Treasury:daily_treasury_yield_curve,2026-09-04T00:00:00,daily,official_observation_date,OK
2026-09-05T22:00:00Z,2026-09-05T22:57:58.500292Z,USDC_SUPPLY,74692075507.62778,USD,DefiLlama Stablecoins,2026-09-05T22:58:00.375327Z,current,retrieval_time_proxy,OK
2026-09-05T22:00:00Z,2026-09-05T22:57:58.500292Z,USDT_SUPPLY,183386865504.51184,USD,DefiLlama Stablecoins,2026-09-05T22:58:00.375327Z,current,retrieval_time_proxy,OK
2026-09-05T23:00:00Z,2026-09-05T23:58:06.184692Z,BTC_DOMINANCE,59.33478103034465,percent,CoinGecko Global,2026-09-05T23:53:44Z,current,source_updated_at,OK
2026-09-05T23:00:00Z,2026-09-05T23:58:06.184692Z,CRYPTO_24H_VOLUME,59717828513.758194,USD,CoinGecko Global,2026-09-05T23:53:44Z,current,source_updated_at,OK
2026-09-05T23:00:00Z,2026-09-05T23:58:06.184692Z,CRYPTO_TOTAL_MCAP,2697001516795.89,USD,CoinGecko Global,2026-09-05T23:53:44Z,current,source_updated_at,OK
2026-09-05T23:00:00Z,2026-09-05T23:58:06.184692Z,EFFR,3.63,percent,New York Fed Markets API,2026-09-03T00:00:00Z,business_daily,official_effective_date,OK
2026-09-05T23:00:00Z,2026-09-05T23:58:06.184692Z,ETH_DOMINANCE,11.210341987321701,percent,CoinGecko Global,2026-09-05T23:53:44Z,current,source_updated_at,OK
2026-09-05T23:00:00Z,2026-09-05T23:58:06.184692Z,SOFR,3.66,percent,New York Fed Markets API,2026-09-03T00:00:00Z,business_daily,official_effective_date,OK
2026-09-05T23:00:00Z,2026-09-05T23:58:06.184692Z,STABLECOIN_TOTAL_SUPPLY,311131232972.7601,USD,DefiLlama Stablecoins,2026-09-05T23:58:07.637830Z,current,retrieval_time_proxy,OK
2026-09-05T23:00:00Z,2026-09-05T23:58:06.184692Z,TGA_CLOSING_BALANCE,903928.0,USD millions,US Treasury FiscalData:DTS operating_cash_balance,2026-09-03T00:00:00Z,business_daily,official_record_date,OK
2026-09-05T23:00:00Z,2026-09-05T23:58:06.184692Z,US10Y,4.78,percent,US Treasury:daily_treasury_yield_curve,2026-09-04T00:00:00,daily,official_observation_date,OK
2026-09-05T23:00:00Z,2026-09-05T23:58:06.184692Z,US10Y_REAL,2.43,percent,US Treasury:daily_treasury_real_yield_curve,2026-09-04T00:00:00,daily,official_observation_date,OK
2026-09-05T23:00:00Z,2026-09-05T23:58:06.184692Z,US2Y,4.37,percent,US Treasury:daily_treasury_yield_curve,2026-09-04T00:00:00,daily,official_observation_date,OK
2026-09-05T23:00:00Z,2026-09-05T23:58:06.184692Z,US30Y,5.24,percent,US Treasury:daily_treasury_yield_curve,2026-09-04T00:00:00,daily,official_observation_date,OK
2026-09-05T23:00:00Z,2026-09-05T23:58:06.184692Z,USDC_SUPPLY,74733723004.97903,USD,DefiLlama Stablecoins,2026-09-05T23:58:07.637830Z,current,retrieval_time_proxy,OK
2026-09-05T23:00:00Z,2026-09-05T23:58:06.184692Z,USDT_SUPPLY,183387604257.09152,USD,DefiLlama Stablecoins,2026-09-05T23:58:07.637830Z,current,retrieval_time_proxy,OK
2026-09-06T00:00:00Z,2026-09-06T00:59:54.814216Z,BTC_DOMINANCE,59.3082903559073,percent,CoinGecko Global,2026-09-06T00:53:49Z,current,source_updated_at,OK
2026-09-06T00:00:00Z,2026-09-06T00:59:54.814216Z,CRYPTO_24H_VOLUME,59943042494.559906,USD,CoinGecko Global,2026-09-06T00:53:49Z,current,source_updated_at,OK
2026-09-06T00:00:00Z,2026-09-06T00:59:54.814216Z,CRYPTO_TOTAL_MCAP,2699992523814.6343,USD,CoinGecko Global,2026-09-06T00:53:49Z,current,source_updated_at,OK
2026-09-06T00:00:00Z,2026-09-06T00:59:54.814216Z,EFFR,3.63,percent,New York Fed Markets API,2026-09-03T00:00:00Z,business_daily,official_effective_date,OK
2026-09-06T00:00:00Z,2026-09-06T00:59:54.814216Z,ETH_DOMINANCE,11.232556992824229,percent,CoinGecko Global,2026-09-06T00:53:49Z,current,source_updated_at,OK
2026-09-06T00:00:00Z,2026-09-06T00:59:54.814216Z,SOFR,3.66,percent,New York Fed Markets API,2026-09-03T00:00:00Z,business_daily,official_effective_date,OK
2026-09-06T00:00:00Z,2026-09-06T00:59:54.814216Z,STABLECOIN_TOTAL_SUPPLY,311146099458.44763,USD,DefiLlama Stablecoins,2026-09-06T00:59:56.730413Z,current,retrieval_time_proxy,OK
2026-09-06T00:00:00Z,2026-09-06T00:59:54.814216Z,TGA_CLOSING_BALANCE,903928.0,USD millions,US Treasury FiscalData:DTS operating_cash_balance,2026-09-03T00:00:00Z,business_daily,official_record_date,OK
2026-09-06T00:00:00Z,2026-09-06T00:59:54.814216Z,US10Y,4.78,percent,US Treasury:daily_treasury_yield_curve,2026-09-04T00:00:00,daily,official_observation_date,OK
2026-09-06T00:00:00Z,2026-09-06T00:59:54.814216Z,US10Y_REAL,2.43,percent,US Treasury:daily_treasury_real_yield_curve,2026-09-04T00:00:00,daily,official_observation_date,OK
2026-09-06T00:00:00Z,2026-09-06T00:59:54.814216Z,US2Y,4.37,percent,US Treasury:daily_treasury_yield_curve,2026-09-04T00:00:00,daily,official_observation_date,OK
2026-09-06T00:00:00Z,2026-09-06T00:59:54.814216Z,US30Y,5.24,percent,US Treasury:daily_treasury_yield_curve,2026-09-04T00:00:00,daily,official_observation_date,OK
2026-09-06T00:00:00Z,2026-09-06T00:59:54.814216Z,USDC_SUPPLY,74746007137.86272,USD,DefiLlama Stablecoins,2026-09-06T00:59:56.730413Z,current,retrieval_time_proxy,OK
2026-09-06T00:00:00Z,2026-09-06T00:59:54.814216Z,USDT_SUPPLY,183391539819.49054,USD,DefiLlama Stablecoins,2026-09-06T00:59:56.730413Z,current,retrieval_time_proxy,OK
2026-09-06T01:00:00Z,2026-09-06T01:58:01.716203Z,BTC_DOMINANCE,59.24544441557664,percent,CoinGecko Global,2026-09-06T01:53:53Z,current,source_updated_at,OK
2026-09-06T01:00:00Z,2026-09-06T01:58:01.716203Z,CRYPTO_24H_VOLUME,61455096023.339485,USD,CoinGecko Global,2026-09-06T01:53:53Z,current,source_updated_at,OK
2026-09-06T01:00:00Z,2026-09-06T01:58:01.716203Z,CRYPTO_TOTAL_MCAP,2706150876257.4834,USD,CoinGecko Global,2026-09-06T01:53:53Z,current,source_updated_at,OK
2026-09-06T01:00:00Z,2026-09-06T01:58:01.716203Z,EFFR,3.63,percent,New York Fed Markets API,2026-09-03T00:00:00Z,business_daily,official_effective_date,OK
2026-09-06T01:00:00Z,2026-09-06T01:58:01.716203Z,ETH_DOMINANCE,11.275955466344318,percent,CoinGecko Global,2026-09-06T01:53:53Z,current,source_updated_at,OK
2026-09-06T01:00:00Z,2026-09-06T01:58:01.716203Z,SOFR,3.66,percent,New York Fed Markets API,2026-09-03T00:00:00Z,business_daily,official_effective_date,OK
2026-09-06T01:00:00Z,2026-09-06T01:58:01.716203Z,STABLECOIN_TOTAL_SUPPLY,310878419013.9393,USD,DefiLlama Stablecoins,2026-09-06T01:58:03.794220Z,current,retrieval_time_proxy,OK
2026-09-06T01:00:00Z,2026-09-06T01:58:01.716203Z,TGA_CLOSING_BALANCE,903928.0,USD millions,US Treasury FiscalData:DTS operating_cash_balance,2026-09-03T00:00:00Z,business_daily,official_record_date,OK
2026-09-06T01:00:00Z,2026-09-06T01:58:01.716203Z,US10Y,4.78,percent,US Treasury:daily_treasury_yield_curve,2026-09-04T00:00:00,daily,official_observation_date,OK
2026-09-06T01:00:00Z,2026-09-06T01:58:01.716203Z,US10Y_REAL,2.43,percent,US Treasury:daily_treasury_real_yield_curve,2026-09-04T00:00:00,daily,official_observation_date,OK
2026-09-06T01:00:00Z,2026-09-06T01:58:01.716203Z,US2Y,4.37,percent,US Treasury:daily_treasury_yield_curve,2026-09-04T00:00:00,daily,official_observation_date,OK
2026-09-06T01:00:00Z,2026-09-06T01:58:01.716203Z,US30Y,5.24,percent,US Treasury:daily_treasury_yield_curve,2026-09-04T00:00:00,daily,official_observation_date,OK
2026-09-06T01:00:00Z,2026-09-06T01:58:01.716203Z,USDC_SUPPLY,74705792047.20415,USD,DefiLlama Stablecoins,2026-09-06T01:58:03.794220Z,current,retrieval_time_proxy,OK
2026-09-06T01:00:00Z,2026-09-06T01:58:01.716203Z,USDT_SUPPLY,183393270107.14484,USD,DefiLlama Stablecoins,2026-09-06T01:58:03.794220Z,current,retrieval_time_proxy,OK
2026-09-06T03:00:00Z,2026-09-06T03:57:55.548429Z,BTC_DOMINANCE,59.218116379104515,percent,CoinGecko Global,2026-09-06T03:54:03Z,current,source_updated_at,OK
2026-09-06T03:00:00Z,2026-09-06T03:57:55.548429Z,CRYPTO_24H_VOLUME,63319355024.25463,USD,CoinGecko Global,2026-09-06T03:54:03Z,current,source_updated_at,OK
2026-09-06T03:00:00Z,2026-09-06T03:57:55.548429Z,CRYPTO_TOTAL_MCAP,2708890288679.045,USD,CoinGecko Global,2026-09-06T03:54:03Z,current,source_updated_at,OK
2026-09-06T03:00:00Z,2026-09-06T03:57:55.548429Z,EFFR,3.63,percent,New York Fed Markets API,2026-09-03T00:00:00Z,business_daily,official_effective_date,OK
2026-09-06T03:00:00Z,2026-09-06T03:57:55.548429Z,ETH_DOMINANCE,11.281888780509872,percent,CoinGecko Global,2026-09-06T03:54:03Z,current,source_updated_at,OK
2026-09-06T03:00:00Z,2026-09-06T03:57:55.548429Z,SOFR,3.66,percent,New York Fed Markets API,2026-09-03T00:00:00Z,business_daily,official_effective_date,OK
2026-09-06T03:00:00Z,2026-09-06T03:57:55.548429Z,STABLECOIN_TOTAL_SUPPLY,311174434045.4048,USD,DefiLlama Stablecoins,2026-09-06T03:57:57.029799Z,current,retrieval_time_proxy,OK
2026-09-06T03:00:00Z,2026-09-06T03:57:55.548429Z,TGA_CLOSING_BALANCE,903928.0,USD millions,US Treasury FiscalData:DTS operating_cash_balance,2026-09-03T00:00:00Z,business_daily,official_record_date,OK
2026-09-06T03:00:00Z,2026-09-06T03:57:55.548429Z,US10Y,4.78,percent,US Treasury:daily_treasury_yield_curve,2026-09-04T00:00:00,daily,official_observation_date,OK
2026-09-06T03:00:00Z,2026-09-06T03:57:55.548429Z,US10Y_REAL,2.43,percent,US Treasury:daily_treasury_real_yield_curve,2026-09-04T00:00:00,daily,official_observation_date,OK
2026-09-06T03:00:00Z,2026-09-06T03:57:55.548429Z,US2Y,4.37,percent,US Treasury:daily_treasury_yield_curve,2026-09-04T00:00:00,daily,official_observation_date,OK
2026-09-06T03:00:00Z,2026-09-06T03:57:55.548429Z,US30Y,5.24,percent,US Treasury:daily_treasury_yield_curve,2026-09-04T00:00:00,daily,official_observation_date,OK
2026-09-06T03:00:00Z,2026-09-06T03:57:55.548429Z,USDC_SUPPLY,74720169983.20087,USD,DefiLlama Stablecoins,2026-09-06T03:57:57.029799Z,current,retrieval_time_proxy,OK
2026-09-06T03:00:00Z,2026-09-06T03:57:55.548429Z,USDT_SUPPLY,183393838316.47656,USD,DefiLlama Stablecoins,2026-09-06T03:57:57.029799Z,current,retrieval_time_proxy,OK
2026-09-06T04:00:00Z,2026-09-06T04:57:54.261949Z,BTC_DOMINANCE,59.18203106358361,percent,CoinGecko Global,2026-09-06T04:54:07Z,current,source_updated_at,OK
2026-09-06T04:00:00Z,2026-09-06T04:57:54.261949Z,CRYPTO_24H_VOLUME,63705581200.248535,USD,CoinGecko Global,2026-09-06T04:54:07Z,current,source_updated_at,OK
2026-09-06T04:00:00Z,2026-09-06T04:57:54.261949Z,CRYPTO_TOTAL_MCAP,2702858719491.213,USD,CoinGecko Global,2026-09-06T04:54:07Z,current,source_updated_at,OK
2026-09-06T04:00:00Z,2026-09-06T04:57:54.261949Z,EFFR,3.63,percent,New York Fed Markets API,2026-09-03T00:00:00Z,business_daily,official_effective_date,OK
2026-09-06T04:00:00Z,2026-09-06T04:57:54.261949Z,ETH_DOMINANCE,11.270678042040156,percent,CoinGecko Global,2026-09-06T04:54:07Z,current,source_updated_at,OK
2026-09-06T04:00:00Z,2026-09-06T04:57:54.261949Z,SOFR,3.66,percent,New York Fed Markets API,2026-09-03T00:00:00Z,business_daily,official_effective_date,OK
2026-09-06T04:00:00Z,2026-09-06T04:57:54.261949Z,STABLECOIN_TOTAL_SUPPLY,311197492282.50653,USD,DefiLlama Stablecoins,2026-09-06T04:57:56.612839Z,current,retrieval_time_proxy,OK
2026-09-06T04:00:00Z,2026-09-06T04:57:54.261949Z,TGA_CLOSING_BALANCE,903928.0,USD millions,US Treasury FiscalData:DTS operating_cash_balance,2026-09-03T00:00:00Z,business_daily,official_record_date,OK
2026-09-06T04:00:00Z,2026-09-06T04:57:54.261949Z,US10Y,4.78,percent,US Treasury:daily_treasury_yield_curve,2026-09-04T00:00:00,daily,official_observation_date,OK
2026-09-06T04:00:00Z,2026-09-06T04:57:54.261949Z,US10Y_REAL,2.43,percent,US Treasury:daily_treasury_real_yield_curve,2026-09-04T00:00:00,daily,official_observation_date,OK
2026-09-06T04:00:00Z,2026-09-06T04:57:54.261949Z,US2Y,4.37,percent,US Treasury:daily_treasury_yield_curve,2026-09-04T00:00:00,daily,official_observation_date,OK
2026-09-06T04:00:00Z,2026-09-06T04:57:54.261949Z,US30Y,5.24,percent,US Treasury:daily_treasury_yield_curve,2026-09-04T00:00:00,daily,official_observation_date,OK
2026-09-06T04:00:00Z,2026-09-06T04:57:54.261949Z,USDC_SUPPLY,74755954153.11972,USD,DefiLlama Stablecoins,2026-09-06T04:57:56.612839Z,current,retrieval_time_proxy,OK
2026-09-06T04:00:00Z,2026-09-06T04:57:54.261949Z,USDT_SUPPLY,183389158924.08188,USD,DefiLlama Stablecoins,2026-09-06T04:57:56.612839Z,current,retrieval_time_proxy,OK
2026-09-06T05:00:00Z,2026-09-06T05:58:02.088036Z,BTC_DOMINANCE,59.14233049259546,percent,CoinGecko Global,2026-09-06T05:54:12Z,current,source_updated_at,OK
2026-09-06T05:00:00Z,2026-09-06T05:58:02.088036Z,CRYPTO_24H_VOLUME,65445491949.49164,USD,CoinGecko Global,2026-09-06T05:54:12Z,current,source_updated_at,OK
2026-09-06T05:00:00Z,2026-09-06T05:58:02.088036Z,CRYPTO_TOTAL_MCAP,2709742199153.1143,USD,CoinGecko Global,2026-09-06T05:54:12Z,current,source_updated_at,OK
2026-09-06T05:00:00Z,2026-09-06T05:58:02.088036Z,EFFR,3.63,percent,New York Fed Markets API,2026-09-03T00:00:00Z,business_daily,official_effective_date,OK
2026-09-06T05:00:00Z,2026-09-06T05:58:02.088036Z,ETH_DOMINANCE,11.301787708160449,percent,CoinGecko Global,2026-09-06T05:54:12Z,current,source_updated_at,OK
2026-09-06T05:00:00Z,2026-09-06T05:58:02.088036Z,SOFR,3.66,percent,New York Fed Markets API,2026-09-03T00:00:00Z,business_daily,official_effective_date,OK
2026-09-06T05:00:00Z,2026-09-06T05:58:02.088036Z,STABLECOIN_TOTAL_SUPPLY,311217428015.14276,USD,DefiLlama Stablecoins,2026-09-06T05:58:03.301404Z,current,retrieval_time_proxy,OK
2026-09-06T05:00:00Z,2026-09-06T05:58:02.088036Z,TGA_CLOSING_BALANCE,903928.0,USD millions,US Treasury FiscalData:DTS operating_cash_balance,2026-09-03T00:00:00Z,business_daily,official_record_date,OK
2026-09-06T05:00:00Z,2026-09-06T05:58:02.088036Z,US10Y,4.78,percent,US Treasury:daily_treasury_yield_curve,2026-09-04T00:00:00,daily,official_observation_date,OK
2026-09-06T05:00:00Z,2026-09-06T05:58:02.088036Z,US10Y_REAL,2.43,percent,US Treasury:daily_treasury_real_yield_curve,2026-09-04T00:00:00,daily,official_observation_date,OK
2026-09-06T05:00:00Z,2026-09-06T05:58:02.088036Z,US2Y,4.37,percent,US Treasury:daily_treasury_yield_curve,2026-09-04T00:00:00,daily,official_observation_date,OK
2026-09-06T05:00:00Z,2026-09-06T05:58:02.088036Z,US30Y,5.24,percent,US Treasury:daily_treasury_yield_curve,2026-09-04T00:00:00,daily,official_observation_date,OK
2026-09-06T05:00:00Z,2026-09-06T05:58:02.088036Z,USDC_SUPPLY,74767097292.73593,USD,DefiLlama Stablecoins,2026-09-06T05:58:03.301404Z,current,retrieval_time_proxy,OK
2026-09-06T05:00:00Z,2026-09-06T05:58:02.088036Z,USDT_SUPPLY,183390024525.32718,USD,DefiLlama Stablecoins,2026-09-06T05:58:03.301404Z,current,retrieval_time_proxy,OK
2026-09-06T07:00:00Z,2026-09-06T07:57:59.994465Z,BTC_DOMINANCE,59.21886077162589,percent,CoinGecko Global,2026-09-06T07:54:22Z,current,source_updated_at,OK
2026-09-06T07:00:00Z,2026-09-06T07:57:59.994465Z,CRYPTO_24H_VOLUME,66028592230.17655,USD,CoinGecko Global,2026-09-06T07:54:22Z,current,source_updated_at,OK
2026-09-06T07:00:00Z,2026-09-06T07:57:59.994465Z,CRYPTO_TOTAL_MCAP,2699094408176.7305,USD,CoinGecko Global,2026-09-06T07:54:22Z,current,source_updated_at,OK
2026-09-06T07:00:00Z,2026-09-06T07:57:59.994465Z,EFFR,3.63,percent,New York Fed Markets API,2026-09-03T00:00:00Z,business_daily,official_effective_date,OK
2026-09-06T07:00:00Z,2026-09-06T07:57:59.994465Z,ETH_DOMINANCE,11.252936776879002,percent,CoinGecko Global,2026-09-06T07:54:22Z,current,source_updated_at,OK
2026-09-06T07:00:00Z,2026-09-06T07:57:59.994465Z,SOFR,3.66,percent,New York Fed Markets API,2026-09-03T00:00:00Z,business_daily,official_effective_date,OK
2026-09-06T07:00:00Z,2026-09-06T07:57:59.994465Z,STABLECOIN_TOTAL_SUPPLY,311204379696.2955,USD,DefiLlama Stablecoins,2026-09-06T07:58:01.684190Z,current,retrieval_time_proxy,OK
2026-09-06T07:00:00Z,2026-09-06T07:57:59.994465Z,TGA_CLOSING_BALANCE,903928.0,USD millions,US Treasury FiscalData:DTS operating_cash_balance,2026-09-03T00:00:00Z,business_daily,official_record_date,OK
2026-09-06T07:00:00Z,2026-09-06T07:57:59.994465Z,US10Y,4.78,percent,US Treasury:daily_treasury_yield_curve,2026-09-04T00:00:00,daily,official_observation_date,OK
2026-09-06T07:00:00Z,2026-09-06T07:57:59.994465Z,US10Y_REAL,2.43,percent,US Treasury:daily_treasury_real_yield_curve,2026-09-04T00:00:00,daily,official_observation_date,OK
2026-09-06T07:00:00Z,2026-09-06T07:57:59.994465Z,US2Y,4.37,percent,US Treasury:daily_treasury_yield_curve,2026-09-04T00:00:00,daily,official_observation_date,OK
2026-09-06T07:00:00Z,2026-09-06T07:57:59.994465Z,US30Y,5.24,percent,US Treasury:daily_treasury_yield_curve,2026-09-04T00:00:00,daily,official_observation_date,OK
2026-09-06T07:00:00Z,2026-09-06T07:57:59.994465Z,USDC_SUPPLY,74745401670.09444,USD,DefiLlama Stablecoins,2026-09-06T07:58:01.684190Z,current,retrieval_time_proxy,OK
2026-09-06T07:00:00Z,2026-09-06T07:57:59.994465Z,USDT_SUPPLY,183388851598.3695,USD,DefiLlama Stablecoins,2026-09-06T07:58:01.684190Z,current,retrieval_time_proxy,OK
2026-09-06T08:00:00Z,2026-09-06T08:58:03.567739Z,BTC_DOMINANCE,59.22261790481414,percent,CoinGecko Global,2026-09-06T08:54:27Z,current,source_updated_at,OK
2026-09-06T08:00:00Z,2026-09-06T08:58:03.567739Z,CRYPTO_24H_VOLUME,65936053191.45957,USD,CoinGecko Global,2026-09-06T08:54:27Z,current,source_updated_at,OK
2026-09-06T08:00:00Z,2026-09-06T08:58:03.567739Z,CRYPTO_TOTAL_MCAP,2699981240764.1904,USD,CoinGecko Global,2026-09-06T08:54:27Z,current,source_updated_at,OK
2026-09-06T08:00:00Z,2026-09-06T08:58:03.567739Z,EFFR,3.63,percent,New York Fed Markets API,2026-09-03T00:00:00Z,business_daily,official_effective_date,OK
2026-09-06T08:00:00Z,2026-09-06T08:58:03.567739Z,ETH_DOMINANCE,11.246108014102042,percent,CoinGecko Global,2026-09-06T08:54:27Z,current,source_updated_at,OK
2026-09-06T08:00:00Z,2026-09-06T08:58:03.567739Z,SOFR,3.66,percent,New York Fed Markets API,2026-09-03T00:00:00Z,business_daily,official_effective_date,OK
2026-09-06T08:00:00Z,2026-09-06T08:58:03.567739Z,STABLECOIN_TOTAL_SUPPLY,311179724510.8677,USD,DefiLlama Stablecoins,2026-09-06T08:58:04.842995Z,current,retrieval_time_proxy,OK
2026-09-06T08:00:00Z,2026-09-06T08:58:03.567739Z,TGA_CLOSING_BALANCE,903928.0,USD millions,US Treasury FiscalData:DTS operating_cash_balance,2026-09-03T00:00:00Z,business_daily,official_record_date,OK
2026-09-06T08:00:00Z,2026-09-06T08:58:03.567739Z,US10Y,4.78,percent,US Treasury:daily_treasury_yield_curve,2026-09-04T00:00:00,daily,official_observation_date,OK
2026-09-06T08:00:00Z,2026-09-06T08:58:03.567739Z,US10Y_REAL,2.43,percent,US Treasury:daily_treasury_real_yield_curve,2026-09-04T00:00:00,daily,official_observation_date,OK
2026-09-06T08:00:00Z,2026-09-06T08:58:03.567739Z,US2Y,4.37,percent,US Treasury:daily_treasury_yield_curve,2026-09-04T00:00:00,daily,official_observation_date,OK
2026-09-06T08:00:00Z,2026-09-06T08:58:03.567739Z,US30Y,5.24,percent,US Treasury:daily_treasury_yield_curve,2026-09-04T00:00:00,daily,official_observation_date,OK
2026-09-06T08:00:00Z,2026-09-06T08:58:03.567739Z,USDC_SUPPLY,74725053743.95882,USD,DefiLlama Stablecoins,2026-09-06T08:58:04.842995Z,current,retrieval_time_proxy,OK
2026-09-06T08:00:00Z,2026-09-06T08:58:03.567739Z,USDT_SUPPLY,183390049447.0555,USD,DefiLlama Stablecoins,2026-09-06T08:58:04.842995Z,current,retrieval_time_proxy,OK
2026-09-06T09:00:00Z,2026-09-06T09:58:09.638659Z,BTC_DOMINANCE,59.18515493805323,percent,CoinGecko Global,2026-09-06T09:54:31Z,current,source_updated_at,OK
2026-09-06T09:00:00Z,2026-09-06T09:58:09.638659Z,CRYPTO_24H_VOLUME,66791196398.917274,USD,CoinGecko Global,2026-09-06T09:54:31Z,current,source_updated_at,OK
2026-09-06T09:00:00Z,2026-09-06T09:58:09.638659Z,CRYPTO_TOTAL_MCAP,2702604687866.6396,USD,CoinGecko Global,2026-09-06T09:54:31Z,current,source_updated_at,OK
2026-09-06T09:00:00Z,2026-09-06T09:58:09.638659Z,EFFR,3.63,percent,New York Fed Markets API,2026-09-03T00:00:00Z,business_daily,official_effective_date,OK
2026-09-06T09:00:00Z,2026-09-06T09:58:09.638659Z,ETH_DOMINANCE,11.246894346261524,percent,CoinGecko Global,2026-09-06T09:54:31Z,current,source_updated_at,OK
2026-09-06T09:00:00Z,2026-09-06T09:58:09.638659Z,SOFR,3.66,percent,New York Fed Markets API,2026-09-03T00:00:00Z,business_daily,official_effective_date,OK
2026-09-06T09:00:00Z,2026-09-06T09:58:09.638659Z,STABLECOIN_TOTAL_SUPPLY,311168325665.9194,USD,DefiLlama Stablecoins,2026-09-06T09:58:11.892801Z,current,retrieval_time_proxy,OK
2026-09-06T09:00:00Z,2026-09-06T09:58:09.638659Z,TGA_CLOSING_BALANCE,903928.0,USD millions,US Treasury FiscalData:DTS operating_cash_balance,2026-09-03T00:00:00Z,business_daily,official_record_date,OK
2026-09-06T09:00:00Z,2026-09-06T09:58:09.638659Z,US10Y,4.78,percent,US Treasury:daily_treasury_yield_curve,2026-09-04T00:00:00,daily,official_observation_date,OK
2026-09-06T09:00:00Z,2026-09-06T09:58:09.638659Z,US10Y_REAL,2.43,percent,US Treasury:daily_treasury_real_yield_curve,2026-09-04T00:00:00,daily,official_observation_date,OK
2026-09-06T09:00:00Z,2026-09-06T09:58:09.638659Z,US2Y,4.37,percent,US Treasury:daily_treasury_yield_curve,2026-09-04T00:00:00,daily,official_observation_date,OK
2026-09-06T09:00:00Z,2026-09-06T09:58:09.638659Z,US30Y,5.24,percent,US Treasury:daily_treasury_yield_curve,2026-09-04T00:00:00,daily,official_observation_date,OK
2026-09-06T09:00:00Z,2026-09-06T09:58:09.638659Z,USDC_SUPPLY,74729851289.499,USD,DefiLlama Stablecoins,2026-09-06T09:58:11.892801Z,current,retrieval_time_proxy,OK
2026-09-06T09:00:00Z,2026-09-06T09:58:09.638659Z,USDT_SUPPLY,183384555530.76642,USD,DefiLlama Stablecoins,2026-09-06T09:58:11.892801Z,current,retrieval_time_proxy,OK
2026-09-06T10:00:00Z,2026-09-06T10:58:01.840319Z,BTC_DOMINANCE,59.20595135101564,percent,CoinGecko Global,2026-09-06T10:54:36Z,current,source_updated_at,OK
2026-09-06T10:00:00Z,2026-09-06T10:58:01.840319Z,CRYPTO_24H_VOLUME,67109566048.292984,USD,CoinGecko Global,2026-09-06T10:54:36Z,current,source_updated_at,OK
2026-09-06T10:00:00Z,2026-09-06T10:58:01.840319Z,CRYPTO_TOTAL_MCAP,2706024152358.5225,USD,CoinGecko Global,2026-09-06T10:54:36Z,current,source_updated_at,OK
2026-09-06T10:00:00Z,2026-09-06T10:58:01.840319Z,EFFR,3.63,percent,New York Fed Markets API,2026-09-03T00:00:00Z,business_daily,official_effective_date,OK
2026-09-06T10:00:00Z,2026-09-06T10:58:01.840319Z,ETH_DOMINANCE,11.245950092985794,percent,CoinGecko Global,2026-09-06T10:54:36Z,current,source_updated_at,OK
2026-09-06T10:00:00Z,2026-09-06T10:58:01.840319Z,SOFR,3.66,percent,New York Fed Markets API,2026-09-03T00:00:00Z,business_daily,official_effective_date,OK
2026-09-06T10:00:00Z,2026-09-06T10:58:01.840319Z,STABLECOIN_TOTAL_SUPPLY,311151391252.6651,USD,DefiLlama Stablecoins,2026-09-06T10:58:03.011897Z,current,retrieval_time_proxy,OK
2026-09-06T10:00:00Z,2026-09-06T10:58:01.840319Z,TGA_CLOSING_BALANCE,903928.0,USD millions,US Treasury FiscalData:DTS operating_cash_balance,2026-09-03T00:00:00Z,business_daily,official_record_date,OK
2026-09-06T10:00:00Z,2026-09-06T10:58:01.840319Z,US10Y,4.78,percent,US Treasury:daily_treasury_yield_curve,2026-09-04T00:00:00,daily,official_observation_date,OK
2026-09-06T10:00:00Z,2026-09-06T10:58:01.840319Z,US10Y_REAL,2.43,percent,US Treasury:daily_treasury_real_yield_curve,2026-09-04T00:00:00,daily,official_observation_date,OK
2026-09-06T10:00:00Z,2026-09-06T10:58:01.840319Z,US2Y,4.37,percent,US Treasury:daily_treasury_yield_curve,2026-09-04T00:00:00,daily,official_observation_date,OK
2026-09-06T10:00:00Z,2026-09-06T10:58:01.840319Z,US30Y,5.24,percent,US Treasury:daily_treasury_yield_curve,2026-09-04T00:00:00,daily,official_observation_date,OK
2026-09-06T10:00:00Z,2026-09-06T10:58:01.840319Z,USDC_SUPPLY,74688684023.56923,USD,DefiLlama Stablecoins,2026-09-06T10:58:03.011897Z,current,retrieval_time_proxy,OK
2026-09-06T10:00:00Z,2026-09-06T10:58:01.840319Z,USDT_SUPPLY,183388649786.51895,USD,DefiLlama Stablecoins,2026-09-06T10:58:03.011897Z,current,retrieval_time_proxy,OK
2026-09-06T11:00:00Z,2026-09-06T11:58:28.123193Z,BTC_DOMINANCE,59.177532325207515,percent,CoinGecko Global,2026-09-06T11:54:41Z,current,source_updated_at,OK
2026-09-06T11:00:00Z,2026-09-06T11:58:28.123193Z,CRYPTO_24H_VOLUME,67666580095.04755,USD,CoinGecko Global,2026-09-06T11:54:41Z,current,source_updated_at,OK
2026-09-06T11:00:00Z,2026-09-06T11:58:28.123193Z,CRYPTO_TOTAL_MCAP,2704157726572.9453,USD,CoinGecko Global,2026-09-06T11:54:41Z,current,source_updated_at,OK
2026-09-06T11:00:00Z,2026-09-06T11:58:28.123193Z,EFFR,3.63,percent,New York Fed Markets API,2026-09-03T00:00:00Z,business_daily,official_effective_date,OK
2026-09-06T11:00:00Z,2026-09-06T11:58:28.123193Z,ETH_DOMINANCE,11.255633117170342,percent,CoinGecko Global,2026-09-06T11:54:41Z,current,source_updated_at,OK
2026-09-06T11:00:00Z,2026-09-06T11:58:28.123193Z,SOFR,3.66,percent,New York Fed Markets API,2026-09-03T00:00:00Z,business_daily,official_effective_date,OK
2026-09-06T11:00:00Z,2026-09-06T11:58:28.123193Z,STABLECOIN_TOTAL_SUPPLY,311176960526.86237,USD,DefiLlama Stablecoins,2026-09-06T11:58:30.245926Z,current,retrieval_time_proxy,OK
2026-09-06T11:00:00Z,2026-09-06T11:58:28.123193Z,TGA_CLOSING_BALANCE,903928.0,USD millions,US Treasury FiscalData:DTS operating_cash_balance,2026-09-03T00:00:00Z,business_daily,official_record_date,OK
2026-09-06T11:00:00Z,2026-09-06T11:58:28.123193Z,US10Y,4.78,percent,US Treasury:daily_treasury_yield_curve,2026-09-04T00:00:00,daily,official_observation_date,OK
2026-09-06T11:00:00Z,2026-09-06T11:58:28.123193Z,US10Y_REAL,2.43,percent,US Treasury:daily_treasury_real_yield_curve,2026-09-04T00:00:00,daily,official_observation_date,OK
2026-09-06T11:00:00Z,2026-09-06T11:58:28.123193Z,US2Y,4.37,percent,US Treasury:daily_treasury_yield_curve,2026-09-04T00:00:00,daily,official_observation_date,OK
2026-09-06T11:00:00Z,2026-09-06T11:58:28.123193Z,US30Y,5.24,percent,US Treasury:daily_treasury_yield_curve,2026-09-04T00:00:00,daily,official_observation_date,OK
2026-09-06T11:00:00Z,2026-09-06T11:58:28.123193Z,USDC_SUPPLY,74723904100.18636,USD,DefiLlama Stablecoins,2026-09-06T11:58:30.245926Z,current,retrieval_time_proxy,OK
2026-09-06T11:00:00Z,2026-09-06T11:58:28.123193Z,USDT_SUPPLY,183387712205.6246,USD,DefiLlama Stablecoins,2026-09-06T11:58:30.245926Z,current,retrieval_time_proxy,OK
2026-09-06T12:00:00Z,2026-09-06T12:58:13.544549Z,BTC_DOMINANCE,59.19263208690001,percent,CoinGecko Global,2026-09-06T12:54:47Z,current,source_updated_at,OK
2026-09-06T12:00:00Z,2026-09-06T12:58:13.544549Z,CRYPTO_24H_VOLUME,67791228982.732414,USD,CoinGecko Global,2026-09-06T12:54:47Z,current,source_updated_at,OK
2026-09-06T12:00:00Z,2026-09-06T12:58:13.544549Z,CRYPTO_TOTAL_MCAP,2706369845132.505,USD,CoinGecko Global,2026-09-06T12:54:47Z,current,source_updated_at,OK
2026-09-06T12:00:00Z,2026-09-06T12:58:13.544549Z,EFFR,3.63,percent,New York Fed Markets API,2026-09-03T00:00:00Z,business_daily,official_effective_date,OK
2026-09-06T12:00:00Z,2026-09-06T12:58:13.544549Z,ETH_DOMINANCE,11.249735399936371,percent,CoinGecko Global,2026-09-06T12:54:47Z,current,source_updated_at,OK
2026-09-06T12:00:00Z,2026-09-06T12:58:13.544549Z,SOFR,3.66,percent,New York Fed Markets API,2026-09-03T00:00:00Z,business_daily,official_effective_date,OK
2026-09-06T12:00:00Z,2026-09-06T12:58:13.544549Z,STABLECOIN_TOTAL_SUPPLY,311152255812.372,USD,DefiLlama Stablecoins,2026-09-06T12:58:16.082146Z,current,retrieval_time_proxy,OK
2026-09-06T12:00:00Z,2026-09-06T12:58:13.544549Z,TGA_CLOSING_BALANCE,903928.0,USD millions,US Treasury FiscalData:DTS operating_cash_balance,2026-09-03T00:00:00Z,business_daily,official_record_date,OK
2026-09-06T12:00:00Z,2026-09-06T12:58:13.544549Z,US10Y,4.78,percent,US Treasury:daily_treasury_yield_curve,2026-09-04T00:00:00,daily,official_observation_date,OK
2026-09-06T12:00:00Z,2026-09-06T12:58:13.544549Z,US10Y_REAL,2.43,percent,US Treasury:daily_treasury_real_yield_curve,2026-09-04T00:00:00,daily,official_observation_date,OK
2026-09-06T12:00:00Z,2026-09-06T12:58:13.544549Z,US2Y,4.37,percent,US Treasury:daily_treasury_yield_curve,2026-09-04T00:00:00,daily,official_observation_date,OK
2026-09-06T12:00:00Z,2026-09-06T12:58:13.544549Z,US30Y,5.24,percent,US Treasury:daily_treasury_yield_curve,2026-09-04T00:00:00,daily,official_observation_date,OK
2026-09-06T12:00:00Z,2026-09-06T12:58:13.544549Z,USDC_SUPPLY,74703861754.50797,USD,DefiLlama Stablecoins,2026-09-06T12:58:16.082146Z,current,retrieval_time_proxy,OK
2026-09-06T12:00:00Z,2026-09-06T12:58:13.544549Z,USDT_SUPPLY,183389790428.03778,USD,DefiLlama Stablecoins,2026-09-06T12:58:16.082146Z,current,retrieval_time_proxy,OK
2026-09-06T13:00:00Z,2026-09-06T13:58:03.119639Z,BTC_DOMINANCE,59.19041869968914,percent,CoinGecko Global,2026-09-06T13:54:52Z,current,source_updated_at,OK
2026-09-06T13:00:00Z,2026-09-06T13:58:03.119639Z,CRYPTO_24H_VOLUME,67331237402.98644,USD,CoinGecko Global,2026-09-06T13:54:52Z,current,source_updated_at,OK
2026-09-06T13:00:00Z,2026-09-06T13:58:03.119639Z,CRYPTO_TOTAL_MCAP,2700022068777.4688,USD,CoinGecko Global,2026-09-06T13:54:52Z,current,source_updated_at,OK
2026-09-06T13:00:00Z,2026-09-06T13:58:03.119639Z,EFFR,3.63,percent,New York Fed Markets API,2026-09-03T00:00:00Z,business_daily,official_effective_date,OK
2026-09-06T13:00:00Z,2026-09-06T13:58:03.119639Z,ETH_DOMINANCE,11.242028980097029,percent,CoinGecko Global,2026-09-06T13:54:52Z,current,source_updated_at,OK
2026-09-06T13:00:00Z,2026-09-06T13:58:03.119639Z,SOFR,3.66,percent,New York Fed Markets API,2026-09-03T00:00:00Z,business_daily,official_effective_date,OK
2026-09-06T13:00:00Z,2026-09-06T13:58:03.119639Z,STABLECOIN_TOTAL_SUPPLY,311190660525.03046,USD,DefiLlama Stablecoins,2026-09-06T13:58:05.531124Z,current,retrieval_time_proxy,OK
2026-09-06T13:00:00Z,2026-09-06T13:58:03.119639Z,TGA_CLOSING_BALANCE,903928.0,USD millions,US Treasury FiscalData:DTS operating_cash_balance,2026-09-03T00:00:00Z,business_daily,official_record_date,OK
2026-09-06T13:00:00Z,2026-09-06T13:58:03.119639Z,US10Y,4.78,percent,US Treasury:daily_treasury_yield_curve,2026-09-04T00:00:00,daily,official_observation_date,OK
2026-09-06T13:00:00Z,2026-09-06T13:58:03.119639Z,US10Y_REAL,2.43,percent,US Treasury:daily_treasury_real_yield_curve,2026-09-04T00:00:00,daily,official_observation_date,OK
2026-09-06T13:00:00Z,2026-09-06T13:58:03.119639Z,US2Y,4.37,percent,US Treasury:daily_treasury_yield_curve,2026-09-04T00:00:00,daily,official_observation_date,OK
2026-09-06T13:00:00Z,2026-09-06T13:58:03.119639Z,US30Y,5.24,percent,US Treasury:daily_treasury_yield_curve,2026-09-04T00:00:00,daily,official_observation_date,OK
2026-09-06T13:00:00Z,2026-09-06T13:58:03.119639Z,USDC_SUPPLY,74728306552.18025,USD,DefiLlama Stablecoins,2026-09-06T13:58:05.531124Z,current,retrieval_time_proxy,OK
2026-09-06T13:00:00Z,2026-09-06T13:58:03.119639Z,USDT_SUPPLY,183376155076.80063,USD,DefiLlama Stablecoins,2026-09-06T13:58:05.531124Z,current,retrieval_time_proxy,OK
2026-09-06T14:00:00Z,2026-09-06T14:57:57.483284Z,BTC_DOMINANCE,59.24375370713535,percent,CoinGecko Global,2026-09-06T14:54:56Z,current,source_updated_at,OK
2026-09-06T14:00:00Z,2026-09-06T14:57:57.483284Z,CRYPTO_24H_VOLUME,69355410047.97885,USD,CoinGecko Global,2026-09-06T14:54:56Z,current,source_updated_at,OK
2026-09-06T14:00:00Z,2026-09-06T14:57:57.483284Z,CRYPTO_TOTAL_MCAP,2698367696355.3965,USD,CoinGecko Global,2026-09-06T14:54:56Z,current,source_updated_at,OK
2026-09-06T14:00:00Z,2026-09-06T14:57:57.483284Z,EFFR,3.63,percent,New York Fed Markets API,2026-09-03T00:00:00Z,business_daily,official_effective_date,OK
2026-09-06T14:00:00Z,2026-09-06T14:57:57.483284Z,ETH_DOMINANCE,11.22626838091017,percent,CoinGecko Global,2026-09-06T14:54:56Z,current,source_updated_at,OK
2026-09-06T14:00:00Z,2026-09-06T14:57:57.483284Z,SOFR,3.66,percent,New York Fed Markets API,2026-09-03T00:00:00Z,business_daily,official_effective_date,OK
2026-09-06T14:00:00Z,2026-09-06T14:57:57.483284Z,STABLECOIN_TOTAL_SUPPLY,311190781786.1957,USD,DefiLlama Stablecoins,2026-09-06T14:57:59.177139Z,current,retrieval_time_proxy,OK
2026-09-06T14:00:00Z,2026-09-06T14:57:57.483284Z,TGA_CLOSING_BALANCE,903928.0,USD millions,US Treasury FiscalData:DTS operating_cash_balance,2026-09-03T00:00:00Z,business_daily,official_record_date,OK
2026-09-06T14:00:00Z,2026-09-06T14:57:57.483284Z,US10Y,4.78,percent,US Treasury:daily_treasury_yield_curve,2026-09-04T00:00:00,daily,official_observation_date,OK
2026-09-06T14:00:00Z,2026-09-06T14:57:57.483284Z,US10Y_REAL,2.43,percent,US Treasury:daily_treasury_real_yield_curve,2026-09-04T00:00:00,daily,official_observation_date,OK
2026-09-06T14:00:00Z,2026-09-06T14:57:57.483284Z,US2Y,4.37,percent,US Treasury:daily_treasury_yield_curve,2026-09-04T00:00:00,daily,official_observation_date,OK
2026-09-06T14:00:00Z,2026-09-06T14:57:57.483284Z,US30Y,5.24,percent,US Treasury:daily_treasury_yield_curve,2026-09-04T00:00:00,daily,official_observation_date,OK
2026-09-06T14:00:00Z,2026-09-06T14:57:57.483284Z,USDC_SUPPLY,74733401182.54718,USD,DefiLlama Stablecoins,2026-09-06T14:57:59.177139Z,current,retrieval_time_proxy,OK
2026-09-06T14:00:00Z,2026-09-06T14:57:57.483284Z,USDT_SUPPLY,183374039133.31357,USD,DefiLlama Stablecoins,2026-09-06T14:57:59.177139Z,current,retrieval_time_proxy,OK
2026-09-06T15:00:00Z,2026-09-06T15:58:01.306194Z,BTC_DOMINANCE,59.26081564821665,percent,CoinGecko Global,2026-09-06T15:55:06Z,current,source_updated_at,OK
2026-09-06T15:00:00Z,2026-09-06T15:58:01.306194Z,CRYPTO_24H_VOLUME,69800446292.71602,USD,CoinGecko Global,2026-09-06T15:55:06Z,current,source_updated_at,OK
2026-09-06T15:00:00Z,2026-09-06T15:58:01.306194Z,CRYPTO_TOTAL_MCAP,2694411517851.97,USD,CoinGecko Global,2026-09-06T15:55:06Z,current,source_updated_at,OK
2026-09-06T15:00:00Z,2026-09-06T15:58:01.306194Z,EFFR,3.63,percent,New York Fed Markets API,2026-09-03T00:00:00Z,business_daily,official_effective_date,OK
2026-09-06T15:00:00Z,2026-09-06T15:58:01.306194Z,ETH_DOMINANCE,11.213669719934925,percent,CoinGecko Global,2026-09-06T15:55:06Z,current,source_updated_at,OK
2026-09-06T15:00:00Z,2026-09-06T15:58:01.306194Z,SOFR,3.66,percent,New York Fed Markets API,2026-09-03T00:00:00Z,business_daily,official_effective_date,OK
2026-09-06T15:00:00Z,2026-09-06T15:58:01.306194Z,STABLECOIN_TOTAL_SUPPLY,311205966230.2886,USD,DefiLlama Stablecoins,2026-09-06T15:58:03.513739Z,current,retrieval_time_proxy,OK
2026-09-06T15:00:00Z,2026-09-06T15:58:01.306194Z,TGA_CLOSING_BALANCE,903928.0,USD millions,US Treasury FiscalData:DTS operating_cash_balance,2026-09-03T00:00:00Z,business_daily,official_record_date,OK
2026-09-06T15:00:00Z,2026-09-06T15:58:01.306194Z,US10Y,4.78,percent,US Treasury:daily_treasury_yield_curve,2026-09-04T00:00:00,daily,official_observation_date,OK
2026-09-06T15:00:00Z,2026-09-06T15:58:01.306194Z,US10Y_REAL,2.43,percent,US Treasury:daily_treasury_real_yield_curve,2026-09-04T00:00:00,daily,official_observation_date,OK
2026-09-06T15:00:00Z,2026-09-06T15:58:01.306194Z,US2Y,4.37,percent,US Treasury:daily_treasury_yield_curve,2026-09-04T00:00:00,daily,official_observation_date,OK
2026-09-06T15:00:00Z,2026-09-06T15:58:01.306194Z,US30Y,5.24,percent,US Treasury:daily_treasury_yield_curve,2026-09-04T00:00:00,daily,official_observation_date,OK
2026-09-06T15:00:00Z,2026-09-06T15:58:01.306194Z,USDC_SUPPLY,74751964068.32127,USD,DefiLlama Stablecoins,2026-09-06T15:58:03.513739Z,current,retrieval_time_proxy,OK
2026-09-06T15:00:00Z,2026-09-06T15:58:01.306194Z,USDT_SUPPLY,183371978683.56973,USD,DefiLlama Stablecoins,2026-09-06T15:58:03.513739Z,current,retrieval_time_proxy,OK
2026-09-06T16:00:00Z,2026-09-06T16:57:53.308421Z,BTC_DOMINANCE,59.22896260646837,percent,CoinGecko Global,2026-09-06T16:55:11Z,current,source_updated_at,OK
2026-09-06T16:00:00Z,2026-09-06T16:57:53.308421Z,CRYPTO_24H_VOLUME,68889671000.26572,USD,CoinGecko Global,2026-09-06T16:55:11Z,current,source_updated_at,OK
2026-09-06T16:00:00Z,2026-09-06T16:57:53.308421Z,CRYPTO_TOTAL_MCAP,2695878809656.2505,USD,CoinGecko Global,2026-09-06T16:55:11Z,current,source_updated_at,OK
2026-09-06T16:00:00Z,2026-09-06T16:57:53.308421Z,EFFR,3.63,percent,New York Fed Markets API,2026-09-03T00:00:00Z,business_daily,official_effective_date,OK
2026-09-06T16:00:00Z,2026-09-06T16:57:53.308421Z,ETH_DOMINANCE,11.21318534053643,percent,CoinGecko Global,2026-09-06T16:55:11Z,current,source_updated_at,OK
2026-09-06T16:00:00Z,2026-09-06T16:57:53.308421Z,SOFR,3.66,percent,New York Fed Markets API,2026-09-03T00:00:00Z,business_daily,official_effective_date,OK
2026-09-06T16:00:00Z,2026-09-06T16:57:53.308421Z,STABLECOIN_TOTAL_SUPPLY,311189774538.52216,USD,DefiLlama Stablecoins,2026-09-06T16:57:54.721539Z,current,retrieval_time_proxy,OK
2026-09-06T16:00:00Z,2026-09-06T16:57:53.308421Z,TGA_CLOSING_BALANCE,903928.0,USD millions,US Treasury FiscalData:DTS operating_cash_balance,2026-09-03T00:00:00Z,business_daily,official_record_date,OK
2026-09-06T16:00:00Z,2026-09-06T16:57:53.308421Z,US10Y,4.78,percent,US Treasury:daily_treasury_yield_curve,2026-09-04T00:00:00,daily,official_observation_date,OK
2026-09-06T16:00:00Z,2026-09-06T16:57:53.308421Z,US10Y_REAL,2.43,percent,US Treasury:daily_treasury_real_yield_curve,2026-09-04T00:00:00,daily,official_observation_date,OK
2026-09-06T16:00:00Z,2026-09-06T16:57:53.308421Z,US2Y,4.37,percent,US Treasury:daily_treasury_yield_curve,2026-09-04T00:00:00,daily,official_observation_date,OK
2026-09-06T16:00:00Z,2026-09-06T16:57:53.308421Z,US30Y,5.24,percent,US Treasury:daily_treasury_yield_curve,2026-09-04T00:00:00,daily,official_observation_date,OK
2026-09-06T16:00:00Z,2026-09-06T16:57:53.308421Z,USDC_SUPPLY,74736960365.39511,USD,DefiLlama Stablecoins,2026-09-06T16:57:54.721539Z,current,retrieval_time_proxy,OK
2026-09-06T16:00:00Z,2026-09-06T16:57:53.308421Z,USDT_SUPPLY,183370500931.8775,USD,DefiLlama Stablecoins,2026-09-06T16:57:54.721539Z,current,retrieval_time_proxy,OK
2026-09-06T17:00:00Z,2026-09-06T17:57:50.695478Z,BTC_DOMINANCE,59.22997531037991,percent,CoinGecko Global,2026-09-06T17:55:16Z,current,source_updated_at,OK
2026-09-06T17:00:00Z,2026-09-06T17:57:50.695478Z,CRYPTO_24H_VOLUME,67147315087.25457,USD,CoinGecko Global,2026-09-06T17:55:16Z,current,source_updated_at,OK
2026-09-06T17:00:00Z,2026-09-06T17:57:50.695478Z,CRYPTO_TOTAL_MCAP,2696628245431.0474,USD,CoinGecko Global,2026-09-06T17:55:16Z,current,source_updated_at,OK
2026-09-06T17:00:00Z,2026-09-06T17:57:50.695478Z,EFFR,3.63,percent,New York Fed Markets API,2026-09-03T00:00:00Z,business_daily,official_effective_date,OK
2026-09-06T17:00:00Z,2026-09-06T17:57:50.695478Z,ETH_DOMINANCE,11.247963630680788,percent,CoinGecko Global,2026-09-06T17:55:16Z,current,source_updated_at,OK
2026-09-06T17:00:00Z,2026-09-06T17:57:50.695478Z,SOFR,3.66,percent,New York Fed Markets API,2026-09-03T00:00:00Z,business_daily,official_effective_date,OK
2026-09-06T17:00:00Z,2026-09-06T17:57:50.695478Z,STABLECOIN_TOTAL_SUPPLY,311180248682.1798,USD,DefiLlama Stablecoins,2026-09-06T17:57:52.074774Z,current,retrieval_time_proxy,OK
2026-09-06T17:00:00Z,2026-09-06T17:57:50.695478Z,TGA_CLOSING_BALANCE,903928.0,USD millions,US Treasury FiscalData:DTS operating_cash_balance,2026-09-03T00:00:00Z,business_daily,official_record_date,OK
2026-09-06T17:00:00Z,2026-09-06T17:57:50.695478Z,US10Y,4.78,percent,US Treasury:daily_treasury_yield_curve,2026-09-04T00:00:00,daily,official_observation_date,OK
2026-09-06T17:00:00Z,2026-09-06T17:57:50.695478Z,US10Y_REAL,2.43,percent,US Treasury:daily_treasury_real_yield_curve,2026-09-04T00:00:00,daily,official_observation_date,OK
2026-09-06T17:00:00Z,2026-09-06T17:57:50.695478Z,US2Y,4.37,percent,US Treasury:daily_treasury_yield_curve,2026-09-04T00:00:00,daily,official_observation_date,OK
2026-09-06T17:00:00Z,2026-09-06T17:57:50.695478Z,US30Y,5.24,percent,US Treasury:daily_treasury_yield_curve,2026-09-04T00:00:00,daily,official_observation_date,OK
2026-09-06T17:00:00Z,2026-09-06T17:57:50.695478Z,USDC_SUPPLY,74721014575.48317,USD,DefiLlama Stablecoins,2026-09-06T17:57:52.074774Z,current,retrieval_time_proxy,OK
2026-09-06T17:00:00Z,2026-09-06T17:57:50.695478Z,USDT_SUPPLY,183368820066.67102,USD,DefiLlama Stablecoins,2026-09-06T17:57:52.074774Z,current,retrieval_time_proxy,OK
2026-09-06T18:00:00Z,2026-09-06T18:58:04.269670Z,BTC_DOMINANCE,59.245869314533465,percent,CoinGecko Global,2026-09-06T18:55:21Z,current,source_updated_at,OK
2026-09-06T18:00:00Z,2026-09-06T18:58:04.269670Z,CRYPTO_24H_VOLUME,66424596982.02734,USD,CoinGecko Global,2026-09-06T18:55:21Z,current,source_updated_at,OK
2026-09-06T18:00:00Z,2026-09-06T18:58:04.269670Z,CRYPTO_TOTAL_MCAP,2701859599635.0806,USD,CoinGecko Global,2026-09-06T18:55:21Z,current,source_updated_at,OK
2026-09-06T18:00:00Z,2026-09-06T18:58:04.269670Z,EFFR,3.63,percent,New York Fed Markets API,2026-09-03T00:00:00Z,business_daily,official_effective_date,OK
2026-09-06T18:00:00Z,2026-09-06T18:58:04.269670Z,ETH_DOMINANCE,11.236629112151357,percent,CoinGecko Global,2026-09-06T18:55:21Z,current,source_updated_at,OK
2026-09-06T18:00:00Z,2026-09-06T18:58:04.269670Z,SOFR,3.66,percent,New York Fed Markets API,2026-09-03T00:00:00Z,business_daily,official_effective_date,OK
2026-09-06T18:00:00Z,2026-09-06T18:58:04.269670Z,STABLECOIN_TOTAL_SUPPLY,311570730253.16144,USD,DefiLlama Stablecoins,2026-09-06T18:58:05.606643Z,current,retrieval_time_proxy,OK
2026-09-06T18:00:00Z,2026-09-06T18:58:04.269670Z,TGA_CLOSING_BALANCE,903928.0,USD millions,US Treasury FiscalData:DTS operating_cash_balance,2026-09-03T00:00:00Z,business_daily,official_record_date,OK
2026-09-06T18:00:00Z,2026-09-06T18:58:04.269670Z,US10Y,4.78,percent,US Treasury:daily_treasury_yield_curve,2026-09-04T00:00:00,daily,official_observation_date,OK
2026-09-06T18:00:00Z,2026-09-06T18:58:04.269670Z,US10Y_REAL,2.43,percent,US Treasury:daily_treasury_real_yield_curve,2026-09-04T00:00:00,daily,official_observation_date,OK
2026-09-06T18:00:00Z,2026-09-06T18:58:04.269670Z,US2Y,4.37,percent,US Treasury:daily_treasury_yield_curve,2026-09-04T00:00:00,daily,official_observation_date,OK
2026-09-06T18:00:00Z,2026-09-06T18:58:04.269670Z,US30Y,5.24,percent,US Treasury:daily_treasury_yield_curve,2026-09-04T00:00:00,daily,official_observation_date,OK
2026-09-06T18:00:00Z,2026-09-06T18:58:04.269670Z,USDC_SUPPLY,74710381458.77411,USD,DefiLlama Stablecoins,2026-09-06T18:58:05.606643Z,current,retrieval_time_proxy,OK
2026-09-06T18:00:00Z,2026-09-06T18:58:04.269670Z,USDT_SUPPLY,183369273757.85736,USD,DefiLlama Stablecoins,2026-09-06T18:58:05.606643Z,current,retrieval_time_proxy,OK
2026-09-06T19:00:00Z,2026-09-06T19:57:53.476491Z,BTC_DOMINANCE,59.24365275918221,percent,CoinGecko Global,2026-09-06T19:55:28Z,current,source_updated_at,OK
2026-09-06T19:00:00Z,2026-09-06T19:57:53.476491Z,CRYPTO_24H_VOLUME,66122470195.01061,USD,CoinGecko Global,2026-09-06T19:55:28Z,current,source_updated_at,OK
2026-09-06T19:00:00Z,2026-09-06T19:57:53.476491Z,CRYPTO_TOTAL_MCAP,2698086565117.841,USD,CoinGecko Global,2026-09-06T19:55:28Z,current,source_updated_at,OK
2026-09-06T19:00:00Z,2026-09-06T19:57:53.476491Z,EFFR,3.63,percent,New York Fed Markets API,2026-09-03T00:00:00Z,business_daily,official_effective_date,OK
2026-09-06T19:00:00Z,2026-09-06T19:57:53.476491Z,ETH_DOMINANCE,11.233818223910252,percent,CoinGecko Global,2026-09-06T19:55:28Z,current,source_updated_at,OK
2026-09-06T19:00:00Z,2026-09-06T19:57:53.476491Z,SOFR,3.66,percent,New York Fed Markets API,2026-09-03T00:00:00Z,business_daily,official_effective_date,OK
2026-09-06T19:00:00Z,2026-09-06T19:57:53.476491Z,STABLECOIN_TOTAL_SUPPLY,311625182500.0668,USD,DefiLlama Stablecoins,2026-09-06T19:57:55.633261Z,current,retrieval_time_proxy,OK
2026-09-06T19:00:00Z,2026-09-06T19:57:53.476491Z,TGA_CLOSING_BALANCE,903928.0,USD millions,US Treasury FiscalData:DTS operating_cash_balance,2026-09-03T00:00:00Z,business_daily,official_record_date,OK
2026-09-06T19:00:00Z,2026-09-06T19:57:53.476491Z,US10Y,4.78,percent,US Treasury:daily_treasury_yield_curve,2026-09-04T00:00:00,daily,official_observation_date,OK
2026-09-06T19:00:00Z,2026-09-06T19:57:53.476491Z,US10Y_REAL,2.43,percent,US Treasury:daily_treasury_real_yield_curve,2026-09-04T00:00:00,daily,official_observation_date,OK
2026-09-06T19:00:00Z,2026-09-06T19:57:53.476491Z,US2Y,4.37,percent,US Treasury:daily_treasury_yield_curve,2026-09-04T00:00:00,daily,official_observation_date,OK
2026-09-06T19:00:00Z,2026-09-06T19:57:53.476491Z,US30Y,5.24,percent,US Treasury:daily_treasury_yield_curve,2026-09-04T00:00:00,daily,official_observation_date,OK
2026-09-06T19:00:00Z,2026-09-06T19:57:53.476491Z,USDC_SUPPLY,74745943523.724,USD,DefiLlama Stablecoins,2026-09-06T19:57:55.633261Z,current,retrieval_time_proxy,OK
2026-09-06T19:00:00Z,2026-09-06T19:57:53.476491Z,USDT_SUPPLY,183377638009.67706,USD,DefiLlama Stablecoins,2026-09-06T19:57:55.633261Z,current,retrieval_time_proxy,OK
2026-09-06T20:00:00Z,2026-09-06T20:57:52.430151Z,BTC_DOMINANCE,59.18715457580836,percent,CoinGecko Global,2026-09-06T20:55:34Z,current,source_updated_at,OK
2026-09-06T20:00:00Z,2026-09-06T20:57:52.430151Z,CRYPTO_24H_VOLUME,65935126429.81252,USD,CoinGecko Global,2026-09-06T20:55:34Z,current,source_updated_at,OK
2026-09-06T20:00:00Z,2026-09-06T20:57:52.430151Z,CRYPTO_TOTAL_MCAP,2702255388665.785,USD,CoinGecko Global,2026-09-06T20:55:34Z,current,source_updated_at,OK
2026-09-06T20:00:00Z,2026-09-06T20:57:52.430151Z,EFFR,3.63,percent,New York Fed Markets API,2026-09-03T00:00:00Z,business_daily,official_effective_date,OK
2026-09-06T20:00:00Z,2026-09-06T20:57:52.430151Z,ETH_DOMINANCE,11.246100949770947,percent,CoinGecko Global,2026-09-06T20:55:34Z,current,source_updated_at,OK
2026-09-06T20:00:00Z,2026-09-06T20:57:52.430151Z,SOFR,3.66,percent,New York Fed Markets API,2026-09-03T00:00:00Z,business_daily,official_effective_date,OK
2026-09-06T20:00:00Z,2026-09-06T20:57:52.430151Z,STABLECOIN_TOTAL_SUPPLY,311585100303.5631,USD,DefiLlama Stablecoins,2026-09-06T20:57:54.369189Z,current,retrieval_time_proxy,OK
2026-09-06T20:00:00Z,2026-09-06T20:57:52.430151Z,TGA_CLOSING_BALANCE,903928.0,USD millions,US Treasury FiscalData:DTS operating_cash_balance,2026-09-03T00:00:00Z,business_daily,official_record_date,OK
2026-09-06T20:00:00Z,2026-09-06T20:57:52.430151Z,US10Y,4.78,percent,US Treasury:daily_treasury_yield_curve,2026-09-04T00:00:00,daily,official_observation_date,OK
2026-09-06T20:00:00Z,2026-09-06T20:57:52.430151Z,US10Y_REAL,2.43,percent,US Treasury:daily_treasury_real_yield_curve,2026-09-04T00:00:00,daily,official_observation_date,OK
2026-09-06T20:00:00Z,2026-09-06T20:57:52.430151Z,US2Y,4.37,percent,US Treasury:daily_treasury_yield_curve,2026-09-04T00:00:00,daily,official_observation_date,OK
2026-09-06T20:00:00Z,2026-09-06T20:57:52.430151Z,US30Y,5.24,percent,US Treasury:daily_treasury_yield_curve,2026-09-04T00:00:00,daily,official_observation_date,OK
2026-09-06T20:00:00Z,2026-09-06T20:57:52.430151Z,USDC_SUPPLY,74730415787.01851,USD,DefiLlama Stablecoins,2026-09-06T20:57:54.369189Z,current,retrieval_time_proxy,OK
2026-09-06T20:00:00Z,2026-09-06T20:57:52.430151Z,USDT_SUPPLY,183370331925.26816,USD,DefiLlama Stablecoins,2026-09-06T20:57:54.369189Z,current,retrieval_time_proxy,OK
2026-09-06T21:00:00Z,2026-09-06T21:58:22.118246Z,BTC_DOMINANCE,59.138365812146844,percent,CoinGecko Global,2026-09-06T21:55:38Z,current,source_updated_at,OK
2026-09-06T21:00:00Z,2026-09-06T21:58:22.118246Z,CRYPTO_24H_VOLUME,67023590435.36597,USD,CoinGecko Global,2026-09-06T21:55:38Z,current,source_updated_at,OK
2026-09-06T21:00:00Z,2026-09-06T21:58:22.118246Z,CRYPTO_TOTAL_MCAP,2706337677515.7974,USD,CoinGecko Global,2026-09-06T21:55:38Z,current,source_updated_at,OK
2026-09-06T21:00:00Z,2026-09-06T21:58:22.118246Z,EFFR,3.63,percent,New York Fed Markets API,2026-09-03T00:00:00Z,business_daily,official_effective_date,OK
2026-09-06T21:00:00Z,2026-09-06T21:58:22.118246Z,ETH_DOMINANCE,11.274894655897485,percent,CoinGecko Global,2026-09-06T21:55:38Z,current,source_updated_at,OK
2026-09-06T21:00:00Z,2026-09-06T21:58:22.118246Z,SOFR,3.66,percent,New York Fed Markets API,2026-09-03T00:00:00Z,business_daily,official_effective_date,OK
2026-09-06T21:00:00Z,2026-09-06T21:58:22.118246Z,STABLECOIN_TOTAL_SUPPLY,311587697115.6722,USD,DefiLlama Stablecoins,2026-09-06T21:58:24.208083Z,current,retrieval_time_proxy,OK
2026-09-06T21:00:00Z,2026-09-06T21:58:22.118246Z,TGA_CLOSING_BALANCE,903928.0,USD millions,US Treasury FiscalData:DTS operating_cash_balance,2026-09-03T00:00:00Z,business_daily,official_record_date,OK
2026-09-06T21:00:00Z,2026-09-06T21:58:22.118246Z,US10Y,4.78,percent,US Treasury:daily_treasury_yield_curve,2026-09-04T00:00:00,daily,official_observation_date,OK
2026-09-06T21:00:00Z,2026-09-06T21:58:22.118246Z,US10Y_REAL,2.43,percent,US Treasury:daily_treasury_real_yield_curve,2026-09-04T00:00:00,daily,official_observation_date,OK
2026-09-06T21:00:00Z,2026-09-06T21:58:22.118246Z,US2Y,4.37,percent,US Treasury:daily_treasury_yield_curve,2026-09-04T00:00:00,daily,official_observation_date,OK
2026-09-06T21:00:00Z,2026-09-06T21:58:22.118246Z,US30Y,5.24,percent,US Treasury:daily_treasury_yield_curve,2026-09-04T00:00:00,daily,official_observation_date,OK
2026-09-06T21:00:00Z,2026-09-06T21:58:22.118246Z,USDC_SUPPLY,74720480573.90622,USD,DefiLlama Stablecoins,2026-09-06T21:58:24.208083Z,current,retrieval_time_proxy,OK
2026-09-06T21:00:00Z,2026-09-06T21:58:22.118246Z,USDT_SUPPLY,183378187962.37994,USD,DefiLlama Stablecoins,2026-09-06T21:58:24.208083Z,current,retrieval_time_proxy,OK
2026-09-06T22:00:00Z,2026-09-06T22:58:00.758615Z,BTC_DOMINANCE,59.191329270831886,percent,CoinGecko Global,2026-09-06T22:55:43Z,current,source_updated_at,OK
2026-09-06T22:00:00Z,2026-09-06T22:58:00.758615Z,CRYPTO_24H_VOLUME,67534053639.73453,USD,CoinGecko Global,2026-09-06T22:55:43Z,current,source_updated_at,OK
2026-09-06T22:00:00Z,2026-09-06T22:58:00.758615Z,CRYPTO_TOTAL_MCAP,2710065767434.5435,USD,CoinGecko Global,2026-09-06T22:55:43Z,current,source_updated_at,OK
2026-09-06T22:00:00Z,2026-09-06T22:58:00.758615Z,EFFR,3.63,percent,New York Fed Markets API,2026-09-03T00:00:00Z,business_daily,official_effective_date,OK
2026-09-06T22:00:00Z,2026-09-06T22:58:00.758615Z,ETH_DOMINANCE,11.272045765711589,percent,CoinGecko Global,2026-09-06T22:55:43Z,current,source_updated_at,OK
2026-09-06T22:00:00Z,2026-09-06T22:58:00.758615Z,SOFR,3.66,percent,New York Fed Markets API,2026-09-03T00:00:00Z,business_daily,official_effective_date,OK
2026-09-06T22:00:00Z,2026-09-06T22:58:00.758615Z,STABLECOIN_TOTAL_SUPPLY,311553591744.7562,USD,DefiLlama Stablecoins,2026-09-06T22:58:02.993871Z,current,retrieval_time_proxy,OK
2026-09-06T22:00:00Z,2026-09-06T22:58:00.758615Z,TGA_CLOSING_BALANCE,903928.0,USD millions,US Treasury FiscalData:DTS operating_cash_balance,2026-09-03T00:00:00Z,business_daily,official_record_date,OK
2026-09-06T22:00:00Z,2026-09-06T22:58:00.758615Z,US10Y,4.78,percent,US Treasury:daily_treasury_yield_curve,2026-09-04T00:00:00,daily,official_observation_date,OK
2026-09-06T22:00:00Z,2026-09-06T22:58:00.758615Z,US10Y_REAL,2.43,percent,US Treasury:daily_treasury_real_yield_curve,2026-09-04T00:00:00,daily,official_observation_date,OK
2026-09-06T22:00:00Z,2026-09-06T22:58:00.758615Z,US2Y,4.37,percent,US Treasury:daily_treasury_yield_curve,2026-09-04T00:00:00,daily,official_observation_date,OK
2026-09-06T22:00:00Z,2026-09-06T22:58:00.758615Z,US30Y,5.24,percent,US Treasury:daily_treasury_yield_curve,2026-09-04T00:00:00,daily,official_observation_date,OK
2026-09-06T22:00:00Z,2026-09-06T22:58:00.758615Z,USDC_SUPPLY,74693092601.54842,USD,DefiLlama Stablecoins,2026-09-06T22:58:02.993871Z,current,retrieval_time_proxy,OK
2026-09-06T22:00:00Z,2026-09-06T22:58:00.758615Z,USDT_SUPPLY,183371160237.13208,USD,DefiLlama Stablecoins,2026-09-06T22:58:02.993871Z,current,retrieval_time_proxy,OK
2026-09-06T23:00:00Z,2026-09-06T23:57:58.585595Z,BTC_DOMINANCE,59.237136931801125,percent,CoinGecko Global,2026-09-06T23:55:48Z,current,source_updated_at,OK
2026-09-06T23:00:00Z,2026-09-06T23:57:58.585595Z,CRYPTO_24H_VOLUME,69150422404.75912,USD,CoinGecko Global,2026-09-06T23:55:48Z,current,source_updated_at,OK
2026-09-06T23:00:00Z,2026-09-06T23:57:58.585595Z,CRYPTO_TOTAL_MCAP,2719584539853.2246,USD,CoinGecko Global,2026-09-06T23:55:48Z,current,source_updated_at,OK
2026-09-06T23:00:00Z,2026-09-06T23:57:58.585595Z,EFFR,3.63,percent,New York Fed Markets API,2026-09-03T00:00:00Z,business_daily,official_effective_date,OK
2026-09-06T23:00:00Z,2026-09-06T23:57:58.585595Z,ETH_DOMINANCE,11.270736517495834,percent,CoinGecko Global,2026-09-06T23:55:48Z,current,source_updated_at,OK
2026-09-06T23:00:00Z,2026-09-06T23:57:58.585595Z,SOFR,3.66,percent,New York Fed Markets API,2026-09-03T00:00:00Z,business_daily,official_effective_date,OK
2026-09-06T23:00:00Z,2026-09-06T23:57:58.585595Z,STABLECOIN_TOTAL_SUPPLY,311574346509.9265,USD,DefiLlama Stablecoins,2026-09-06T23:58:00.320541Z,current,retrieval_time_proxy,OK
2026-09-06T23:00:00Z,2026-09-06T23:57:58.585595Z,TGA_CLOSING_BALANCE,903928.0,USD millions,US Treasury FiscalData:DTS operating_cash_balance,2026-09-03T00:00:00Z,business_daily,official_record_date,OK
2026-09-06T23:00:00Z,2026-09-06T23:57:58.585595Z,US10Y,4.78,percent,US Treasury:daily_treasury_yield_curve,2026-09-04T00:00:00,daily,official_observation_date,OK
2026-09-06T23:00:00Z,2026-09-06T23:57:58.585595Z,US10Y_REAL,2.43,percent,US Treasury:daily_treasury_real_yield_curve,2026-09-04T00:00:00,daily,official_observation_date,OK
2026-09-06T23:00:00Z,2026-09-06T23:57:58.585595Z,US2Y,4.37,percent,US Treasury:daily_treasury_yield_curve,2026-09-04T00:00:00,daily,official_observation_date,OK
2026-09-06T23:00:00Z,2026-09-06T23:57:58.585595Z,US30Y,5.24,percent,US Treasury:daily_treasury_yield_curve,2026-09-04T00:00:00,daily,official_observation_date,OK
2026-09-06T23:00:00Z,2026-09-06T23:57:58.585595Z,USDC_SUPPLY,74712523317.68013,USD,DefiLlama Stablecoins,2026-09-06T23:58:00.320541Z,current,retrieval_time_proxy,OK
2026-09-06T23:00:00Z,2026-09-06T23:57:58.585595Z,USDT_SUPPLY,183372220188.69455,USD,DefiLlama Stablecoins,2026-09-06T23:58:00.320541Z,current,retrieval_time_proxy,OK
2026-09-07T01:00:00Z,2026-09-07T01:59:07.052348Z,BTC_DOMINANCE,59.242239709175074,percent,CoinGecko Global,2026-09-07T01:55:58Z,current,source_updated_at,OK
2026-09-07T01:00:00Z,2026-09-07T01:59:07.052348Z,CRYPTO_24H_VOLUME,70102668870.55078,USD,CoinGecko Global,2026-09-07T01:55:58Z,current,source_updated_at,OK
2026-09-07T01:00:00Z,2026-09-07T01:59:07.052348Z,CRYPTO_TOTAL_MCAP,2703984301018.2544,USD,CoinGecko Global,2026-09-07T01:55:58Z,current,source_updated_at,OK
2026-09-07T01:00:00Z,2026-09-07T01:59:07.052348Z,EFFR,3.63,percent,New York Fed Markets API,2026-09-03T00:00:00Z,business_daily,official_effective_date,OK
2026-09-07T01:00:00Z,2026-09-07T01:59:07.052348Z,ETH_DOMINANCE,11.274352365813971,percent,CoinGecko Global,2026-09-07T01:55:58Z,current,source_updated_at,OK
2026-09-07T01:00:00Z,2026-09-07T01:59:07.052348Z,SOFR,3.66,percent,New York Fed Markets API,2026-09-03T00:00:00Z,business_daily,official_effective_date,OK
2026-09-07T01:00:00Z,2026-09-07T01:59:07.052348Z,STABLECOIN_TOTAL_SUPPLY,311339899911.7965,USD,DefiLlama Stablecoins,2026-09-07T01:59:09.146337Z,current,retrieval_time_proxy,OK
2026-09-07T01:00:00Z,2026-09-07T01:59:07.052348Z,TGA_CLOSING_BALANCE,903928.0,USD millions,US Treasury FiscalData:DTS operating_cash_balance,2026-09-03T00:00:00Z,business_daily,official_record_date,OK
2026-09-07T01:00:00Z,2026-09-07T01:59:07.052348Z,US10Y,4.78,percent,US Treasury:daily_treasury_yield_curve,2026-09-04T00:00:00,daily,official_observation_date,OK
2026-09-07T01:00:00Z,2026-09-07T01:59:07.052348Z,US10Y_REAL,2.43,percent,US Treasury:daily_treasury_real_yield_curve,2026-09-04T00:00:00,daily,official_observation_date,OK
2026-09-07T01:00:00Z,2026-09-07T01:59:07.052348Z,US2Y,4.37,percent,US Treasury:daily_treasury_yield_curve,2026-09-04T00:00:00,daily,official_observation_date,OK
2026-09-07T01:00:00Z,2026-09-07T01:59:07.052348Z,US30Y,5.24,percent,US Treasury:daily_treasury_yield_curve,2026-09-04T00:00:00,daily,official_observation_date,OK
2026-09-07T01:00:00Z,2026-09-07T01:59:07.052348Z,USDC_SUPPLY,74709563769.22606,USD,DefiLlama Stablecoins,2026-09-07T01:59:09.146337Z,current,retrieval_time_proxy,OK
2026-09-07T01:00:00Z,2026-09-07T01:59:07.052348Z,USDT_SUPPLY,183369877861.21686,USD,DefiLlama Stablecoins,2026-09-07T01:59:09.146337Z,current,retrieval_time_proxy,OK
2026-09-07T02:00:00Z,2026-09-07T02:58:22.462542Z,BTC_DOMINANCE,59.18763644902156,percent,CoinGecko Global,2026-09-07T02:56:04Z,current,source_updated_at,OK
2026-09-07T02:00:00Z,2026-09-07T02:58:22.462542Z,CRYPTO_24H_VOLUME,71045806470.77098,USD,CoinGecko Global,2026-09-07T02:56:04Z,current,source_updated_at,OK
2026-09-07T02:00:00Z,2026-09-07T02:58:22.462542Z,CRYPTO_TOTAL_MCAP,2707720622833.5303,USD,CoinGecko Global,2026-09-07T02:56:04Z,current,source_updated_at,OK
2026-09-07T02:00:00Z,2026-09-07T02:58:22.462542Z,EFFR,3.63,percent,New York Fed Markets API,2026-09-03T00:00:00Z,business_daily,official_effective_date,OK
2026-09-07T02:00:00Z,2026-09-07T02:58:22.462542Z,ETH_DOMINANCE,11.302169295403626,percent,CoinGecko Global,2026-09-07T02:56:04Z,current,source_updated_at,OK
2026-09-07T02:00:00Z,2026-09-07T02:58:22.462542Z,SOFR,3.66,percent,New York Fed Markets API,2026-09-03T00:00:00Z,business_daily,official_effective_date,OK
2026-09-07T02:00:00Z,2026-09-07T02:58:22.462542Z,STABLECOIN_TOTAL_SUPPLY,311582399823.1594,USD,DefiLlama Stablecoins,2026-09-07T02:58:23.957158Z,current,retrieval_time_proxy,OK
2026-09-07T02:00:00Z,2026-09-07T02:58:22.462542Z,TGA_CLOSING_BALANCE,903928.0,USD millions,US Treasury FiscalData:DTS operating_cash_balance,2026-09-03T00:00:00Z,business_daily,official_record_date,OK
2026-09-07T02:00:00Z,2026-09-07T02:58:22.462542Z,US10Y,4.78,percent,US Treasury:daily_treasury_yield_curve,2026-09-04T00:00:00,daily,official_observation_date,OK
2026-09-07T02:00:00Z,2026-09-07T02:58:22.462542Z,US10Y_REAL,2.43,percent,US Treasury:daily_treasury_real_yield_curve,2026-09-04T00:00:00,daily,official_observation_date,OK
2026-09-07T02:00:00Z,2026-09-07T02:58:22.462542Z,US2Y,4.37,percent,US Treasury:daily_treasury_yield_curve,2026-09-04T00:00:00,daily,official_observation_date,OK
2026-09-07T02:00:00Z,2026-09-07T02:58:22.462542Z,US30Y,5.24,percent,US Treasury:daily_treasury_yield_curve,2026-09-04T00:00:00,daily,official_observation_date,OK
2026-09-07T02:00:00Z,2026-09-07T02:58:22.462542Z,USDC_SUPPLY,74697711718.4286,USD,DefiLlama Stablecoins,2026-09-07T02:58:23.957158Z,current,retrieval_time_proxy,OK
2026-09-07T02:00:00Z,2026-09-07T02:58:22.462542Z,USDT_SUPPLY,183365552535.89377,USD,DefiLlama Stablecoins,2026-09-07T02:58:23.957158Z,current,retrieval_time_proxy,OK
2026-09-07T03:00:00Z,2026-09-07T03:58:33.004938Z,BTC_DOMINANCE,59.18522697592166,percent,CoinGecko Global,2026-09-07T03:56:11Z,current,source_updated_at,OK
2026-09-07T03:00:00Z,2026-09-07T03:58:33.004938Z,CRYPTO_24H_VOLUME,70548422201.6746,USD,CoinGecko Global,2026-09-07T03:56:11Z,current,source_updated_at,OK
2026-09-07T03:00:00Z,2026-09-07T03:58:33.004938Z,CRYPTO_TOTAL_MCAP,2694038259937.3623,USD,CoinGecko Global,2026-09-07T03:56:11Z,current,source_updated_at,OK
2026-09-07T03:00:00Z,2026-09-07T03:58:33.004938Z,EFFR,3.63,percent,New York Fed Markets API,2026-09-03T00:00:00Z,business_daily,official_effective_date,OK
2026-09-07T03:00:00Z,2026-09-07T03:58:33.004938Z,ETH_DOMINANCE,11.285901736097108,percent,CoinGecko Global,2026-09-07T03:56:11Z,current,source_updated_at,OK
2026-09-07T03:00:00Z,2026-09-07T03:58:33.004938Z,SOFR,3.66,percent,New York Fed Markets API,2026-09-03T00:00:00Z,business_daily,official_effective_date,OK
2026-09-07T03:00:00Z,2026-09-07T03:58:33.004938Z,STABLECOIN_TOTAL_SUPPLY,311589915942.5037,USD,DefiLlama Stablecoins,2026-09-07T03:58:35.359935Z,current,retrieval_time_proxy,OK
2026-09-07T03:00:00Z,2026-09-07T03:58:33.004938Z,TGA_CLOSING_BALANCE,903928.0,USD millions,US Treasury FiscalData:DTS operating_cash_balance,2026-09-03T00:00:00Z,business_daily,official_record_date,OK
2026-09-07T03:00:00Z,2026-09-07T03:58:33.004938Z,US10Y,4.78,percent,US Treasury:daily_treasury_yield_curve,2026-09-04T00:00:00,daily,official_observation_date,OK
2026-09-07T03:00:00Z,2026-09-07T03:58:33.004938Z,US10Y_REAL,2.43,percent,US Treasury:daily_treasury_real_yield_curve,2026-09-04T00:00:00,daily,official_observation_date,OK
2026-09-07T03:00:00Z,2026-09-07T03:58:33.004938Z,US2Y,4.37,percent,US Treasury:daily_treasury_yield_curve,2026-09-04T00:00:00,daily,official_observation_date,OK
2026-09-07T03:00:00Z,2026-09-07T03:58:33.004938Z,US30Y,5.24,percent,US Treasury:daily_treasury_yield_curve,2026-09-04T00:00:00,daily,official_observation_date,OK
2026-09-07T03:00:00Z,2026-09-07T03:58:33.004938Z,USDC_SUPPLY,74712472639.13255,USD,DefiLlama Stablecoins,2026-09-07T03:58:35.359935Z,current,retrieval_time_proxy,OK
2026-09-07T03:00:00Z,2026-09-07T03:58:33.004938Z,USDT_SUPPLY,183361576026.43616,USD,DefiLlama Stablecoins,2026-09-07T03:58:35.359935Z,current,retrieval_time_proxy,OK
2026-09-07T04:00:00Z,2026-09-07T04:58:40.824583Z,BTC_DOMINANCE,59.18795620472933,percent,CoinGecko Global,2026-09-07T04:56:15Z,current,source_updated_at,OK
2026-09-07T04:00:00Z,2026-09-07T04:58:40.824583Z,CRYPTO_24H_VOLUME,70844233513.12653,USD,CoinGecko Global,2026-09-07T04:56:15Z,current,source_updated_at,OK
2026-09-07T04:00:00Z,2026-09-07T04:58:40.824583Z,CRYPTO_TOTAL_MCAP,2695122344509.615,USD,CoinGecko Global,2026-09-07T04:56:15Z,current,source_updated_at,OK
2026-09-07T04:00:00Z,2026-09-07T04:58:40.824583Z,EFFR,3.63,percent,New York Fed Markets API,2026-09-03T00:00:00Z,business_daily,official_effective_date,OK
2026-09-07T04:00:00Z,2026-09-07T04:58:40.824583Z,ETH_DOMINANCE,11.26641161058869,percent,CoinGecko Global,2026-09-07T04:56:15Z,current,source_updated_at,OK
2026-09-07T04:00:00Z,2026-09-07T04:58:40.824583Z,SOFR,3.66,percent,New York Fed Markets API,2026-09-03T00:00:00Z,business_daily,official_effective_date,OK
2026-09-07T04:00:00Z,2026-09-07T04:58:40.824583Z,STABLECOIN_TOTAL_SUPPLY,311582132429.5564,USD,DefiLlama Stablecoins,2026-09-07T04:58:42.416178Z,current,retrieval_time_proxy,OK
2026-09-07T04:00:00Z,2026-09-07T04:58:40.824583Z,TGA_CLOSING_BALANCE,903928.0,USD millions,US Treasury FiscalData:DTS operating_cash_balance,2026-09-03T00:00:00Z,business_daily,official_record_date,OK
2026-09-07T04:00:00Z,2026-09-07T04:58:40.824583Z,US10Y,4.78,percent,US Treasury:daily_treasury_yield_curve,2026-09-04T00:00:00,daily,official_observation_date,OK
2026-09-07T04:00:00Z,2026-09-07T04:58:40.824583Z,US10Y_REAL,2.43,percent,US Treasury:daily_treasury_real_yield_curve,2026-09-04T00:00:00,daily,official_observation_date,OK
2026-09-07T04:00:00Z,2026-09-07T04:58:40.824583Z,US2Y,4.37,percent,US Treasury:daily_treasury_yield_curve,2026-09-04T00:00:00,daily,official_observation_date,OK
2026-09-07T04:00:00Z,2026-09-07T04:58:40.824583Z,US30Y,5.24,percent,US Treasury:daily_treasury_yield_curve,2026-09-04T00:00:00,daily,official_observation_date,OK
2026-09-07T04:00:00Z,2026-09-07T04:58:40.824583Z,USDC_SUPPLY,74699845698.45164,USD,DefiLlama Stablecoins,2026-09-07T04:58:42.416178Z,current,retrieval_time_proxy,OK
2026-09-07T04:00:00Z,2026-09-07T04:58:40.824583Z,USDT_SUPPLY,183360150457.17673,USD,DefiLlama Stablecoins,2026-09-07T04:58:42.416178Z,current,retrieval_time_proxy,OK
2026-09-07T05:00:00Z,2026-09-07T05:58:20.134446Z,BTC_DOMINANCE,59.158445301517084,percent,CoinGecko Global,2026-09-07T05:56:20Z,current,source_updated_at,OK
2026-09-07T05:00:00Z,2026-09-07T05:58:20.134446Z,CRYPTO_24H_VOLUME,70476405313.99416,USD,CoinGecko Global,2026-09-07T05:56:20Z,current,source_updated_at,OK
2026-09-07T05:00:00Z,2026-09-07T05:58:20.134446Z,CRYPTO_TOTAL_MCAP,2700229102346.444,USD,CoinGecko Global,2026-09-07T05:56:20Z,current,source_updated_at,OK
2026-09-07T05:00:00Z,2026-09-07T05:58:20.134446Z,EFFR,3.63,percent,New York Fed Markets API,2026-09-03T00:00:00Z,business_daily,official_effective_date,OK
2026-09-07T05:00:00Z,2026-09-07T05:58:20.134446Z,ETH_DOMINANCE,11.290755826130193,percent,CoinGecko Global,2026-09-07T05:56:20Z,current,source_updated_at,OK
2026-09-07T05:00:00Z,2026-09-07T05:58:20.134446Z,SOFR,3.66,percent,New York Fed Markets API,2026-09-03T00:00:00Z,business_daily,official_effective_date,OK
2026-09-07T05:00:00Z,2026-09-07T05:58:20.134446Z,STABLECOIN_TOTAL_SUPPLY,311541062297.99744,USD,DefiLlama Stablecoins,2026-09-07T05:58:21.928784Z,current,retrieval_time_proxy,OK
2026-09-07T05:00:00Z,2026-09-07T05:58:20.134446Z,TGA_CLOSING_BALANCE,903928.0,USD millions,US Treasury FiscalData:DTS operating_cash_balance,2026-09-03T00:00:00Z,business_daily,official_record_date,OK
2026-09-07T05:00:00Z,2026-09-07T05:58:20.134446Z,US10Y,4.78,percent,US Treasury:daily_treasury_yield_curve,2026-09-04T00:00:00,daily,official_observation_date,OK
2026-09-07T05:00:00Z,2026-09-07T05:58:20.134446Z,US10Y_REAL,2.43,percent,US Treasury:daily_treasury_real_yield_curve,2026-09-04T00:00:00,daily,official_observation_date,OK
2026-09-07T05:00:00Z,2026-09-07T05:58:20.134446Z,US2Y,4.37,percent,US Treasury:daily_treasury_yield_curve,2026-09-04T00:00:00,daily,official_observation_date,OK
2026-09-07T05:00:00Z,2026-09-07T05:58:20.134446Z,US30Y,5.24,percent,US Treasury:daily_treasury_yield_curve,2026-09-04T00:00:00,daily,official_observation_date,OK
2026-09-07T05:00:00Z,2026-09-07T05:58:20.134446Z,USDC_SUPPLY,74662557769.76137,USD,DefiLlama Stablecoins,2026-09-07T05:58:21.928784Z,current,retrieval_time_proxy,OK
2026-09-07T05:00:00Z,2026-09-07T05:58:20.134446Z,USDT_SUPPLY,183352881141.25513,USD,DefiLlama Stablecoins,2026-09-07T05:58:21.928784Z,current,retrieval_time_proxy,OK
2026-09-07T06:00:00Z,2026-09-07T06:30:13.199619Z,BTC_DOMINANCE,59.14295202189265,percent,CoinGecko Global,2026-09-07T06:26:23Z,current,source_updated_at,OK
2026-09-07T06:00:00Z,2026-09-07T06:30:13.199619Z,CRYPTO_24H_VOLUME,70124986148.51324,USD,CoinGecko Global,2026-09-07T06:26:23Z,current,source_updated_at,OK
2026-09-07T06:00:00Z,2026-09-07T06:30:13.199619Z,CRYPTO_TOTAL_MCAP,2701690950254.179,USD,CoinGecko Global,2026-09-07T06:26:23Z,current,source_updated_at,OK
2026-09-07T06:00:00Z,2026-09-07T06:30:13.199619Z,EFFR,3.63,percent,New York Fed Markets API,2026-09-03T00:00:00Z,business_daily,official_effective_date,OK
2026-09-07T06:00:00Z,2026-09-07T06:30:13.199619Z,ETH_DOMINANCE,11.291160753379648,percent,CoinGecko Global,2026-09-07T06:26:23Z,current,source_updated_at,OK
2026-09-07T06:00:00Z,2026-09-07T06:30:13.199619Z,SOFR,3.66,percent,New York Fed Markets API,2026-09-03T00:00:00Z,business_daily,official_effective_date,OK
2026-09-07T06:00:00Z,2026-09-07T06:30:13.199619Z,STABLECOIN_TOTAL_SUPPLY,311569776127.6699,USD,DefiLlama Stablecoins,2026-09-07T06:30:14.470186Z,current,retrieval_time_proxy,OK
2026-09-07T06:00:00Z,2026-09-07T06:30:13.199619Z,TGA_CLOSING_BALANCE,903928.0,USD millions,US Treasury FiscalData:DTS operating_cash_balance,2026-09-03T00:00:00Z,business_daily,official_record_date,OK
2026-09-07T06:00:00Z,2026-09-07T06:30:13.199619Z,US10Y,4.78,percent,US Treasury:daily_treasury_yield_curve,2026-09-04T00:00:00,daily,official_observation_date,OK
2026-09-07T06:00:00Z,2026-09-07T06:30:13.199619Z,US10Y_REAL,2.43,percent,US Treasury:daily_treasury_real_yield_curve,2026-09-04T00:00:00,daily,official_observation_date,OK
2026-09-07T06:00:00Z,2026-09-07T06:30:13.199619Z,US2Y,4.37,percent,US Treasury:daily_treasury_yield_curve,2026-09-04T00:00:00,daily,official_observation_date,OK
2026-09-07T06:00:00Z,2026-09-07T06:30:13.199619Z,US30Y,5.24,percent,US Treasury:daily_treasury_yield_curve,2026-09-04T00:00:00,daily,official_observation_date,OK
2026-09-07T06:00:00Z,2026-09-07T06:30:13.199619Z,USDC_SUPPLY,74685396674.53903,USD,DefiLlama Stablecoins,2026-09-07T06:30:14.470186Z,current,retrieval_time_proxy,OK
2026-09-07T06:00:00Z,2026-09-07T06:30:13.199619Z,USDT_SUPPLY,183356640806.85367,USD,DefiLlama Stablecoins,2026-09-07T06:30:14.470186Z,current,retrieval_time_proxy,OK
2026-09-07T07:00:00Z,2026-09-07T07:59:29.359869Z,BTC_DOMINANCE,59.157225305247806,percent,CoinGecko Global,2026-09-07T07:56:29Z,current,source_updated_at,OK
2026-09-07T07:00:00Z,2026-09-07T07:59:29.359869Z,CRYPTO_24H_VOLUME,72369333469.72176,USD,CoinGecko Global,2026-09-07T07:56:29Z,current,source_updated_at,OK
2026-09-07T07:00:00Z,2026-09-07T07:59:29.359869Z,CRYPTO_TOTAL_MCAP,2687534773574.245,USD,CoinGecko Global,2026-09-07T07:56:29Z,current,source_updated_at,OK
2026-09-07T07:00:00Z,2026-09-07T07:59:29.359869Z,EFFR,3.63,percent,New York Fed Markets API,2026-09-03T00:00:00Z,business_daily,official_effective_date,OK
2026-09-07T07:00:00Z,2026-09-07T07:59:29.359869Z,ETH_DOMINANCE,11.264656803933926,percent,CoinGecko Global,2026-09-07T07:56:29Z,current,source_updated_at,OK
2026-09-07T07:00:00Z,2026-09-07T07:59:29.359869Z,SOFR,3.66,percent,New York Fed Markets API,2026-09-03T00:00:00Z,business_daily,official_effective_date,OK
2026-09-07T07:00:00Z,2026-09-07T07:59:29.359869Z,STABLECOIN_TOTAL_SUPPLY,311545946903.90076,USD,DefiLlama Stablecoins,2026-09-07T07:59:30.969937Z,current,retrieval_time_proxy,OK
2026-09-07T07:00:00Z,2026-09-07T07:59:29.359869Z,TGA_CLOSING_BALANCE,903928.0,USD millions,US Treasury FiscalData:DTS operating_cash_balance,2026-09-03T00:00:00Z,business_daily,official_record_date,OK
2026-09-07T07:00:00Z,2026-09-07T07:59:29.359869Z,US10Y,4.78,percent,US Treasury:daily_treasury_yield_curve,2026-09-04T00:00:00,daily,official_observation_date,OK
2026-09-07T07:00:00Z,2026-09-07T07:59:29.359869Z,US10Y_REAL,2.43,percent,US Treasury:daily_treasury_real_yield_curve,2026-09-04T00:00:00,daily,official_observation_date,OK
2026-09-07T07:00:00Z,2026-09-07T07:59:29.359869Z,US2Y,4.37,percent,US Treasury:daily_treasury_yield_curve,2026-09-04T00:00:00,daily,official_observation_date,OK
2026-09-07T07:00:00Z,2026-09-07T07:59:29.359869Z,US30Y,5.24,percent,US Treasury:daily_treasury_yield_curve,2026-09-04T00:00:00,daily,official_observation_date,OK
2026-09-07T07:00:00Z,2026-09-07T07:59:29.359869Z,USDC_SUPPLY,74661263983.87512,USD,DefiLlama Stablecoins,2026-09-07T07:59:30.969937Z,current,retrieval_time_proxy,OK
2026-09-07T07:00:00Z,2026-09-07T07:59:29.359869Z,USDT_SUPPLY,183359091920.06757,USD,DefiLlama Stablecoins,2026-09-07T07:59:30.969937Z,current,retrieval_time_proxy,OK
2026-09-07T08:00:00Z,2026-09-07T08:59:32.155865Z,BTC_DOMINANCE,59.12618731061826,percent,CoinGecko Global,2026-09-07T08:56:35Z,current,source_updated_at,OK
2026-09-07T08:00:00Z,2026-09-07T08:59:32.155865Z,CRYPTO_24H_VOLUME,4.364974246430811e+16,USD,CoinGecko Global,2026-09-07T08:56:35Z,current,source_updated_at,OK
2026-09-07T08:00:00Z,2026-09-07T08:59:32.155865Z,CRYPTO_TOTAL_MCAP,2688862008121.2627,USD,CoinGecko Global,2026-09-07T08:56:35Z,current,source_updated_at,OK
2026-09-07T08:00:00Z,2026-09-07T08:59:32.155865Z,EFFR,3.63,percent,New York Fed Markets API,2026-09-03T00:00:00Z,business_daily,official_effective_date,OK
2026-09-07T08:00:00Z,2026-09-07T08:59:32.155865Z,ETH_DOMINANCE,11.271317156566427,percent,CoinGecko Global,2026-09-07T08:56:35Z,current,source_updated_at,OK
2026-09-07T08:00:00Z,2026-09-07T08:59:32.155865Z,SOFR,3.66,percent,New York Fed Markets API,2026-09-03T00:00:00Z,business_daily,official_effective_date,OK
2026-09-07T08:00:00Z,2026-09-07T08:59:32.155865Z,STABLECOIN_TOTAL_SUPPLY,311554076415.6212,USD,DefiLlama Stablecoins,2026-09-07T08:59:34.877610Z,current,retrieval_time_proxy,OK
2026-09-07T08:00:00Z,2026-09-07T08:59:32.155865Z,TGA_CLOSING_BALANCE,903928.0,USD millions,US Treasury FiscalData:DTS operating_cash_balance,2026-09-03T00:00:00Z,business_daily,official_record_date,OK
2026-09-07T08:00:00Z,2026-09-07T08:59:32.155865Z,US10Y,4.78,percent,US Treasury:daily_treasury_yield_curve,2026-09-04T00:00:00,daily,official_observation_date,OK
2026-09-07T08:00:00Z,2026-09-07T08:59:32.155865Z,US10Y_REAL,2.43,percent,US Treasury:daily_treasury_real_yield_curve,2026-09-04T00:00:00,daily,official_observation_date,OK
2026-09-07T08:00:00Z,2026-09-07T08:59:32.155865Z,US2Y,4.37,percent,US Treasury:daily_treasury_yield_curve,2026-09-04T00:00:00,daily,official_observation_date,OK
2026-09-07T08:00:00Z,2026-09-07T08:59:32.155865Z,US30Y,5.24,percent,US Treasury:daily_treasury_yield_curve,2026-09-04T00:00:00,daily,official_observation_date,OK
2026-09-07T08:00:00Z,2026-09-07T08:59:32.155865Z,USDC_SUPPLY,74666575631.82188,USD,DefiLlama Stablecoins,2026-09-07T08:59:34.877610Z,current,retrieval_time_proxy,OK
2026-09-07T08:00:00Z,2026-09-07T08:59:32.155865Z,USDT_SUPPLY,183357354989.1724,USD,DefiLlama Stablecoins,2026-09-07T08:59:34.877610Z,current,retrieval_time_proxy,OK
2026-09-07T09:00:00Z,2026-09-07T09:59:27.519557Z,BTC_DOMINANCE,59.13218745567727,percent,CoinGecko Global,2026-09-07T09:56:40Z,current,source_updated_at,OK
2026-09-07T09:00:00Z,2026-09-07T09:59:27.519557Z,CRYPTO_24H_VOLUME,3.725593487725873e+16,USD,CoinGecko Global,2026-09-07T09:56:40Z,current,source_updated_at,OK
2026-09-07T09:00:00Z,2026-09-07T09:59:27.519557Z,CRYPTO_TOTAL_MCAP,2686730678546.7515,USD,CoinGecko Global,2026-09-07T09:56:40Z,current,source_updated_at,OK
2026-09-07T09:00:00Z,2026-09-07T09:59:27.519557Z,EFFR,3.63,percent,New York Fed Markets API,2026-09-03T00:00:00Z,business_daily,official_effective_date,OK
2026-09-07T09:00:00Z,2026-09-07T09:59:27.519557Z,ETH_DOMINANCE,11.264175815787251,percent,CoinGecko Global,2026-09-07T09:56:40Z,current,source_updated_at,OK
2026-09-07T09:00:00Z,2026-09-07T09:59:27.519557Z,SOFR,3.66,percent,New York Fed Markets API,2026-09-03T00:00:00Z,business_daily,official_effective_date,OK
2026-09-07T09:00:00Z,2026-09-07T09:59:27.519557Z,STABLECOIN_TOTAL_SUPPLY,311576349229.1281,USD,DefiLlama Stablecoins,2026-09-07T09:59:29.442741Z,current,retrieval_time_proxy,OK
2026-09-07T09:00:00Z,2026-09-07T09:59:27.519557Z,TGA_CLOSING_BALANCE,903928.0,USD millions,US Treasury FiscalData:DTS operating_cash_balance,2026-09-03T00:00:00Z,business_daily,official_record_date,OK
2026-09-07T09:00:00Z,2026-09-07T09:59:27.519557Z,US10Y,4.78,percent,US Treasury:daily_treasury_yield_curve,2026-09-04T00:00:00,daily,official_observation_date,OK
2026-09-07T09:00:00Z,2026-09-07T09:59:27.519557Z,US10Y_REAL,2.43,percent,US Treasury:daily_treasury_real_yield_curve,2026-09-04T00:00:00,daily,official_observation_date,OK
2026-09-07T09:00:00Z,2026-09-07T09:59:27.519557Z,US2Y,4.37,percent,US Treasury:daily_treasury_yield_curve,2026-09-04T00:00:00,daily,official_observation_date,OK
2026-09-07T09:00:00Z,2026-09-07T09:59:27.519557Z,US30Y,5.24,percent,US Treasury:daily_treasury_yield_curve,2026-09-04T00:00:00,daily,official_observation_date,OK
2026-09-07T09:00:00Z,2026-09-07T09:59:27.519557Z,USDC_SUPPLY,74676875414.19835,USD,DefiLlama Stablecoins,2026-09-07T09:59:29.442741Z,current,retrieval_time_proxy,OK
2026-09-07T09:00:00Z,2026-09-07T09:59:27.519557Z,USDT_SUPPLY,183359004900.3321,USD,DefiLlama Stablecoins,2026-09-07T09:59:29.442741Z,current,retrieval_time_proxy,OK
2026-09-07T10:00:00Z,2026-09-07T10:58:19.822494Z,BTC_DOMINANCE,59.10537387570607,percent,CoinGecko Global,2026-09-07T10:56:44Z,current,source_updated_at,OK
2026-09-07T10:00:00Z,2026-09-07T10:58:19.822494Z,CRYPTO_24H_VOLUME,73237783787.45544,USD,CoinGecko Global,2026-09-07T10:56:44Z,current,source_updated_at,OK
2026-09-07T10:00:00Z,2026-09-07T10:58:19.822494Z,CRYPTO_TOTAL_MCAP,2689837250224.421,USD,CoinGecko Global,2026-09-07T10:56:44Z,current,source_updated_at,OK
2026-09-07T10:00:00Z,2026-09-07T10:58:19.822494Z,EFFR,3.63,percent,New York Fed Markets API,2026-09-03T00:00:00Z,business_daily,official_effective_date,OK
2026-09-07T10:00:00Z,2026-09-07T10:58:19.822494Z,ETH_DOMINANCE,11.268034266399239,percent,CoinGecko Global,2026-09-07T10:56:44Z,current,source_updated_at,OK
2026-09-07T10:00:00Z,2026-09-07T10:58:19.822494Z,SOFR,3.66,percent,New York Fed Markets API,2026-09-03T00:00:00Z,business_daily,official_effective_date,OK
2026-09-07T10:00:00Z,2026-09-07T10:58:19.822494Z,STABLECOIN_TOTAL_SUPPLY,311562341471.89136,USD,DefiLlama Stablecoins,2026-09-07T10:58:21.990862Z,current,retrieval_time_proxy,OK
2026-09-07T10:00:00Z,2026-09-07T10:58:19.822494Z,TGA_CLOSING_BALANCE,903928.0,USD millions,US Treasury FiscalData:DTS operating_cash_balance,2026-09-03T00:00:00Z,business_daily,official_record_date,OK
2026-09-07T10:00:00Z,2026-09-07T10:58:19.822494Z,US10Y,4.78,percent,US Treasury:daily_treasury_yield_curve,2026-09-04T00:00:00,daily,official_observation_date,OK
2026-09-07T10:00:00Z,2026-09-07T10:58:19.822494Z,US10Y_REAL,2.43,percent,US Treasury:daily_treasury_real_yield_curve,2026-09-04T00:00:00,daily,official_observation_date,OK
2026-09-07T10:00:00Z,2026-09-07T10:58:19.822494Z,US2Y,4.37,percent,US Treasury:daily_treasury_yield_curve,2026-09-04T00:00:00,daily,official_observation_date,OK
2026-09-07T10:00:00Z,2026-09-07T10:58:19.822494Z,US30Y,5.24,percent,US Treasury:daily_treasury_yield_curve,2026-09-04T00:00:00,daily,official_observation_date,OK
2026-09-07T10:00:00Z,2026-09-07T10:58:19.822494Z,USDC_SUPPLY,74649903042.51883,USD,DefiLlama Stablecoins,2026-09-07T10:58:21.990862Z,current,retrieval_time_proxy,OK
2026-09-07T10:00:00Z,2026-09-07T10:58:19.822494Z,USDT_SUPPLY,183358981017.5123,USD,DefiLlama Stablecoins,2026-09-07T10:58:21.990862Z,current,retrieval_time_proxy,OK
2026-09-07T11:00:00Z,2026-09-07T11:58:50.351343Z,BTC_DOMINANCE,59.13318949414217,percent,CoinGecko Global,2026-09-07T11:56:48Z,current,source_updated_at,OK
2026-09-07T11:00:00Z,2026-09-07T11:58:50.351343Z,CRYPTO_24H_VOLUME,73691513384.4635,USD,CoinGecko Global,2026-09-07T11:56:48Z,current,source_updated_at,OK
2026-09-07T11:00:00Z,2026-09-07T11:58:50.351343Z,CRYPTO_TOTAL_MCAP,2689585916480.8315,USD,CoinGecko Global,2026-09-07T11:56:48Z,current,source_updated_at,OK
2026-09-07T11:00:00Z,2026-09-07T11:58:50.351343Z,EFFR,3.63,percent,New York Fed Markets API,2026-09-03T00:00:00Z,business_daily,official_effective_date,OK
2026-09-07T11:00:00Z,2026-09-07T11:58:50.351343Z,ETH_DOMINANCE,11.266653559470099,percent,CoinGecko Global,2026-09-07T11:56:48Z,current,source_updated_at,OK
2026-09-07T11:00:00Z,2026-09-07T11:58:50.351343Z,SOFR,3.66,percent,New York Fed Markets API,2026-09-03T00:00:00Z,business_daily,official_effective_date,OK
2026-09-07T11:00:00Z,2026-09-07T11:58:50.351343Z,STABLECOIN_TOTAL_SUPPLY,311520266316.2759,USD,DefiLlama Stablecoins,2026-09-07T11:58:51.897289Z,current,retrieval_time_proxy,OK
2026-09-07T11:00:00Z,2026-09-07T11:58:50.351343Z,TGA_CLOSING_BALANCE,903928.0,USD millions,US Treasury FiscalData:DTS operating_cash_balance,2026-09-03T00:00:00Z,business_daily,official_record_date,OK
2026-09-07T11:00:00Z,2026-09-07T11:58:50.351343Z,US10Y,4.78,percent,US Treasury:daily_treasury_yield_curve,2026-09-04T00:00:00,daily,official_observation_date,OK
2026-09-07T11:00:00Z,2026-09-07T11:58:50.351343Z,US10Y_REAL,2.43,percent,US Treasury:daily_treasury_real_yield_curve,2026-09-04T00:00:00,daily,official_observation_date,OK
2026-09-07T11:00:00Z,2026-09-07T11:58:50.351343Z,US2Y,4.37,percent,US Treasury:daily_treasury_yield_curve,2026-09-04T00:00:00,daily,official_observation_date,OK
2026-09-07T11:00:00Z,2026-09-07T11:58:50.351343Z,US30Y,5.24,percent,US Treasury:daily_treasury_yield_curve,2026-09-04T00:00:00,daily,official_observation_date,OK
2026-09-07T11:00:00Z,2026-09-07T11:58:50.351343Z,USDC_SUPPLY,74598158996.77133,USD,DefiLlama Stablecoins,2026-09-07T11:58:51.897289Z,current,retrieval_time_proxy,OK
2026-09-07T11:00:00Z,2026-09-07T11:58:50.351343Z,USDT_SUPPLY,183368491097.9481,USD,DefiLlama Stablecoins,2026-09-07T11:58:51.897289Z,current,retrieval_time_proxy,OK
2026-09-07T13:00:00Z,2026-09-07T13:59:20.833800Z,BTC_DOMINANCE,59.05155703888941,percent,CoinGecko Global,2026-09-07T13:56:57Z,current,source_updated_at,OK
2026-09-07T13:00:00Z,2026-09-07T13:59:20.833800Z,CRYPTO_24H_VOLUME,74936021137.60143,USD,CoinGecko Global,2026-09-07T13:56:57Z,current,source_updated_at,OK
2026-09-07T13:00:00Z,2026-09-07T13:59:20.833800Z,CRYPTO_TOTAL_MCAP,2693455747914.5835,USD,CoinGecko Global,2026-09-07T13:56:57Z,current,source_updated_at,OK
2026-09-07T13:00:00Z,2026-09-07T13:59:20.833800Z,EFFR,3.63,percent,New York Fed Markets API,2026-09-03T00:00:00Z,business_daily,official_effective_date,OK
2026-09-07T13:00:00Z,2026-09-07T13:59:20.833800Z,ETH_DOMINANCE,11.303750966903653,percent,CoinGecko Global,2026-09-07T13:56:57Z,current,source_updated_at,OK
2026-09-07T13:00:00Z,2026-09-07T13:59:20.833800Z,SOFR,3.66,percent,New York Fed Markets API,2026-09-03T00:00:00Z,business_daily,official_effective_date,OK
2026-09-07T13:00:00Z,2026-09-07T13:59:20.833800Z,STABLECOIN_TOTAL_SUPPLY,311303500717.17535,USD,DefiLlama Stablecoins,2026-09-07T13:59:22.176813Z,current,retrieval_time_proxy,OK
2026-09-07T13:00:00Z,2026-09-07T13:59:20.833800Z,TGA_CLOSING_BALANCE,903928.0,USD millions,US Treasury FiscalData:DTS operating_cash_balance,2026-09-03T00:00:00Z,business_daily,official_record_date,OK
2026-09-07T13:00:00Z,2026-09-07T13:59:20.833800Z,US10Y,4.78,percent,US Treasury:daily_treasury_yield_curve,2026-09-04T00:00:00,daily,official_observation_date,OK
2026-09-07T13:00:00Z,2026-09-07T13:59:20.833800Z,US10Y_REAL,2.43,percent,US Treasury:daily_treasury_real_yield_curve,2026-09-04T00:00:00,daily,official_observation_date,OK
2026-09-07T13:00:00Z,2026-09-07T13:59:20.833800Z,US2Y,4.37,percent,US Treasury:daily_treasury_yield_curve,2026-09-04T00:00:00,daily,official_observation_date,OK
2026-09-07T13:00:00Z,2026-09-07T13:59:20.833800Z,US30Y,5.24,percent,US Treasury:daily_treasury_yield_curve,2026-09-04T00:00:00,daily,official_observation_date,OK
2026-09-07T13:00:00Z,2026-09-07T13:59:20.833800Z,USDC_SUPPLY,74378007516.34729,USD,DefiLlama Stablecoins,2026-09-07T13:59:22.176813Z,current,retrieval_time_proxy,OK
2026-09-07T13:00:00Z,2026-09-07T13:59:20.833800Z,USDT_SUPPLY,183366617059.50845,USD,DefiLlama Stablecoins,2026-09-07T13:59:22.176813Z,current,retrieval_time_proxy,OK
2026-09-07T14:00:00Z,2026-09-07T14:59:54.859348Z,BTC_DOMINANCE,59.06788389950921,percent,CoinGecko Global,2026-09-07T14:57:01Z,current,source_updated_at,OK
2026-09-07T14:00:00Z,2026-09-07T14:59:54.859348Z,CRYPTO_24H_VOLUME,74132003803.21208,USD,CoinGecko Global,2026-09-07T14:57:01Z,current,source_updated_at,OK
2026-09-07T14:00:00Z,2026-09-07T14:59:54.859348Z,CRYPTO_TOTAL_MCAP,2689274453054.504,USD,CoinGecko Global,2026-09-07T14:57:01Z,current,source_updated_at,OK
2026-09-07T14:00:00Z,2026-09-07T14:59:54.859348Z,EFFR,3.63,percent,New York Fed Markets API,2026-09-03T00:00:00Z,business_daily,official_effective_date,OK
2026-09-07T14:00:00Z,2026-09-07T14:59:54.859348Z,ETH_DOMINANCE,11.277224236237693,percent,CoinGecko Global,2026-09-07T14:57:01Z,current,source_updated_at,OK
2026-09-07T14:00:00Z,2026-09-07T14:59:54.859348Z,SOFR,3.66,percent,New York Fed Markets API,2026-09-03T00:00:00Z,business_daily,official_effective_date,OK
2026-09-07T14:00:00Z,2026-09-07T14:59:54.859348Z,STABLECOIN_TOTAL_SUPPLY,311316660352.8587,USD,DefiLlama Stablecoins,2026-09-07T14:59:56.941736Z,current,retrieval_time_proxy,OK
2026-09-07T14:00:00Z,2026-09-07T14:59:54.859348Z,TGA_CLOSING_BALANCE,903928.0,USD millions,US Treasury FiscalData:DTS operating_cash_balance,2026-09-03T00:00:00Z,business_daily,official_record_date,OK
2026-09-07T14:00:00Z,2026-09-07T14:59:54.859348Z,US10Y,4.78,percent,US Treasury:daily_treasury_yield_curve,2026-09-04T00:00:00,daily,official_observation_date,OK
2026-09-07T14:00:00Z,2026-09-07T14:59:54.859348Z,US10Y_REAL,2.43,percent,US Treasury:daily_treasury_real_yield_curve,2026-09-04T00:00:00,daily,official_observation_date,OK
2026-09-07T14:00:00Z,2026-09-07T14:59:54.859348Z,US2Y,4.37,percent,US Treasury:daily_treasury_yield_curve,2026-09-04T00:00:00,daily,official_observation_date,OK
2026-09-07T14:00:00Z,2026-09-07T14:59:54.859348Z,US30Y,5.24,percent,US Treasury:daily_treasury_yield_curve,2026-09-04T00:00:00,daily,official_observation_date,OK
2026-09-07T14:00:00Z,2026-09-07T14:59:54.859348Z,USDC_SUPPLY,74389805247.84769,USD,DefiLlama Stablecoins,2026-09-07T14:59:56.941736Z,current,retrieval_time_proxy,OK
2026-09-07T14:00:00Z,2026-09-07T14:59:54.859348Z,USDT_SUPPLY,183358722203.71796,USD,DefiLlama Stablecoins,2026-09-07T14:59:56.941736Z,current,retrieval_time_proxy,OK
2026-09-07T15:00:00Z,2026-09-07T15:59:06.892483Z,BTC_DOMINANCE,59.132604725516494,percent,CoinGecko Global,2026-09-07T15:57:06Z,current,source_updated_at,OK
2026-09-07T15:00:00Z,2026-09-07T15:59:06.892483Z,CRYPTO_24H_VOLUME,75557431504.23166,USD,CoinGecko Global,2026-09-07T15:57:06Z,current,source_updated_at,OK
2026-09-07T15:00:00Z,2026-09-07T15:59:06.892483Z,CRYPTO_TOTAL_MCAP,2669422246528.565,USD,CoinGecko Global,2026-09-07T15:57:06Z,current,source_updated_at,OK
2026-09-07T15:00:00Z,2026-09-07T15:59:06.892483Z,EFFR,3.63,percent,New York Fed Markets API,2026-09-03T00:00:00Z,business_daily,official_effective_date,OK
2026-09-07T15:00:00Z,2026-09-07T15:59:06.892483Z,ETH_DOMINANCE,11.271947915892351,percent,CoinGecko Global,2026-09-07T15:57:06Z,current,source_updated_at,OK
2026-09-07T15:00:00Z,2026-09-07T15:59:06.892483Z,SOFR,3.66,percent,New York Fed Markets API,2026-09-03T00:00:00Z,business_daily,official_effective_date,OK
2026-09-07T15:00:00Z,2026-09-07T15:59:06.892483Z,STABLECOIN_TOTAL_SUPPLY,311355383468.56744,USD,DefiLlama Stablecoins,2026-09-07T15:59:09.134598Z,current,retrieval_time_proxy,OK
2026-09-07T15:00:00Z,2026-09-07T15:59:06.892483Z,TGA_CLOSING_BALANCE,903928.0,USD millions,US Treasury FiscalData:DTS operating_cash_balance,2026-09-03T00:00:00Z,business_daily,official_record_date,OK
2026-09-07T15:00:00Z,2026-09-07T15:59:06.892483Z,US10Y,4.78,percent,US Treasury:daily_treasury_yield_curve,2026-09-04T00:00:00,daily,official_observation_date,OK
2026-09-07T15:00:00Z,2026-09-07T15:59:06.892483Z,US10Y_REAL,2.43,percent,US Treasury:daily_treasury_real_yield_curve,2026-09-04T00:00:00,daily,official_observation_date,OK
2026-09-07T15:00:00Z,2026-09-07T15:59:06.892483Z,US2Y,4.37,percent,US Treasury:daily_treasury_yield_curve,2026-09-04T00:00:00,daily,official_observation_date,OK
2026-09-07T15:00:00Z,2026-09-07T15:59:06.892483Z,US30Y,5.24,percent,US Treasury:daily_treasury_yield_curve,2026-09-04T00:00:00,daily,official_observation_date,OK
2026-09-07T15:00:00Z,2026-09-07T15:59:06.892483Z,USDC_SUPPLY,74441247169.71022,USD,DefiLlama Stablecoins,2026-09-07T15:59:09.134598Z,current,retrieval_time_proxy,OK
2026-09-07T15:00:00Z,2026-09-07T15:59:06.892483Z,USDT_SUPPLY,183383684794.94507,USD,DefiLlama Stablecoins,2026-09-07T15:59:09.134598Z,current,retrieval_time_proxy,OK
2026-09-07T16:00:00Z,2026-09-07T16:58:46.478971Z,BTC_DOMINANCE,59.08943916630483,percent,CoinGecko Global,2026-09-07T16:57:11Z,current,source_updated_at,OK
2026-09-07T16:00:00Z,2026-09-07T16:58:46.478971Z,CRYPTO_24H_VOLUME,76821790902.1341,USD,CoinGecko Global,2026-09-07T16:57:11Z,current,source_updated_at,OK
2026-09-07T16:00:00Z,2026-09-07T16:58:46.478971Z,CRYPTO_TOTAL_MCAP,2677233156735.474,USD,CoinGecko Global,2026-09-07T16:57:11Z,current,source_updated_at,OK
2026-09-07T16:00:00Z,2026-09-07T16:58:46.478971Z,EFFR,3.63,percent,New York Fed Markets API,2026-09-03T00:00:00Z,business_daily,official_effective_date,OK
2026-09-07T16:00:00Z,2026-09-07T16:58:46.478971Z,ETH_DOMINANCE,11.279195581697811,percent,CoinGecko Global,2026-09-07T16:57:11Z,current,source_updated_at,OK
2026-09-07T16:00:00Z,2026-09-07T16:58:46.478971Z,SOFR,3.66,percent,New York Fed Markets API,2026-09-03T00:00:00Z,business_daily,official_effective_date,OK
2026-09-07T16:00:00Z,2026-09-07T16:58:46.478971Z,STABLECOIN_TOTAL_SUPPLY,311344781223.25574,USD,DefiLlama Stablecoins,2026-09-07T16:58:48.058148Z,current,retrieval_time_proxy,OK
2026-09-07T16:00:00Z,2026-09-07T16:58:46.478971Z,TGA_CLOSING_BALANCE,903928.0,USD millions,US Treasury FiscalData:DTS operating_cash_balance,2026-09-03T00:00:00Z,business_daily,official_record_date,OK
2026-09-07T16:00:00Z,2026-09-07T16:58:46.478971Z,US10Y,4.78,percent,US Treasury:daily_treasury_yield_curve,2026-09-04T00:00:00,daily,official_observation_date,OK
2026-09-07T16:00:00Z,2026-09-07T16:58:46.478971Z,US10Y_REAL,2.43,percent,US Treasury:daily_treasury_real_yield_curve,2026-09-04T00:00:00,daily,official_observation_date,OK
2026-09-07T16:00:00Z,2026-09-07T16:58:46.478971Z,US2Y,4.37,percent,US Treasury:daily_treasury_yield_curve,2026-09-04T00:00:00,daily,official_observation_date,OK
2026-09-07T16:00:00Z,2026-09-07T16:58:46.478971Z,US30Y,5.24,percent,US Treasury:daily_treasury_yield_curve,2026-09-04T00:00:00,daily,official_observation_date,OK
2026-09-07T16:00:00Z,2026-09-07T16:58:46.478971Z,USDC_SUPPLY,74435339843.73749,USD,DefiLlama Stablecoins,2026-09-07T16:58:48.058148Z,current,retrieval_time_proxy,OK
2026-09-07T16:00:00Z,2026-09-07T16:58:46.478971Z,USDT_SUPPLY,183380164583.81766,USD,DefiLlama Stablecoins,2026-09-07T16:58:48.058148Z,current,retrieval_time_proxy,OK
2026-09-07T17:00:00Z,2026-09-07T17:57:58.215889Z,BTC_DOMINANCE,59.09187107921847,percent,CoinGecko Global,2026-09-07T17:57:16Z,current,source_updated_at,OK
2026-09-07T17:00:00Z,2026-09-07T17:57:58.215889Z,CRYPTO_24H_VOLUME,76920755651.91043,USD,CoinGecko Global,2026-09-07T17:57:16Z,current,source_updated_at,OK
2026-09-07T17:00:00Z,2026-09-07T17:57:58.215889Z,CRYPTO_TOTAL_MCAP,2683062049439.2603,USD,CoinGecko Global,2026-09-07T17:57:16Z,current,source_updated_at,OK
2026-09-07T17:00:00Z,2026-09-07T17:57:58.215889Z,EFFR,3.63,percent,New York Fed Markets API,2026-09-03T00:00:00Z,business_daily,official_effective_date,OK
2026-09-07T17:00:00Z,2026-09-07T17:57:58.215889Z,ETH_DOMINANCE,11.31781024391639,percent,CoinGecko Global,2026-09-07T17:57:16Z,current,source_updated_at,OK
2026-09-07T17:00:00Z,2026-09-07T17:57:58.215889Z,SOFR,3.66,percent,New York Fed Markets API,2026-09-03T00:00:00Z,business_daily,official_effective_date,OK
2026-09-07T17:00:00Z,2026-09-07T17:57:58.215889Z,STABLECOIN_TOTAL_SUPPLY,311328441265.9449,USD,DefiLlama Stablecoins,2026-09-07T17:58:00.347971Z,current,retrieval_time_proxy,OK
2026-09-07T17:00:00Z,2026-09-07T17:57:58.215889Z,TGA_CLOSING_BALANCE,903928.0,USD millions,US Treasury FiscalData:DTS operating_cash_balance,2026-09-03T00:00:00Z,business_daily,official_record_date,OK
2026-09-07T17:00:00Z,2026-09-07T17:57:58.215889Z,US10Y,4.78,percent,US Treasury:daily_treasury_yield_curve,2026-09-04T00:00:00,daily,official_observation_date,OK
2026-09-07T17:00:00Z,2026-09-07T17:57:58.215889Z,US10Y_REAL,2.43,percent,US Treasury:daily_treasury_real_yield_curve,2026-09-04T00:00:00,daily,official_observation_date,OK
2026-09-07T17:00:00Z,2026-09-07T17:57:58.215889Z,US2Y,4.37,percent,US Treasury:daily_treasury_yield_curve,2026-09-04T00:00:00,daily,official_observation_date,OK
2026-09-07T17:00:00Z,2026-09-07T17:57:58.215889Z,US30Y,5.24,percent,US Treasury:daily_treasury_yield_curve,2026-09-04T00:00:00,daily,official_observation_date,OK
2026-09-07T17:00:00Z,2026-09-07T17:57:58.215889Z,USDC_SUPPLY,74418343457.82474,USD,DefiLlama Stablecoins,2026-09-07T17:58:00.347971Z,current,retrieval_time_proxy,OK
2026-09-07T17:00:00Z,2026-09-07T17:57:58.215889Z,USDT_SUPPLY,183381328655.79517,USD,DefiLlama Stablecoins,2026-09-07T17:58:00.347971Z,current,retrieval_time_proxy,OK
2026-09-07T18:00:00Z,2026-09-07T18:58:47.728087Z,BTC_DOMINANCE,59.12681130057573,percent,CoinGecko Global,2026-09-07T18:57:21Z,current,source_updated_at,OK
2026-09-07T18:00:00Z,2026-09-07T18:58:47.728087Z,CRYPTO_24H_VOLUME,76526007553.32527,USD,CoinGecko Global,2026-09-07T18:57:21Z,current,source_updated_at,OK
2026-09-07T18:00:00Z,2026-09-07T18:58:47.728087Z,CRYPTO_TOTAL_MCAP,2683056409813.482,USD,CoinGecko Global,2026-09-07T18:57:21Z,current,source_updated_at,OK
2026-09-07T18:00:00Z,2026-09-07T18:58:47.728087Z,EFFR,3.63,percent,New York Fed Markets API,2026-09-03T00:00:00Z,business_daily,official_effective_date,OK
2026-09-07T18:00:00Z,2026-09-07T18:58:47.728087Z,ETH_DOMINANCE,11.308927021903095,percent,CoinGecko Global,2026-09-07T18:57:21Z,current,source_updated_at,OK
2026-09-07T18:00:00Z,2026-09-07T18:58:47.728087Z,SOFR,3.66,percent,New York Fed Markets API,2026-09-03T00:00:00Z,business_daily,official_effective_date,OK
2026-09-07T18:00:00Z,2026-09-07T18:58:47.728087Z,STABLECOIN_TOTAL_SUPPLY,311312125436.3391,USD,DefiLlama Stablecoins,2026-09-07T18:58:49.506013Z,current,retrieval_time_proxy,OK
2026-09-07T18:00:00Z,2026-09-07T18:58:47.728087Z,TGA_CLOSING_BALANCE,903928.0,USD millions,US Treasury FiscalData:DTS operating_cash_balance,2026-09-03T00:00:00Z,business_daily,official_record_date,OK
2026-09-07T18:00:00Z,2026-09-07T18:58:47.728087Z,US10Y,4.78,percent,US Treasury:daily_treasury_yield_curve,2026-09-04T00:00:00,daily,official_observation_date,OK
2026-09-07T18:00:00Z,2026-09-07T18:58:47.728087Z,US10Y_REAL,2.43,percent,US Treasury:daily_treasury_real_yield_curve,2026-09-04T00:00:00,daily,official_observation_date,OK
2026-09-07T18:00:00Z,2026-09-07T18:58:47.728087Z,US2Y,4.37,percent,US Treasury:daily_treasury_yield_curve,2026-09-04T00:00:00,daily,official_observation_date,OK
2026-09-07T18:00:00Z,2026-09-07T18:58:47.728087Z,US30Y,5.24,percent,US Treasury:daily_treasury_yield_curve,2026-09-04T00:00:00,daily,official_observation_date,OK
2026-09-07T18:00:00Z,2026-09-07T18:58:47.728087Z,USDC_SUPPLY,74414605872.26115,USD,DefiLlama Stablecoins,2026-09-07T18:58:49.506013Z,current,retrieval_time_proxy,OK
2026-09-07T18:00:00Z,2026-09-07T18:58:47.728087Z,USDT_SUPPLY,183380983269.58966,USD,DefiLlama Stablecoins,2026-09-07T18:58:49.506013Z,current,retrieval_time_proxy,OK
2026-09-07T19:00:00Z,2026-09-07T19:58:03.640662Z,BTC_DOMINANCE,59.12349899333618,percent,CoinGecko Global,2026-09-07T19:57:25Z,current,source_updated_at,OK
2026-09-07T19:00:00Z,2026-09-07T19:58:03.640662Z,CRYPTO_24H_VOLUME,76106179370.1365,USD,CoinGecko Global,2026-09-07T19:57:25Z,current,source_updated_at,OK
2026-09-07T19:00:00Z,2026-09-07T19:58:03.640662Z,CRYPTO_TOTAL_MCAP,2687990550037.3926,USD,CoinGecko Global,2026-09-07T19:57:25Z,current,source_updated_at,OK
2026-09-07T19:00:00Z,2026-09-07T19:58:03.640662Z,EFFR,3.63,percent,New York Fed Markets API,2026-09-03T00:00:00Z,business_daily,official_effective_date,OK
2026-09-07T19:00:00Z,2026-09-07T19:58:03.640662Z,ETH_DOMINANCE,11.295645849520207,percent,CoinGecko Global,2026-09-07T19:57:25Z,current,source_updated_at,OK
2026-09-07T19:00:00Z,2026-09-07T19:58:03.640662Z,SOFR,3.66,percent,New York Fed Markets API,2026-09-03T00:00:00Z,business_daily,official_effective_date,OK
2026-09-07T19:00:00Z,2026-09-07T19:58:03.640662Z,STABLECOIN_TOTAL_SUPPLY,311317851835.3049,USD,DefiLlama Stablecoins,2026-09-07T19:58:06.414593Z,current,retrieval_time_proxy,OK
2026-09-07T19:00:00Z,2026-09-07T19:58:03.640662Z,TGA_CLOSING_BALANCE,903928.0,USD millions,US Treasury FiscalData:DTS operating_cash_balance,2026-09-03T00:00:00Z,business_daily,official_record_date,OK
2026-09-07T19:00:00Z,2026-09-07T19:58:03.640662Z,US10Y,4.78,percent,US Treasury:daily_treasury_yield_curve,2026-09-04T00:00:00,daily,official_observation_date,OK
2026-09-07T19:00:00Z,2026-09-07T19:58:03.640662Z,US10Y_REAL,2.43,percent,US Treasury:daily_treasury_real_yield_curve,2026-09-04T00:00:00,daily,official_observation_date,OK
2026-09-07T19:00:00Z,2026-09-07T19:58:03.640662Z,US2Y,4.37,percent,US Treasury:daily_treasury_yield_curve,2026-09-04T00:00:00,daily,official_observation_date,OK
2026-09-07T19:00:00Z,2026-09-07T19:58:03.640662Z,US30Y,5.24,percent,US Treasury:daily_treasury_yield_curve,2026-09-04T00:00:00,daily,official_observation_date,OK
2026-09-07T19:00:00Z,2026-09-07T19:58:03.640662Z,USDC_SUPPLY,74394177577.7316,USD,DefiLlama Stablecoins,2026-09-07T19:58:06.414593Z,current,retrieval_time_proxy,OK
2026-09-07T19:00:00Z,2026-09-07T19:58:03.640662Z,USDT_SUPPLY,183386667027.69925,USD,DefiLlama Stablecoins,2026-09-07T19:58:06.414593Z,current,retrieval_time_proxy,OK
2026-09-07T20:00:00Z,2026-09-07T20:57:57.979932Z,BTC_DOMINANCE,59.099867189438015,percent,CoinGecko Global,2026-09-07T20:57:29Z,current,source_updated_at,OK
2026-09-07T20:00:00Z,2026-09-07T20:57:57.979932Z,CRYPTO_24H_VOLUME,76241459983.75494,USD,CoinGecko Global,2026-09-07T20:57:29Z,current,source_updated_at,OK
2026-09-07T20:00:00Z,2026-09-07T20:57:57.979932Z,CRYPTO_TOTAL_MCAP,2684920683213.9697,USD,CoinGecko Global,2026-09-07T20:57:29Z,current,source_updated_at,OK
2026-09-07T20:00:00Z,2026-09-07T20:57:57.979932Z,EFFR,3.63,percent,New York Fed Markets API,2026-09-03T00:00:00Z,business_daily,official_effective_date,OK
2026-09-07T20:00:00Z,2026-09-07T20:57:57.979932Z,ETH_DOMINANCE,11.310805435868593,percent,CoinGecko Global,2026-09-07T20:57:29Z,current,source_updated_at,OK
2026-09-07T20:00:00Z,2026-09-07T20:57:57.979932Z,SOFR,3.66,percent,New York Fed Markets API,2026-09-03T00:00:00Z,business_daily,official_effective_date,OK
2026-09-07T20:00:00Z,2026-09-07T20:57:57.979932Z,STABLECOIN_TOTAL_SUPPLY,311309326050.0517,USD,DefiLlama Stablecoins,2026-09-07T20:57:59.314236Z,current,retrieval_time_proxy,OK
2026-09-07T20:00:00Z,2026-09-07T20:57:57.979932Z,TGA_CLOSING_BALANCE,903928.0,USD millions,US Treasury FiscalData:DTS operating_cash_balance,2026-09-03T00:00:00Z,business_daily,official_record_date,OK
2026-09-07T20:00:00Z,2026-09-07T20:57:57.979932Z,US10Y,4.78,percent,US Treasury:daily_treasury_yield_curve,2026-09-04T00:00:00,daily,official_observation_date,OK
2026-09-07T20:00:00Z,2026-09-07T20:57:57.979932Z,US10Y_REAL,2.43,percent,US Treasury:daily_treasury_real_yield_curve,2026-09-04T00:00:00,daily,official_observation_date,OK
2026-09-07T20:00:00Z,2026-09-07T20:57:57.979932Z,US2Y,4.37,percent,US Treasury:daily_treasury_yield_curve,2026-09-04T00:00:00,daily,official_observation_date,OK
2026-09-07T20:00:00Z,2026-09-07T20:57:57.979932Z,US30Y,5.24,percent,US Treasury:daily_treasury_yield_curve,2026-09-04T00:00:00,daily,official_observation_date,OK
2026-09-07T20:00:00Z,2026-09-07T20:57:57.979932Z,USDC_SUPPLY,74392864918.15038,USD,DefiLlama Stablecoins,2026-09-07T20:57:59.314236Z,current,retrieval_time_proxy,OK
2026-09-07T20:00:00Z,2026-09-07T20:57:57.979932Z,USDT_SUPPLY,183383499284.49112,USD,DefiLlama Stablecoins,2026-09-07T20:57:59.314236Z,current,retrieval_time_proxy,OK
2026-09-07T21:00:00Z,2026-09-07T21:57:49.983513Z,BTC_DOMINANCE,59.11212237312486,percent,CoinGecko Global,2026-09-07T21:57:34Z,current,source_updated_at,OK
2026-09-07T21:00:00Z,2026-09-07T21:57:49.983513Z,CRYPTO_24H_VOLUME,75439572970.34038,USD,CoinGecko Global,2026-09-07T21:57:34Z,current,source_updated_at,OK
2026-09-07T21:00:00Z,2026-09-07T21:57:49.983513Z,CRYPTO_TOTAL_MCAP,2683740671962.2163,USD,CoinGecko Global,2026-09-07T21:57:34Z,current,source_updated_at,OK
2026-09-07T21:00:00Z,2026-09-07T21:57:49.983513Z,EFFR,3.63,percent,New York Fed Markets API,2026-09-03T00:00:00Z,business_daily,official_effective_date,OK
2026-09-07T21:00:00Z,2026-09-07T21:57:49.983513Z,ETH_DOMINANCE,11.300824240954908,percent,CoinGecko Global,2026-09-07T21:57:34Z,current,source_updated_at,OK
2026-09-07T21:00:00Z,2026-09-07T21:57:49.983513Z,SOFR,3.66,percent,New York Fed Markets API,2026-09-03T00:00:00Z,business_daily,official_effective_date,OK
2026-09-07T21:00:00Z,2026-09-07T21:57:49.983513Z,STABLECOIN_TOTAL_SUPPLY,311304672980.73175,USD,DefiLlama Stablecoins,2026-09-07T21:57:52.419883Z,current,retrieval_time_proxy,OK
2026-09-07T21:00:00Z,2026-09-07T21:57:49.983513Z,TGA_CLOSING_BALANCE,903928.0,USD millions,US Treasury FiscalData:DTS operating_cash_balance,2026-09-03T00:00:00Z,business_daily,official_record_date,OK
2026-09-07T21:00:00Z,2026-09-07T21:57:49.983513Z,US10Y,4.78,percent,US Treasury:daily_treasury_yield_curve,2026-09-04T00:00:00,daily,official_observation_date,OK
2026-09-07T21:00:00Z,2026-09-07T21:57:49.983513Z,US10Y_REAL,2.43,percent,US Treasury:daily_treasury_real_yield_curve,2026-09-04T00:00:00,daily,official_observation_date,OK
2026-09-07T21:00:00Z,2026-09-07T21:57:49.983513Z,US2Y,4.37,percent,US Treasury:daily_treasury_yield_curve,2026-09-04T00:00:00,daily,official_observation_date,OK
2026-09-07T21:00:00Z,2026-09-07T21:57:49.983513Z,US30Y,5.24,percent,US Treasury:daily_treasury_yield_curve,2026-09-04T00:00:00,daily,official_observation_date,OK
2026-09-07T21:00:00Z,2026-09-07T21:57:49.983513Z,USDC_SUPPLY,74379678140.944,USD,DefiLlama Stablecoins,2026-09-07T21:57:52.419883Z,current,retrieval_time_proxy,OK
2026-09-07T21:00:00Z,2026-09-07T21:57:49.983513Z,USDT_SUPPLY,183387381828.6964,USD,DefiLlama Stablecoins,2026-09-07T21:57:52.419883Z,current,retrieval_time_proxy,OK
2026-09-07T22:00:00Z,2026-09-07T22:57:54.245299Z,BTC_DOMINANCE,59.11251346569873,percent,CoinGecko Global,2026-09-07T22:57:39Z,current,source_updated_at,OK
2026-09-07T22:00:00Z,2026-09-07T22:57:54.245299Z,CRYPTO_24H_VOLUME,75024836422.43962,USD,CoinGecko Global,2026-09-07T22:57:39Z,current,source_updated_at,OK
2026-09-07T22:00:00Z,2026-09-07T22:57:54.245299Z,CRYPTO_TOTAL_MCAP,2674596493467.361,USD,CoinGecko Global,2026-09-07T22:57:39Z,current,source_updated_at,OK
2026-09-07T22:00:00Z,2026-09-07T22:57:54.245299Z,EFFR,3.63,percent,New York Fed Markets API,2026-09-03T00:00:00Z,business_daily,official_effective_date,OK
2026-09-07T22:00:00Z,2026-09-07T22:57:54.245299Z,ETH_DOMINANCE,11.297331010192163,percent,CoinGecko Global,2026-09-07T22:57:39Z,current,source_updated_at,OK
2026-09-07T22:00:00Z,2026-09-07T22:57:54.245299Z,SOFR,3.66,percent,New York Fed Markets API,2026-09-03T00:00:00Z,business_daily,official_effective_date,OK
2026-09-07T22:00:00Z,2026-09-07T22:57:54.245299Z,STABLECOIN_TOTAL_SUPPLY,311278422673.29517,USD,DefiLlama Stablecoins,2026-09-07T22:57:55.703038Z,current,retrieval_time_proxy,OK
2026-09-07T22:00:00Z,2026-09-07T22:57:54.245299Z,TGA_CLOSING_BALANCE,903928.0,USD millions,US Treasury FiscalData:DTS operating_cash_balance,2026-09-03T00:00:00Z,business_daily,official_record_date,OK
2026-09-07T22:00:00Z,2026-09-07T22:57:54.245299Z,US10Y,4.78,percent,US Treasury:daily_treasury_yield_curve,2026-09-04T00:00:00,daily,official_observation_date,OK
2026-09-07T22:00:00Z,2026-09-07T22:57:54.245299Z,US10Y_REAL,2.43,percent,US Treasury:daily_treasury_real_yield_curve,2026-09-04T00:00:00,daily,official_observation_date,OK
2026-09-07T22:00:00Z,2026-09-07T22:57:54.245299Z,US2Y,4.37,percent,US Treasury:daily_treasury_yield_curve,2026-09-04T00:00:00,daily,official_observation_date,OK
2026-09-07T22:00:00Z,2026-09-07T22:57:54.245299Z,US30Y,5.24,percent,US Treasury:daily_treasury_yield_curve,2026-09-04T00:00:00,daily,official_observation_date,OK
2026-09-07T22:00:00Z,2026-09-07T22:57:54.245299Z,USDC_SUPPLY,74367781103.95486,USD,DefiLlama Stablecoins,2026-09-07T22:57:55.703038Z,current,retrieval_time_proxy,OK
2026-09-07T22:00:00Z,2026-09-07T22:57:54.245299Z,USDT_SUPPLY,183374364677.90942,USD,DefiLlama Stablecoins,2026-09-07T22:57:55.703038Z,current,retrieval_time_proxy,OK
2026-09-07T23:00:00Z,2026-09-07T23:57:54.622744Z,BTC_DOMINANCE,59.096977075457666,percent,CoinGecko Global,2026-09-07T23:57:43Z,current,source_updated_at,OK
2026-09-07T23:00:00Z,2026-09-07T23:57:54.622744Z,CRYPTO_24H_VOLUME,73590218152.74619,USD,CoinGecko Global,2026-09-07T23:57:43Z,current,source_updated_at,OK
2026-09-07T23:00:00Z,2026-09-07T23:57:54.622744Z,CRYPTO_TOTAL_MCAP,2680480034921.3154,USD,CoinGecko Global,2026-09-07T23:57:43Z,current,source_updated_at,OK
2026-09-07T23:00:00Z,2026-09-07T23:57:54.622744Z,EFFR,3.63,percent,New York Fed Markets API,2026-09-03T00:00:00Z,business_daily,official_effective_date,OK
2026-09-07T23:00:00Z,2026-09-07T23:57:54.622744Z,ETH_DOMINANCE,11.307405400444228,percent,CoinGecko Global,2026-09-07T23:57:43Z,current,source_updated_at,OK
2026-09-07T23:00:00Z,2026-09-07T23:57:54.622744Z,SOFR,3.66,percent,New York Fed Markets API,2026-09-03T00:00:00Z,business_daily,official_effective_date,OK
2026-09-07T23:00:00Z,2026-09-07T23:57:54.622744Z,STABLECOIN_TOTAL_SUPPLY,311316597494.0921,USD,DefiLlama Stablecoins,2026-09-07T23:57:56.105811Z,current,retrieval_time_proxy,OK
2026-09-07T23:00:00Z,2026-09-07T23:57:54.622744Z,TGA_CLOSING_BALANCE,903928.0,USD millions,US Treasury FiscalData:DTS operating_cash_balance,2026-09-03T00:00:00Z,business_daily,official_record_date,OK
2026-09-07T23:00:00Z,2026-09-07T23:57:54.622744Z,US10Y,4.78,percent,US Treasury:daily_treasury_yield_curve,2026-09-04T00:00:00,daily,official_observation_date,OK
2026-09-07T23:00:00Z,2026-09-07T23:57:54.622744Z,US10Y_REAL,2.43,percent,US Treasury:daily_treasury_real_yield_curve,2026-09-04T00:00:00,daily,official_observation_date,OK
2026-09-07T23:00:00Z,2026-09-07T23:57:54.622744Z,US2Y,4.37,percent,US Treasury:daily_treasury_yield_curve,2026-09-04T00:00:00,daily,official_observation_date,OK
2026-09-07T23:00:00Z,2026-09-07T23:57:54.622744Z,US30Y,5.24,percent,US Treasury:daily_treasury_yield_curve,2026-09-04T00:00:00,daily,official_observation_date,OK
2026-09-07T23:00:00Z,2026-09-07T23:57:54.622744Z,USDC_SUPPLY,74383461860.02486,USD,DefiLlama Stablecoins,2026-09-07T23:57:56.105811Z,current,retrieval_time_proxy,OK
2026-09-07T23:00:00Z,2026-09-07T23:57:54.622744Z,USDT_SUPPLY,183387546875.3909,USD,DefiLlama Stablecoins,2026-09-07T23:57:56.105811Z,current,retrieval_time_proxy,OK
2026-09-08T01:00:00Z,2026-09-08T01:59:27.439422Z,BTC_DOMINANCE,59.09532395813132,percent,CoinGecko Global,2026-09-08T01:57:52Z,current,source_updated_at,OK
2026-09-08T01:00:00Z,2026-09-08T01:59:27.439422Z,CRYPTO_24H_VOLUME,72698871873.38269,USD,CoinGecko Global,2026-09-08T01:57:52Z,current,source_updated_at,OK
2026-09-08T01:00:00Z,2026-09-08T01:59:27.439422Z,CRYPTO_TOTAL_MCAP,2690221028638.2295,USD,CoinGecko Global,2026-09-08T01:57:52Z,current,source_updated_at,OK
2026-09-08T01:00:00Z,2026-09-08T01:59:27.439422Z,EFFR,3.63,percent,New York Fed Markets API,2026-09-03T00:00:00Z,business_daily,official_effective_date,OK
2026-09-08T01:00:00Z,2026-09-08T01:59:27.439422Z,ETH_DOMINANCE,11.320565295165478,percent,CoinGecko Global,2026-09-08T01:57:52Z,current,source_updated_at,OK
2026-09-08T01:00:00Z,2026-09-08T01:59:27.439422Z,SOFR,3.66,percent,New York Fed Markets API,2026-09-03T00:00:00Z,business_daily,official_effective_date,OK
2026-09-08T01:00:00Z,2026-09-08T01:59:27.439422Z,STABLECOIN_TOTAL_SUPPLY,311036945293.6817,USD,DefiLlama Stablecoins,2026-09-08T01:59:28.882705Z,current,retrieval_time_proxy,OK
2026-09-08T01:00:00Z,2026-09-08T01:59:27.439422Z,TGA_CLOSING_BALANCE,903928.0,USD millions,US Treasury FiscalData:DTS operating_cash_balance,2026-09-03T00:00:00Z,business_daily,official_record_date,OK
2026-09-08T01:00:00Z,2026-09-08T01:59:27.439422Z,US10Y,4.78,percent,US Treasury:daily_treasury_yield_curve,2026-09-04T00:00:00,daily,official_observation_date,OK
2026-09-08T01:00:00Z,2026-09-08T01:59:27.439422Z,US10Y_REAL,2.43,percent,US Treasury:daily_treasury_real_yield_curve,2026-09-04T00:00:00,daily,official_observation_date,OK
2026-09-08T01:00:00Z,2026-09-08T01:59:27.439422Z,US2Y,4.37,percent,US Treasury:daily_treasury_yield_curve,2026-09-04T00:00:00,daily,official_observation_date,OK
2026-09-08T01:00:00Z,2026-09-08T01:59:27.439422Z,US30Y,5.24,percent,US Treasury:daily_treasury_yield_curve,2026-09-04T00:00:00,daily,official_observation_date,OK
2026-09-08T01:00:00Z,2026-09-08T01:59:27.439422Z,USDC_SUPPLY,74365566019.78981,USD,DefiLlama Stablecoins,2026-09-08T01:59:28.882705Z,current,retrieval_time_proxy,OK
2026-09-08T01:00:00Z,2026-09-08T01:59:27.439422Z,USDT_SUPPLY,183376271919.64835,USD,DefiLlama Stablecoins,2026-09-08T01:59:28.882705Z,current,retrieval_time_proxy,OK
2026-09-08T02:00:00Z,2026-09-08T02:59:09.736087Z,BTC_DOMINANCE,59.09866532789626,percent,CoinGecko Global,2026-09-08T02:57:56Z,current,source_updated_at,OK
2026-09-08T02:00:00Z,2026-09-08T02:59:09.736087Z,CRYPTO_24H_VOLUME,71550620438.92613,USD,CoinGecko Global,2026-09-08T02:57:56Z,current,source_updated_at,OK
2026-09-08T02:00:00Z,2026-09-08T02:59:09.736087Z,CRYPTO_TOTAL_MCAP,2676291584496.1807,USD,CoinGecko Global,2026-09-08T02:57:56Z,current,source_updated_at,OK
2026-09-08T02:00:00Z,2026-09-08T02:59:09.736087Z,EFFR,3.63,percent,New York Fed Markets API,2026-09-03T00:00:00Z,business_daily,official_effective_date,OK
2026-09-08T02:00:00Z,2026-09-08T02:59:09.736087Z,ETH_DOMINANCE,11.310704043363513,percent,CoinGecko Global,2026-09-08T02:57:56Z,current,source_updated_at,OK
2026-09-08T02:00:00Z,2026-09-08T02:59:09.736087Z,SOFR,3.66,percent,New York Fed Markets API,2026-09-03T00:00:00Z,business_daily,official_effective_date,OK
2026-09-08T02:00:00Z,2026-09-08T02:59:09.736087Z,STABLECOIN_TOTAL_SUPPLY,311283943262.4269,USD,DefiLlama Stablecoins,2026-09-08T02:59:11.762594Z,current,retrieval_time_proxy,OK
2026-09-08T02:00:00Z,2026-09-08T02:59:09.736087Z,TGA_CLOSING_BALANCE,903928.0,USD millions,US Treasury FiscalData:DTS operating_cash_balance,2026-09-03T00:00:00Z,business_daily,official_record_date,OK
2026-09-08T02:00:00Z,2026-09-08T02:59:09.736087Z,US10Y,4.78,percent,US Treasury:daily_treasury_yield_curve,2026-09-04T00:00:00,daily,official_observation_date,OK
2026-09-08T02:00:00Z,2026-09-08T02:59:09.736087Z,US10Y_REAL,2.43,percent,US Treasury:daily_treasury_real_yield_curve,2026-09-04T00:00:00,daily,official_observation_date,OK
2026-09-08T02:00:00Z,2026-09-08T02:59:09.736087Z,US2Y,4.37,percent,US Treasury:daily_treasury_yield_curve,2026-09-04T00:00:00,daily,official_observation_date,OK
2026-09-08T02:00:00Z,2026-09-08T02:59:09.736087Z,US30Y,5.24,percent,US Treasury:daily_treasury_yield_curve,2026-09-04T00:00:00,daily,official_observation_date,OK
2026-09-08T02:00:00Z,2026-09-08T02:59:09.736087Z,USDC_SUPPLY,74371453574.70569,USD,DefiLlama Stablecoins,2026-09-08T02:59:11.762594Z,current,retrieval_time_proxy,OK
2026-09-08T02:00:00Z,2026-09-08T02:59:09.736087Z,USDT_SUPPLY,183374848274.99884,USD,DefiLlama Stablecoins,2026-09-08T02:59:11.762594Z,current,retrieval_time_proxy,OK
2026-09-08T03:00:00Z,2026-09-08T03:58:46.625312Z,BTC_DOMINANCE,59.07431955130298,percent,CoinGecko Global,2026-09-08T03:58:02Z,current,source_updated_at,OK
2026-09-08T03:00:00Z,2026-09-08T03:58:46.625312Z,CRYPTO_24H_VOLUME,72201479524.75438,USD,CoinGecko Global,2026-09-08T03:58:02Z,current,source_updated_at,OK
2026-09-08T03:00:00Z,2026-09-08T03:58:46.625312Z,CRYPTO_TOTAL_MCAP,2673922359334.287,USD,CoinGecko Global,2026-09-08T03:58:02Z,current,source_updated_at,OK
2026-09-08T03:00:00Z,2026-09-08T03:58:46.625312Z,EFFR,3.63,percent,New York Fed Markets API,2026-09-03T00:00:00Z,business_daily,official_effective_date,OK
2026-09-08T03:00:00Z,2026-09-08T03:58:46.625312Z,ETH_DOMINANCE,11.303714157516225,percent,CoinGecko Global,2026-09-08T03:58:02Z,current,source_updated_at,OK
2026-09-08T03:00:00Z,2026-09-08T03:58:46.625312Z,SOFR,3.66,percent,New York Fed Markets API,2026-09-03T00:00:00Z,business_daily,official_effective_date,OK
2026-09-08T03:00:00Z,2026-09-08T03:58:46.625312Z,STABLECOIN_TOTAL_SUPPLY,311296028951.744,USD,DefiLlama Stablecoins,2026-09-08T03:58:48.059691Z,current,retrieval_time_proxy,OK
2026-09-08T03:00:00Z,2026-09-08T03:58:46.625312Z,TGA_CLOSING_BALANCE,903928.0,USD millions,US Treasury FiscalData:DTS operating_cash_balance,2026-09-03T00:00:00Z,business_daily,official_record_date,OK
2026-09-08T03:00:00Z,2026-09-08T03:58:46.625312Z,US10Y,4.78,percent,US Treasury:daily_treasury_yield_curve,2026-09-04T00:00:00,daily,official_observation_date,OK
2026-09-08T03:00:00Z,2026-09-08T03:58:46.625312Z,US10Y_REAL,2.43,percent,US Treasury:daily_treasury_real_yield_curve,2026-09-04T00:00:00,daily,official_observation_date,OK
2026-09-08T03:00:00Z,2026-09-08T03:58:46.625312Z,US2Y,4.37,percent,US Treasury:daily_treasury_yield_curve,2026-09-04T00:00:00,daily,official_observation_date,OK
2026-09-08T03:00:00Z,2026-09-08T03:58:46.625312Z,US30Y,5.24,percent,US Treasury:daily_treasury_yield_curve,2026-09-04T00:00:00,daily,official_observation_date,OK
2026-09-08T03:00:00Z,2026-09-08T03:58:46.625312Z,USDC_SUPPLY,74379357977.31334,USD,DefiLlama Stablecoins,2026-09-08T03:58:48.059691Z,current,retrieval_time_proxy,OK
2026-09-08T03:00:00Z,2026-09-08T03:58:46.625312Z,USDT_SUPPLY,183380499306.14014,USD,DefiLlama Stablecoins,2026-09-08T03:58:48.059691Z,current,retrieval_time_proxy,OK
2026-09-08T04:00:00Z,2026-09-08T04:58:33.272399Z,BTC_DOMINANCE,59.03069898710693,percent,CoinGecko Global,2026-09-08T04:58:07Z,current,source_updated_at,OK
2026-09-08T04:00:00Z,2026-09-08T04:58:33.272399Z,CRYPTO_24H_VOLUME,72174803506.18071,USD,CoinGecko Global,2026-09-08T04:58:07Z,current,source_updated_at,OK
2026-09-08T04:00:00Z,2026-09-08T04:58:33.272399Z,CRYPTO_TOTAL_MCAP,2667967763177.591,USD,CoinGecko Global,2026-09-08T04:58:07Z,current,source_updated_at,OK
2026-09-08T04:00:00Z,2026-09-08T04:58:33.272399Z,EFFR,3.63,percent,New York Fed Markets API,2026-09-03T00:00:00Z,business_daily,official_effective_date,OK
2026-09-08T04:00:00Z,2026-09-08T04:58:33.272399Z,ETH_DOMINANCE,11.301104328640225,percent,CoinGecko Global,2026-09-08T04:58:07Z,current,source_updated_at,OK
2026-09-08T04:00:00Z,2026-09-08T04:58:33.272399Z,SOFR,3.66,percent,New York Fed Markets API,2026-09-03T00:00:00Z,business_daily,official_effective_date,OK
2026-09-08T04:00:00Z,2026-09-08T04:58:33.272399Z,STABLECOIN_TOTAL_SUPPLY,311236573080.8583,USD,DefiLlama Stablecoins,2026-09-08T04:58:35.589789Z,current,retrieval_time_proxy,OK
2026-09-08T04:00:00Z,2026-09-08T04:58:33.272399Z,TGA_CLOSING_BALANCE,903928.0,USD millions,US Treasury FiscalData:DTS operating_cash_balance,2026-09-03T00:00:00Z,business_daily,official_record_date,OK
2026-09-08T04:00:00Z,2026-09-08T04:58:33.272399Z,US10Y,4.78,percent,US Treasury:daily_treasury_yield_curve,2026-09-04T00:00:00,daily,official_observation_date,OK
2026-09-08T04:00:00Z,2026-09-08T04:58:33.272399Z,US10Y_REAL,2.43,percent,US Treasury:daily_treasury_real_yield_curve,2026-09-04T00:00:00,daily,official_observation_date,OK
2026-09-08T04:00:00Z,2026-09-08T04:58:33.272399Z,US2Y,4.37,percent,US Treasury:daily_treasury_yield_curve,2026-09-04T00:00:00,daily,official_observation_date,OK
2026-09-08T04:00:00Z,2026-09-08T04:58:33.272399Z,US30Y,5.24,percent,US Treasury:daily_treasury_yield_curve,2026-09-04T00:00:00,daily,official_observation_date,OK
2026-09-08T04:00:00Z,2026-09-08T04:58:33.272399Z,USDC_SUPPLY,74334998871.28152,USD,DefiLlama Stablecoins,2026-09-08T04:58:35.589789Z,current,retrieval_time_proxy,OK
2026-09-08T04:00:00Z,2026-09-08T04:58:33.272399Z,USDT_SUPPLY,183369790953.72885,USD,DefiLlama Stablecoins,2026-09-08T04:58:35.589789Z,current,retrieval_time_proxy,OK
2026-09-10T00:00:00Z,2026-09-10T00:25:03.939895Z,BTC_DOMINANCE,58.572328546321174,percent,CoinGecko Global,2026-09-10T00:21:00Z,current,source_updated_at,OK
2026-09-10T00:00:00Z,2026-09-10T00:25:03.939895Z,CRYPTO_24H_VOLUME,94542299965.29102,USD,CoinGecko Global,2026-09-10T00:21:00Z,current,source_updated_at,OK
2026-09-10T00:00:00Z,2026-09-10T00:25:03.939895Z,CRYPTO_TOTAL_MCAP,2676962054418.5396,USD,CoinGecko Global,2026-09-10T00:21:00Z,current,source_updated_at,OK
2026-09-10T00:00:00Z,2026-09-10T00:25:03.939895Z,EFFR,3.63,percent,New York Fed Markets API,2026-09-08T00:00:00Z,business_daily,official_effective_date,OK
2026-09-10T00:00:00Z,2026-09-10T00:25:03.939895Z,ETH_DOMINANCE,11.216735826164099,percent,CoinGecko Global,2026-09-10T00:21:00Z,current,source_updated_at,OK
2026-09-10T00:00:00Z,2026-09-10T00:25:03.939895Z,SOFR,3.64,percent,New York Fed Markets API,2026-09-08T00:00:00Z,business_daily,official_effective_date,OK
2026-09-10T00:00:00Z,2026-09-10T00:25:03.939895Z,STABLECOIN_TOTAL_SUPPLY,310997776179.2271,USD,DefiLlama Stablecoins,2026-09-10T00:25:06.104678Z,current,retrieval_time_proxy,OK
2026-09-10T00:00:00Z,2026-09-10T00:25:03.939895Z,TGA_CLOSING_BALANCE,880019.0,USD millions,US Treasury FiscalData:DTS operating_cash_balance,2026-09-08T00:00:00Z,business_daily,official_record_date,OK
2026-09-10T00:00:00Z,2026-09-10T00:25:03.939895Z,US10Y,4.83,percent,US Treasury:daily_treasury_yield_curve,2026-09-09T00:00:00,daily,official_observation_date,OK
2026-09-10T00:00:00Z,2026-09-10T00:25:03.939895Z,US10Y_REAL,2.46,percent,US Treasury:daily_treasury_real_yield_curve,2026-09-09T00:00:00,daily,official_observation_date,OK
2026-09-10T00:00:00Z,2026-09-10T00:25:03.939895Z,US2Y,4.43,percent,US Treasury:daily_treasury_yield_curve,2026-09-09T00:00:00,daily,official_observation_date,OK
2026-09-10T00:00:00Z,2026-09-10T00:25:03.939895Z,US30Y,5.28,percent,US Treasury:daily_treasury_yield_curve,2026-09-09T00:00:00,daily,official_observation_date,OK
2026-09-10T00:00:00Z,2026-09-10T00:25:03.939895Z,USDC_SUPPLY,74357819161.59906,USD,DefiLlama Stablecoins,2026-09-10T00:25:06.104678Z,current,retrieval_time_proxy,OK
2026-09-10T00:00:00Z,2026-09-10T00:25:03.939895Z,USDT_SUPPLY,183388615190.48703,USD,DefiLlama Stablecoins,2026-09-10T00:25:06.104678Z,current,retrieval_time_proxy,OK
2026-09-10T01:00:00Z,2026-09-10T01:59:24.717730Z,BTC_DOMINANCE,58.603863756794595,percent,CoinGecko Global,2026-09-10T01:51:09Z,current,source_updated_at,OK
2026-09-10T01:00:00Z,2026-09-10T01:59:24.717730Z,CRYPTO_24H_VOLUME,95976443340.76262,USD,CoinGecko Global,2026-09-10T01:51:09Z,current,source_updated_at,OK
2026-09-10T01:00:00Z,2026-09-10T01:59:24.717730Z,CRYPTO_TOTAL_MCAP,2668847191899.077,USD,CoinGecko Global,2026-09-10T01:51:09Z,current,source_updated_at,OK
2026-09-10T01:00:00Z,2026-09-10T01:59:24.717730Z,EFFR,3.63,percent,New York Fed Markets API,2026-09-08T00:00:00Z,business_daily,official_effective_date,OK
2026-09-10T01:00:00Z,2026-09-10T01:59:24.717730Z,ETH_DOMINANCE,11.221621161778232,percent,CoinGecko Global,2026-09-10T01:51:09Z,current,source_updated_at,OK
2026-09-10T01:00:00Z,2026-09-10T01:59:24.717730Z,SOFR,3.64,percent,New York Fed Markets API,2026-09-08T00:00:00Z,business_daily,official_effective_date,OK
2026-09-10T01:00:00Z,2026-09-10T01:59:24.717730Z,STABLECOIN_TOTAL_SUPPLY,310760392805.47565,USD,DefiLlama Stablecoins,2026-09-10T01:59:27.167438Z,current,retrieval_time_proxy,OK
2026-09-10T01:00:00Z,2026-09-10T01:59:24.717730Z,TGA_CLOSING_BALANCE,880019.0,USD millions,US Treasury FiscalData:DTS operating_cash_balance,2026-09-08T00:00:00Z,business_daily,official_record_date,OK
2026-09-10T01:00:00Z,2026-09-10T01:59:24.717730Z,US10Y,4.83,percent,US Treasury:daily_treasury_yield_curve,2026-09-09T00:00:00,daily,official_observation_date,OK
2026-09-10T01:00:00Z,2026-09-10T01:59:24.717730Z,US10Y_REAL,2.46,percent,US Treasury:daily_treasury_real_yield_curve,2026-09-09T00:00:00,daily,official_observation_date,OK
2026-09-10T01:00:00Z,2026-09-10T01:59:24.717730Z,US2Y,4.43,percent,US Treasury:daily_treasury_yield_curve,2026-09-09T00:00:00,daily,official_observation_date,OK
2026-09-10T01:00:00Z,2026-09-10T01:59:24.717730Z,US30Y,5.28,percent,US Treasury:daily_treasury_yield_curve,2026-09-09T00:00:00,daily,official_observation_date,OK
2026-09-10T01:00:00Z,2026-09-10T01:59:24.717730Z,USDC_SUPPLY,74388199888.77943,USD,DefiLlama Stablecoins,2026-09-10T01:59:27.167438Z,current,retrieval_time_proxy,OK
2026-09-10T01:00:00Z,2026-09-10T01:59:24.717730Z,USDT_SUPPLY,183378228454.38992,USD,DefiLlama Stablecoins,2026-09-10T01:59:27.167438Z,current,retrieval_time_proxy,OK
2026-09-10T02:00:00Z,2026-09-10T02:58:28.959249Z,BTC_DOMINANCE,58.54374772895136,percent,CoinGecko Global,2026-09-10T02:51:14Z,current,source_updated_at,OK
2026-09-10T02:00:00Z,2026-09-10T02:58:28.959249Z,CRYPTO_24H_VOLUME,96218564823.87633,USD,CoinGecko Global,2026-09-10T02:51:14Z,current,source_updated_at,OK
2026-09-10T02:00:00Z,2026-09-10T02:58:28.959249Z,CRYPTO_TOTAL_MCAP,2680909820242.6523,USD,CoinGecko Global,2026-09-10T02:51:14Z,current,source_updated_at,OK
2026-09-10T02:00:00Z,2026-09-10T02:58:28.959249Z,EFFR,3.63,percent,New York Fed Markets API,2026-09-08T00:00:00Z,business_daily,official_effective_date,OK
2026-09-10T02:00:00Z,2026-09-10T02:58:28.959249Z,ETH_DOMINANCE,11.23585304762919,percent,CoinGecko Global,2026-09-10T02:51:14Z,current,source_updated_at,OK
2026-09-10T02:00:00Z,2026-09-10T02:58:28.959249Z,SOFR,3.64,percent,New York Fed Markets API,2026-09-08T00:00:00Z,business_daily,official_effective_date,OK
2026-09-10T02:00:00Z,2026-09-10T02:58:28.959249Z,STABLECOIN_TOTAL_SUPPLY,310967528123.9577,USD,DefiLlama Stablecoins,2026-09-10T02:58:32.244505Z,current,retrieval_time_proxy,OK
2026-09-10T02:00:00Z,2026-09-10T02:58:28.959249Z,TGA_CLOSING_BALANCE,880019.0,USD millions,US Treasury FiscalData:DTS operating_cash_balance,2026-09-08T00:00:00Z,business_daily,official_record_date,OK
2026-09-10T02:00:00Z,2026-09-10T02:58:28.959249Z,US10Y,4.83,percent,US Treasury:daily_treasury_yield_curve,2026-09-09T00:00:00,daily,official_observation_date,OK
2026-09-10T02:00:00Z,2026-09-10T02:58:28.959249Z,US10Y_REAL,2.46,percent,US Treasury:daily_treasury_real_yield_curve,2026-09-09T00:00:00,daily,official_observation_date,OK
2026-09-10T02:00:00Z,2026-09-10T02:58:28.959249Z,US2Y,4.43,percent,US Treasury:daily_treasury_yield_curve,2026-09-09T00:00:00,daily,official_observation_date,OK
2026-09-10T02:00:00Z,2026-09-10T02:58:28.959249Z,US30Y,5.28,percent,US Treasury:daily_treasury_yield_curve,2026-09-09T00:00:00,daily,official_observation_date,OK
2026-09-10T02:00:00Z,2026-09-10T02:58:28.959249Z,USDC_SUPPLY,74375291305.03911,USD,DefiLlama Stablecoins,2026-09-10T02:58:32.244505Z,current,retrieval_time_proxy,OK
2026-09-10T02:00:00Z,2026-09-10T02:58:28.959249Z,USDT_SUPPLY,183372409963.34702,USD,DefiLlama Stablecoins,2026-09-10T02:58:32.244505Z,current,retrieval_time_proxy,OK
2026-09-10T03:00:00Z,2026-09-10T03:58:27.215985Z,BTC_DOMINANCE,58.540977235765425,percent,CoinGecko Global,2026-09-10T03:51:19Z,current,source_updated_at,OK
2026-09-10T03:00:00Z,2026-09-10T03:58:27.215985Z,CRYPTO_24H_VOLUME,96826127536.41647,USD,CoinGecko Global,2026-09-10T03:51:19Z,current,source_updated_at,OK
2026-09-10T03:00:00Z,2026-09-10T03:58:27.215985Z,CRYPTO_TOTAL_MCAP,2687220939198.6494,USD,CoinGecko Global,2026-09-10T03:51:19Z,current,source_updated_at,OK
2026-09-10T03:00:00Z,2026-09-10T03:58:27.215985Z,EFFR,3.63,percent,New York Fed Markets API,2026-09-08T00:00:00Z,business_daily,official_effective_date,OK
2026-09-10T03:00:00Z,2026-09-10T03:58:27.215985Z,ETH_DOMINANCE,11.241890263414579,percent,CoinGecko Global,2026-09-10T03:51:19Z,current,source_updated_at,OK
2026-09-10T03:00:00Z,2026-09-10T03:58:27.215985Z,SOFR,3.64,percent,New York Fed Markets API,2026-09-08T00:00:00Z,business_daily,official_effective_date,OK
2026-09-10T03:00:00Z,2026-09-10T03:58:27.215985Z,STABLECOIN_TOTAL_SUPPLY,310969170002.2301,USD,DefiLlama Stablecoins,2026-09-10T03:58:29.845982Z,current,retrieval_time_proxy,OK
2026-09-10T03:00:00Z,2026-09-10T03:58:27.215985Z,TGA_CLOSING_BALANCE,880019.0,USD millions,US Treasury FiscalData:DTS operating_cash_balance,2026-09-08T00:00:00Z,business_daily,official_record_date,OK
2026-09-10T03:00:00Z,2026-09-10T03:58:27.215985Z,US10Y,4.83,percent,US Treasury:daily_treasury_yield_curve,2026-09-09T00:00:00,daily,official_observation_date,OK
2026-09-10T03:00:00Z,2026-09-10T03:58:27.215985Z,US10Y_REAL,2.46,percent,US Treasury:daily_treasury_real_yield_curve,2026-09-09T00:00:00,daily,official_observation_date,OK
2026-09-10T03:00:00Z,2026-09-10T03:58:27.215985Z,US2Y,4.43,percent,US Treasury:daily_treasury_yield_curve,2026-09-09T00:00:00,daily,official_observation_date,OK
2026-09-10T03:00:00Z,2026-09-10T03:58:27.215985Z,US30Y,5.28,percent,US Treasury:daily_treasury_yield_curve,2026-09-09T00:00:00,daily,official_observation_date,OK
2026-09-10T03:00:00Z,2026-09-10T03:58:27.215985Z,USDC_SUPPLY,74376974266.28964,USD,DefiLlama Stablecoins,2026-09-10T03:58:29.845982Z,current,retrieval_time_proxy,OK
2026-09-10T03:00:00Z,2026-09-10T03:58:27.215985Z,USDT_SUPPLY,183373452407.35074,USD,DefiLlama Stablecoins,2026-09-10T03:58:29.845982Z,current,retrieval_time_proxy,OK
2026-09-10T04:00:00Z,2026-09-10T04:58:45.530118Z,BTC_DOMINANCE,58.54086470879841,percent,CoinGecko Global,2026-09-10T04:51:25Z,current,source_updated_at,OK
2026-09-10T04:00:00Z,2026-09-10T04:58:45.530118Z,CRYPTO_24H_VOLUME,96688597608.21318,USD,CoinGecko Global,2026-09-10T04:51:25Z,current,source_updated_at,OK
2026-09-10T04:00:00Z,2026-09-10T04:58:45.530118Z,CRYPTO_TOTAL_MCAP,2681528180287.6343,USD,CoinGecko Global,2026-09-10T04:51:25Z,current,source_updated_at,OK
2026-09-10T04:00:00Z,2026-09-10T04:58:45.530118Z,EFFR,3.63,percent,New York Fed Markets API,2026-09-08T00:00:00Z,business_daily,official_effective_date,OK
2026-09-10T04:00:00Z,2026-09-10T04:58:45.530118Z,ETH_DOMINANCE,11.246034100719593,percent,CoinGecko Global,2026-09-10T04:51:25Z,current,source_updated_at,OK
2026-09-10T04:00:00Z,2026-09-10T04:58:45.530118Z,SOFR,3.64,percent,New York Fed Markets API,2026-09-08T00:00:00Z,business_daily,official_effective_date,OK
2026-09-10T04:00:00Z,2026-09-10T04:58:45.530118Z,STABLECOIN_TOTAL_SUPPLY,310948845674.41895,USD,DefiLlama Stablecoins,2026-09-10T04:58:47.803041Z,current,retrieval_time_proxy,OK
2026-09-10T04:00:00Z,2026-09-10T04:58:45.530118Z,TGA_CLOSING_BALANCE,880019.0,USD millions,US Treasury FiscalData:DTS operating_cash_balance,2026-09-08T00:00:00Z,business_daily,official_record_date,OK
2026-09-10T04:00:00Z,2026-09-10T04:58:45.530118Z,US10Y,4.83,percent,US Treasury:daily_treasury_yield_curve,2026-09-09T00:00:00,daily,official_observation_date,OK
2026-09-10T04:00:00Z,2026-09-10T04:58:45.530118Z,US10Y_REAL,2.46,percent,US Treasury:daily_treasury_real_yield_curve,2026-09-09T00:00:00,daily,official_observation_date,OK
2026-09-10T04:00:00Z,2026-09-10T04:58:45.530118Z,US2Y,4.43,percent,US Treasury:daily_treasury_yield_curve,2026-09-09T00:00:00,daily,official_observation_date,OK
2026-09-10T04:00:00Z,2026-09-10T04:58:45.530118Z,US30Y,5.28,percent,US Treasury:daily_treasury_yield_curve,2026-09-09T00:00:00,daily,official_observation_date,OK
2026-09-10T04:00:00Z,2026-09-10T04:58:45.530118Z,USDC_SUPPLY,74383547939.29988,USD,DefiLlama Stablecoins,2026-09-10T04:58:47.803041Z,current,retrieval_time_proxy,OK
2026-09-10T04:00:00Z,2026-09-10T04:58:45.530118Z,USDT_SUPPLY,183361195098.04272,USD,DefiLlama Stablecoins,2026-09-10T04:58:47.803041Z,current,retrieval_time_proxy,OK
2026-09-10T05:00:00Z,2026-09-10T05:58:02.117688Z,BTC_DOMINANCE,58.551588552659815,percent,CoinGecko Global,2026-09-10T05:51:30Z,current,source_updated_at,OK
2026-09-10T05:00:00Z,2026-09-10T05:58:02.117688Z,CRYPTO_24H_VOLUME,94230661301.20776,USD,CoinGecko Global,2026-09-10T05:51:30Z,current,source_updated_at,OK
2026-09-10T05:00:00Z,2026-09-10T05:58:02.117688Z,CRYPTO_TOTAL_MCAP,2683004039963.823,USD,CoinGecko Global,2026-09-10T05:51:30Z,current,source_updated_at,OK
2026-09-10T05:00:00Z,2026-09-10T05:58:02.117688Z,EFFR,3.63,percent,New York Fed Markets API,2026-09-08T00:00:00Z,business_daily,official_effective_date,OK
2026-09-10T05:00:00Z,2026-09-10T05:58:02.117688Z,ETH_DOMINANCE,11.251783479484775,percent,CoinGecko Global,2026-09-10T05:51:30Z,current,source_updated_at,OK
2026-09-10T05:00:00Z,2026-09-10T05:58:02.117688Z,SOFR,3.64,percent,New York Fed Markets API,2026-09-08T00:00:00Z,business_daily,official_effective_date,OK
2026-09-10T05:00:00Z,2026-09-10T05:58:02.117688Z,STABLECOIN_TOTAL_SUPPLY,310963035516.34265,USD,DefiLlama Stablecoins,2026-09-10T05:58:03.903354Z,current,retrieval_time_proxy,OK
2026-09-10T05:00:00Z,2026-09-10T05:58:02.117688Z,TGA_CLOSING_BALANCE,880019.0,USD millions,US Treasury FiscalData:DTS operating_cash_balance,2026-09-08T00:00:00Z,business_daily,official_record_date,OK
2026-09-10T05:00:00Z,2026-09-10T05:58:02.117688Z,US10Y,4.83,percent,US Treasury:daily_treasury_yield_curve,2026-09-09T00:00:00,daily,official_observation_date,OK
2026-09-10T05:00:00Z,2026-09-10T05:58:02.117688Z,US10Y_REAL,2.46,percent,US Treasury:daily_treasury_real_yield_curve,2026-09-09T00:00:00,daily,official_observation_date,OK
2026-09-10T05:00:00Z,2026-09-10T05:58:02.117688Z,US2Y,4.43,percent,US Treasury:daily_treasury_yield_curve,2026-09-09T00:00:00,daily,official_observation_date,OK
2026-09-10T05:00:00Z,2026-09-10T05:58:02.117688Z,US30Y,5.28,percent,US Treasury:daily_treasury_yield_curve,2026-09-09T00:00:00,daily,official_observation_date,OK
2026-09-10T05:00:00Z,2026-09-10T05:58:02.117688Z,USDC_SUPPLY,74380919344.58595,USD,DefiLlama Stablecoins,2026-09-10T05:58:03.903354Z,current,retrieval_time_proxy,OK
2026-09-10T05:00:00Z,2026-09-10T05:58:02.117688Z,USDT_SUPPLY,183361766816.01138,USD,DefiLlama Stablecoins,2026-09-10T05:58:03.903354Z,current,retrieval_time_proxy,OK
2026-09-10T07:00:00Z,2026-09-10T07:58:40.674194Z,BTC_DOMINANCE,58.562873910841695,percent,CoinGecko Global,2026-09-10T07:51:40Z,current,source_updated_at,OK
2026-09-10T07:00:00Z,2026-09-10T07:58:40.674194Z,CRYPTO_24H_VOLUME,93164895972.13985,USD,CoinGecko Global,2026-09-10T07:51:40Z,current,source_updated_at,OK
2026-09-10T07:00:00Z,2026-09-10T07:58:40.674194Z,CRYPTO_TOTAL_MCAP,2671229640191.7217,USD,CoinGecko Global,2026-09-10T07:51:40Z,current,source_updated_at,OK
2026-09-10T07:00:00Z,2026-09-10T07:58:40.674194Z,EFFR,3.63,percent,New York Fed Markets API,2026-09-08T00:00:00Z,business_daily,official_effective_date,OK
2026-09-10T07:00:00Z,2026-09-10T07:58:40.674194Z,ETH_DOMINANCE,11.259980745401037,percent,CoinGecko Global,2026-09-10T07:51:40Z,current,source_updated_at,OK
2026-09-10T07:00:00Z,2026-09-10T07:58:40.674194Z,SOFR,3.64,percent,New York Fed Markets API,2026-09-08T00:00:00Z,business_daily,official_effective_date,OK
2026-09-10T07:00:00Z,2026-09-10T07:58:40.674194Z,STABLECOIN_TOTAL_SUPPLY,310951620132.90234,USD,DefiLlama Stablecoins,2026-09-10T07:58:43.114567Z,current,retrieval_time_proxy,OK
2026-09-10T07:00:00Z,2026-09-10T07:58:40.674194Z,TGA_CLOSING_BALANCE,880019.0,USD millions,US Treasury FiscalData:DTS operating_cash_balance,2026-09-08T00:00:00Z,business_daily,official_record_date,OK
2026-09-10T07:00:00Z,2026-09-10T07:58:40.674194Z,US10Y,4.83,percent,US Treasury:daily_treasury_yield_curve,2026-09-09T00:00:00,daily,official_observation_date,OK
2026-09-10T07:00:00Z,2026-09-10T07:58:40.674194Z,US10Y_REAL,2.46,percent,US Treasury:daily_treasury_real_yield_curve,2026-09-09T00:00:00,daily,official_observation_date,OK
2026-09-10T07:00:00Z,2026-09-10T07:58:40.674194Z,US2Y,4.43,percent,US Treasury:daily_treasury_yield_curve,2026-09-09T00:00:00,daily,official_observation_date,OK
2026-09-10T07:00:00Z,2026-09-10T07:58:40.674194Z,US30Y,5.28,percent,US Treasury:daily_treasury_yield_curve,2026-09-09T00:00:00,daily,official_observation_date,OK
2026-09-10T07:00:00Z,2026-09-10T07:58:40.674194Z,USDC_SUPPLY,74308283655.50075,USD,DefiLlama Stablecoins,2026-09-10T07:58:43.114567Z,current,retrieval_time_proxy,OK
2026-09-10T07:00:00Z,2026-09-10T07:58:40.674194Z,USDT_SUPPLY,183361004007.24396,USD,DefiLlama Stablecoins,2026-09-10T07:58:43.114567Z,current,retrieval_time_proxy,OK
2026-09-10T08:00:00Z,2026-09-10T08:59:13.571992Z,BTC_DOMINANCE,58.56427483143229,percent,CoinGecko Global,2026-09-10T08:51:46Z,current,source_updated_at,OK
2026-09-10T08:00:00Z,2026-09-10T08:59:13.571992Z,CRYPTO_24H_VOLUME,91844468346.61179,USD,CoinGecko Global,2026-09-10T08:51:46Z,current,source_updated_at,OK
2026-09-10T08:00:00Z,2026-09-10T08:59:13.571992Z,CRYPTO_TOTAL_MCAP,2671521086517.9688,USD,CoinGecko Global,2026-09-10T08:51:46Z,current,source_updated_at,OK
2026-09-10T08:00:00Z,2026-09-10T08:59:13.571992Z,EFFR,3.63,percent,New York Fed Markets API,2026-09-08T00:00:00Z,business_daily,official_effective_date,OK
2026-09-10T08:00:00Z,2026-09-10T08:59:13.571992Z,ETH_DOMINANCE,11.258594464048908,percent,CoinGecko Global,2026-09-10T08:51:46Z,current,source_updated_at,OK
2026-09-10T08:00:00Z,2026-09-10T08:59:13.571992Z,SOFR,3.64,percent,New York Fed Markets API,2026-09-08T00:00:00Z,business_daily,official_effective_date,OK
2026-09-10T08:00:00Z,2026-09-10T08:59:13.571992Z,STABLECOIN_TOTAL_SUPPLY,310927683020.4747,USD,DefiLlama Stablecoins,2026-09-10T08:59:15.497554Z,current,retrieval_time_proxy,OK
2026-09-10T08:00:00Z,2026-09-10T08:59:13.571992Z,TGA_CLOSING_BALANCE,880019.0,USD millions,US Treasury FiscalData:DTS operating_cash_balance,2026-09-08T00:00:00Z,business_daily,official_record_date,OK
2026-09-10T08:00:00Z,2026-09-10T08:59:13.571992Z,US10Y,4.83,percent,US Treasury:daily_treasury_yield_curve,2026-09-09T00:00:00,daily,official_observation_date,OK
2026-09-10T08:00:00Z,2026-09-10T08:59:13.571992Z,US10Y_REAL,2.46,percent,US Treasury:daily_treasury_real_yield_curve,2026-09-09T00:00:00,daily,official_observation_date,OK
2026-09-10T08:00:00Z,2026-09-10T08:59:13.571992Z,US2Y,4.43,percent,US Treasury:daily_treasury_yield_curve,2026-09-09T00:00:00,daily,official_observation_date,OK
2026-09-10T08:00:00Z,2026-09-10T08:59:13.571992Z,US30Y,5.28,percent,US Treasury:daily_treasury_yield_curve,2026-09-09T00:00:00,daily,official_observation_date,OK
2026-09-10T08:00:00Z,2026-09-10T08:59:13.571992Z,USDC_SUPPLY,74292267236.39926,USD,DefiLlama Stablecoins,2026-09-10T08:59:15.497554Z,current,retrieval_time_proxy,OK
2026-09-10T08:00:00Z,2026-09-10T08:59:13.571992Z,USDT_SUPPLY,183372481944.1061,USD,DefiLlama Stablecoins,2026-09-10T08:59:15.497554Z,current,retrieval_time_proxy,OK
2026-09-10T09:00:00Z,2026-09-10T09:58:55.616416Z,BTC_DOMINANCE,58.55843318215237,percent,CoinGecko Global,2026-09-10T09:51:51Z,current,source_updated_at,OK
2026-09-10T09:00:00Z,2026-09-10T09:58:55.616416Z,CRYPTO_24H_VOLUME,90793552355.39041,USD,CoinGecko Global,2026-09-10T09:51:51Z,current,source_updated_at,OK
2026-09-10T09:00:00Z,2026-09-10T09:58:55.616416Z,CRYPTO_TOTAL_MCAP,2668743598944.259,USD,CoinGecko Global,2026-09-10T09:51:51Z,current,source_updated_at,OK
2026-09-10T09:00:00Z,2026-09-10T09:58:55.616416Z,EFFR,3.63,percent,New York Fed Markets API,2026-09-08T00:00:00Z,business_daily,official_effective_date,OK
2026-09-10T09:00:00Z,2026-09-10T09:58:55.616416Z,ETH_DOMINANCE,11.264101509940478,percent,CoinGecko Global,2026-09-10T09:51:51Z,current,source_updated_at,OK
2026-09-10T09:00:00Z,2026-09-10T09:58:55.616416Z,SOFR,3.64,percent,New York Fed Markets API,2026-09-08T00:00:00Z,business_daily,official_effective_date,OK
2026-09-10T09:00:00Z,2026-09-10T09:58:55.616416Z,STABLECOIN_TOTAL_SUPPLY,310885519028.4252,USD,DefiLlama Stablecoins,2026-09-10T09:58:57.678003Z,current,retrieval_time_proxy,OK
2026-09-10T09:00:00Z,2026-09-10T09:58:55.616416Z,TGA_CLOSING_BALANCE,880019.0,USD millions,US Treasury FiscalData:DTS operating_cash_balance,2026-09-08T00:00:00Z,business_daily,official_record_date,OK
2026-09-10T09:00:00Z,2026-09-10T09:58:55.616416Z,US10Y,4.83,percent,US Treasury:daily_treasury_yield_curve,2026-09-09T00:00:00,daily,official_observation_date,OK
2026-09-10T09:00:00Z,2026-09-10T09:58:55.616416Z,US10Y_REAL,2.46,percent,US Treasury:daily_treasury_real_yield_curve,2026-09-09T00:00:00,daily,official_observation_date,OK
2026-09-10T09:00:00Z,2026-09-10T09:58:55.616416Z,US2Y,4.43,percent,US Treasury:daily_treasury_yield_curve,2026-09-09T00:00:00,daily,official_observation_date,OK
2026-09-10T09:00:00Z,2026-09-10T09:58:55.616416Z,US30Y,5.28,percent,US Treasury:daily_treasury_yield_curve,2026-09-09T00:00:00,daily,official_observation_date,OK
2026-09-10T09:00:00Z,2026-09-10T09:58:55.616416Z,USDC_SUPPLY,74255665997.76904,USD,DefiLlama Stablecoins,2026-09-10T09:58:57.678003Z,current,retrieval_time_proxy,OK
2026-09-10T09:00:00Z,2026-09-10T09:58:55.616416Z,USDT_SUPPLY,183381739582.4444,USD,DefiLlama Stablecoins,2026-09-10T09:58:57.678003Z,current,retrieval_time_proxy,OK
2026-09-10T10:00:00Z,2026-09-10T10:58:45.696880Z,BTC_DOMINANCE,58.54784028043368,percent,CoinGecko Global,2026-09-10T10:51:58Z,current,source_updated_at,OK
2026-09-10T10:00:00Z,2026-09-10T10:58:45.696880Z,CRYPTO_24H_VOLUME,89726401916.19803,USD,CoinGecko Global,2026-09-10T10:51:58Z,current,source_updated_at,OK
2026-09-10T10:00:00Z,2026-09-10T10:58:45.696880Z,CRYPTO_TOTAL_MCAP,2667980242493.665,USD,CoinGecko Global,2026-09-10T10:51:58Z,current,source_updated_at,OK
2026-09-10T10:00:00Z,2026-09-10T10:58:45.696880Z,EFFR,3.63,percent,New York Fed Markets API,2026-09-08T00:00:00Z,business_daily,official_effective_date,OK
2026-09-10T10:00:00Z,2026-09-10T10:58:45.696880Z,ETH_DOMINANCE,11.261708661948129,percent,CoinGecko Global,2026-09-10T10:51:58Z,current,source_updated_at,OK
2026-09-10T10:00:00Z,2026-09-10T10:58:45.696880Z,SOFR,3.64,percent,New York Fed Markets API,2026-09-08T00:00:00Z,business_daily,official_effective_date,OK
2026-09-10T10:00:00Z,2026-09-10T10:58:45.696880Z,STABLECOIN_TOTAL_SUPPLY,310899719941.26935,USD,DefiLlama Stablecoins,2026-09-10T10:58:47.413496Z,current,retrieval_time_proxy,OK
2026-09-10T10:00:00Z,2026-09-10T10:58:45.696880Z,TGA_CLOSING_BALANCE,880019.0,USD millions,US Treasury FiscalData:DTS operating_cash_balance,2026-09-08T00:00:00Z,business_daily,official_record_date,OK
2026-09-10T10:00:00Z,2026-09-10T10:58:45.696880Z,US10Y,4.83,percent,US Treasury:daily_treasury_yield_curve,2026-09-09T00:00:00,daily,official_observation_date,OK
2026-09-10T10:00:00Z,2026-09-10T10:58:45.696880Z,US10Y_REAL,2.46,percent,US Treasury:daily_treasury_real_yield_curve,2026-09-09T00:00:00,daily,official_observation_date,OK
2026-09-10T10:00:00Z,2026-09-10T10:58:45.696880Z,US2Y,4.43,percent,US Treasury:daily_treasury_yield_curve,2026-09-09T00:00:00,daily,official_observation_date,OK
2026-09-10T10:00:00Z,2026-09-10T10:58:45.696880Z,US30Y,5.28,percent,US Treasury:daily_treasury_yield_curve,2026-09-09T00:00:00,daily,official_observation_date,OK
2026-09-10T10:00:00Z,2026-09-10T10:58:45.696880Z,USDC_SUPPLY,74291692395.70508,USD,DefiLlama Stablecoins,2026-09-10T10:58:47.413496Z,current,retrieval_time_proxy,OK
2026-09-10T10:00:00Z,2026-09-10T10:58:45.696880Z,USDT_SUPPLY,183369373872.3424,USD,DefiLlama Stablecoins,2026-09-10T10:58:47.413496Z,current,retrieval_time_proxy,OK
2026-09-10T11:00:00Z,2026-09-10T11:58:06.769913Z,BTC_DOMINANCE,58.52959131630497,percent,CoinGecko Global,2026-09-10T11:52:05Z,current,source_updated_at,OK
2026-09-10T11:00:00Z,2026-09-10T11:58:06.769913Z,CRYPTO_24H_VOLUME,89010568509.15607,USD,CoinGecko Global,2026-09-10T11:52:05Z,current,source_updated_at,OK
2026-09-10T11:00:00Z,2026-09-10T11:58:06.769913Z,CRYPTO_TOTAL_MCAP,2666047403258.669,USD,CoinGecko Global,2026-09-10T11:52:05Z,current,source_updated_at,OK
2026-09-10T11:00:00Z,2026-09-10T11:58:06.769913Z,EFFR,3.63,percent,New York Fed Markets API,2026-09-08T00:00:00Z,business_daily,official_effective_date,OK
2026-09-10T11:00:00Z,2026-09-10T11:58:06.769913Z,ETH_DOMINANCE,11.247474386713364,percent,CoinGecko Global,2026-09-10T11:52:05Z,current,source_updated_at,OK
2026-09-10T11:00:00Z,2026-09-10T11:58:06.769913Z,SOFR,3.64,percent,New York Fed Markets API,2026-09-08T00:00:00Z,business_daily,official_effective_date,OK
2026-09-10T11:00:00Z,2026-09-10T11:58:06.769913Z,STABLECOIN_TOTAL_SUPPLY,310906239796.80566,USD,DefiLlama Stablecoins,2026-09-10T11:58:08.743463Z,current,retrieval_time_proxy,OK
2026-09-10T11:00:00Z,2026-09-10T11:58:06.769913Z,TGA_CLOSING_BALANCE,880019.0,USD millions,US Treasury FiscalData:DTS operating_cash_balance,2026-09-08T00:00:00Z,business_daily,official_record_date,OK
2026-09-10T11:00:00Z,2026-09-10T11:58:06.769913Z,US10Y,4.83,percent,US Treasury:daily_treasury_yield_curve,2026-09-09T00:00:00,daily,official_observation_date,OK
2026-09-10T11:00:00Z,2026-09-10T11:58:06.769913Z,US10Y_REAL,2.46,percent,US Treasury:daily_treasury_real_yield_curve,2026-09-09T00:00:00,daily,official_observation_date,OK
2026-09-10T11:00:00Z,2026-09-10T11:58:06.769913Z,US2Y,4.43,percent,US Treasury:daily_treasury_yield_curve,2026-09-09T00:00:00,daily,official_observation_date,OK
2026-09-10T11:00:00Z,2026-09-10T11:58:06.769913Z,US30Y,5.28,percent,US Treasury:daily_treasury_yield_curve,2026-09-09T00:00:00,daily,official_observation_date,OK
2026-09-10T11:00:00Z,2026-09-10T11:58:06.769913Z,USDC_SUPPLY,74267866041.67111,USD,DefiLlama Stablecoins,2026-09-10T11:58:08.743463Z,current,retrieval_time_proxy,OK
2026-09-10T11:00:00Z,2026-09-10T11:58:06.769913Z,USDT_SUPPLY,183373111197.08896,USD,DefiLlama Stablecoins,2026-09-10T11:58:08.743463Z,current,retrieval_time_proxy,OK
2026-09-10T13:00:00Z,2026-09-10T13:59:04.466373Z,BTC_DOMINANCE,58.50721397301621,percent,CoinGecko Global,2026-09-10T13:52:15Z,current,source_updated_at,OK
2026-09-10T13:00:00Z,2026-09-10T13:59:04.466373Z,CRYPTO_24H_VOLUME,96083589666.284,USD,CoinGecko Global,2026-09-10T13:52:15Z,current,source_updated_at,OK
2026-09-10T13:00:00Z,2026-09-10T13:59:04.466373Z,CRYPTO_TOTAL_MCAP,2635585415191.342,USD,CoinGecko Global,2026-09-10T13:52:15Z,current,source_updated_at,OK
2026-09-10T13:00:00Z,2026-09-10T13:59:04.466373Z,EFFR,3.63,percent,New York Fed Markets API,2026-09-09T00:00:00Z,business_daily,official_effective_date,OK
2026-09-10T13:00:00Z,2026-09-10T13:59:04.466373Z,ETH_DOMINANCE,11.203506262728014,percent,CoinGecko Global,2026-09-10T13:52:15Z,current,source_updated_at,OK
2026-09-10T13:00:00Z,2026-09-10T13:59:04.466373Z,SOFR,3.64,percent,New York Fed Markets API,2026-09-09T00:00:00Z,business_daily,official_effective_date,OK
2026-09-10T13:00:00Z,2026-09-10T13:59:04.466373Z,STABLECOIN_TOTAL_SUPPLY,310919929171.1646,USD,DefiLlama Stablecoins,2026-09-10T13:59:05.882591Z,current,retrieval_time_proxy,OK
2026-09-10T13:00:00Z,2026-09-10T13:59:04.466373Z,TGA_CLOSING_BALANCE,880019.0,USD millions,US Treasury FiscalData:DTS operating_cash_balance,2026-09-08T00:00:00Z,business_daily,official_record_date,OK
2026-09-10T13:00:00Z,2026-09-10T13:59:04.466373Z,US10Y,4.83,percent,US Treasury:daily_treasury_yield_curve,2026-09-09T00:00:00,daily,official_observation_date,OK
2026-09-10T13:00:00Z,2026-09-10T13:59:04.466373Z,US10Y_REAL,2.46,percent,US Treasury:daily_treasury_real_yield_curve,2026-09-09T00:00:00,daily,official_observation_date,OK
2026-09-10T13:00:00Z,2026-09-10T13:59:04.466373Z,US2Y,4.43,percent,US Treasury:daily_treasury_yield_curve,2026-09-09T00:00:00,daily,official_observation_date,OK
2026-09-10T13:00:00Z,2026-09-10T13:59:04.466373Z,US30Y,5.28,percent,US Treasury:daily_treasury_yield_curve,2026-09-09T00:00:00,daily,official_observation_date,OK
2026-09-10T13:00:00Z,2026-09-10T13:59:04.466373Z,USDC_SUPPLY,74278245009.24312,USD,DefiLlama Stablecoins,2026-09-10T13:59:05.882591Z,current,retrieval_time_proxy,OK
2026-09-10T13:00:00Z,2026-09-10T13:59:04.466373Z,USDT_SUPPLY,183370665486.6902,USD,DefiLlama Stablecoins,2026-09-10T13:59:05.882591Z,current,retrieval_time_proxy,OK
2026-09-10T14:00:00Z,2026-09-10T14:59:42.552718Z,BTC_DOMINANCE,58.54863852163595,percent,CoinGecko Global,2026-09-10T14:52:20Z,current,source_updated_at,OK
2026-09-10T14:00:00Z,2026-09-10T14:59:42.552718Z,CRYPTO_24H_VOLUME,97589738774.74042,USD,CoinGecko Global,2026-09-10T14:52:20Z,current,source_updated_at,OK
2026-09-10T14:00:00Z,2026-09-10T14:59:42.552718Z,CRYPTO_TOTAL_MCAP,2644563882985.9985,USD,CoinGecko Global,2026-09-10T14:52:20Z,current,source_updated_at,OK
2026-09-10T14:00:00Z,2026-09-10T14:59:42.552718Z,EFFR,3.63,percent,New York Fed Markets API,2026-09-09T00:00:00Z,business_daily,official_effective_date,OK
2026-09-10T14:00:00Z,2026-09-10T14:59:42.552718Z,ETH_DOMINANCE,11.22437571801953,percent,CoinGecko Global,2026-09-10T14:52:20Z,current,source_updated_at,OK
2026-09-10T14:00:00Z,2026-09-10T14:59:42.552718Z,SOFR,3.64,percent,New York Fed Markets API,2026-09-09T00:00:00Z,business_daily,official_effective_date,OK
2026-09-10T14:00:00Z,2026-09-10T14:59:42.552718Z,STABLECOIN_TOTAL_SUPPLY,310868560458.14905,USD,DefiLlama Stablecoins,2026-09-10T14:59:44.232051Z,current,retrieval_time_proxy,OK
2026-09-10T14:00:00Z,2026-09-10T14:59:42.552718Z,TGA_CLOSING_BALANCE,880019.0,USD millions,US Treasury FiscalData:DTS operating_cash_balance,2026-09-08T00:00:00Z,business_daily,official_record_date,OK
2026-09-10T14:00:00Z,2026-09-10T14:59:42.552718Z,US10Y,4.83,percent,US Treasury:daily_treasury_yield_curve,2026-09-09T00:00:00,daily,official_observation_date,OK
2026-09-10T14:00:00Z,2026-09-10T14:59:42.552718Z,US10Y_REAL,2.46,percent,US Treasury:daily_treasury_real_yield_curve,2026-09-09T00:00:00,daily,official_observation_date,OK
2026-09-10T14:00:00Z,2026-09-10T14:59:42.552718Z,US2Y,4.43,percent,US Treasury:daily_treasury_yield_curve,2026-09-09T00:00:00,daily,official_observation_date,OK
2026-09-10T14:00:00Z,2026-09-10T14:59:42.552718Z,US30Y,5.28,percent,US Treasury:daily_treasury_yield_curve,2026-09-09T00:00:00,daily,official_observation_date,OK
2026-09-10T14:00:00Z,2026-09-10T14:59:42.552718Z,USDC_SUPPLY,74241676462.19707,USD,DefiLlama Stablecoins,2026-09-10T14:59:44.232051Z,current,retrieval_time_proxy,OK
2026-09-10T14:00:00Z,2026-09-10T14:59:42.552718Z,USDT_SUPPLY,183378130680.32285,USD,DefiLlama Stablecoins,2026-09-10T14:59:44.232051Z,current,retrieval_time_proxy,OK
2026-09-10T15:00:00Z,2026-09-10T15:58:29.581851Z,BTC_DOMINANCE,58.532564005662465,percent,CoinGecko Global,2026-09-10T15:52:26Z,current,source_updated_at,OK
2026-09-10T15:00:00Z,2026-09-10T15:58:29.581851Z,CRYPTO_24H_VOLUME,93883988453.15599,USD,CoinGecko Global,2026-09-10T15:52:26Z,current,source_updated_at,OK
2026-09-10T15:00:00Z,2026-09-10T15:58:29.581851Z,CRYPTO_TOTAL_MCAP,2643888845324.802,USD,CoinGecko Global,2026-09-10T15:52:26Z,current,source_updated_at,OK
2026-09-10T15:00:00Z,2026-09-10T15:58:29.581851Z,EFFR,3.63,percent,New York Fed Markets API,2026-09-09T00:00:00Z,business_daily,official_effective_date,OK
2026-09-10T15:00:00Z,2026-09-10T15:58:29.581851Z,ETH_DOMINANCE,11.236554601496668,percent,CoinGecko Global,2026-09-10T15:52:26Z,current,source_updated_at,OK
2026-09-10T15:00:00Z,2026-09-10T15:58:29.581851Z,SOFR,3.64,percent,New York Fed Markets API,2026-09-09T00:00:00Z,business_daily,official_effective_date,OK
2026-09-10T15:00:00Z,2026-09-10T15:58:29.581851Z,STABLECOIN_TOTAL_SUPPLY,310886855963.8519,USD,DefiLlama Stablecoins,2026-09-10T15:58:30.848482Z,current,retrieval_time_proxy,OK
2026-09-10T15:00:00Z,2026-09-10T15:58:29.581851Z,TGA_CLOSING_BALANCE,880019.0,USD millions,US Treasury FiscalData:DTS operating_cash_balance,2026-09-08T00:00:00Z,business_daily,official_record_date,OK
2026-09-10T15:00:00Z,2026-09-10T15:58:29.581851Z,US10Y,4.83,percent,US Treasury:daily_treasury_yield_curve,2026-09-09T00:00:00,daily,official_observation_date,OK
2026-09-10T15:00:00Z,2026-09-10T15:58:29.581851Z,US10Y_REAL,2.46,percent,US Treasury:daily_treasury_real_yield_curve,2026-09-09T00:00:00,daily,official_observation_date,OK
2026-09-10T15:00:00Z,2026-09-10T15:58:29.581851Z,US2Y,4.43,percent,US Treasury:daily_treasury_yield_curve,2026-09-09T00:00:00,daily,official_observation_date,OK
2026-09-10T15:00:00Z,2026-09-10T15:58:29.581851Z,US30Y,5.28,percent,US Treasury:daily_treasury_yield_curve,2026-09-09T00:00:00,daily,official_observation_date,OK
2026-09-10T15:00:00Z,2026-09-10T15:58:29.581851Z,USDC_SUPPLY,74287427664.26459,USD,DefiLlama Stablecoins,2026-09-10T15:58:30.848482Z,current,retrieval_time_proxy,OK
2026-09-10T15:00:00Z,2026-09-10T15:58:29.581851Z,USDT_SUPPLY,183363065298.59076,USD,DefiLlama Stablecoins,2026-09-10T15:58:30.848482Z,current,retrieval_time_proxy,OK
2026-09-10T16:00:00Z,2026-09-10T16:58:41.097913Z,BTC_DOMINANCE,58.54166510326051,percent,CoinGecko Global,2026-09-10T16:52:30Z,current,source_updated_at,OK
2026-09-10T16:00:00Z,2026-09-10T16:58:41.097913Z,CRYPTO_24H_VOLUME,94115360488.699,USD,CoinGecko Global,2026-09-10T16:52:30Z,current,source_updated_at,OK
2026-09-10T16:00:00Z,2026-09-10T16:58:41.097913Z,CRYPTO_TOTAL_MCAP,2637723765757.754,USD,CoinGecko Global,2026-09-10T16:52:30Z,current,source_updated_at,OK
2026-09-10T16:00:00Z,2026-09-10T16:58:41.097913Z,EFFR,3.63,percent,New York Fed Markets API,2026-09-09T00:00:00Z,business_daily,official_effective_date,OK
2026-09-10T16:00:00Z,2026-09-10T16:58:41.097913Z,ETH_DOMINANCE,11.283071945609905,percent,CoinGecko Global,2026-09-10T16:52:30Z,current,source_updated_at,OK
2026-09-10T16:00:00Z,2026-09-10T16:58:41.097913Z,SOFR,3.64,percent,New York Fed Markets API,2026-09-09T00:00:00Z,business_daily,official_effective_date,OK
2026-09-10T16:00:00Z,2026-09-10T16:58:41.097913Z,STABLECOIN_TOTAL_SUPPLY,310743075324.20276,USD,DefiLlama Stablecoins,2026-09-10T16:58:42.978663Z,current,retrieval_time_proxy,OK
2026-09-10T16:00:00Z,2026-09-10T16:58:41.097913Z,TGA_CLOSING_BALANCE,880019.0,USD millions,US Treasury FiscalData:DTS operating_cash_balance,2026-09-08T00:00:00Z,business_daily,official_record_date,OK
2026-09-10T16:00:00Z,2026-09-10T16:58:41.097913Z,US10Y,4.83,percent,US Treasury:daily_treasury_yield_curve,2026-09-09T00:00:00,daily,official_observation_date,OK
2026-09-10T16:00:00Z,2026-09-10T16:58:41.097913Z,US10Y_REAL,2.46,percent,US Treasury:daily_treasury_real_yield_curve,2026-09-09T00:00:00,daily,official_observation_date,OK
2026-09-10T16:00:00Z,2026-09-10T16:58:41.097913Z,US2Y,4.43,percent,US Treasury:daily_treasury_yield_curve,2026-09-09T00:00:00,daily,official_observation_date,OK
2026-09-10T16:00:00Z,2026-09-10T16:58:41.097913Z,US30Y,5.28,percent,US Treasury:daily_treasury_yield_curve,2026-09-09T00:00:00,daily,official_observation_date,OK
2026-09-10T16:00:00Z,2026-09-10T16:58:41.097913Z,USDC_SUPPLY,74112484619.55795,USD,DefiLlama Stablecoins,2026-09-10T16:58:42.978663Z,current,retrieval_time_proxy,OK
2026-09-10T16:00:00Z,2026-09-10T16:58:41.097913Z,USDT_SUPPLY,183380607751.59644,USD,DefiLlama Stablecoins,2026-09-10T16:58:42.978663Z,current,retrieval_time_proxy,OK
2026-09-10T17:00:00Z,2026-09-10T17:58:09.780732Z,BTC_DOMINANCE,58.484325223513544,percent,CoinGecko Global,2026-09-10T17:52:35Z,current,source_updated_at,OK
2026-09-10T17:00:00Z,2026-09-10T17:58:09.780732Z,CRYPTO_24H_VOLUME,95373466675.25743,USD,CoinGecko Global,2026-09-10T17:52:35Z,current,source_updated_at,OK
2026-09-10T17:00:00Z,2026-09-10T17:58:09.780732Z,CRYPTO_TOTAL_MCAP,2652382143405.778,USD,CoinGecko Global,2026-09-10T17:52:35Z,current,source_updated_at,OK
2026-09-10T17:00:00Z,2026-09-10T17:58:09.780732Z,EFFR,3.63,percent,New York Fed Markets API,2026-09-09T00:00:00Z,business_daily,official_effective_date,OK
2026-09-10T17:00:00Z,2026-09-10T17:58:09.780732Z,ETH_DOMINANCE,11.337507664209499,percent,CoinGecko Global,2026-09-10T17:52:35Z,current,source_updated_at,OK
2026-09-10T17:00:00Z,2026-09-10T17:58:09.780732Z,SOFR,3.64,percent,New York Fed Markets API,2026-09-09T00:00:00Z,business_daily,official_effective_date,OK
2026-09-10T17:00:00Z,2026-09-10T17:58:09.780732Z,STABLECOIN_TOTAL_SUPPLY,310838037953.70056,USD,DefiLlama Stablecoins,2026-09-10T17:58:13.845208Z,current,retrieval_time_proxy,OK
2026-09-10T17:00:00Z,2026-09-10T17:58:09.780732Z,TGA_CLOSING_BALANCE,880019.0,USD millions,US Treasury FiscalData:DTS operating_cash_balance,2026-09-08T00:00:00Z,business_daily,official_record_date,OK
2026-09-10T17:00:00Z,2026-09-10T17:58:09.780732Z,US10Y,4.83,percent,US Treasury:daily_treasury_yield_curve,2026-09-09T00:00:00,daily,official_observation_date,OK
2026-09-10T17:00:00Z,2026-09-10T17:58:09.780732Z,US10Y_REAL,2.46,percent,US Treasury:daily_treasury_real_yield_curve,2026-09-09T00:00:00,daily,official_observation_date,OK
2026-09-10T17:00:00Z,2026-09-10T17:58:09.780732Z,US2Y,4.43,percent,US Treasury:daily_treasury_yield_curve,2026-09-09T00:00:00,daily,official_observation_date,OK
2026-09-10T17:00:00Z,2026-09-10T17:58:09.780732Z,US30Y,5.28,percent,US Treasury:daily_treasury_yield_curve,2026-09-09T00:00:00,daily,official_observation_date,OK
2026-09-10T17:00:00Z,2026-09-10T17:58:09.780732Z,USDC_SUPPLY,74117398439.02379,USD,DefiLlama Stablecoins,2026-09-10T17:58:13.845208Z,current,retrieval_time_proxy,OK
2026-09-10T17:00:00Z,2026-09-10T17:58:09.780732Z,USDT_SUPPLY,183454796795.7428,USD,DefiLlama Stablecoins,2026-09-10T17:58:13.845208Z,current,retrieval_time_proxy,OK
2026-09-10T18:00:00Z,2026-09-10T18:58:53.805689Z,BTC_DOMINANCE,58.46791031628911,percent,CoinGecko Global,2026-09-10T18:52:40Z,current,source_updated_at,OK
2026-09-10T18:00:00Z,2026-09-10T18:58:53.805689Z,CRYPTO_24H_VOLUME,94921276416.26697,USD,CoinGecko Global,2026-09-10T18:52:40Z,current,source_updated_at,OK
2026-09-10T18:00:00Z,2026-09-10T18:58:53.805689Z,CRYPTO_TOTAL_MCAP,2643518975152.341,USD,CoinGecko Global,2026-09-10T18:52:40Z,current,source_updated_at,OK
2026-09-10T18:00:00Z,2026-09-10T18:58:53.805689Z,EFFR,3.63,percent,New York Fed Markets API,2026-09-09T00:00:00Z,business_daily,official_effective_date,OK
2026-09-10T18:00:00Z,2026-09-10T18:58:53.805689Z,ETH_DOMINANCE,11.341690126086824,percent,CoinGecko Global,2026-09-10T18:52:40Z,current,source_updated_at,OK
2026-09-10T18:00:00Z,2026-09-10T18:58:53.805689Z,SOFR,3.64,percent,New York Fed Markets API,2026-09-09T00:00:00Z,business_daily,official_effective_date,OK
2026-09-10T18:00:00Z,2026-09-10T18:58:53.805689Z,STABLECOIN_TOTAL_SUPPLY,310900409689.76,USD,DefiLlama Stablecoins,2026-09-10T18:58:55.162309Z,current,retrieval_time_proxy,OK
2026-09-10T18:00:00Z,2026-09-10T18:58:53.805689Z,TGA_CLOSING_BALANCE,880019.0,USD millions,US Treasury FiscalData:DTS operating_cash_balance,2026-09-08T00:00:00Z,business_daily,official_record_date,OK
2026-09-10T18:00:00Z,2026-09-10T18:58:53.805689Z,US10Y,4.83,percent,US Treasury:daily_treasury_yield_curve,2026-09-09T00:00:00,daily,official_observation_date,OK
2026-09-10T18:00:00Z,2026-09-10T18:58:53.805689Z,US10Y_REAL,2.46,percent,US Treasury:daily_treasury_real_yield_curve,2026-09-09T00:00:00,daily,official_observation_date,OK
2026-09-10T18:00:00Z,2026-09-10T18:58:53.805689Z,US2Y,4.43,percent,US Treasury:daily_treasury_yield_curve,2026-09-09T00:00:00,daily,official_observation_date,OK
2026-09-10T18:00:00Z,2026-09-10T18:58:53.805689Z,US30Y,5.28,percent,US Treasury:daily_treasury_yield_curve,2026-09-09T00:00:00,daily,official_observation_date,OK
2026-09-10T18:00:00Z,2026-09-10T18:58:53.805689Z,USDC_SUPPLY,74216968041.07991,USD,DefiLlama Stablecoins,2026-09-10T18:58:55.162309Z,current,retrieval_time_proxy,OK
2026-09-10T18:00:00Z,2026-09-10T18:58:53.805689Z,USDT_SUPPLY,183445707395.4191,USD,DefiLlama Stablecoins,2026-09-10T18:58:55.162309Z,current,retrieval_time_proxy,OK
2026-09-10T19:00:00Z,2026-09-10T19:58:11.200394Z,BTC_DOMINANCE,58.459974564032244,percent,CoinGecko Global,2026-09-10T19:52:45Z,current,source_updated_at,OK
2026-09-10T19:00:00Z,2026-09-10T19:58:11.200394Z,CRYPTO_24H_VOLUME,94162559177.48653,USD,CoinGecko Global,2026-09-10T19:52:45Z,current,source_updated_at,OK
2026-09-10T19:00:00Z,2026-09-10T19:58:11.200394Z,CRYPTO_TOTAL_MCAP,2640567709283.563,USD,CoinGecko Global,2026-09-10T19:52:45Z,current,source_updated_at,OK
2026-09-10T19:00:00Z,2026-09-10T19:58:11.200394Z,EFFR,3.63,percent,New York Fed Markets API,2026-09-09T00:00:00Z,business_daily,official_effective_date,OK
2026-09-10T19:00:00Z,2026-09-10T19:58:11.200394Z,ETH_DOMINANCE,11.346174683310869,percent,CoinGecko Global,2026-09-10T19:52:45Z,current,source_updated_at,OK
2026-09-10T19:00:00Z,2026-09-10T19:58:11.200394Z,SOFR,3.64,percent,New York Fed Markets API,2026-09-09T00:00:00Z,business_daily,official_effective_date,OK
2026-09-10T19:00:00Z,2026-09-10T19:58:11.200394Z,STABLECOIN_TOTAL_SUPPLY,311205687817.5843,USD,DefiLlama Stablecoins,2026-09-10T19:58:12.950446Z,current,retrieval_time_proxy,OK
2026-09-10T19:00:00Z,2026-09-10T19:58:11.200394Z,TGA_CLOSING_BALANCE,880019.0,USD millions,US Treasury FiscalData:DTS operating_cash_balance,2026-09-08T00:00:00Z,business_daily,official_record_date,OK
2026-09-10T19:00:00Z,2026-09-10T19:58:11.200394Z,US10Y,4.95,percent,US Treasury:daily_treasury_yield_curve,2026-09-10T00:00:00,daily,official_observation_date,OK
2026-09-10T19:00:00Z,2026-09-10T19:58:11.200394Z,US10Y_REAL,2.55,percent,US Treasury:daily_treasury_real_yield_curve,2026-09-10T00:00:00,daily,official_observation_date,OK
2026-09-10T19:00:00Z,2026-09-10T19:58:11.200394Z,US2Y,4.56,percent,US Treasury:daily_treasury_yield_curve,2026-09-10T00:00:00,daily,official_observation_date,OK
2026-09-10T19:00:00Z,2026-09-10T19:58:11.200394Z,US30Y,5.37,percent,US Treasury:daily_treasury_yield_curve,2026-09-10T00:00:00,daily,official_observation_date,OK
2026-09-10T19:00:00Z,2026-09-10T19:58:11.200394Z,USDC_SUPPLY,74121042528.61143,USD,DefiLlama Stablecoins,2026-09-10T19:58:12.950446Z,current,retrieval_time_proxy,OK
2026-09-10T19:00:00Z,2026-09-10T19:58:11.200394Z,USDT_SUPPLY,183441083340.75833,USD,DefiLlama Stablecoins,2026-09-10T19:58:12.950446Z,current,retrieval_time_proxy,OK
2026-09-10T20:00:00Z,2026-09-10T20:58:29.276835Z,BTC_DOMINANCE,58.46818751565003,percent,CoinGecko Global,2026-09-10T20:52:50Z,current,source_updated_at,OK
2026-09-10T20:00:00Z,2026-09-10T20:58:29.276835Z,CRYPTO_24H_VOLUME,92254845775.81976,USD,CoinGecko Global,2026-09-10T20:52:50Z,current,source_updated_at,OK
2026-09-10T20:00:00Z,2026-09-10T20:58:29.276835Z,CRYPTO_TOTAL_MCAP,2647801728659.821,USD,CoinGecko Global,2026-09-10T20:52:50Z,current,source_updated_at,OK
2026-09-10T20:00:00Z,2026-09-10T20:58:29.276835Z,EFFR,3.63,percent,New York Fed Markets API,2026-09-09T00:00:00Z,business_daily,official_effective_date,OK
2026-09-10T20:00:00Z,2026-09-10T20:58:29.276835Z,ETH_DOMINANCE,11.325753298279425,percent,CoinGecko Global,2026-09-10T20:52:50Z,current,source_updated_at,OK
2026-09-10T20:00:00Z,2026-09-10T20:58:29.276835Z,SOFR,3.64,percent,New York Fed Markets API,2026-09-09T00:00:00Z,business_daily,official_effective_date,OK
2026-09-10T20:00:00Z,2026-09-10T20:58:29.276835Z,STABLECOIN_TOTAL_SUPPLY,311167034745.322,USD,DefiLlama Stablecoins,2026-09-10T20:58:31.364434Z,current,retrieval_time_proxy,OK
2026-09-10T20:00:00Z,2026-09-10T20:58:29.276835Z,TGA_CLOSING_BALANCE,843705.0,USD millions,US Treasury FiscalData:DTS operating_cash_balance,2026-09-09T00:00:00Z,business_daily,official_record_date,OK
2026-09-10T20:00:00Z,2026-09-10T20:58:29.276835Z,US10Y,4.95,percent,US Treasury:daily_treasury_yield_curve,2026-09-10T00:00:00,daily,official_observation_date,OK
2026-09-10T20:00:00Z,2026-09-10T20:58:29.276835Z,US10Y_REAL,2.55,percent,US Treasury:daily_treasury_real_yield_curve,2026-09-10T00:00:00,daily,official_observation_date,OK
2026-09-10T20:00:00Z,2026-09-10T20:58:29.276835Z,US2Y,4.56,percent,US Treasury:daily_treasury_yield_curve,2026-09-10T00:00:00,daily,official_observation_date,OK
2026-09-10T20:00:00Z,2026-09-10T20:58:29.276835Z,US30Y,5.37,percent,US Treasury:daily_treasury_yield_curve,2026-09-10T00:00:00,daily,official_observation_date,OK
2026-09-10T20:00:00Z,2026-09-10T20:58:29.276835Z,USDC_SUPPLY,74103938248.01505,USD,DefiLlama Stablecoins,2026-09-10T20:58:31.364434Z,current,retrieval_time_proxy,OK
2026-09-10T20:00:00Z,2026-09-10T20:58:29.276835Z,USDT_SUPPLY,183450168335.24414,USD,DefiLlama Stablecoins,2026-09-10T20:58:31.364434Z,current,retrieval_time_proxy,OK
2026-09-10T21:00:00Z,2026-09-10T21:58:06.330040Z,BTC_DOMINANCE,58.466521087480174,percent,CoinGecko Global,2026-09-10T21:52:55Z,current,source_updated_at,OK
2026-09-10T21:00:00Z,2026-09-10T21:58:06.330040Z,CRYPTO_24H_VOLUME,90969435719.37721,USD,CoinGecko Global,2026-09-10T21:52:55Z,current,source_updated_at,OK
2026-09-10T21:00:00Z,2026-09-10T21:58:06.330040Z,CRYPTO_TOTAL_MCAP,2644906487695.462,USD,CoinGecko Global,2026-09-10T21:52:55Z,current,source_updated_at,OK
2026-09-10T21:00:00Z,2026-09-10T21:58:06.330040Z,EFFR,3.63,percent,New York Fed Markets API,2026-09-09T00:00:00Z,business_daily,official_effective_date,OK
2026-09-10T21:00:00Z,2026-09-10T21:58:06.330040Z,ETH_DOMINANCE,11.326346083750495,percent,CoinGecko Global,2026-09-10T21:52:55Z,current,source_updated_at,OK
2026-09-10T21:00:00Z,2026-09-10T21:58:06.330040Z,SOFR,3.64,percent,New York Fed Markets API,2026-09-09T00:00:00Z,business_daily,official_effective_date,OK
2026-09-10T21:00:00Z,2026-09-10T21:58:06.330040Z,STABLECOIN_TOTAL_SUPPLY,311270667702.87085,USD,DefiLlama Stablecoins,2026-09-10T21:58:08.516889Z,current,retrieval_time_proxy,OK
2026-09-10T21:00:00Z,2026-09-10T21:58:06.330040Z,TGA_CLOSING_BALANCE,843705.0,USD millions,US Treasury FiscalData:DTS operating_cash_balance,2026-09-09T00:00:00Z,business_daily,official_record_date,OK
2026-09-10T21:00:00Z,2026-09-10T21:58:06.330040Z,US10Y,4.95,percent,US Treasury:daily_treasury_yield_curve,2026-09-10T00:00:00,daily,official_observation_date,OK
2026-09-10T21:00:00Z,2026-09-10T21:58:06.330040Z,US10Y_REAL,2.55,percent,US Treasury:daily_treasury_real_yield_curve,2026-09-10T00:00:00,daily,official_observation_date,OK
2026-09-10T21:00:00Z,2026-09-10T21:58:06.330040Z,US2Y,4.56,percent,US Treasury:daily_treasury_yield_curve,2026-09-10T00:00:00,daily,official_observation_date,OK
2026-09-10T21:00:00Z,2026-09-10T21:58:06.330040Z,US30Y,5.37,percent,US Treasury:daily_treasury_yield_curve,2026-09-10T00:00:00,daily,official_observation_date,OK
2026-09-10T21:00:00Z,2026-09-10T21:58:06.330040Z,USDC_SUPPLY,74171938707.7707,USD,DefiLlama Stablecoins,2026-09-10T21:58:08.516889Z,current,retrieval_time_proxy,OK
2026-09-10T21:00:00Z,2026-09-10T21:58:06.330040Z,USDT_SUPPLY,183458695529.3542,USD,DefiLlama Stablecoins,2026-09-10T21:58:08.516889Z,current,retrieval_time_proxy,OK
2026-09-10T22:00:00Z,2026-09-10T22:58:13.643228Z,BTC_DOMINANCE,58.45655747895508,percent,CoinGecko Global,2026-09-10T22:53:00Z,current,source_updated_at,OK
2026-09-10T22:00:00Z,2026-09-10T22:58:13.643228Z,CRYPTO_24H_VOLUME,88108370098.39569,USD,CoinGecko Global,2026-09-10T22:53:00Z,current,source_updated_at,OK
2026-09-10T22:00:00Z,2026-09-10T22:58:13.643228Z,CRYPTO_TOTAL_MCAP,2637209331912.9746,USD,CoinGecko Global,2026-09-10T22:53:00Z,current,source_updated_at,OK
2026-09-10T22:00:00Z,2026-09-10T22:58:13.643228Z,EFFR,3.63,percent,New York Fed Markets API,2026-09-09T00:00:00Z,business_daily,official_effective_date,OK
2026-09-10T22:00:00Z,2026-09-10T22:58:13.643228Z,ETH_DOMINANCE,11.312976272060656,percent,CoinGecko Global,2026-09-10T22:53:00Z,current,source_updated_at,OK
2026-09-10T22:00:00Z,2026-09-10T22:58:13.643228Z,SOFR,3.64,percent,New York Fed Markets API,2026-09-09T00:00:00Z,business_daily,official_effective_date,OK
2026-09-10T22:00:00Z,2026-09-10T22:58:13.643228Z,STABLECOIN_TOTAL_SUPPLY,311240697336.4789,USD,DefiLlama Stablecoins,2026-09-10T22:58:15.458834Z,current,retrieval_time_proxy,OK
2026-09-10T22:00:00Z,2026-09-10T22:58:13.643228Z,TGA_CLOSING_BALANCE,843705.0,USD millions,US Treasury FiscalData:DTS operating_cash_balance,2026-09-09T00:00:00Z,business_daily,official_record_date,OK
2026-09-10T22:00:00Z,2026-09-10T22:58:13.643228Z,US10Y,4.95,percent,US Treasury:daily_treasury_yield_curve,2026-09-10T00:00:00,daily,official_observation_date,OK
2026-09-10T22:00:00Z,2026-09-10T22:58:13.643228Z,US10Y_REAL,2.55,percent,US Treasury:daily_treasury_real_yield_curve,2026-09-10T00:00:00,daily,official_observation_date,OK
2026-09-10T22:00:00Z,2026-09-10T22:58:13.643228Z,US2Y,4.56,percent,US Treasury:daily_treasury_yield_curve,2026-09-10T00:00:00,daily,official_observation_date,OK
2026-09-10T22:00:00Z,2026-09-10T22:58:13.643228Z,US30Y,5.37,percent,US Treasury:daily_treasury_yield_curve,2026-09-10T00:00:00,daily,official_observation_date,OK
2026-09-10T22:00:00Z,2026-09-10T22:58:13.643228Z,USDC_SUPPLY,74172301107.85318,USD,DefiLlama Stablecoins,2026-09-10T22:58:15.458834Z,current,retrieval_time_proxy,OK
2026-09-10T22:00:00Z,2026-09-10T22:58:13.643228Z,USDT_SUPPLY,183461137498.44522,USD,DefiLlama Stablecoins,2026-09-10T22:58:15.458834Z,current,retrieval_time_proxy,OK
2026-09-10T23:00:00Z,2026-09-10T23:57:52.327493Z,BTC_DOMINANCE,58.482409632816676,percent,CoinGecko Global,2026-09-10T23:53:05Z,current,source_updated_at,OK
2026-09-10T23:00:00Z,2026-09-10T23:57:52.327493Z,CRYPTO_24H_VOLUME,88341855213.32788,USD,CoinGecko Global,2026-09-10T23:53:05Z,current,source_updated_at,OK
2026-09-10T23:00:00Z,2026-09-10T23:57:52.327493Z,CRYPTO_TOTAL_MCAP,2627321264095.7437,USD,CoinGecko Global,2026-09-10T23:53:05Z,current,source_updated_at,OK
2026-09-10T23:00:00Z,2026-09-10T23:57:52.327493Z,EFFR,3.63,percent,New York Fed Markets API,2026-09-09T00:00:00Z,business_daily,official_effective_date,OK
2026-09-10T23:00:00Z,2026-09-10T23:57:52.327493Z,ETH_DOMINANCE,11.305019513242568,percent,CoinGecko Global,2026-09-10T23:53:05Z,current,source_updated_at,OK
2026-09-10T23:00:00Z,2026-09-10T23:57:52.327493Z,SOFR,3.64,percent,New York Fed Markets API,2026-09-09T00:00:00Z,business_daily,official_effective_date,OK
2026-09-10T23:00:00Z,2026-09-10T23:57:52.327493Z,STABLECOIN_TOTAL_SUPPLY,311314365565.0553,USD,DefiLlama Stablecoins,2026-09-10T23:57:54.690838Z,current,retrieval_time_proxy,OK
2026-09-10T23:00:00Z,2026-09-10T23:57:52.327493Z,TGA_CLOSING_BALANCE,843705.0,USD millions,US Treasury FiscalData:DTS operating_cash_balance,2026-09-09T00:00:00Z,business_daily,official_record_date,OK
2026-09-10T23:00:00Z,2026-09-10T23:57:52.327493Z,US10Y,4.95,percent,US Treasury:daily_treasury_yield_curve,2026-09-10T00:00:00,daily,official_observation_date,OK
2026-09-10T23:00:00Z,2026-09-10T23:57:52.327493Z,US10Y_REAL,2.55,percent,US Treasury:daily_treasury_real_yield_curve,2026-09-10T00:00:00,daily,official_observation_date,OK
2026-09-10T23:00:00Z,2026-09-10T23:57:52.327493Z,US2Y,4.56,percent,US Treasury:daily_treasury_yield_curve,2026-09-10T00:00:00,daily,official_observation_date,OK
2026-09-10T23:00:00Z,2026-09-10T23:57:52.327493Z,US30Y,5.37,percent,US Treasury:daily_treasury_yield_curve,2026-09-10T00:00:00,daily,official_observation_date,OK
2026-09-10T23:00:00Z,2026-09-10T23:57:52.327493Z,USDC_SUPPLY,74210866941.29247,USD,DefiLlama Stablecoins,2026-09-10T23:57:54.690838Z,current,retrieval_time_proxy,OK
2026-09-10T23:00:00Z,2026-09-10T23:57:52.327493Z,USDT_SUPPLY,183470569500.1982,USD,DefiLlama Stablecoins,2026-09-10T23:57:54.690838Z,current,retrieval_time_proxy,OK
2026-09-11T00:00:00Z,2026-09-11T00:59:54.198996Z,BTC_DOMINANCE,58.462265254388015,percent,CoinGecko Global,2026-09-11T00:53:12Z,current,source_updated_at,OK
2026-09-11T00:00:00Z,2026-09-11T00:59:54.198996Z,CRYPTO_24H_VOLUME,88736292887.36464,USD,CoinGecko Global,2026-09-11T00:53:12Z,current,source_updated_at,OK
2026-09-11T00:00:00Z,2026-09-11T00:59:54.198996Z,CRYPTO_TOTAL_MCAP,2634404058877.863,USD,CoinGecko Global,2026-09-11T00:53:12Z,current,source_updated_at,OK
2026-09-11T00:00:00Z,2026-09-11T00:59:54.198996Z,EFFR,3.63,percent,New York Fed Markets API,2026-09-09T00:00:00Z,business_daily,official_effective_date,OK
2026-09-11T00:00:00Z,2026-09-11T00:59:54.198996Z,ETH_DOMINANCE,11.347442532012975,percent,CoinGecko Global,2026-09-11T00:53:12Z,current,source_updated_at,OK
2026-09-11T00:00:00Z,2026-09-11T00:59:54.198996Z,SOFR,3.64,percent,New York Fed Markets API,2026-09-09T00:00:00Z,business_daily,official_effective_date,OK
2026-09-11T00:00:00Z,2026-09-11T00:59:54.198996Z,STABLECOIN_TOTAL_SUPPLY,310899007960.07513,USD,DefiLlama Stablecoins,2026-09-11T00:59:55.476718Z,current,retrieval_time_proxy,OK
2026-09-11T00:00:00Z,2026-09-11T00:59:54.198996Z,TGA_CLOSING_BALANCE,843705.0,USD millions,US Treasury FiscalData:DTS operating_cash_balance,2026-09-09T00:00:00Z,business_daily,official_record_date,OK
2026-09-11T00:00:00Z,2026-09-11T00:59:54.198996Z,US10Y,4.95,percent,US Treasury:daily_treasury_yield_curve,2026-09-10T00:00:00,daily,official_observation_date,OK
2026-09-11T00:00:00Z,2026-09-11T00:59:54.198996Z,US10Y_REAL,2.55,percent,US Treasury:daily_treasury_real_yield_curve,2026-09-10T00:00:00,daily,official_observation_date,OK
2026-09-11T00:00:00Z,2026-09-11T00:59:54.198996Z,US2Y,4.56,percent,US Treasury:daily_treasury_yield_curve,2026-09-10T00:00:00,daily,official_observation_date,OK
2026-09-11T00:00:00Z,2026-09-11T00:59:54.198996Z,US30Y,5.37,percent,US Treasury:daily_treasury_yield_curve,2026-09-10T00:00:00,daily,official_observation_date,OK
2026-09-11T00:00:00Z,2026-09-11T00:59:54.198996Z,USDC_SUPPLY,74184247054.9804,USD,DefiLlama Stablecoins,2026-09-11T00:59:55.476718Z,current,retrieval_time_proxy,OK
2026-09-11T00:00:00Z,2026-09-11T00:59:54.198996Z,USDT_SUPPLY,183467640238.37872,USD,DefiLlama Stablecoins,2026-09-11T00:59:55.476718Z,current,retrieval_time_proxy,OK
2026-09-11T01:00:00Z,2026-09-11T01:58:44.815908Z,BTC_DOMINANCE,58.47741536943555,percent,CoinGecko Global,2026-09-11T01:53:17Z,current,source_updated_at,OK
2026-09-11T01:00:00Z,2026-09-11T01:58:44.815908Z,CRYPTO_24H_VOLUME,87688879228.93777,USD,CoinGecko Global,2026-09-11T01:53:17Z,current,source_updated_at,OK
2026-09-11T01:00:00Z,2026-09-11T01:58:44.815908Z,CRYPTO_TOTAL_MCAP,2637133125989.4346,USD,CoinGecko Global,2026-09-11T01:53:17Z,current,source_updated_at,OK
2026-09-11T01:00:00Z,2026-09-11T01:58:44.815908Z,EFFR,3.63,percent,New York Fed Markets API,2026-09-09T00:00:00Z,business_daily,official_effective_date,OK
2026-09-11T01:00:00Z,2026-09-11T01:58:44.815908Z,ETH_DOMINANCE,11.334960859134377,percent,CoinGecko Global,2026-09-11T01:53:17Z,current,source_updated_at,OK
2026-09-11T01:00:00Z,2026-09-11T01:58:44.815908Z,SOFR,3.64,percent,New York Fed Markets API,2026-09-09T00:00:00Z,business_daily,official_effective_date,OK
2026-09-11T01:00:00Z,2026-09-11T01:58:44.815908Z,STABLECOIN_TOTAL_SUPPLY,310603668177.77216,USD,DefiLlama Stablecoins,2026-09-11T01:58:46.844624Z,current,retrieval_time_proxy,OK
2026-09-11T01:00:00Z,2026-09-11T01:58:44.815908Z,TGA_CLOSING_BALANCE,843705.0,USD millions,US Treasury FiscalData:DTS operating_cash_balance,2026-09-09T00:00:00Z,business_daily,official_record_date,OK
2026-09-11T01:00:00Z,2026-09-11T01:58:44.815908Z,US10Y,4.95,percent,US Treasury:daily_treasury_yield_curve,2026-09-10T00:00:00,daily,official_observation_date,OK
2026-09-11T01:00:00Z,2026-09-11T01:58:44.815908Z,US10Y_REAL,2.55,percent,US Treasury:daily_treasury_real_yield_curve,2026-09-10T00:00:00,daily,official_observation_date,OK
2026-09-11T01:00:00Z,2026-09-11T01:58:44.815908Z,US2Y,4.56,percent,US Treasury:daily_treasury_yield_curve,2026-09-10T00:00:00,daily,official_observation_date,OK
2026-09-11T01:00:00Z,2026-09-11T01:58:44.815908Z,US30Y,5.37,percent,US Treasury:daily_treasury_yield_curve,2026-09-10T00:00:00,daily,official_observation_date,OK
2026-09-11T01:00:00Z,2026-09-11T01:58:44.815908Z,USDC_SUPPLY,74209368907.40173,USD,DefiLlama Stablecoins,2026-09-11T01:58:46.844624Z,current,retrieval_time_proxy,OK
2026-09-11T01:00:00Z,2026-09-11T01:58:44.815908Z,USDT_SUPPLY,183466122943.20303,USD,DefiLlama Stablecoins,2026-09-11T01:58:46.844624Z,current,retrieval_time_proxy,OK
2026-09-11T02:00:00Z,2026-09-11T02:58:03.996044Z,BTC_DOMINANCE,58.494214107318754,percent,CoinGecko Global,2026-09-11T02:53:21Z,current,source_updated_at,OK
2026-09-11T02:00:00Z,2026-09-11T02:58:03.996044Z,CRYPTO_24H_VOLUME,87286160181.30542,USD,CoinGecko Global,2026-09-11T02:53:21Z,current,source_updated_at,OK
2026-09-11T02:00:00Z,2026-09-11T02:58:03.996044Z,CRYPTO_TOTAL_MCAP,2634965906820.082,USD,CoinGecko Global,2026-09-11T02:53:21Z,current,source_updated_at,OK
2026-09-11T02:00:00Z,2026-09-11T02:58:03.996044Z,EFFR,3.63,percent,New York Fed Markets API,2026-09-09T00:00:00Z,business_daily,official_effective_date,OK
2026-09-11T02:00:00Z,2026-09-11T02:58:03.996044Z,ETH_DOMINANCE,11.324382437597563,percent,CoinGecko Global,2026-09-11T02:53:21Z,current,source_updated_at,OK
2026-09-11T02:00:00Z,2026-09-11T02:58:03.996044Z,SOFR,3.64,percent,New York Fed Markets API,2026-09-09T00:00:00Z,business_daily,official_effective_date,OK
2026-09-11T02:00:00Z,2026-09-11T02:58:03.996044Z,STABLECOIN_TOTAL_SUPPLY,310814809378.3564,USD,DefiLlama Stablecoins,2026-09-11T02:58:05.715407Z,current,retrieval_time_proxy,OK
2026-09-11T02:00:00Z,2026-09-11T02:58:03.996044Z,TGA_CLOSING_BALANCE,843705.0,USD millions,US Treasury FiscalData:DTS operating_cash_balance,2026-09-09T00:00:00Z,business_daily,official_record_date,OK
2026-09-11T02:00:00Z,2026-09-11T02:58:03.996044Z,US10Y,4.95,percent,US Treasury:daily_treasury_yield_curve,2026-09-10T00:00:00,daily,official_observation_date,OK
2026-09-11T02:00:00Z,2026-09-11T02:58:03.996044Z,US10Y_REAL,2.55,percent,US Treasury:daily_treasury_real_yield_curve,2026-09-10T00:00:00,daily,official_observation_date,OK
2026-09-11T02:00:00Z,2026-09-11T02:58:03.996044Z,US2Y,4.56,percent,US Treasury:daily_treasury_yield_curve,2026-09-10T00:00:00,daily,official_observation_date,OK
2026-09-11T02:00:00Z,2026-09-11T02:58:03.996044Z,US30Y,5.37,percent,US Treasury:daily_treasury_yield_curve,2026-09-10T00:00:00,daily,official_observation_date,OK
2026-09-11T02:00:00Z,2026-09-11T02:58:03.996044Z,USDC_SUPPLY,74167138285.7079,USD,DefiLlama Stablecoins,2026-09-11T02:58:05.715407Z,current,retrieval_time_proxy,OK
2026-09-11T02:00:00Z,2026-09-11T02:58:03.996044Z,USDT_SUPPLY,183466460314.41257,USD,DefiLlama Stablecoins,2026-09-11T02:58:05.715407Z,current,retrieval_time_proxy,OK
2026-09-11T03:00:00Z,2026-09-11T03:58:13.906171Z,BTC_DOMINANCE,58.47459285760125,percent,CoinGecko Global,2026-09-11T03:53:26Z,current,source_updated_at,OK
2026-09-11T03:00:00Z,2026-09-11T03:58:13.906171Z,CRYPTO_24H_VOLUME,87614947176.67729,USD,CoinGecko Global,2026-09-11T03:53:26Z,current,source_updated_at,OK
2026-09-11T03:00:00Z,2026-09-11T03:58:13.906171Z,CRYPTO_TOTAL_MCAP,2631806979176.1333,USD,CoinGecko Global,2026-09-11T03:53:26Z,current,source_updated_at,OK
2026-09-11T03:00:00Z,2026-09-11T03:58:13.906171Z,EFFR,3.63,percent,New York Fed Markets API,2026-09-09T00:00:00Z,business_daily,official_effective_date,OK
2026-09-11T03:00:00Z,2026-09-11T03:58:13.906171Z,ETH_DOMINANCE,11.308635781102305,percent,CoinGecko Global,2026-09-11T03:53:26Z,current,source_updated_at,OK
2026-09-11T03:00:00Z,2026-09-11T03:58:13.906171Z,SOFR,3.64,percent,New York Fed Markets API,2026-09-09T00:00:00Z,business_daily,official_effective_date,OK
2026-09-11T03:00:00Z,2026-09-11T03:58:13.906171Z,STABLECOIN_TOTAL_SUPPLY,310794230402.9906,USD,DefiLlama Stablecoins,2026-09-11T03:58:15.594750Z,current,retrieval_time_proxy,OK
2026-09-11T03:00:00Z,2026-09-11T03:58:13.906171Z,TGA_CLOSING_BALANCE,843705.0,USD millions,US Treasury FiscalData:DTS operating_cash_balance,2026-09-09T00:00:00Z,business_daily,official_record_date,OK
2026-09-11T03:00:00Z,2026-09-11T03:58:13.906171Z,US10Y,4.95,percent,US Treasury:daily_treasury_yield_curve,2026-09-10T00:00:00,daily,official_observation_date,OK
2026-09-11T03:00:00Z,2026-09-11T03:58:13.906171Z,US10Y_REAL,2.55,percent,US Treasury:daily_treasury_real_yield_curve,2026-09-10T00:00:00,daily,official_observation_date,OK
2026-09-11T03:00:00Z,2026-09-11T03:58:13.906171Z,US2Y,4.56,percent,US Treasury:daily_treasury_yield_curve,2026-09-10T00:00:00,daily,official_observation_date,OK
2026-09-11T03:00:00Z,2026-09-11T03:58:13.906171Z,US30Y,5.37,percent,US Treasury:daily_treasury_yield_curve,2026-09-10T00:00:00,daily,official_observation_date,OK
2026-09-11T03:00:00Z,2026-09-11T03:58:13.906171Z,USDC_SUPPLY,74168423031.33524,USD,DefiLlama Stablecoins,2026-09-11T03:58:15.594750Z,current,retrieval_time_proxy,OK
2026-09-11T03:00:00Z,2026-09-11T03:58:13.906171Z,USDT_SUPPLY,183460329969.69092,USD,DefiLlama Stablecoins,2026-09-11T03:58:15.594750Z,current,retrieval_time_proxy,OK
2026-09-11T04:00:00Z,2026-09-11T04:58:22.561400Z,BTC_DOMINANCE,58.46610397059361,percent,CoinGecko Global,2026-09-11T04:53:30Z,current,source_updated_at,OK
2026-09-11T04:00:00Z,2026-09-11T04:58:22.561400Z,CRYPTO_24H_VOLUME,653650749606.35,USD,CoinGecko Global,2026-09-11T04:53:30Z,current,source_updated_at,OK
2026-09-11T04:00:00Z,2026-09-11T04:58:22.561400Z,CRYPTO_TOTAL_MCAP,2643545311993.6064,USD,CoinGecko Global,2026-09-11T04:53:30Z,current,source_updated_at,OK
2026-09-11T04:00:00Z,2026-09-11T04:58:22.561400Z,EFFR,3.63,percent,New York Fed Markets API,2026-09-09T00:00:00Z,business_daily,official_effective_date,OK
2026-09-11T04:00:00Z,2026-09-11T04:58:22.561400Z,ETH_DOMINANCE,11.32870100142013,percent,CoinGecko Global,2026-09-11T04:53:30Z,current,source_updated_at,OK
2026-09-11T04:00:00Z,2026-09-11T04:58:22.561400Z,SOFR,3.64,percent,New York Fed Markets API,2026-09-09T00:00:00Z,business_daily,official_effective_date,OK
2026-09-11T04:00:00Z,2026-09-11T04:58:22.561400Z,STABLECOIN_TOTAL_SUPPLY,310815609321.22784,USD,DefiLlama Stablecoins,2026-09-11T04:58:24.603787Z,current,retrieval_time_proxy,OK
2026-09-11T04:00:00Z,2026-09-11T04:58:22.561400Z,TGA_CLOSING_BALANCE,843705.0,USD millions,US Treasury FiscalData:DTS operating_cash_balance,2026-09-09T00:00:00Z,business_daily,official_record_date,OK
2026-09-11T04:00:00Z,2026-09-11T04:58:22.561400Z,US10Y,4.95,percent,US Treasury:daily_treasury_yield_curve,2026-09-10T00:00:00,daily,official_observation_date,OK
2026-09-11T04:00:00Z,2026-09-11T04:58:22.561400Z,US10Y_REAL,2.55,percent,US Treasury:daily_treasury_real_yield_curve,2026-09-10T00:00:00,daily,official_observation_date,OK
2026-09-11T04:00:00Z,2026-09-11T04:58:22.561400Z,US2Y,4.56,percent,US Treasury:daily_treasury_yield_curve,2026-09-10T00:00:00,daily,official_observation_date,OK
2026-09-11T04:00:00Z,2026-09-11T04:58:22.561400Z,US30Y,5.37,percent,US Treasury:daily_treasury_yield_curve,2026-09-10T00:00:00,daily,official_observation_date,OK
2026-09-11T04:00:00Z,2026-09-11T04:58:22.561400Z,USDC_SUPPLY,74201789364.84811,USD,DefiLlama Stablecoins,2026-09-11T04:58:24.603787Z,current,retrieval_time_proxy,OK
2026-09-11T04:00:00Z,2026-09-11T04:58:22.561400Z,USDT_SUPPLY,183462456728.41653,USD,DefiLlama Stablecoins,2026-09-11T04:58:24.603787Z,current,retrieval_time_proxy,OK
2026-09-11T05:00:00Z,2026-09-11T05:58:13.982060Z,BTC_DOMINANCE,58.47201423169941,percent,CoinGecko Global,2026-09-11T05:53:35Z,current,source_updated_at,OK
2026-09-11T05:00:00Z,2026-09-11T05:58:13.982060Z,CRYPTO_24H_VOLUME,100022384074.38112,USD,CoinGecko Global,2026-09-11T05:53:35Z,current,source_updated_at,OK
2026-09-11T05:00:00Z,2026-09-11T05:58:13.982060Z,CRYPTO_TOTAL_MCAP,2645733942902.4517,USD,CoinGecko Global,2026-09-11T05:53:35Z,current,source_updated_at,OK
2026-09-11T05:00:00Z,2026-09-11T05:58:13.982060Z,EFFR,3.63,percent,New York Fed Markets API,2026-09-09T00:00:00Z,business_daily,official_effective_date,OK
2026-09-11T05:00:00Z,2026-09-11T05:58:13.982060Z,ETH_DOMINANCE,11.353905161309287,percent,CoinGecko Global,2026-09-11T05:53:35Z,current,source_updated_at,OK
2026-09-11T05:00:00Z,2026-09-11T05:58:13.982060Z,SOFR,3.64,percent,New York Fed Markets API,2026-09-09T00:00:00Z,business_daily,official_effective_date,OK
2026-09-11T05:00:00Z,2026-09-11T05:58:13.982060Z,STABLECOIN_TOTAL_SUPPLY,310820280718.029,USD,DefiLlama Stablecoins,2026-09-11T05:58:15.366428Z,current,retrieval_time_proxy,OK
2026-09-11T05:00:00Z,2026-09-11T05:58:13.982060Z,TGA_CLOSING_BALANCE,843705.0,USD millions,US Treasury FiscalData:DTS operating_cash_balance,2026-09-09T00:00:00Z,business_daily,official_record_date,OK
2026-09-11T05:00:00Z,2026-09-11T05:58:13.982060Z,US10Y,4.95,percent,US Treasury:daily_treasury_yield_curve,2026-09-10T00:00:00,daily,official_observation_date,OK
2026-09-11T05:00:00Z,2026-09-11T05:58:13.982060Z,US10Y_REAL,2.55,percent,US Treasury:daily_treasury_real_yield_curve,2026-09-10T00:00:00,daily,official_observation_date,OK
2026-09-11T05:00:00Z,2026-09-11T05:58:13.982060Z,US2Y,4.56,percent,US Treasury:daily_treasury_yield_curve,2026-09-10T00:00:00,daily,official_observation_date,OK
2026-09-11T05:00:00Z,2026-09-11T05:58:13.982060Z,US30Y,5.37,percent,US Treasury:daily_treasury_yield_curve,2026-09-10T00:00:00,daily,official_observation_date,OK
2026-09-11T05:00:00Z,2026-09-11T05:58:13.982060Z,USDC_SUPPLY,74210027512.04411,USD,DefiLlama Stablecoins,2026-09-11T05:58:15.366428Z,current,retrieval_time_proxy,OK
2026-09-11T05:00:00Z,2026-09-11T05:58:13.982060Z,USDT_SUPPLY,183460496390.57968,USD,DefiLlama Stablecoins,2026-09-11T05:58:15.366428Z,current,retrieval_time_proxy,OK
2026-09-11T07:00:00Z,2026-09-11T07:58:55.585054Z,BTC_DOMINANCE,58.4998866350764,percent,CoinGecko Global,2026-09-11T07:54:14Z,current,source_updated_at,OK
2026-09-11T07:00:00Z,2026-09-11T07:58:55.585054Z,CRYPTO_24H_VOLUME,99351125061.65129,USD,CoinGecko Global,2026-09-11T07:54:14Z,current,source_updated_at,OK
2026-09-11T07:00:00Z,2026-09-11T07:58:55.585054Z,CRYPTO_TOTAL_MCAP,2644882603494.841,USD,CoinGecko Global,2026-09-11T07:54:14Z,current,source_updated_at,OK
2026-09-11T07:00:00Z,2026-09-11T07:58:55.585054Z,EFFR,3.63,percent,New York Fed Markets API,2026-09-09T00:00:00Z,business_daily,official_effective_date,OK
2026-09-11T07:00:00Z,2026-09-11T07:58:55.585054Z,ETH_DOMINANCE,11.355972448845408,percent,CoinGecko Global,2026-09-11T07:54:14Z,current,source_updated_at,OK
2026-09-11T07:00:00Z,2026-09-11T07:58:55.585054Z,SOFR,3.64,percent,New York Fed Markets API,2026-09-09T00:00:00Z,business_daily,official_effective_date,OK
2026-09-11T07:00:00Z,2026-09-11T07:58:55.585054Z,STABLECOIN_TOTAL_SUPPLY,310786569942.86865,USD,DefiLlama Stablecoins,2026-09-11T07:58:56.872137Z,current,retrieval_time_proxy,OK
2026-09-11T07:00:00Z,2026-09-11T07:58:55.585054Z,TGA_CLOSING_BALANCE,843705.0,USD millions,US Treasury FiscalData:DTS operating_cash_balance,2026-09-09T00:00:00Z,business_daily,official_record_date,OK
2026-09-11T07:00:00Z,2026-09-11T07:58:55.585054Z,US10Y,4.95,percent,US Treasury:daily_treasury_yield_curve,2026-09-10T00:00:00,daily,official_observation_date,OK
2026-09-11T07:00:00Z,2026-09-11T07:58:55.585054Z,US10Y_REAL,2.55,percent,US Treasury:daily_treasury_real_yield_curve,2026-09-10T00:00:00,daily,official_observation_date,OK
2026-09-11T07:00:00Z,2026-09-11T07:58:55.585054Z,US2Y,4.56,percent,US Treasury:daily_treasury_yield_curve,2026-09-10T00:00:00,daily,official_observation_date,OK
2026-09-11T07:00:00Z,2026-09-11T07:58:55.585054Z,US30Y,5.37,percent,US Treasury:daily_treasury_yield_curve,2026-09-10T00:00:00,daily,official_observation_date,OK
2026-09-11T07:00:00Z,2026-09-11T07:58:55.585054Z,USDC_SUPPLY,74160770591.10562,USD,DefiLlama Stablecoins,2026-09-11T07:58:56.872137Z,current,retrieval_time_proxy,OK
2026-09-11T07:00:00Z,2026-09-11T07:58:55.585054Z,USDT_SUPPLY,183462393911.93112,USD,DefiLlama Stablecoins,2026-09-11T07:58:56.872137Z,current,retrieval_time_proxy,OK
2026-09-11T08:00:00Z,2026-09-11T08:59:04.153663Z,BTC_DOMINANCE,58.48661746670144,percent,CoinGecko Global,2026-09-11T08:54:19Z,current,source_updated_at,OK
2026-09-11T08:00:00Z,2026-09-11T08:59:04.153663Z,CRYPTO_24H_VOLUME,99787473907.1,USD,CoinGecko Global,2026-09-11T08:54:19Z,current,source_updated_at,OK
2026-09-11T08:00:00Z,2026-09-11T08:59:04.153663Z,CRYPTO_TOTAL_MCAP,2650132336869.3984,USD,CoinGecko Global,2026-09-11T08:54:19Z,current,source_updated_at,OK
2026-09-11T08:00:00Z,2026-09-11T08:59:04.153663Z,EFFR,3.63,percent,New York Fed Markets API,2026-09-09T00:00:00Z,business_daily,official_effective_date,OK
2026-09-11T08:00:00Z,2026-09-11T08:59:04.153663Z,ETH_DOMINANCE,11.379789277933131,percent,CoinGecko Global,2026-09-11T08:54:19Z,current,source_updated_at,OK
2026-09-11T08:00:00Z,2026-09-11T08:59:04.153663Z,SOFR,3.64,percent,New York Fed Markets API,2026-09-09T00:00:00Z,business_daily,official_effective_date,OK
2026-09-11T08:00:00Z,2026-09-11T08:59:04.153663Z,STABLECOIN_TOTAL_SUPPLY,310819178962.03015,USD,DefiLlama Stablecoins,2026-09-11T08:59:05.869732Z,current,retrieval_time_proxy,OK
2026-09-11T08:00:00Z,2026-09-11T08:59:04.153663Z,TGA_CLOSING_BALANCE,843705.0,USD millions,US Treasury FiscalData:DTS operating_cash_balance,2026-09-09T00:00:00Z,business_daily,official_record_date,OK
2026-09-11T08:00:00Z,2026-09-11T08:59:04.153663Z,US10Y,4.95,percent,US Treasury:daily_treasury_yield_curve,2026-09-10T00:00:00,daily,official_observation_date,OK
2026-09-11T08:00:00Z,2026-09-11T08:59:04.153663Z,US10Y_REAL,2.55,percent,US Treasury:daily_treasury_real_yield_curve,2026-09-10T00:00:00,daily,official_observation_date,OK
2026-09-11T08:00:00Z,2026-09-11T08:59:04.153663Z,US2Y,4.56,percent,US Treasury:daily_treasury_yield_curve,2026-09-10T00:00:00,daily,official_observation_date,OK
2026-09-11T08:00:00Z,2026-09-11T08:59:04.153663Z,US30Y,5.37,percent,US Treasury:daily_treasury_yield_curve,2026-09-10T00:00:00,daily,official_observation_date,OK
2026-09-11T08:00:00Z,2026-09-11T08:59:04.153663Z,USDC_SUPPLY,74169241439.11134,USD,DefiLlama Stablecoins,2026-09-11T08:59:05.869732Z,current,retrieval_time_proxy,OK
2026-09-11T08:00:00Z,2026-09-11T08:59:04.153663Z,USDT_SUPPLY,183442928576.6797,USD,DefiLlama Stablecoins,2026-09-11T08:59:05.869732Z,current,retrieval_time_proxy,OK
2026-09-11T09:00:00Z,2026-09-11T09:58:18.987386Z,BTC_DOMINANCE,58.45924156077578,percent,CoinGecko Global,2026-09-11T09:54:26Z,current,source_updated_at,OK
2026-09-11T09:00:00Z,2026-09-11T09:58:18.987386Z,CRYPTO_24H_VOLUME,100134169344.46808,USD,CoinGecko Global,2026-09-11T09:54:26Z,current,source_updated_at,OK
2026-09-11T09:00:00Z,2026-09-11T09:58:18.987386Z,CRYPTO_TOTAL_MCAP,2641793970441.535,USD,CoinGecko Global,2026-09-11T09:54:26Z,current,source_updated_at,OK
2026-09-11T09:00:00Z,2026-09-11T09:58:18.987386Z,EFFR,3.63,percent,New York Fed Markets API,2026-09-09T00:00:00Z,business_daily,official_effective_date,OK
2026-09-11T09:00:00Z,2026-09-11T09:58:18.987386Z,ETH_DOMINANCE,11.386686317258384,percent,CoinGecko Global,2026-09-11T09:54:26Z,current,source_updated_at,OK
2026-09-11T09:00:00Z,2026-09-11T09:58:18.987386Z,SOFR,3.64,percent,New York Fed Markets API,2026-09-09T00:00:00Z,business_daily,official_effective_date,OK
2026-09-11T09:00:00Z,2026-09-11T09:58:18.987386Z,STABLECOIN_TOTAL_SUPPLY,310727414604.55707,USD,DefiLlama Stablecoins,2026-09-11T09:58:21.016421Z,current,retrieval_time_proxy,OK
2026-09-11T09:00:00Z,2026-09-11T09:58:18.987386Z,TGA_CLOSING_BALANCE,843705.0,USD millions,US Treasury FiscalData:DTS operating_cash_balance,2026-09-09T00:00:00Z,business_daily,official_record_date,OK
2026-09-11T09:00:00Z,2026-09-11T09:58:18.987386Z,US10Y,4.95,percent,US Treasury:daily_treasury_yield_curve,2026-09-10T00:00:00,daily,official_observation_date,OK
2026-09-11T09:00:00Z,2026-09-11T09:58:18.987386Z,US10Y_REAL,2.55,percent,US Treasury:daily_treasury_real_yield_curve,2026-09-10T00:00:00,daily,official_observation_date,OK
2026-09-11T09:00:00Z,2026-09-11T09:58:18.987386Z,US2Y,4.56,percent,US Treasury:daily_treasury_yield_curve,2026-09-10T00:00:00,daily,official_observation_date,OK
2026-09-11T09:00:00Z,2026-09-11T09:58:18.987386Z,US30Y,5.37,percent,US Treasury:daily_treasury_yield_curve,2026-09-10T00:00:00,daily,official_observation_date,OK
2026-09-11T09:00:00Z,2026-09-11T09:58:18.987386Z,USDC_SUPPLY,74092876985.49835,USD,DefiLlama Stablecoins,2026-09-11T09:58:21.016421Z,current,retrieval_time_proxy,OK
2026-09-11T09:00:00Z,2026-09-11T09:58:18.987386Z,USDT_SUPPLY,183441664956.3688,USD,DefiLlama Stablecoins,2026-09-11T09:58:21.016421Z,current,retrieval_time_proxy,OK
2026-09-11T10:00:00Z,2026-09-11T10:58:23.424606Z,BTC_DOMINANCE,58.515069761053994,percent,CoinGecko Global,2026-09-11T10:54:31Z,current,source_updated_at,OK
2026-09-11T10:00:00Z,2026-09-11T10:58:23.424606Z,CRYPTO_24H_VOLUME,99832778819.55038,USD,CoinGecko Global,2026-09-11T10:54:31Z,current,source_updated_at,OK
2026-09-11T10:00:00Z,2026-09-11T10:58:23.424606Z,CRYPTO_TOTAL_MCAP,2638885889058.4233,USD,CoinGecko Global,2026-09-11T10:54:31Z,current,source_updated_at,OK
2026-09-11T10:00:00Z,2026-09-11T10:58:23.424606Z,EFFR,3.63,percent,New York Fed Markets API,2026-09-09T00:00:00Z,business_daily,official_effective_date,OK
2026-09-11T10:00:00Z,2026-09-11T10:58:23.424606Z,ETH_DOMINANCE,11.377998190568295,percent,CoinGecko Global,2026-09-11T10:54:31Z,current,source_updated_at,OK
2026-09-11T10:00:00Z,2026-09-11T10:58:23.424606Z,SOFR,3.64,percent,New York Fed Markets API,2026-09-09T00:00:00Z,business_daily,official_effective_date,OK
2026-09-11T10:00:00Z,2026-09-11T10:58:23.424606Z,STABLECOIN_TOTAL_SUPPLY,310816601245.01514,USD,DefiLlama Stablecoins,2026-09-11T10:58:24.943170Z,current,retrieval_time_proxy,OK
2026-09-11T10:00:00Z,2026-09-11T10:58:23.424606Z,TGA_CLOSING_BALANCE,843705.0,USD millions,US Treasury FiscalData:DTS operating_cash_balance,2026-09-09T00:00:00Z,business_daily,official_record_date,OK
2026-09-11T10:00:00Z,2026-09-11T10:58:23.424606Z,US10Y,4.95,percent,US Treasury:daily_treasury_yield_curve,2026-09-10T00:00:00,daily,official_observation_date,OK
2026-09-11T10:00:00Z,2026-09-11T10:58:23.424606Z,US10Y_REAL,2.55,percent,US Treasury:daily_treasury_real_yield_curve,2026-09-10T00:00:00,daily,official_observation_date,OK
2026-09-11T10:00:00Z,2026-09-11T10:58:23.424606Z,US2Y,4.56,percent,US Treasury:daily_treasury_yield_curve,2026-09-10T00:00:00,daily,official_observation_date,OK
2026-09-11T10:00:00Z,2026-09-11T10:58:23.424606Z,US30Y,5.37,percent,US Treasury:daily_treasury_yield_curve,2026-09-10T00:00:00,daily,official_observation_date,OK
2026-09-11T10:00:00Z,2026-09-11T10:58:23.424606Z,USDC_SUPPLY,74174413872.03902,USD,DefiLlama Stablecoins,2026-09-11T10:58:24.943170Z,current,retrieval_time_proxy,OK
2026-09-11T10:00:00Z,2026-09-11T10:58:23.424606Z,USDT_SUPPLY,183444475509.3821,USD,DefiLlama Stablecoins,2026-09-11T10:58:24.943170Z,current,retrieval_time_proxy,OK
2026-09-11T11:00:00Z,2026-09-11T11:58:02.843938Z,BTC_DOMINANCE,58.52679971293615,percent,CoinGecko Global,2026-09-11T11:54:37Z,current,source_updated_at,OK
2026-09-11T11:00:00Z,2026-09-11T11:58:02.843938Z,CRYPTO_24H_VOLUME,99536634066.22104,USD,CoinGecko Global,2026-09-11T11:54:37Z,current,source_updated_at,OK
2026-09-11T11:00:00Z,2026-09-11T11:58:02.843938Z,CRYPTO_TOTAL_MCAP,2635918123902.845,USD,CoinGecko Global,2026-09-11T11:54:37Z,current,source_updated_at,OK
2026-09-11T11:00:00Z,2026-09-11T11:58:02.843938Z,EFFR,3.63,percent,New York Fed Markets API,2026-09-09T00:00:00Z,business_daily,official_effective_date,OK
2026-09-11T11:00:00Z,2026-09-11T11:58:02.843938Z,ETH_DOMINANCE,11.35833400462545,percent,CoinGecko Global,2026-09-11T11:54:37Z,current,source_updated_at,OK
2026-09-11T11:00:00Z,2026-09-11T11:58:02.843938Z,SOFR,3.64,percent,New York Fed Markets API,2026-09-09T00:00:00Z,business_daily,official_effective_date,OK
2026-09-11T11:00:00Z,2026-09-11T11:58:02.843938Z,STABLECOIN_TOTAL_SUPPLY,310829610901.4307,USD,DefiLlama Stablecoins,2026-09-11T11:58:05.038614Z,current,retrieval_time_proxy,OK
2026-09-11T11:00:00Z,2026-09-11T11:58:02.843938Z,TGA_CLOSING_BALANCE,843705.0,USD millions,US Treasury FiscalData:DTS operating_cash_balance,2026-09-09T00:00:00Z,business_daily,official_record_date,OK
2026-09-11T11:00:00Z,2026-09-11T11:58:02.843938Z,US10Y,4.95,percent,US Treasury:daily_treasury_yield_curve,2026-09-10T00:00:00,daily,official_observation_date,OK
2026-09-11T11:00:00Z,2026-09-11T11:58:02.843938Z,US10Y_REAL,2.55,percent,US Treasury:daily_treasury_real_yield_curve,2026-09-10T00:00:00,daily,official_observation_date,OK
2026-09-11T11:00:00Z,2026-09-11T11:58:02.843938Z,US2Y,4.56,percent,US Treasury:daily_treasury_yield_curve,2026-09-10T00:00:00,daily,official_observation_date,OK
2026-09-11T11:00:00Z,2026-09-11T11:58:02.843938Z,US30Y,5.37,percent,US Treasury:daily_treasury_yield_curve,2026-09-10T00:00:00,daily,official_observation_date,OK
2026-09-11T11:00:00Z,2026-09-11T11:58:02.843938Z,USDC_SUPPLY,74174740599.3294,USD,DefiLlama Stablecoins,2026-09-11T11:58:05.038614Z,current,retrieval_time_proxy,OK
2026-09-11T11:00:00Z,2026-09-11T11:58:02.843938Z,USDT_SUPPLY,183455594773.69995,USD,DefiLlama Stablecoins,2026-09-11T11:58:05.038614Z,current,retrieval_time_proxy,OK
2026-09-11T12:00:00Z,2026-09-11T12:59:32.716836Z,BTC_DOMINANCE,58.46667557488604,percent,CoinGecko Global,2026-09-11T12:54:42Z,current,source_updated_at,OK
2026-09-11T12:00:00Z,2026-09-11T12:59:32.716836Z,CRYPTO_24H_VOLUME,103681939531.48987,USD,CoinGecko Global,2026-09-11T12:54:42Z,current,source_updated_at,OK
2026-09-11T12:00:00Z,2026-09-11T12:59:32.716836Z,CRYPTO_TOTAL_MCAP,2675160536175.788,USD,CoinGecko Global,2026-09-11T12:54:42Z,current,source_updated_at,OK
2026-09-11T12:00:00Z,2026-09-11T12:59:32.716836Z,EFFR,3.63,percent,New York Fed Markets API,2026-09-09T00:00:00Z,business_daily,official_effective_date,OK
2026-09-11T12:00:00Z,2026-09-11T12:59:32.716836Z,ETH_DOMINANCE,11.438568481527756,percent,CoinGecko Global,2026-09-11T12:54:42Z,current,source_updated_at,OK
2026-09-11T12:00:00Z,2026-09-11T12:59:32.716836Z,SOFR,3.62,percent,New York Fed Markets API,2026-09-10T00:00:00Z,business_daily,official_effective_date,OK
2026-09-11T12:00:00Z,2026-09-11T12:59:32.716836Z,STABLECOIN_TOTAL_SUPPLY,310883487805.2111,USD,DefiLlama Stablecoins,2026-09-11T12:59:34.020203Z,current,retrieval_time_proxy,OK
2026-09-11T12:00:00Z,2026-09-11T12:59:32.716836Z,TGA_CLOSING_BALANCE,843705.0,USD millions,US Treasury FiscalData:DTS operating_cash_balance,2026-09-09T00:00:00Z,business_daily,official_record_date,OK
2026-09-11T12:00:00Z,2026-09-11T12:59:32.716836Z,US10Y,4.95,percent,US Treasury:daily_treasury_yield_curve,2026-09-10T00:00:00,daily,official_observation_date,OK
2026-09-11T12:00:00Z,2026-09-11T12:59:32.716836Z,US10Y_REAL,2.55,percent,US Treasury:daily_treasury_real_yield_curve,2026-09-10T00:00:00,daily,official_observation_date,OK
2026-09-11T12:00:00Z,2026-09-11T12:59:32.716836Z,US2Y,4.56,percent,US Treasury:daily_treasury_yield_curve,2026-09-10T00:00:00,daily,official_observation_date,OK
2026-09-11T12:00:00Z,2026-09-11T12:59:32.716836Z,US30Y,5.37,percent,US Treasury:daily_treasury_yield_curve,2026-09-10T00:00:00,daily,official_observation_date,OK
2026-09-11T12:00:00Z,2026-09-11T12:59:32.716836Z,USDC_SUPPLY,74227927184.37193,USD,DefiLlama Stablecoins,2026-09-11T12:59:34.020203Z,current,retrieval_time_proxy,OK
2026-09-11T12:00:00Z,2026-09-11T12:59:32.716836Z,USDT_SUPPLY,183457208314.96365,USD,DefiLlama Stablecoins,2026-09-11T12:59:34.020203Z,current,retrieval_time_proxy,OK
2026-09-11T13:00:00Z,2026-09-11T13:58:29.057923Z,BTC_DOMINANCE,58.31429618651375,percent,CoinGecko Global,2026-09-11T13:54:48Z,current,source_updated_at,OK
2026-09-11T13:00:00Z,2026-09-11T13:58:29.057923Z,CRYPTO_24H_VOLUME,95355214897.82893,USD,CoinGecko Global,2026-09-11T13:54:48Z,current,source_updated_at,OK
2026-09-11T13:00:00Z,2026-09-11T13:58:29.057923Z,CRYPTO_TOTAL_MCAP,2727629396033.974,USD,CoinGecko Global,2026-09-11T13:54:48Z,current,source_updated_at,OK
2026-09-11T13:00:00Z,2026-09-11T13:58:29.057923Z,EFFR,3.63,percent,New York Fed Markets API,2026-09-10T00:00:00Z,business_daily,official_effective_date,OK
2026-09-11T13:00:00Z,2026-09-11T13:58:29.057923Z,ETH_DOMINANCE,11.687612866787761,percent,CoinGecko Global,2026-09-11T13:54:48Z,current,source_updated_at,OK
2026-09-11T13:00:00Z,2026-09-11T13:58:29.057923Z,SOFR,3.62,percent,New York Fed Markets API,2026-09-10T00:00:00Z,business_daily,official_effective_date,OK
2026-09-11T13:00:00Z,2026-09-11T13:58:29.057923Z,STABLECOIN_TOTAL_SUPPLY,310859865330.00635,USD,DefiLlama Stablecoins,2026-09-11T13:58:31.193885Z,current,retrieval_time_proxy,OK
2026-09-11T13:00:00Z,2026-09-11T13:58:29.057923Z,TGA_CLOSING_BALANCE,843705.0,USD millions,US Treasury FiscalData:DTS operating_cash_balance,2026-09-09T00:00:00Z,business_daily,official_record_date,OK
2026-09-11T13:00:00Z,2026-09-11T13:58:29.057923Z,US10Y,4.95,percent,US Treasury:daily_treasury_yield_curve,2026-09-10T00:00:00,daily,official_observation_date,OK
2026-09-11T13:00:00Z,2026-09-11T13:58:29.057923Z,US10Y_REAL,2.55,percent,US Treasury:daily_treasury_real_yield_curve,2026-09-10T00:00:00,daily,official_observation_date,OK
2026-09-11T13:00:00Z,2026-09-11T13:58:29.057923Z,US2Y,4.56,percent,US Treasury:daily_treasury_yield_curve,2026-09-10T00:00:00,daily,official_observation_date,OK
2026-09-11T13:00:00Z,2026-09-11T13:58:29.057923Z,US30Y,5.37,percent,US Treasury:daily_treasury_yield_curve,2026-09-10T00:00:00,daily,official_observation_date,OK
2026-09-11T13:00:00Z,2026-09-11T13:58:29.057923Z,USDC_SUPPLY,74214720563.44627,USD,DefiLlama Stablecoins,2026-09-11T13:58:31.193885Z,current,retrieval_time_proxy,OK
2026-09-11T13:00:00Z,2026-09-11T13:58:29.057923Z,USDT_SUPPLY,183436853567.39447,USD,DefiLlama Stablecoins,2026-09-11T13:58:31.193885Z,current,retrieval_time_proxy,OK
2026-09-11T14:00:00Z,2026-09-11T14:59:29.260589Z,BTC_DOMINANCE,58.33991942997399,percent,CoinGecko Global,2026-09-11T14:54:55Z,current,source_updated_at,OK
2026-09-11T14:00:00Z,2026-09-11T14:59:29.260589Z,CRYPTO_24H_VOLUME,102766729217.85556,USD,CoinGecko Global,2026-09-11T14:54:55Z,current,source_updated_at,OK
2026-09-11T14:00:00Z,2026-09-11T14:59:29.260589Z,CRYPTO_TOTAL_MCAP,2711620673230.185,USD,CoinGecko Global,2026-09-11T14:54:55Z,current,source_updated_at,OK
2026-09-11T14:00:00Z,2026-09-11T14:59:29.260589Z,EFFR,3.63,percent,New York Fed Markets API,2026-09-10T00:00:00Z,business_daily,official_effective_date,OK
2026-09-11T14:00:00Z,2026-09-11T14:59:29.260589Z,ETH_DOMINANCE,11.702111619271529,percent,CoinGecko Global,2026-09-11T14:54:55Z,current,source_updated_at,OK
2026-09-11T14:00:00Z,2026-09-11T14:59:29.260589Z,SOFR,3.62,percent,New York Fed Markets API,2026-09-10T00:00:00Z,business_daily,official_effective_date,OK
2026-09-11T14:00:00Z,2026-09-11T14:59:29.260589Z,STABLECOIN_TOTAL_SUPPLY,310981983116.1336,USD,DefiLlama Stablecoins,2026-09-11T14:59:33.048408Z,current,retrieval_time_proxy,OK
2026-09-11T14:00:00Z,2026-09-11T14:59:29.260589Z,TGA_CLOSING_BALANCE,843705.0,USD millions,US Treasury FiscalData:DTS operating_cash_balance,2026-09-09T00:00:00Z,business_daily,official_record_date,OK
2026-09-11T14:00:00Z,2026-09-11T14:59:29.260589Z,US10Y,4.95,percent,US Treasury:daily_treasury_yield_curve,2026-09-10T00:00:00,daily,official_observation_date,OK
2026-09-11T14:00:00Z,2026-09-11T14:59:29.260589Z,US10Y_REAL,2.55,percent,US Treasury:daily_treasury_real_yield_curve,2026-09-10T00:00:00,daily,official_observation_date,OK
2026-09-11T14:00:00Z,2026-09-11T14:59:29.260589Z,US2Y,4.56,percent,US Treasury:daily_treasury_yield_curve,2026-09-10T00:00:00,daily,official_observation_date,OK
2026-09-11T14:00:00Z,2026-09-11T14:59:29.260589Z,US30Y,5.37,percent,US Treasury:daily_treasury_yield_curve,2026-09-10T00:00:00,daily,official_observation_date,OK
2026-09-11T14:00:00Z,2026-09-11T14:59:29.260589Z,USDC_SUPPLY,74215578570.9012,USD,DefiLlama Stablecoins,2026-09-11T14:59:33.048408Z,current,retrieval_time_proxy,OK
2026-09-11T14:00:00Z,2026-09-11T14:59:29.260589Z,USDT_SUPPLY,183541023723.10092,USD,DefiLlama Stablecoins,2026-09-11T14:59:33.048408Z,current,retrieval_time_proxy,OK
2026-09-11T15:00:00Z,2026-09-11T15:58:56.438462Z,BTC_DOMINANCE,58.202047353850595,percent,CoinGecko Global,2026-09-11T15:55:00Z,current,source_updated_at,OK
2026-09-11T15:00:00Z,2026-09-11T15:58:56.438462Z,CRYPTO_24H_VOLUME,104002139276.48663,USD,CoinGecko Global,2026-09-11T15:55:00Z,current,source_updated_at,OK
2026-09-11T15:00:00Z,2026-09-11T15:58:56.438462Z,CRYPTO_TOTAL_MCAP,2672397157508.1865,USD,CoinGecko Global,2026-09-11T15:55:00Z,current,source_updated_at,OK
2026-09-11T15:00:00Z,2026-09-11T15:58:56.438462Z,EFFR,3.63,percent,New York Fed Markets API,2026-09-10T00:00:00Z,business_daily,official_effective_date,OK
2026-09-11T15:00:00Z,2026-09-11T15:58:56.438462Z,ETH_DOMINANCE,11.72224103271247,percent,CoinGecko Global,2026-09-11T15:55:00Z,current,source_updated_at,OK
2026-09-11T15:00:00Z,2026-09-11T15:58:56.438462Z,SOFR,3.62,percent,New York Fed Markets API,2026-09-10T00:00:00Z,business_daily,official_effective_date,OK
2026-09-11T15:00:00Z,2026-09-11T15:58:56.438462Z,STABLECOIN_TOTAL_SUPPLY,310793997676.74884,USD,DefiLlama Stablecoins,2026-09-11T15:58:57.841686Z,current,retrieval_time_proxy,OK
2026-09-11T15:00:00Z,2026-09-11T15:58:56.438462Z,TGA_CLOSING_BALANCE,843705.0,USD millions,US Treasury FiscalData:DTS operating_cash_balance,2026-09-09T00:00:00Z,business_daily,official_record_date,OK
2026-09-11T15:00:00Z,2026-09-11T15:58:56.438462Z,US10Y,4.95,percent,US Treasury:daily_treasury_yield_curve,2026-09-10T00:00:00,daily,official_observation_date,OK
2026-09-11T15:00:00Z,2026-09-11T15:58:56.438462Z,US10Y_REAL,2.55,percent,US Treasury:daily_treasury_real_yield_curve,2026-09-10T00:00:00,daily,official_observation_date,OK
2026-09-11T15:00:00Z,2026-09-11T15:58:56.438462Z,US2Y,4.56,percent,US Treasury:daily_treasury_yield_curve,2026-09-10T00:00:00,daily,official_observation_date,OK
2026-09-11T15:00:00Z,2026-09-11T15:58:56.438462Z,US30Y,5.37,percent,US Treasury:daily_treasury_yield_curve,2026-09-10T00:00:00,daily,official_observation_date,OK
2026-09-11T15:00:00Z,2026-09-11T15:58:56.438462Z,USDC_SUPPLY,74487343787.21944,USD,DefiLlama Stablecoins,2026-09-11T15:58:57.841686Z,current,retrieval_time_proxy,OK
2026-09-11T15:00:00Z,2026-09-11T15:58:56.438462Z,USDT_SUPPLY,183059630508.6912,USD,DefiLlama Stablecoins,2026-09-11T15:58:57.841686Z,current,retrieval_time_proxy,OK
2026-09-11T16:00:00Z,2026-09-11T16:57:53.885162Z,BTC_DOMINANCE,58.194137507721756,percent,CoinGecko Global,2026-09-11T16:55:10Z,current,source_updated_at,OK
2026-09-11T16:00:00Z,2026-09-11T16:57:53.885162Z,CRYPTO_24H_VOLUME,107532818995.89188,USD,CoinGecko Global,2026-09-11T16:55:10Z,current,source_updated_at,OK
2026-09-11T16:00:00Z,2026-09-11T16:57:53.885162Z,CRYPTO_TOTAL_MCAP,2682967544349.924,USD,CoinGecko Global,2026-09-11T16:55:10Z,current,source_updated_at,OK
2026-09-11T16:00:00Z,2026-09-11T16:57:53.885162Z,EFFR,3.63,percent,New York Fed Markets API,2026-09-10T00:00:00Z,business_daily,official_effective_date,OK
2026-09-11T16:00:00Z,2026-09-11T16:57:53.885162Z,ETH_DOMINANCE,11.708366992848317,percent,CoinGecko Global,2026-09-11T16:55:10Z,current,source_updated_at,OK
2026-09-11T16:00:00Z,2026-09-11T16:57:53.885162Z,SOFR,3.62,percent,New York Fed Markets API,2026-09-10T00:00:00Z,business_daily,official_effective_date,OK
2026-09-11T16:00:00Z,2026-09-11T16:57:53.885162Z,STABLECOIN_TOTAL_SUPPLY,310793997676.74884,USD,DefiLlama Stablecoins,2026-09-11T16:57:55.216495Z,current,retrieval_time_proxy,OK
2026-09-11T16:00:00Z,2026-09-11T16:57:53.885162Z,TGA_CLOSING_BALANCE,843705.0,USD millions,US Treasury FiscalData:DTS operating_cash_balance,2026-09-09T00:00:00Z,business_daily,official_record_date,OK
2026-09-11T16:00:00Z,2026-09-11T16:57:53.885162Z,US10Y,4.95,percent,US Treasury:daily_treasury_yield_curve,2026-09-10T00:00:00,daily,official_observation_date,OK
2026-09-11T16:00:00Z,2026-09-11T16:57:53.885162Z,US10Y_REAL,2.55,percent,US Treasury:daily_treasury_real_yield_curve,2026-09-10T00:00:00,daily,official_observation_date,OK
2026-09-11T16:00:00Z,2026-09-11T16:57:53.885162Z,US2Y,4.56,percent,US Treasury:daily_treasury_yield_curve,2026-09-10T00:00:00,daily,official_observation_date,OK
2026-09-11T16:00:00Z,2026-09-11T16:57:53.885162Z,US30Y,5.37,percent,US Treasury:daily_treasury_yield_curve,2026-09-10T00:00:00,daily,official_observation_date,OK
2026-09-11T16:00:00Z,2026-09-11T16:57:53.885162Z,USDC_SUPPLY,74487343787.21944,USD,DefiLlama Stablecoins,2026-09-11T16:57:55.216495Z,current,retrieval_time_proxy,OK
2026-09-11T16:00:00Z,2026-09-11T16:57:53.885162Z,USDT_SUPPLY,183059630508.6912,USD,DefiLlama Stablecoins,2026-09-11T16:57:55.216495Z,current,retrieval_time_proxy,OK
2026-09-11T17:00:00Z,2026-09-11T17:58:32.742809Z,BTC_DOMINANCE,58.15955621319303,percent,CoinGecko Global,2026-09-11T17:55:16Z,current,source_updated_at,OK
2026-09-11T17:00:00Z,2026-09-11T17:58:32.742809Z,CRYPTO_24H_VOLUME,106563799997.32523,USD,CoinGecko Global,2026-09-11T17:55:16Z,current,source_updated_at,OK
2026-09-11T17:00:00Z,2026-09-11T17:58:32.742809Z,CRYPTO_TOTAL_MCAP,2669374775551.603,USD,CoinGecko Global,2026-09-11T17:55:16Z,current,source_updated_at,OK
2026-09-11T17:00:00Z,2026-09-11T17:58:32.742809Z,EFFR,3.63,percent,New York Fed Markets API,2026-09-10T00:00:00Z,business_daily,official_effective_date,OK
2026-09-11T17:00:00Z,2026-09-11T17:58:32.742809Z,ETH_DOMINANCE,11.703345647592657,percent,CoinGecko Global,2026-09-11T17:55:16Z,current,source_updated_at,OK
2026-09-11T17:00:00Z,2026-09-11T17:58:32.742809Z,SOFR,3.62,percent,New York Fed Markets API,2026-09-10T00:00:00Z,business_daily,official_effective_date,OK
2026-09-11T17:00:00Z,2026-09-11T17:58:32.742809Z,STABLECOIN_TOTAL_SUPPLY,310881777136.4159,USD,DefiLlama Stablecoins,2026-09-11T17:58:35.676902Z,current,retrieval_time_proxy,OK
2026-09-11T17:00:00Z,2026-09-11T17:58:32.742809Z,TGA_CLOSING_BALANCE,843705.0,USD millions,US Treasury FiscalData:DTS operating_cash_balance,2026-09-09T00:00:00Z,business_daily,official_record_date,OK
2026-09-11T17:00:00Z,2026-09-11T17:58:32.742809Z,US10Y,4.95,percent,US Treasury:daily_treasury_yield_curve,2026-09-10T00:00:00,daily,official_observation_date,OK
2026-09-11T17:00:00Z,2026-09-11T17:58:32.742809Z,US10Y_REAL,2.55,percent,US Treasury:daily_treasury_real_yield_curve,2026-09-10T00:00:00,daily,official_observation_date,OK
2026-09-11T17:00:00Z,2026-09-11T17:58:32.742809Z,US2Y,4.56,percent,US Treasury:daily_treasury_yield_curve,2026-09-10T00:00:00,daily,official_observation_date,OK
2026-09-11T17:00:00Z,2026-09-11T17:58:32.742809Z,US30Y,5.37,percent,US Treasury:daily_treasury_yield_curve,2026-09-10T00:00:00,daily,official_observation_date,OK
2026-09-11T17:00:00Z,2026-09-11T17:58:32.742809Z,USDC_SUPPLY,74578780994.35864,USD,DefiLlama Stablecoins,2026-09-11T17:58:35.676902Z,current,retrieval_time_proxy,OK
2026-09-11T17:00:00Z,2026-09-11T17:58:32.742809Z,USDT_SUPPLY,183059143668.29453,USD,DefiLlama Stablecoins,2026-09-11T17:58:35.676902Z,current,retrieval_time_proxy,OK
2026-09-11T18:00:00Z,2026-09-11T18:58:04.196142Z,BTC_DOMINANCE,58.17373503281684,percent,CoinGecko Global,2026-09-11T18:55:21Z,current,source_updated_at,OK
2026-09-11T18:00:00Z,2026-09-11T18:58:04.196142Z,CRYPTO_24H_VOLUME,107687645702.0985,USD,CoinGecko Global,2026-09-11T18:55:21Z,current,source_updated_at,OK
2026-09-11T18:00:00Z,2026-09-11T18:58:04.196142Z,CRYPTO_TOTAL_MCAP,2649447719130.892,USD,CoinGecko Global,2026-09-11T18:55:21Z,current,source_updated_at,OK
2026-09-11T18:00:00Z,2026-09-11T18:58:04.196142Z,EFFR,3.63,percent,New York Fed Markets API,2026-09-10T00:00:00Z,business_daily,official_effective_date,OK
2026-09-11T18:00:00Z,2026-09-11T18:58:04.196142Z,ETH_DOMINANCE,11.64811878671725,percent,CoinGecko Global,2026-09-11T18:55:21Z,current,source_updated_at,OK
2026-09-11T18:00:00Z,2026-09-11T18:58:04.196142Z,SOFR,3.62,percent,New York Fed Markets API,2026-09-10T00:00:00Z,business_daily,official_effective_date,OK
2026-09-11T18:00:00Z,2026-09-11T18:58:04.196142Z,STABLECOIN_TOTAL_SUPPLY,310852406146.18445,USD,DefiLlama Stablecoins,2026-09-11T18:58:06.264150Z,current,retrieval_time_proxy,OK
2026-09-11T18:00:00Z,2026-09-11T18:58:04.196142Z,TGA_CLOSING_BALANCE,843705.0,USD millions,US Treasury FiscalData:DTS operating_cash_balance,2026-09-09T00:00:00Z,business_daily,official_record_date,OK
2026-09-11T18:00:00Z,2026-09-11T18:58:04.196142Z,US10Y,4.95,percent,US Treasury:daily_treasury_yield_curve,2026-09-10T00:00:00,daily,official_observation_date,OK
2026-09-11T18:00:00Z,2026-09-11T18:58:04.196142Z,US10Y_REAL,2.55,percent,US Treasury:daily_treasury_real_yield_curve,2026-09-10T00:00:00,daily,official_observation_date,OK
2026-09-11T18:00:00Z,2026-09-11T18:58:04.196142Z,US2Y,4.56,percent,US Treasury:daily_treasury_yield_curve,2026-09-10T00:00:00,daily,official_observation_date,OK
2026-09-11T18:00:00Z,2026-09-11T18:58:04.196142Z,US30Y,5.37,percent,US Treasury:daily_treasury_yield_curve,2026-09-10T00:00:00,daily,official_observation_date,OK
2026-09-11T18:00:00Z,2026-09-11T18:58:04.196142Z,USDC_SUPPLY,74506540448.16273,USD,DefiLlama Stablecoins,2026-09-11T18:58:06.264150Z,current,retrieval_time_proxy,OK
2026-09-11T18:00:00Z,2026-09-11T18:58:04.196142Z,USDT_SUPPLY,183067861809.94366,USD,DefiLlama Stablecoins,2026-09-11T18:58:06.264150Z,current,retrieval_time_proxy,OK
2026-09-11T19:00:00Z,2026-09-11T19:58:28.239866Z,BTC_DOMINANCE,58.21038047843551,percent,CoinGecko Global,2026-09-11T19:55:26Z,current,source_updated_at,OK
2026-09-11T19:00:00Z,2026-09-11T19:58:28.239866Z,CRYPTO_24H_VOLUME,108179918977.05208,USD,CoinGecko Global,2026-09-11T19:55:26Z,current,source_updated_at,OK
2026-09-11T19:00:00Z,2026-09-11T19:58:28.239866Z,CRYPTO_TOTAL_MCAP,2663242060376.285,USD,CoinGecko Global,2026-09-11T19:55:26Z,current,source_updated_at,OK
2026-09-11T19:00:00Z,2026-09-11T19:58:28.239866Z,EFFR,3.63,percent,New York Fed Markets API,2026-09-10T00:00:00Z,business_daily,official_effective_date,OK
2026-09-11T19:00:00Z,2026-09-11T19:58:28.239866Z,ETH_DOMINANCE,11.622371993606633,percent,CoinGecko Global,2026-09-11T19:55:26Z,current,source_updated_at,OK
2026-09-11T19:00:00Z,2026-09-11T19:58:28.239866Z,SOFR,3.62,percent,New York Fed Markets API,2026-09-10T00:00:00Z,business_daily,official_effective_date,OK
2026-09-11T19:00:00Z,2026-09-11T19:58:28.239866Z,STABLECOIN_TOTAL_SUPPLY,310859735306.7017,USD,DefiLlama Stablecoins,2026-09-11T19:58:30.550698Z,current,retrieval_time_proxy,OK
2026-09-11T19:00:00Z,2026-09-11T19:58:28.239866Z,TGA_CLOSING_BALANCE,843705.0,USD millions,US Treasury FiscalData:DTS operating_cash_balance,2026-09-09T00:00:00Z,business_daily,official_record_date,OK
2026-09-11T19:00:00Z,2026-09-11T19:58:28.239866Z,US10Y,4.95,percent,US Treasury:daily_treasury_yield_curve,2026-09-10T00:00:00,daily,official_observation_date,OK
2026-09-11T19:00:00Z,2026-09-11T19:58:28.239866Z,US10Y_REAL,2.55,percent,US Treasury:daily_treasury_real_yield_curve,2026-09-10T00:00:00,daily,official_observation_date,OK
2026-09-11T19:00:00Z,2026-09-11T19:58:28.239866Z,US2Y,4.56,percent,US Treasury:daily_treasury_yield_curve,2026-09-10T00:00:00,daily,official_observation_date,OK
2026-09-11T19:00:00Z,2026-09-11T19:58:28.239866Z,US30Y,5.37,percent,US Treasury:daily_treasury_yield_curve,2026-09-10T00:00:00,daily,official_observation_date,OK
2026-09-11T19:00:00Z,2026-09-11T19:58:28.239866Z,USDC_SUPPLY,74516187936.11734,USD,DefiLlama Stablecoins,2026-09-11T19:58:30.550698Z,current,retrieval_time_proxy,OK
2026-09-11T19:00:00Z,2026-09-11T19:58:28.239866Z,USDT_SUPPLY,183064564792.46353,USD,DefiLlama Stablecoins,2026-09-11T19:58:30.550698Z,current,retrieval_time_proxy,OK
2026-09-11T20:00:00Z,2026-09-11T20:58:23.452082Z,BTC_DOMINANCE,58.22112308753269,percent,CoinGecko Global,2026-09-11T20:55:33Z,current,source_updated_at,OK
2026-09-11T20:00:00Z,2026-09-11T20:58:23.452082Z,CRYPTO_24H_VOLUME,109113542091.21082,USD,CoinGecko Global,2026-09-11T20:55:33Z,current,source_updated_at,OK
2026-09-11T20:00:00Z,2026-09-11T20:58:23.452082Z,CRYPTO_TOTAL_MCAP,2660530614930.1123,USD,CoinGecko Global,2026-09-11T20:55:33Z,current,source_updated_at,OK
2026-09-11T20:00:00Z,2026-09-11T20:58:23.452082Z,EFFR,3.63,percent,New York Fed Markets API,2026-09-10T00:00:00Z,business_daily,official_effective_date,OK
2026-09-11T20:00:00Z,2026-09-11T20:58:23.452082Z,ETH_DOMINANCE,11.57710574096172,percent,CoinGecko Global,2026-09-11T20:55:33Z,current,source_updated_at,OK
2026-09-11T20:00:00Z,2026-09-11T20:58:23.452082Z,SOFR,3.62,percent,New York Fed Markets API,2026-09-10T00:00:00Z,business_daily,official_effective_date,OK
2026-09-11T20:00:00Z,2026-09-11T20:58:23.452082Z,STABLECOIN_TOTAL_SUPPLY,310791851753.9428,USD,DefiLlama Stablecoins,2026-09-11T20:58:25.383963Z,current,retrieval_time_proxy,OK
2026-09-11T20:00:00Z,2026-09-11T20:58:23.452082Z,TGA_CLOSING_BALANCE,818110.0,USD millions,US Treasury FiscalData:DTS operating_cash_balance,2026-09-10T00:00:00Z,business_daily,official_record_date,OK
2026-09-11T20:00:00Z,2026-09-11T20:58:23.452082Z,US10Y,4.96,percent,US Treasury:daily_treasury_yield_curve,2026-09-11T00:00:00,daily,official_observation_date,OK
2026-09-11T20:00:00Z,2026-09-11T20:58:23.452082Z,US10Y_REAL,2.6,percent,US Treasury:daily_treasury_real_yield_curve,2026-09-11T00:00:00,daily,official_observation_date,OK
2026-09-11T20:00:00Z,2026-09-11T20:58:23.452082Z,US2Y,4.63,percent,US Treasury:daily_treasury_yield_curve,2026-09-11T00:00:00,daily,official_observation_date,OK
2026-09-11T20:00:00Z,2026-09-11T20:58:23.452082Z,US30Y,5.35,percent,US Treasury:daily_treasury_yield_curve,2026-09-11T00:00:00,daily,official_observation_date,OK
2026-09-11T20:00:00Z,2026-09-11T20:58:23.452082Z,USDC_SUPPLY,74472892614.24208,USD,DefiLlama Stablecoins,2026-09-11T20:58:25.383963Z,current,retrieval_time_proxy,OK
2026-09-11T20:00:00Z,2026-09-11T20:58:23.452082Z,USDT_SUPPLY,183080212115.7135,USD,DefiLlama Stablecoins,2026-09-11T20:58:25.383963Z,current,retrieval_time_proxy,OK
2026-09-11T21:00:00Z,2026-09-11T21:57:55.463218Z,BTC_DOMINANCE,58.23459159405332,percent,CoinGecko Global,2026-09-11T21:55:38Z,current,source_updated_at,OK
2026-09-11T21:00:00Z,2026-09-11T21:57:55.463218Z,CRYPTO_24H_VOLUME,109344731723.5329,USD,CoinGecko Global,2026-09-11T21:55:38Z,current,source_updated_at,OK
2026-09-11T21:00:00Z,2026-09-11T21:57:55.463218Z,CRYPTO_TOTAL_MCAP,2656214761129.686,USD,CoinGecko Global,2026-09-11T21:55:38Z,current,source_updated_at,OK
2026-09-11T21:00:00Z,2026-09-11T21:57:55.463218Z,EFFR,3.63,percent,New York Fed Markets API,2026-09-10T00:00:00Z,business_daily,official_effective_date,OK
2026-09-11T21:00:00Z,2026-09-11T21:57:55.463218Z,ETH_DOMINANCE,11.570356883594624,percent,CoinGecko Global,2026-09-11T21:55:38Z,current,source_updated_at,OK
2026-09-11T21:00:00Z,2026-09-11T21:57:55.463218Z,SOFR,3.62,percent,New York Fed Markets API,2026-09-10T00:00:00Z,business_daily,official_effective_date,OK
2026-09-11T21:00:00Z,2026-09-11T21:57:55.463218Z,STABLECOIN_TOTAL_SUPPLY,311235200325.2912,USD,DefiLlama Stablecoins,2026-09-11T21:57:57.760574Z,current,retrieval_time_proxy,OK
2026-09-11T21:00:00Z,2026-09-11T21:57:55.463218Z,TGA_CLOSING_BALANCE,818110.0,USD millions,US Treasury FiscalData:DTS operating_cash_balance,2026-09-10T00:00:00Z,business_daily,official_record_date,OK
2026-09-11T21:00:00Z,2026-09-11T21:57:55.463218Z,US10Y,4.96,percent,US Treasury:daily_treasury_yield_curve,2026-09-11T00:00:00,daily,official_observation_date,OK
2026-09-11T21:00:00Z,2026-09-11T21:57:55.463218Z,US10Y_REAL,2.6,percent,US Treasury:daily_treasury_real_yield_curve,2026-09-11T00:00:00,daily,official_observation_date,OK
2026-09-11T21:00:00Z,2026-09-11T21:57:55.463218Z,US2Y,4.63,percent,US Treasury:daily_treasury_yield_curve,2026-09-11T00:00:00,daily,official_observation_date,OK
2026-09-11T21:00:00Z,2026-09-11T21:57:55.463218Z,US30Y,5.35,percent,US Treasury:daily_treasury_yield_curve,2026-09-11T00:00:00,daily,official_observation_date,OK
2026-09-11T21:00:00Z,2026-09-11T21:57:55.463218Z,USDC_SUPPLY,74481207232.24083,USD,DefiLlama Stablecoins,2026-09-11T21:57:57.760574Z,current,retrieval_time_proxy,OK
2026-09-11T21:00:00Z,2026-09-11T21:57:55.463218Z,USDT_SUPPLY,183082389358.8005,USD,DefiLlama Stablecoins,2026-09-11T21:57:57.760574Z,current,retrieval_time_proxy,OK
2026-09-11T22:00:00Z,2026-09-11T22:58:20.178464Z,BTC_DOMINANCE,58.276380172407386,percent,CoinGecko Global,2026-09-11T22:55:42Z,current,source_updated_at,OK
2026-09-11T22:00:00Z,2026-09-11T22:58:20.178464Z,CRYPTO_24H_VOLUME,110885811244.63428,USD,CoinGecko Global,2026-09-11T22:55:42Z,current,source_updated_at,OK
2026-09-11T22:00:00Z,2026-09-11T22:58:20.178464Z,CRYPTO_TOTAL_MCAP,2651501667275.4277,USD,CoinGecko Global,2026-09-11T22:55:42Z,current,source_updated_at,OK
2026-09-11T22:00:00Z,2026-09-11T22:58:20.178464Z,EFFR,3.63,percent,New York Fed Markets API,2026-09-10T00:00:00Z,business_daily,official_effective_date,OK
2026-09-11T22:00:00Z,2026-09-11T22:58:20.178464Z,ETH_DOMINANCE,11.541303872657409,percent,CoinGecko Global,2026-09-11T22:55:42Z,current,source_updated_at,OK
2026-09-11T22:00:00Z,2026-09-11T22:58:20.178464Z,SOFR,3.62,percent,New York Fed Markets API,2026-09-10T00:00:00Z,business_daily,official_effective_date,OK
2026-09-11T22:00:00Z,2026-09-11T22:58:20.178464Z,STABLECOIN_TOTAL_SUPPLY,311252369999.66144,USD,DefiLlama Stablecoins,2026-09-11T22:58:22.535902Z,current,retrieval_time_proxy,OK
2026-09-11T22:00:00Z,2026-09-11T22:58:20.178464Z,TGA_CLOSING_BALANCE,818110.0,USD millions,US Treasury FiscalData:DTS operating_cash_balance,2026-09-10T00:00:00Z,business_daily,official_record_date,OK
2026-09-11T22:00:00Z,2026-09-11T22:58:20.178464Z,US10Y,4.96,percent,US Treasury:daily_treasury_yield_curve,2026-09-11T00:00:00,daily,official_observation_date,OK
2026-09-11T22:00:00Z,2026-09-11T22:58:20.178464Z,US10Y_REAL,2.6,percent,US Treasury:daily_treasury_real_yield_curve,2026-09-11T00:00:00,daily,official_observation_date,OK
2026-09-11T22:00:00Z,2026-09-11T22:58:20.178464Z,US2Y,4.63,percent,US Treasury:daily_treasury_yield_curve,2026-09-11T00:00:00,daily,official_observation_date,OK
2026-09-11T22:00:00Z,2026-09-11T22:58:20.178464Z,US30Y,5.35,percent,US Treasury:daily_treasury_yield_curve,2026-09-11T00:00:00,daily,official_observation_date,OK
2026-09-11T22:00:00Z,2026-09-11T22:58:20.178464Z,USDC_SUPPLY,74466210814.90572,USD,DefiLlama Stablecoins,2026-09-11T22:58:22.535902Z,current,retrieval_time_proxy,OK
2026-09-11T22:00:00Z,2026-09-11T22:58:20.178464Z,USDT_SUPPLY,183098018204.9824,USD,DefiLlama Stablecoins,2026-09-11T22:58:22.535902Z,current,retrieval_time_proxy,OK
2026-09-11T23:00:00Z,2026-09-11T23:58:01.261165Z,BTC_DOMINANCE,58.2506457503514,percent,CoinGecko Global,2026-09-11T23:55:47Z,current,source_updated_at,OK
2026-09-11T23:00:00Z,2026-09-11T23:58:01.261165Z,CRYPTO_24H_VOLUME,110378363707.6674,USD,CoinGecko Global,2026-09-11T23:55:47Z,current,source_updated_at,OK
2026-09-11T23:00:00Z,2026-09-11T23:58:01.261165Z,CRYPTO_TOTAL_MCAP,2655546128437.812,USD,CoinGecko Global,2026-09-11T23:55:47Z,current,source_updated_at,OK
2026-09-11T23:00:00Z,2026-09-11T23:58:01.261165Z,EFFR,3.63,percent,New York Fed Markets API,2026-09-10T00:00:00Z,business_daily,official_effective_date,OK
2026-09-11T23:00:00Z,2026-09-11T23:58:01.261165Z,ETH_DOMINANCE,11.530194192134358,percent,CoinGecko Global,2026-09-11T23:55:47Z,current,source_updated_at,OK
2026-09-11T23:00:00Z,2026-09-11T23:58:01.261165Z,SOFR,3.62,percent,New York Fed Markets API,2026-09-10T00:00:00Z,business_daily,official_effective_date,OK
2026-09-11T23:00:00Z,2026-09-11T23:58:01.261165Z,STABLECOIN_TOTAL_SUPPLY,311291903139.6864,USD,DefiLlama Stablecoins,2026-09-11T23:58:03.170320Z,current,retrieval_time_proxy,OK
2026-09-11T23:00:00Z,2026-09-11T23:58:01.261165Z,TGA_CLOSING_BALANCE,818110.0,USD millions,US Treasury FiscalData:DTS operating_cash_balance,2026-09-10T00:00:00Z,business_daily,official_record_date,OK
2026-09-11T23:00:00Z,2026-09-11T23:58:01.261165Z,US10Y,4.96,percent,US Treasury:daily_treasury_yield_curve,2026-09-11T00:00:00,daily,official_observation_date,OK
2026-09-11T23:00:00Z,2026-09-11T23:58:01.261165Z,US10Y_REAL,2.6,percent,US Treasury:daily_treasury_real_yield_curve,2026-09-11T00:00:00,daily,official_observation_date,OK
2026-09-11T23:00:00Z,2026-09-11T23:58:01.261165Z,US2Y,4.63,percent,US Treasury:daily_treasury_yield_curve,2026-09-11T00:00:00,daily,official_observation_date,OK
2026-09-11T23:00:00Z,2026-09-11T23:58:01.261165Z,US30Y,5.35,percent,US Treasury:daily_treasury_yield_curve,2026-09-11T00:00:00,daily,official_observation_date,OK
2026-09-11T23:00:00Z,2026-09-11T23:58:01.261165Z,USDC_SUPPLY,74476880502.72859,USD,DefiLlama Stablecoins,2026-09-11T23:58:03.170320Z,current,retrieval_time_proxy,OK
2026-09-11T23:00:00Z,2026-09-11T23:58:01.261165Z,USDT_SUPPLY,183103161181.254,USD,DefiLlama Stablecoins,2026-09-11T23:58:03.170320Z,current,retrieval_time_proxy,OK
2026-09-12T00:00:00Z,2026-09-12T00:59:28.499792Z,BTC_DOMINANCE,58.29256080440164,percent,CoinGecko Global,2026-09-12T00:55:52Z,current,source_updated_at,OK
2026-09-12T00:00:00Z,2026-09-12T00:59:28.499792Z,CRYPTO_24H_VOLUME,109178038084.25575,USD,CoinGecko Global,2026-09-12T00:55:52Z,current,source_updated_at,OK
2026-09-12T00:00:00Z,2026-09-12T00:59:28.499792Z,CRYPTO_TOTAL_MCAP,2657958236993.6655,USD,CoinGecko Global,2026-09-12T00:55:52Z,current,source_updated_at,OK
2026-09-12T00:00:00Z,2026-09-12T00:59:28.499792Z,EFFR,3.63,percent,New York Fed Markets API,2026-09-10T00:00:00Z,business_daily,official_effective_date,OK
2026-09-12T00:00:00Z,2026-09-12T00:59:28.499792Z,ETH_DOMINANCE,11.513266737577688,percent,CoinGecko Global,2026-09-12T00:55:52Z,current,source_updated_at,OK
2026-09-12T00:00:00Z,2026-09-12T00:59:28.499792Z,SOFR,3.62,percent,New York Fed Markets API,2026-09-10T00:00:00Z,business_daily,official_effective_date,OK
2026-09-12T00:00:00Z,2026-09-12T00:59:28.499792Z,STABLECOIN_TOTAL_SUPPLY,310882968807.08594,USD,DefiLlama Stablecoins,2026-09-12T00:59:30.409177Z,current,retrieval_time_proxy,OK
2026-09-12T00:00:00Z,2026-09-12T00:59:28.499792Z,TGA_CLOSING_BALANCE,818110.0,USD millions,US Treasury FiscalData:DTS operating_cash_balance,2026-09-10T00:00:00Z,business_daily,official_record_date,OK
2026-09-12T00:00:00Z,2026-09-12T00:59:28.499792Z,US10Y,4.96,percent,US Treasury:daily_treasury_yield_curve,2026-09-11T00:00:00,daily,official_observation_date,OK
2026-09-12T00:00:00Z,2026-09-12T00:59:28.499792Z,US10Y_REAL,2.6,percent,US Treasury:daily_treasury_real_yield_curve,2026-09-11T00:00:00,daily,official_observation_date,OK
2026-09-12T00:00:00Z,2026-09-12T00:59:28.499792Z,US2Y,4.63,percent,US Treasury:daily_treasury_yield_curve,2026-09-11T00:00:00,daily,official_observation_date,OK
2026-09-12T00:00:00Z,2026-09-12T00:59:28.499792Z,US30Y,5.35,percent,US Treasury:daily_treasury_yield_curve,2026-09-11T00:00:00,daily,official_observation_date,OK
2026-09-12T00:00:00Z,2026-09-12T00:59:28.499792Z,USDC_SUPPLY,74457526780.12921,USD,DefiLlama Stablecoins,2026-09-12T00:59:30.409177Z,current,retrieval_time_proxy,OK
2026-09-12T00:00:00Z,2026-09-12T00:59:28.499792Z,USDT_SUPPLY,183113251356.5971,USD,DefiLlama Stablecoins,2026-09-12T00:59:30.409177Z,current,retrieval_time_proxy,OK
2026-09-12T01:00:00Z,2026-09-12T01:58:04.916828Z,BTC_DOMINANCE,58.2687897395458,percent,CoinGecko Global,2026-09-12T01:55:57Z,current,source_updated_at,OK
2026-09-12T01:00:00Z,2026-09-12T01:58:04.916828Z,CRYPTO_24H_VOLUME,108131444124.71544,USD,CoinGecko Global,2026-09-12T01:55:57Z,current,source_updated_at,OK
2026-09-12T01:00:00Z,2026-09-12T01:58:04.916828Z,CRYPTO_TOTAL_MCAP,2658593431292.2085,USD,CoinGecko Global,2026-09-12T01:55:57Z,current,source_updated_at,OK
2026-09-12T01:00:00Z,2026-09-12T01:58:04.916828Z,EFFR,3.63,percent,New York Fed Markets API,2026-09-10T00:00:00Z,business_daily,official_effective_date,OK
2026-09-12T01:00:00Z,2026-09-12T01:58:04.916828Z,ETH_DOMINANCE,11.521778808804454,percent,CoinGecko Global,2026-09-12T01:55:57Z,current,source_updated_at,OK
2026-09-12T01:00:00Z,2026-09-12T01:58:04.916828Z,SOFR,3.62,percent,New York Fed Markets API,2026-09-10T00:00:00Z,business_daily,official_effective_date,OK
2026-09-12T01:00:00Z,2026-09-12T01:58:04.916828Z,STABLECOIN_TOTAL_SUPPLY,310968117709.01263,USD,DefiLlama Stablecoins,2026-09-12T01:58:06.677260Z,current,retrieval_time_proxy,OK
2026-09-12T01:00:00Z,2026-09-12T01:58:04.916828Z,TGA_CLOSING_BALANCE,818110.0,USD millions,US Treasury FiscalData:DTS operating_cash_balance,2026-09-10T00:00:00Z,business_daily,official_record_date,OK
2026-09-12T01:00:00Z,2026-09-12T01:58:04.916828Z,US10Y,4.96,percent,US Treasury:daily_treasury_yield_curve,2026-09-11T00:00:00,daily,official_observation_date,OK
2026-09-12T01:00:00Z,2026-09-12T01:58:04.916828Z,US10Y_REAL,2.6,percent,US Treasury:daily_treasury_real_yield_curve,2026-09-11T00:00:00,daily,official_observation_date,OK
2026-09-12T01:00:00Z,2026-09-12T01:58:04.916828Z,US2Y,4.63,percent,US Treasury:daily_treasury_yield_curve,2026-09-11T00:00:00,daily,official_observation_date,OK
2026-09-12T01:00:00Z,2026-09-12T01:58:04.916828Z,US30Y,5.35,percent,US Treasury:daily_treasury_yield_curve,2026-09-11T00:00:00,daily,official_observation_date,OK
2026-09-12T01:00:00Z,2026-09-12T01:58:04.916828Z,USDC_SUPPLY,74454277121.2135,USD,DefiLlama Stablecoins,2026-09-12T01:58:06.677260Z,current,retrieval_time_proxy,OK
2026-09-12T01:00:00Z,2026-09-12T01:58:04.916828Z,USDT_SUPPLY,183461727896.48096,USD,DefiLlama Stablecoins,2026-09-12T01:58:06.677260Z,current,retrieval_time_proxy,OK
2026-09-12T02:00:00Z,2026-09-12T02:58:04.088212Z,BTC_DOMINANCE,58.26033891880505,percent,CoinGecko Global,2026-09-12T02:56:01Z,current,source_updated_at,OK
2026-09-12T02:00:00Z,2026-09-12T02:58:04.088212Z,CRYPTO_24H_VOLUME,107524436833.3015,USD,CoinGecko Global,2026-09-12T02:56:01Z,current,source_updated_at,OK
2026-09-12T02:00:00Z,2026-09-12T02:58:04.088212Z,CRYPTO_TOTAL_MCAP,2657682180754.783,USD,CoinGecko Global,2026-09-12T02:56:01Z,current,source_updated_at,OK
2026-09-12T02:00:00Z,2026-09-12T02:58:04.088212Z,EFFR,3.63,percent,New York Fed Markets API,2026-09-10T00:00:00Z,business_daily,official_effective_date,OK
2026-09-12T02:00:00Z,2026-09-12T02:58:04.088212Z,ETH_DOMINANCE,11.521744724401069,percent,CoinGecko Global,2026-09-12T02:56:01Z,current,source_updated_at,OK
2026-09-12T02:00:00Z,2026-09-12T02:58:04.088212Z,SOFR,3.62,percent,New York Fed Markets API,2026-09-10T00:00:00Z,business_daily,official_effective_date,OK
2026-09-12T02:00:00Z,2026-09-12T02:58:04.088212Z,STABLECOIN_TOTAL_SUPPLY,311193280969.963,USD,DefiLlama Stablecoins,2026-09-12T02:58:06.409287Z,current,retrieval_time_proxy,OK
2026-09-12T02:00:00Z,2026-09-12T02:58:04.088212Z,TGA_CLOSING_BALANCE,818110.0,USD millions,US Treasury FiscalData:DTS operating_cash_balance,2026-09-10T00:00:00Z,business_daily,official_record_date,OK
2026-09-12T02:00:00Z,2026-09-12T02:58:04.088212Z,US10Y,4.96,percent,US Treasury:daily_treasury_yield_curve,2026-09-11T00:00:00,daily,official_observation_date,OK
2026-09-12T02:00:00Z,2026-09-12T02:58:04.088212Z,US10Y_REAL,2.6,percent,US Treasury:daily_treasury_real_yield_curve,2026-09-11T00:00:00,daily,official_observation_date,OK
2026-09-12T02:00:00Z,2026-09-12T02:58:04.088212Z,US2Y,4.63,percent,US Treasury:daily_treasury_yield_curve,2026-09-11T00:00:00,daily,official_observation_date,OK
2026-09-12T02:00:00Z,2026-09-12T02:58:04.088212Z,US30Y,5.35,percent,US Treasury:daily_treasury_yield_curve,2026-09-11T00:00:00,daily,official_observation_date,OK
2026-09-12T02:00:00Z,2026-09-12T02:58:04.088212Z,USDC_SUPPLY,74441016196.01253,USD,DefiLlama Stablecoins,2026-09-12T02:58:06.409287Z,current,retrieval_time_proxy,OK
2026-09-12T02:00:00Z,2026-09-12T02:58:04.088212Z,USDT_SUPPLY,183466469301.9995,USD,DefiLlama Stablecoins,2026-09-12T02:58:06.409287Z,current,retrieval_time_proxy,OK
2026-09-12T03:00:00Z,2026-09-12T03:58:15.111130Z,BTC_DOMINANCE,58.24826443650264,percent,CoinGecko Global,2026-09-12T03:56:07Z,current,source_updated_at,OK
2026-09-12T03:00:00Z,2026-09-12T03:58:15.111130Z,CRYPTO_24H_VOLUME,106380299509.53659,USD,CoinGecko Global,2026-09-12T03:56:07Z,current,source_updated_at,OK
2026-09-12T03:00:00Z,2026-09-12T03:58:15.111130Z,CRYPTO_TOTAL_MCAP,2658575648967.6626,USD,CoinGecko Global,2026-09-12T03:56:07Z,current,source_updated_at,OK
2026-09-12T03:00:00Z,2026-09-12T03:58:15.111130Z,EFFR,3.63,percent,New York Fed Markets API,2026-09-10T00:00:00Z,business_daily,official_effective_date,OK
2026-09-12T03:00:00Z,2026-09-12T03:58:15.111130Z,ETH_DOMINANCE,11.51668234996161,percent,CoinGecko Global,2026-09-12T03:56:07Z,current,source_updated_at,OK
2026-09-12T03:00:00Z,2026-09-12T03:58:15.111130Z,SOFR,3.62,percent,New York Fed Markets API,2026-09-10T00:00:00Z,business_daily,official_effective_date,OK
2026-09-12T03:00:00Z,2026-09-12T03:58:15.111130Z,STABLECOIN_TOTAL_SUPPLY,311228571543.21655,USD,DefiLlama Stablecoins,2026-09-12T03:58:17.453779Z,current,retrieval_time_proxy,OK
2026-09-12T03:00:00Z,2026-09-12T03:58:15.111130Z,TGA_CLOSING_BALANCE,818110.0,USD millions,US Treasury FiscalData:DTS operating_cash_balance,2026-09-10T00:00:00Z,business_daily,official_record_date,OK
2026-09-12T03:00:00Z,2026-09-12T03:58:15.111130Z,US10Y,4.96,percent,US Treasury:daily_treasury_yield_curve,2026-09-11T00:00:00,daily,official_observation_date,OK
2026-09-12T03:00:00Z,2026-09-12T03:58:15.111130Z,US10Y_REAL,2.6,percent,US Treasury:daily_treasury_real_yield_curve,2026-09-11T00:00:00,daily,official_observation_date,OK
2026-09-12T03:00:00Z,2026-09-12T03:58:15.111130Z,US2Y,4.63,percent,US Treasury:daily_treasury_yield_curve,2026-09-11T00:00:00,daily,official_observation_date,OK
2026-09-12T03:00:00Z,2026-09-12T03:58:15.111130Z,US30Y,5.35,percent,US Treasury:daily_treasury_yield_curve,2026-09-11T00:00:00,daily,official_observation_date,OK
2026-09-12T03:00:00Z,2026-09-12T03:58:15.111130Z,USDC_SUPPLY,74430517144.64777,USD,DefiLlama Stablecoins,2026-09-12T03:58:17.453779Z,current,retrieval_time_proxy,OK
2026-09-12T03:00:00Z,2026-09-12T03:58:15.111130Z,USDT_SUPPLY,183518771145.62308,USD,DefiLlama Stablecoins,2026-09-12T03:58:17.453779Z,current,retrieval_time_proxy,OK
2026-09-12T04:00:00Z,2026-09-12T04:57:49.702430Z,BTC_DOMINANCE,58.246282005667574,percent,CoinGecko Global,2026-09-12T04:56:13Z,current,source_updated_at,OK
2026-09-12T04:00:00Z,2026-09-12T04:57:49.702430Z,CRYPTO_24H_VOLUME,105328865691.981,USD,CoinGecko Global,2026-09-12T04:56:13Z,current,source_updated_at,OK
2026-09-12T04:00:00Z,2026-09-12T04:57:49.702430Z,CRYPTO_TOTAL_MCAP,2657966919159.8994,USD,CoinGecko Global,2026-09-12T04:56:13Z,current,source_updated_at,OK
2026-09-12T04:00:00Z,2026-09-12T04:57:49.702430Z,EFFR,3.63,percent,New York Fed Markets API,2026-09-10T00:00:00Z,business_daily,official_effective_date,OK
2026-09-12T04:00:00Z,2026-09-12T04:57:49.702430Z,ETH_DOMINANCE,11.514425737545636,percent,CoinGecko Global,2026-09-12T04:56:13Z,current,source_updated_at,OK
2026-09-12T04:00:00Z,2026-09-12T04:57:49.702430Z,SOFR,3.62,percent,New York Fed Markets API,2026-09-10T00:00:00Z,business_daily,official_effective_date,OK
2026-09-12T04:00:00Z,2026-09-12T04:57:49.702430Z,STABLECOIN_TOTAL_SUPPLY,311220474010.1161,USD,DefiLlama Stablecoins,2026-09-12T04:57:51.283470Z,current,retrieval_time_proxy,OK
2026-09-12T04:00:00Z,2026-09-12T04:57:49.702430Z,TGA_CLOSING_BALANCE,818110.0,USD millions,US Treasury FiscalData:DTS operating_cash_balance,2026-09-10T00:00:00Z,business_daily,official_record_date,OK
2026-09-12T04:00:00Z,2026-09-12T04:57:49.702430Z,US10Y,4.96,percent,US Treasury:daily_treasury_yield_curve,2026-09-11T00:00:00,daily,official_observation_date,OK
2026-09-12T04:00:00Z,2026-09-12T04:57:49.702430Z,US10Y_REAL,2.6,percent,US Treasury:daily_treasury_real_yield_curve,2026-09-11T00:00:00,daily,official_observation_date,OK
2026-09-12T04:00:00Z,2026-09-12T04:57:49.702430Z,US2Y,4.63,percent,US Treasury:daily_treasury_yield_curve,2026-09-11T00:00:00,daily,official_observation_date,OK
2026-09-12T04:00:00Z,2026-09-12T04:57:49.702430Z,US30Y,5.35,percent,US Treasury:daily_treasury_yield_curve,2026-09-11T00:00:00,daily,official_observation_date,OK
2026-09-12T04:00:00Z,2026-09-12T04:57:49.702430Z,USDC_SUPPLY,74422694291.36807,USD,DefiLlama Stablecoins,2026-09-12T04:57:51.283470Z,current,retrieval_time_proxy,OK
2026-09-12T04:00:00Z,2026-09-12T04:57:49.702430Z,USDT_SUPPLY,183516263676.8949,USD,DefiLlama Stablecoins,2026-09-12T04:57:51.283470Z,current,retrieval_time_proxy,OK
2026-09-12T05:00:00Z,2026-09-12T05:58:15.767303Z,BTC_DOMINANCE,58.245753053456184,percent,CoinGecko Global,2026-09-12T05:56:17Z,current,source_updated_at,OK
2026-09-12T05:00:00Z,2026-09-12T05:58:15.767303Z,CRYPTO_24H_VOLUME,105220432717.53139,USD,CoinGecko Global,2026-09-12T05:56:17Z,current,source_updated_at,OK
2026-09-12T05:00:00Z,2026-09-12T05:58:15.767303Z,CRYPTO_TOTAL_MCAP,2658587495168.226,USD,CoinGecko Global,2026-09-12T05:56:17Z,current,source_updated_at,OK
2026-09-12T05:00:00Z,2026-09-12T05:58:15.767303Z,EFFR,3.63,percent,New York Fed Markets API,2026-09-10T00:00:00Z,business_daily,official_effective_date,OK
2026-09-12T05:00:00Z,2026-09-12T05:58:15.767303Z,ETH_DOMINANCE,11.510955647626664,percent,CoinGecko Global,2026-09-12T05:56:17Z,current,source_updated_at,OK
2026-09-12T05:00:00Z,2026-09-12T05:58:15.767303Z,SOFR,3.62,percent,New York Fed Markets API,2026-09-10T00:00:00Z,business_daily,official_effective_date,OK
2026-09-12T05:00:00Z,2026-09-12T05:58:15.767303Z,STABLECOIN_TOTAL_SUPPLY,311221063541.3329,USD,DefiLlama Stablecoins,2026-09-12T05:58:17.320635Z,current,retrieval_time_proxy,OK
2026-09-12T05:00:00Z,2026-09-12T05:58:15.767303Z,TGA_CLOSING_BALANCE,818110.0,USD millions,US Treasury FiscalData:DTS operating_cash_balance,2026-09-10T00:00:00Z,business_daily,official_record_date,OK
2026-09-12T05:00:00Z,2026-09-12T05:58:15.767303Z,US10Y,4.96,percent,US Treasury:daily_treasury_yield_curve,2026-09-11T00:00:00,daily,official_observation_date,OK
2026-09-12T05:00:00Z,2026-09-12T05:58:15.767303Z,US10Y_REAL,2.6,percent,US Treasury:daily_treasury_real_yield_curve,2026-09-11T00:00:00,daily,official_observation_date,OK
2026-09-12T05:00:00Z,2026-09-12T05:58:15.767303Z,US2Y,4.63,percent,US Treasury:daily_treasury_yield_curve,2026-09-11T00:00:00,daily,official_observation_date,OK
2026-09-12T05:00:00Z,2026-09-12T05:58:15.767303Z,US30Y,5.35,percent,US Treasury:daily_treasury_yield_curve,2026-09-11T00:00:00,daily,official_observation_date,OK
2026-09-12T05:00:00Z,2026-09-12T05:58:15.767303Z,USDC_SUPPLY,74426356601.56654,USD,DefiLlama Stablecoins,2026-09-12T05:58:17.320635Z,current,retrieval_time_proxy,OK
2026-09-12T05:00:00Z,2026-09-12T05:58:15.767303Z,USDT_SUPPLY,183521259451.95087,USD,DefiLlama Stablecoins,2026-09-12T05:58:17.320635Z,current,retrieval_time_proxy,OK
2026-09-12T06:00:00Z,2026-09-12T06:59:14.068990Z,BTC_DOMINANCE,58.24820028020912,percent,CoinGecko Global,2026-09-12T06:56:22Z,current,source_updated_at,OK
2026-09-12T06:00:00Z,2026-09-12T06:59:14.068990Z,CRYPTO_24H_VOLUME,104770382503.26894,USD,CoinGecko Global,2026-09-12T06:56:22Z,current,source_updated_at,OK
2026-09-12T06:00:00Z,2026-09-12T06:59:14.068990Z,CRYPTO_TOTAL_MCAP,2658991196638.374,USD,CoinGecko Global,2026-09-12T06:56:22Z,current,source_updated_at,OK
2026-09-12T06:00:00Z,2026-09-12T06:59:14.068990Z,EFFR,3.63,percent,New York Fed Markets API,2026-09-10T00:00:00Z,business_daily,official_effective_date,OK
2026-09-12T06:00:00Z,2026-09-12T06:59:14.068990Z,ETH_DOMINANCE,11.543113853773857,percent,CoinGecko Global,2026-09-12T06:56:22Z,current,source_updated_at,OK
2026-09-12T06:00:00Z,2026-09-12T06:59:14.068990Z,SOFR,3.62,percent,New York Fed Markets API,2026-09-10T00:00:00Z,business_daily,official_effective_date,OK
2026-09-12T06:00:00Z,2026-09-12T06:59:14.068990Z,STABLECOIN_TOTAL_SUPPLY,311197443510.1449,USD,DefiLlama Stablecoins,2026-09-12T06:59:15.601824Z,current,retrieval_time_proxy,OK
2026-09-12T06:00:00Z,2026-09-12T06:59:14.068990Z,TGA_CLOSING_BALANCE,818110.0,USD millions,US Treasury FiscalData:DTS operating_cash_balance,2026-09-10T00:00:00Z,business_daily,official_record_date,OK
2026-09-12T06:00:00Z,2026-09-12T06:59:14.068990Z,US10Y,4.96,percent,US Treasury:daily_treasury_yield_curve,2026-09-11T00:00:00,daily,official_observation_date,OK
2026-09-12T06:00:00Z,2026-09-12T06:59:14.068990Z,US10Y_REAL,2.6,percent,US Treasury:daily_treasury_real_yield_curve,2026-09-11T00:00:00,daily,official_observation_date,OK
2026-09-12T06:00:00Z,2026-09-12T06:59:14.068990Z,US2Y,4.63,percent,US Treasury:daily_treasury_yield_curve,2026-09-11T00:00:00,daily,official_observation_date,OK
2026-09-12T06:00:00Z,2026-09-12T06:59:14.068990Z,US30Y,5.35,percent,US Treasury:daily_treasury_yield_curve,2026-09-11T00:00:00,daily,official_observation_date,OK
2026-09-12T06:00:00Z,2026-09-12T06:59:14.068990Z,USDC_SUPPLY,74404320309.83704,USD,DefiLlama Stablecoins,2026-09-12T06:59:15.601824Z,current,retrieval_time_proxy,OK
2026-09-12T06:00:00Z,2026-09-12T06:59:14.068990Z,USDT_SUPPLY,183514729057.64304,USD,DefiLlama Stablecoins,2026-09-12T06:59:15.601824Z,current,retrieval_time_proxy,OK
2026-09-12T07:00:00Z,2026-09-12T07:57:58.839689Z,BTC_DOMINANCE,58.20302078353012,percent,CoinGecko Global,2026-09-12T07:56:27Z,current,source_updated_at,OK
2026-09-12T07:00:00Z,2026-09-12T07:57:58.839689Z,CRYPTO_24H_VOLUME,104144260330.78485,USD,CoinGecko Global,2026-09-12T07:56:27Z,current,source_updated_at,OK
2026-09-12T07:00:00Z,2026-09-12T07:57:58.839689Z,CRYPTO_TOTAL_MCAP,2661982914868.405,USD,CoinGecko Global,2026-09-12T07:56:27Z,current,source_updated_at,OK
2026-09-12T07:00:00Z,2026-09-12T07:57:58.839689Z,EFFR,3.63,percent,New York Fed Markets API,2026-09-10T00:00:00Z,business_daily,official_effective_date,OK
2026-09-12T07:00:00Z,2026-09-12T07:57:58.839689Z,ETH_DOMINANCE,11.550270240483416,percent,CoinGecko Global,2026-09-12T07:56:27Z,current,source_updated_at,OK
2026-09-12T07:00:00Z,2026-09-12T07:57:58.839689Z,SOFR,3.62,percent,New York Fed Markets API,2026-09-10T00:00:00Z,business_daily,official_effective_date,OK
2026-09-12T07:00:00Z,2026-09-12T07:57:58.839689Z,STABLECOIN_TOTAL_SUPPLY,311232579437.7256,USD,DefiLlama Stablecoins,2026-09-12T07:58:01.536054Z,current,retrieval_time_proxy,OK
2026-09-12T07:00:00Z,2026-09-12T07:57:58.839689Z,TGA_CLOSING_BALANCE,818110.0,USD millions,US Treasury FiscalData:DTS operating_cash_balance,2026-09-10T00:00:00Z,business_daily,official_record_date,OK
2026-09-12T07:00:00Z,2026-09-12T07:57:58.839689Z,US10Y,4.96,percent,US Treasury:daily_treasury_yield_curve,2026-09-11T00:00:00,daily,official_observation_date,OK
2026-09-12T07:00:00Z,2026-09-12T07:57:58.839689Z,US10Y_REAL,2.6,percent,US Treasury:daily_treasury_real_yield_curve,2026-09-11T00:00:00,daily,official_observation_date,OK
2026-09-12T07:00:00Z,2026-09-12T07:57:58.839689Z,US2Y,4.63,percent,US Treasury:daily_treasury_yield_curve,2026-09-11T00:00:00,daily,official_observation_date,OK
2026-09-12T07:00:00Z,2026-09-12T07:57:58.839689Z,US30Y,5.35,percent,US Treasury:daily_treasury_yield_curve,2026-09-11T00:00:00,daily,official_observation_date,OK
2026-09-12T07:00:00Z,2026-09-12T07:57:58.839689Z,USDC_SUPPLY,74440918903.89987,USD,DefiLlama Stablecoins,2026-09-12T07:58:01.536054Z,current,retrieval_time_proxy,OK
2026-09-12T07:00:00Z,2026-09-12T07:57:58.839689Z,USDT_SUPPLY,183512983727.90088,USD,DefiLlama Stablecoins,2026-09-12T07:58:01.536054Z,current,retrieval_time_proxy,OK
2026-09-12T08:00:00Z,2026-09-12T08:57:53.620730Z,BTC_DOMINANCE,58.195882227055066,percent,CoinGecko Global,2026-09-12T08:56:33Z,current,source_updated_at,OK
2026-09-12T08:00:00Z,2026-09-12T08:57:53.620730Z,CRYPTO_24H_VOLUME,103528828440.40767,USD,CoinGecko Global,2026-09-12T08:56:33Z,current,source_updated_at,OK
2026-09-12T08:00:00Z,2026-09-12T08:57:53.620730Z,CRYPTO_TOTAL_MCAP,2663773445788.223,USD,CoinGecko Global,2026-09-12T08:56:33Z,current,source_updated_at,OK
2026-09-12T08:00:00Z,2026-09-12T08:57:53.620730Z,EFFR,3.63,percent,New York Fed Markets API,2026-09-10T00:00:00Z,business_daily,official_effective_date,OK
2026-09-12T08:00:00Z,2026-09-12T08:57:53.620730Z,ETH_DOMINANCE,11.587575814957422,percent,CoinGecko Global,2026-09-12T08:56:33Z,current,source_updated_at,OK
2026-09-12T08:00:00Z,2026-09-12T08:57:53.620730Z,SOFR,3.62,percent,New York Fed Markets API,2026-09-10T00:00:00Z,business_daily,official_effective_date,OK
2026-09-12T08:00:00Z,2026-09-12T08:57:53.620730Z,STABLECOIN_TOTAL_SUPPLY,311211468797.1646,USD,DefiLlama Stablecoins,2026-09-12T08:57:55.901035Z,current,retrieval_time_proxy,OK
2026-09-12T08:00:00Z,2026-09-12T08:57:53.620730Z,TGA_CLOSING_BALANCE,818110.0,USD millions,US Treasury FiscalData:DTS operating_cash_balance,2026-09-10T00:00:00Z,business_daily,official_record_date,OK
2026-09-12T08:00:00Z,2026-09-12T08:57:53.620730Z,US10Y,4.96,percent,US Treasury:daily_treasury_yield_curve,2026-09-11T00:00:00,daily,official_observation_date,OK
2026-09-12T08:00:00Z,2026-09-12T08:57:53.620730Z,US10Y_REAL,2.6,percent,US Treasury:daily_treasury_real_yield_curve,2026-09-11T00:00:00,daily,official_observation_date,OK
2026-09-12T08:00:00Z,2026-09-12T08:57:53.620730Z,US2Y,4.63,percent,US Treasury:daily_treasury_yield_curve,2026-09-11T00:00:00,daily,official_observation_date,OK
2026-09-12T08:00:00Z,2026-09-12T08:57:53.620730Z,US30Y,5.35,percent,US Treasury:daily_treasury_yield_curve,2026-09-11T00:00:00,daily,official_observation_date,OK
2026-09-12T08:00:00Z,2026-09-12T08:57:53.620730Z,USDC_SUPPLY,74426409492.01031,USD,DefiLlama Stablecoins,2026-09-12T08:57:55.901035Z,current,retrieval_time_proxy,OK
2026-09-12T08:00:00Z,2026-09-12T08:57:53.620730Z,USDT_SUPPLY,183504376977.8192,USD,DefiLlama Stablecoins,2026-09-12T08:57:55.901035Z,current,retrieval_time_proxy,OK
2026-09-12T09:00:00Z,2026-09-12T09:58:20.492367Z,BTC_DOMINANCE,58.19805948968715,percent,CoinGecko Global,2026-09-12T09:56:39Z,current,source_updated_at,OK
2026-09-12T09:00:00Z,2026-09-12T09:58:20.492367Z,CRYPTO_24H_VOLUME,102722790635.36494,USD,CoinGecko Global,2026-09-12T09:56:39Z,current,source_updated_at,OK
2026-09-12T09:00:00Z,2026-09-12T09:58:20.492367Z,CRYPTO_TOTAL_MCAP,2662809976379.517,USD,CoinGecko Global,2026-09-12T09:56:39Z,current,source_updated_at,OK
2026-09-12T09:00:00Z,2026-09-12T09:58:20.492367Z,EFFR,3.63,percent,New York Fed Markets API,2026-09-10T00:00:00Z,business_daily,official_effective_date,OK
2026-09-12T09:00:00Z,2026-09-12T09:58:20.492367Z,ETH_DOMINANCE,11.5692937777516,percent,CoinGecko Global,2026-09-12T09:56:39Z,current,source_updated_at,OK
2026-09-12T09:00:00Z,2026-09-12T09:58:20.492367Z,SOFR,3.62,percent,New York Fed Markets API,2026-09-10T00:00:00Z,business_daily,official_effective_date,OK
2026-09-12T09:00:00Z,2026-09-12T09:58:20.492367Z,STABLECOIN_TOTAL_SUPPLY,311887386137.2096,USD,DefiLlama Stablecoins,2026-09-12T09:58:22.973968Z,current,retrieval_time_proxy,OK
2026-09-12T09:00:00Z,2026-09-12T09:58:20.492367Z,TGA_CLOSING_BALANCE,818110.0,USD millions,US Treasury FiscalData:DTS operating_cash_balance,2026-09-10T00:00:00Z,business_daily,official_record_date,OK
2026-09-12T09:00:00Z,2026-09-12T09:58:20.492367Z,US10Y,4.96,percent,US Treasury:daily_treasury_yield_curve,2026-09-11T00:00:00,daily,official_observation_date,OK
2026-09-12T09:00:00Z,2026-09-12T09:58:20.492367Z,US10Y_REAL,2.6,percent,US Treasury:daily_treasury_real_yield_curve,2026-09-11T00:00:00,daily,official_observation_date,OK
2026-09-12T09:00:00Z,2026-09-12T09:58:20.492367Z,US2Y,4.63,percent,US Treasury:daily_treasury_yield_curve,2026-09-11T00:00:00,daily,official_observation_date,OK
2026-09-12T09:00:00Z,2026-09-12T09:58:20.492367Z,US30Y,5.35,percent,US Treasury:daily_treasury_yield_curve,2026-09-11T00:00:00,daily,official_observation_date,OK
2026-09-12T09:00:00Z,2026-09-12T09:58:20.492367Z,USDC_SUPPLY,74429297539.60564,USD,DefiLlama Stablecoins,2026-09-12T09:58:22.973968Z,current,retrieval_time_proxy,OK
2026-09-12T09:00:00Z,2026-09-12T09:58:20.492367Z,USDT_SUPPLY,183505008178.85608,USD,DefiLlama Stablecoins,2026-09-12T09:58:22.973968Z,current,retrieval_time_proxy,OK
2026-09-12T10:00:00Z,2026-09-12T10:58:06.800235Z,BTC_DOMINANCE,58.174975823220656,percent,CoinGecko Global,2026-09-12T10:56:44Z,current,source_updated_at,OK
2026-09-12T10:00:00Z,2026-09-12T10:58:06.800235Z,CRYPTO_24H_VOLUME,101660334619.89775,USD,CoinGecko Global,2026-09-12T10:56:44Z,current,source_updated_at,OK
2026-09-12T10:00:00Z,2026-09-12T10:58:06.800235Z,CRYPTO_TOTAL_MCAP,2663452470228.0796,USD,CoinGecko Global,2026-09-12T10:56:44Z,current,source_updated_at,OK
2026-09-12T10:00:00Z,2026-09-12T10:58:06.800235Z,EFFR,3.63,percent,New York Fed Markets API,2026-09-10T00:00:00Z,business_daily,official_effective_date,OK
2026-09-12T10:00:00Z,2026-09-12T10:58:06.800235Z,ETH_DOMINANCE,11.575141474115444,percent,CoinGecko Global,2026-09-12T10:56:44Z,current,source_updated_at,OK
2026-09-12T10:00:00Z,2026-09-12T10:58:06.800235Z,SOFR,3.62,percent,New York Fed Markets API,2026-09-10T00:00:00Z,business_daily,official_effective_date,OK
2026-09-12T10:00:00Z,2026-09-12T10:58:06.800235Z,STABLECOIN_TOTAL_SUPPLY,311891859492.1559,USD,DefiLlama Stablecoins,2026-09-12T10:58:08.023958Z,current,retrieval_time_proxy,OK
2026-09-12T10:00:00Z,2026-09-12T10:58:06.800235Z,TGA_CLOSING_BALANCE,818110.0,USD millions,US Treasury FiscalData:DTS operating_cash_balance,2026-09-10T00:00:00Z,business_daily,official_record_date,OK
2026-09-12T10:00:00Z,2026-09-12T10:58:06.800235Z,US10Y,4.96,percent,US Treasury:daily_treasury_yield_curve,2026-09-11T00:00:00,daily,official_observation_date,OK
2026-09-12T10:00:00Z,2026-09-12T10:58:06.800235Z,US10Y_REAL,2.6,percent,US Treasury:daily_treasury_real_yield_curve,2026-09-11T00:00:00,daily,official_observation_date,OK
2026-09-12T10:00:00Z,2026-09-12T10:58:06.800235Z,US2Y,4.63,percent,US Treasury:daily_treasury_yield_curve,2026-09-11T00:00:00,daily,official_observation_date,OK
2026-09-12T10:00:00Z,2026-09-12T10:58:06.800235Z,US30Y,5.35,percent,US Treasury:daily_treasury_yield_curve,2026-09-11T00:00:00,daily,official_observation_date,OK
2026-09-12T10:00:00Z,2026-09-12T10:58:06.800235Z,USDC_SUPPLY,74429125376.67253,USD,DefiLlama Stablecoins,2026-09-12T10:58:08.023958Z,current,retrieval_time_proxy,OK
2026-09-12T10:00:00Z,2026-09-12T10:58:06.800235Z,USDT_SUPPLY,183502262049.2935,USD,DefiLlama Stablecoins,2026-09-12T10:58:08.023958Z,current,retrieval_time_proxy,OK
2026-09-12T11:00:00Z,2026-09-12T11:58:05.546996Z,BTC_DOMINANCE,58.16469190061638,percent,CoinGecko Global,2026-09-12T11:56:48Z,current,source_updated_at,OK
2026-09-12T11:00:00Z,2026-09-12T11:58:05.546996Z,CRYPTO_24H_VOLUME,99967253512.24707,USD,CoinGecko Global,2026-09-12T11:56:48Z,current,source_updated_at,OK
2026-09-12T11:00:00Z,2026-09-12T11:58:05.546996Z,CRYPTO_TOTAL_MCAP,2665705370180.741,USD,CoinGecko Global,2026-09-12T11:56:48Z,current,source_updated_at,OK
2026-09-12T11:00:00Z,2026-09-12T11:58:05.546996Z,EFFR,3.63,percent,New York Fed Markets API,2026-09-10T00:00:00Z,business_daily,official_effective_date,OK
2026-09-12T11:00:00Z,2026-09-12T11:58:05.546996Z,ETH_DOMINANCE,11.586982570553227,percent,CoinGecko Global,2026-09-12T11:56:48Z,current,source_updated_at,OK
2026-09-12T11:00:00Z,2026-09-12T11:58:05.546996Z,SOFR,3.62,percent,New York Fed Markets API,2026-09-10T00:00:00Z,business_daily,official_effective_date,OK
2026-09-12T11:00:00Z,2026-09-12T11:58:05.546996Z,STABLECOIN_TOTAL_SUPPLY,311885964682.47076,USD,DefiLlama Stablecoins,2026-09-12T11:58:07.358206Z,current,retrieval_time_proxy,OK
2026-09-12T11:00:00Z,2026-09-12T11:58:05.546996Z,TGA_CLOSING_BALANCE,818110.0,USD millions,US Treasury FiscalData:DTS operating_cash_balance,2026-09-10T00:00:00Z,business_daily,official_record_date,OK
2026-09-12T11:00:00Z,2026-09-12T11:58:05.546996Z,US10Y,4.96,percent,US Treasury:daily_treasury_yield_curve,2026-09-11T00:00:00,daily,official_observation_date,OK
2026-09-12T11:00:00Z,2026-09-12T11:58:05.546996Z,US10Y_REAL,2.6,percent,US Treasury:daily_treasury_real_yield_curve,2026-09-11T00:00:00,daily,official_observation_date,OK
2026-09-12T11:00:00Z,2026-09-12T11:58:05.546996Z,US2Y,4.63,percent,US Treasury:daily_treasury_yield_curve,2026-09-11T00:00:00,daily,official_observation_date,OK
2026-09-12T11:00:00Z,2026-09-12T11:58:05.546996Z,US30Y,5.35,percent,US Treasury:daily_treasury_yield_curve,2026-09-11T00:00:00,daily,official_observation_date,OK
2026-09-12T11:00:00Z,2026-09-12T11:58:05.546996Z,USDC_SUPPLY,74429328146.86061,USD,DefiLlama Stablecoins,2026-09-12T11:58:07.358206Z,current,retrieval_time_proxy,OK
2026-09-12T11:00:00Z,2026-09-12T11:58:05.546996Z,USDT_SUPPLY,183498017169.65936,USD,DefiLlama Stablecoins,2026-09-12T11:58:07.358206Z,current,retrieval_time_proxy,OK
2026-09-12T12:00:00Z,2026-09-12T12:58:25.326200Z,BTC_DOMINANCE,58.165859328379014,percent,CoinGecko Global,2026-09-12T12:56:52Z,current,source_updated_at,OK
2026-09-12T12:00:00Z,2026-09-12T12:58:25.326200Z,CRYPTO_24H_VOLUME,89742388796.8688,USD,CoinGecko Global,2026-09-12T12:56:52Z,current,source_updated_at,OK
2026-09-12T12:00:00Z,2026-09-12T12:58:25.326200Z,CRYPTO_TOTAL_MCAP,2663195150275.5454,USD,CoinGecko Global,2026-09-12T12:56:52Z,current,source_updated_at,OK
2026-09-12T12:00:00Z,2026-09-12T12:58:25.326200Z,EFFR,3.63,percent,New York Fed Markets API,2026-09-10T00:00:00Z,business_daily,official_effective_date,OK
2026-09-12T12:00:00Z,2026-09-12T12:58:25.326200Z,ETH_DOMINANCE,11.582608611100778,percent,CoinGecko Global,2026-09-12T12:56:52Z,current,source_updated_at,OK
2026-09-12T12:00:00Z,2026-09-12T12:58:25.326200Z,SOFR,3.62,percent,New York Fed Markets API,2026-09-10T00:00:00Z,business_daily,official_effective_date,OK
2026-09-12T12:00:00Z,2026-09-12T12:58:25.326200Z,STABLECOIN_TOTAL_SUPPLY,311875552847.26196,USD,DefiLlama Stablecoins,2026-09-12T12:58:27.567166Z,current,retrieval_time_proxy,OK
2026-09-12T12:00:00Z,2026-09-12T12:58:25.326200Z,TGA_CLOSING_BALANCE,818110.0,USD millions,US Treasury FiscalData:DTS operating_cash_balance,2026-09-10T00:00:00Z,business_daily,official_record_date,OK
2026-09-12T12:00:00Z,2026-09-12T12:58:25.326200Z,US10Y,4.96,percent,US Treasury:daily_treasury_yield_curve,2026-09-11T00:00:00,daily,official_observation_date,OK
2026-09-12T12:00:00Z,2026-09-12T12:58:25.326200Z,US10Y_REAL,2.6,percent,US Treasury:daily_treasury_real_yield_curve,2026-09-11T00:00:00,daily,official_observation_date,OK
2026-09-12T12:00:00Z,2026-09-12T12:58:25.326200Z,US2Y,4.63,percent,US Treasury:daily_treasury_yield_curve,2026-09-11T00:00:00,daily,official_observation_date,OK
2026-09-12T12:00:00Z,2026-09-12T12:58:25.326200Z,US30Y,5.35,percent,US Treasury:daily_treasury_yield_curve,2026-09-11T00:00:00,daily,official_observation_date,OK
2026-09-12T12:00:00Z,2026-09-12T12:58:25.326200Z,USDC_SUPPLY,74425282540.25676,USD,DefiLlama Stablecoins,2026-09-12T12:58:27.567166Z,current,retrieval_time_proxy,OK
2026-09-12T12:00:00Z,2026-09-12T12:58:25.326200Z,USDT_SUPPLY,183502751578.20578,USD,DefiLlama Stablecoins,2026-09-12T12:58:27.567166Z,current,retrieval_time_proxy,OK
2026-09-12T13:00:00Z,2026-09-12T13:58:10.289807Z,BTC_DOMINANCE,58.16566302266675,percent,CoinGecko Global,2026-09-12T13:56:57Z,current,source_updated_at,OK
2026-09-12T13:00:00Z,2026-09-12T13:58:10.289807Z,CRYPTO_24H_VOLUME,81198182647.43703,USD,CoinGecko Global,2026-09-12T13:56:57Z,current,source_updated_at,OK
2026-09-12T13:00:00Z,2026-09-12T13:58:10.289807Z,CRYPTO_TOTAL_MCAP,2664709036583.373,USD,CoinGecko Global,2026-09-12T13:56:57Z,current,source_updated_at,OK
2026-09-12T13:00:00Z,2026-09-12T13:58:10.289807Z,EFFR,3.63,percent,New York Fed Markets API,2026-09-10T00:00:00Z,business_daily,official_effective_date,OK
2026-09-12T13:00:00Z,2026-09-12T13:58:10.289807Z,ETH_DOMINANCE,11.615950910585585,percent,CoinGecko Global,2026-09-12T13:56:57Z,current,source_updated_at,OK
2026-09-12T13:00:00Z,2026-09-12T13:58:10.289807Z,SOFR,3.62,percent,New York Fed Markets API,2026-09-10T00:00:00Z,business_daily,official_effective_date,OK
2026-09-12T13:00:00Z,2026-09-12T13:58:10.289807Z,STABLECOIN_TOTAL_SUPPLY,312275521813.9845,USD,DefiLlama Stablecoins,2026-09-12T13:58:12.678254Z,current,retrieval_time_proxy,OK
2026-09-12T13:00:00Z,2026-09-12T13:58:10.289807Z,TGA_CLOSING_BALANCE,818110.0,USD millions,US Treasury FiscalData:DTS operating_cash_balance,2026-09-10T00:00:00Z,business_daily,official_record_date,OK
2026-09-12T13:00:00Z,2026-09-12T13:58:10.289807Z,US10Y,4.96,percent,US Treasury:daily_treasury_yield_curve,2026-09-11T00:00:00,daily,official_observation_date,OK
2026-09-12T13:00:00Z,2026-09-12T13:58:10.289807Z,US10Y_REAL,2.6,percent,US Treasury:daily_treasury_real_yield_curve,2026-09-11T00:00:00,daily,official_observation_date,OK
2026-09-12T13:00:00Z,2026-09-12T13:58:10.289807Z,US2Y,4.63,percent,US Treasury:daily_treasury_yield_curve,2026-09-11T00:00:00,daily,official_observation_date,OK
2026-09-12T13:00:00Z,2026-09-12T13:58:10.289807Z,US30Y,5.35,percent,US Treasury:daily_treasury_yield_curve,2026-09-11T00:00:00,daily,official_observation_date,OK
2026-09-12T13:00:00Z,2026-09-12T13:58:10.289807Z,USDC_SUPPLY,74425163520.89484,USD,DefiLlama Stablecoins,2026-09-12T13:58:12.678254Z,current,retrieval_time_proxy,OK
2026-09-12T13:00:00Z,2026-09-12T13:58:10.289807Z,USDT_SUPPLY,183497596909.70508,USD,DefiLlama Stablecoins,2026-09-12T13:58:12.678254Z,current,retrieval_time_proxy,OK
2026-09-12T14:00:00Z,2026-09-12T14:58:05.177093Z,BTC_DOMINANCE,58.207381280643965,percent,CoinGecko Global,2026-09-12T14:57:02Z,current,source_updated_at,OK
2026-09-12T14:00:00Z,2026-09-12T14:58:05.177093Z,CRYPTO_24H_VOLUME,69939586978.61139,USD,CoinGecko Global,2026-09-12T14:57:02Z,current,source_updated_at,OK
2026-09-12T14:00:00Z,2026-09-12T14:58:05.177093Z,CRYPTO_TOTAL_MCAP,2666352018373.8086,USD,CoinGecko Global,2026-09-12T14:57:02Z,current,source_updated_at,OK
2026-09-12T14:00:00Z,2026-09-12T14:58:05.177093Z,EFFR,3.63,percent,New York Fed Markets API,2026-09-10T00:00:00Z,business_daily,official_effective_date,OK
2026-09-12T14:00:00Z,2026-09-12T14:58:05.177093Z,ETH_DOMINANCE,11.599706246261805,percent,CoinGecko Global,2026-09-12T14:57:02Z,current,source_updated_at,OK
2026-09-12T14:00:00Z,2026-09-12T14:58:05.177093Z,SOFR,3.62,percent,New York Fed Markets API,2026-09-10T00:00:00Z,business_daily,official_effective_date,OK
2026-09-12T14:00:00Z,2026-09-12T14:58:05.177093Z,STABLECOIN_TOTAL_SUPPLY,312269383057.5134,USD,DefiLlama Stablecoins,2026-09-12T14:58:07.117978Z,current,retrieval_time_proxy,OK
2026-09-12T14:00:00Z,2026-09-12T14:58:05.177093Z,TGA_CLOSING_BALANCE,818110.0,USD millions,US Treasury FiscalData:DTS operating_cash_balance,2026-09-10T00:00:00Z,business_daily,official_record_date,OK
2026-09-12T14:00:00Z,2026-09-12T14:58:05.177093Z,US10Y,4.96,percent,US Treasury:daily_treasury_yield_curve,2026-09-11T00:00:00,daily,official_observation_date,OK
2026-09-12T14:00:00Z,2026-09-12T14:58:05.177093Z,US10Y_REAL,2.6,percent,US Treasury:daily_treasury_real_yield_curve,2026-09-11T00:00:00,daily,official_observation_date,OK
2026-09-12T14:00:00Z,2026-09-12T14:58:05.177093Z,US2Y,4.63,percent,US Treasury:daily_treasury_yield_curve,2026-09-11T00:00:00,daily,official_observation_date,OK
2026-09-12T14:00:00Z,2026-09-12T14:58:05.177093Z,US30Y,5.35,percent,US Treasury:daily_treasury_yield_curve,2026-09-11T00:00:00,daily,official_observation_date,OK
2026-09-12T14:00:00Z,2026-09-12T14:58:05.177093Z,USDC_SUPPLY,74426130339.45613,USD,DefiLlama Stablecoins,2026-09-12T14:58:07.117978Z,current,retrieval_time_proxy,OK
2026-09-12T14:00:00Z,2026-09-12T14:58:05.177093Z,USDT_SUPPLY,183497492275.7282,USD,DefiLlama Stablecoins,2026-09-12T14:58:07.117978Z,current,retrieval_time_proxy,OK
2026-09-12T15:00:00Z,2026-09-12T15:57:52.227413Z,BTC_DOMINANCE,58.186411840680776,percent,CoinGecko Global,2026-09-12T15:57:07Z,current,source_updated_at,OK
2026-09-12T15:00:00Z,2026-09-12T15:57:52.227413Z,CRYPTO_24H_VOLUME,64519890235.03637,USD,CoinGecko Global,2026-09-12T15:57:07Z,current,source_updated_at,OK
2026-09-12T15:00:00Z,2026-09-12T15:57:52.227413Z,CRYPTO_TOTAL_MCAP,2665293222251.905,USD,CoinGecko Global,2026-09-12T15:57:07Z,current,source_updated_at,OK
2026-09-12T15:00:00Z,2026-09-12T15:57:52.227413Z,EFFR,3.63,percent,New York Fed Markets API,2026-09-10T00:00:00Z,business_daily,official_effective_date,OK
2026-09-12T15:00:00Z,2026-09-12T15:57:52.227413Z,ETH_DOMINANCE,11.575137202618881,percent,CoinGecko Global,2026-09-12T15:57:07Z,current,source_updated_at,OK
2026-09-12T15:00:00Z,2026-09-12T15:57:52.227413Z,SOFR,3.62,percent,New York Fed Markets API,2026-09-10T00:00:00Z,business_daily,official_effective_date,OK
2026-09-12T15:00:00Z,2026-09-12T15:57:52.227413Z,STABLECOIN_TOTAL_SUPPLY,312306776708.12946,USD,DefiLlama Stablecoins,2026-09-12T15:57:54.049440Z,current,retrieval_time_proxy,OK
2026-09-12T15:00:00Z,2026-09-12T15:57:52.227413Z,TGA_CLOSING_BALANCE,818110.0,USD millions,US Treasury FiscalData:DTS operating_cash_balance,2026-09-10T00:00:00Z,business_daily,official_record_date,OK
2026-09-12T15:00:00Z,2026-09-12T15:57:52.227413Z,US10Y,4.96,percent,US Treasury:daily_treasury_yield_curve,2026-09-11T00:00:00,daily,official_observation_date,OK
2026-09-12T15:00:00Z,2026-09-12T15:57:52.227413Z,US10Y_REAL,2.6,percent,US Treasury:daily_treasury_real_yield_curve,2026-09-11T00:00:00,daily,official_observation_date,OK
2026-09-12T15:00:00Z,2026-09-12T15:57:52.227413Z,US2Y,4.63,percent,US Treasury:daily_treasury_yield_curve,2026-09-11T00:00:00,daily,official_observation_date,OK
2026-09-12T15:00:00Z,2026-09-12T15:57:52.227413Z,US30Y,5.35,percent,US Treasury:daily_treasury_yield_curve,2026-09-11T00:00:00,daily,official_observation_date,OK
2026-09-12T15:00:00Z,2026-09-12T15:57:52.227413Z,USDC_SUPPLY,74408458039.20403,USD,DefiLlama Stablecoins,2026-09-12T15:57:54.049440Z,current,retrieval_time_proxy,OK
2026-09-12T15:00:00Z,2026-09-12T15:57:52.227413Z,USDT_SUPPLY,183547072419.6748,USD,DefiLlama Stablecoins,2026-09-12T15:57:54.049440Z,current,retrieval_time_proxy,OK
2026-09-12T16:00:00Z,2026-09-12T16:58:05.647313Z,BTC_DOMINANCE,58.201910308206685,percent,CoinGecko Global,2026-09-12T16:57:13Z,current,source_updated_at,OK
2026-09-12T16:00:00Z,2026-09-12T16:58:05.647313Z,CRYPTO_24H_VOLUME,58735643732.58034,USD,CoinGecko Global,2026-09-12T16:57:13Z,current,source_updated_at,OK
2026-09-12T16:00:00Z,2026-09-12T16:58:05.647313Z,CRYPTO_TOTAL_MCAP,2662791886753.356,USD,CoinGecko Global,2026-09-12T16:57:13Z,current,source_updated_at,OK
2026-09-12T16:00:00Z,2026-09-12T16:58:05.647313Z,EFFR,3.63,percent,New York Fed Markets API,2026-09-10T00:00:00Z,business_daily,official_effective_date,OK
2026-09-12T16:00:00Z,2026-09-12T16:58:05.647313Z,ETH_DOMINANCE,11.577493326743433,percent,CoinGecko Global,2026-09-12T16:57:13Z,current,source_updated_at,OK
2026-09-12T16:00:00Z,2026-09-12T16:58:05.647313Z,SOFR,3.62,percent,New York Fed Markets API,2026-09-10T00:00:00Z,business_daily,official_effective_date,OK
2026-09-12T16:00:00Z,2026-09-12T16:58:05.647313Z,STABLECOIN_TOTAL_SUPPLY,312318215881.4671,USD,DefiLlama Stablecoins,2026-09-12T16:58:07.072163Z,current,retrieval_time_proxy,OK
2026-09-12T16:00:00Z,2026-09-12T16:58:05.647313Z,TGA_CLOSING_BALANCE,818110.0,USD millions,US Treasury FiscalData:DTS operating_cash_balance,2026-09-10T00:00:00Z,business_daily,official_record_date,OK
2026-09-12T16:00:00Z,2026-09-12T16:58:05.647313Z,US10Y,4.96,percent,US Treasury:daily_treasury_yield_curve,2026-09-11T00:00:00,daily,official_observation_date,OK
2026-09-12T16:00:00Z,2026-09-12T16:58:05.647313Z,US10Y_REAL,2.6,percent,US Treasury:daily_treasury_real_yield_curve,2026-09-11T00:00:00,daily,official_observation_date,OK
2026-09-12T16:00:00Z,2026-09-12T16:58:05.647313Z,US2Y,4.63,percent,US Treasury:daily_treasury_yield_curve,2026-09-11T00:00:00,daily,official_observation_date,OK
2026-09-12T16:00:00Z,2026-09-12T16:58:05.647313Z,US30Y,5.35,percent,US Treasury:daily_treasury_yield_curve,2026-09-11T00:00:00,daily,official_observation_date,OK
2026-09-12T16:00:00Z,2026-09-12T16:58:05.647313Z,USDC_SUPPLY,74422131914.3454,USD,DefiLlama Stablecoins,2026-09-12T16:58:07.072163Z,current,retrieval_time_proxy,OK
2026-09-12T16:00:00Z,2026-09-12T16:58:05.647313Z,USDT_SUPPLY,183546519689.65207,USD,DefiLlama Stablecoins,2026-09-12T16:58:07.072163Z,current,retrieval_time_proxy,OK
2026-09-12T17:00:00Z,2026-09-12T17:58:11.285416Z,BTC_DOMINANCE,58.17938979734104,percent,CoinGecko Global,2026-09-12T17:57:17Z,current,source_updated_at,OK
2026-09-12T17:00:00Z,2026-09-12T17:58:11.285416Z,CRYPTO_24H_VOLUME,56806772013.82851,USD,CoinGecko Global,2026-09-12T17:57:17Z,current,source_updated_at,OK
2026-09-12T17:00:00Z,2026-09-12T17:58:11.285416Z,CRYPTO_TOTAL_MCAP,2658993478160.9897,USD,CoinGecko Global,2026-09-12T17:57:17Z,current,source_updated_at,OK
2026-09-12T17:00:00Z,2026-09-12T17:58:11.285416Z,EFFR,3.63,percent,New York Fed Markets API,2026-09-10T00:00:00Z,business_daily,official_effective_date,OK
2026-09-12T17:00:00Z,2026-09-12T17:58:11.285416Z,ETH_DOMINANCE,11.569683291071984,percent,CoinGecko Global,2026-09-12T17:57:17Z,current,source_updated_at,OK
2026-09-12T17:00:00Z,2026-09-12T17:58:11.285416Z,SOFR,3.62,percent,New York Fed Markets API,2026-09-10T00:00:00Z,business_daily,official_effective_date,OK
2026-09-12T17:00:00Z,2026-09-12T17:58:11.285416Z,STABLECOIN_TOTAL_SUPPLY,312325283085.8804,USD,DefiLlama Stablecoins,2026-09-12T17:58:12.956803Z,current,retrieval_time_proxy,OK
2026-09-12T17:00:00Z,2026-09-12T17:58:11.285416Z,TGA_CLOSING_BALANCE,818110.0,USD millions,US Treasury FiscalData:DTS operating_cash_balance,2026-09-10T00:00:00Z,business_daily,official_record_date,OK
2026-09-12T17:00:00Z,2026-09-12T17:58:11.285416Z,US10Y,4.96,percent,US Treasury:daily_treasury_yield_curve,2026-09-11T00:00:00,daily,official_observation_date,OK
2026-09-12T17:00:00Z,2026-09-12T17:58:11.285416Z,US10Y_REAL,2.6,percent,US Treasury:daily_treasury_real_yield_curve,2026-09-11T00:00:00,daily,official_observation_date,OK
2026-09-12T17:00:00Z,2026-09-12T17:58:11.285416Z,US2Y,4.63,percent,US Treasury:daily_treasury_yield_curve,2026-09-11T00:00:00,daily,official_observation_date,OK
2026-09-12T17:00:00Z,2026-09-12T17:58:11.285416Z,US30Y,5.35,percent,US Treasury:daily_treasury_yield_curve,2026-09-11T00:00:00,daily,official_observation_date,OK
2026-09-12T17:00:00Z,2026-09-12T17:58:11.285416Z,USDC_SUPPLY,74429306478.38503,USD,DefiLlama Stablecoins,2026-09-12T17:58:12.956803Z,current,retrieval_time_proxy,OK
2026-09-12T17:00:00Z,2026-09-12T17:58:11.285416Z,USDT_SUPPLY,183548679927.4355,USD,DefiLlama Stablecoins,2026-09-12T17:58:12.956803Z,current,retrieval_time_proxy,OK
2026-09-12T18:00:00Z,2026-09-12T18:57:52.176985Z,BTC_DOMINANCE,58.20669882593138,percent,CoinGecko Global,2026-09-12T18:57:21Z,current,source_updated_at,OK
2026-09-12T18:00:00Z,2026-09-12T18:57:52.176985Z,CRYPTO_24H_VOLUME,53423919144.18913,USD,CoinGecko Global,2026-09-12T18:57:21Z,current,source_updated_at,OK
2026-09-12T18:00:00Z,2026-09-12T18:57:52.176985Z,CRYPTO_TOTAL_MCAP,2656129664121.1187,USD,CoinGecko Global,2026-09-12T18:57:21Z,current,source_updated_at,OK
2026-09-12T18:00:00Z,2026-09-12T18:57:52.176985Z,EFFR,3.63,percent,New York Fed Markets API,2026-09-10T00:00:00Z,business_daily,official_effective_date,OK
2026-09-12T18:00:00Z,2026-09-12T18:57:52.176985Z,ETH_DOMINANCE,11.561836017645525,percent,CoinGecko Global,2026-09-12T18:57:21Z,current,source_updated_at,OK
2026-09-12T18:00:00Z,2026-09-12T18:57:52.176985Z,SOFR,3.62,percent,New York Fed Markets API,2026-09-10T00:00:00Z,business_daily,official_effective_date,OK
2026-09-12T18:00:00Z,2026-09-12T18:57:52.176985Z,STABLECOIN_TOTAL_SUPPLY,312325540537.2117,USD,DefiLlama Stablecoins,2026-09-12T18:57:54.187981Z,current,retrieval_time_proxy,OK
2026-09-12T18:00:00Z,2026-09-12T18:57:52.176985Z,TGA_CLOSING_BALANCE,818110.0,USD millions,US Treasury FiscalData:DTS operating_cash_balance,2026-09-10T00:00:00Z,business_daily,official_record_date,OK
2026-09-12T18:00:00Z,2026-09-12T18:57:52.176985Z,US10Y,4.96,percent,US Treasury:daily_treasury_yield_curve,2026-09-11T00:00:00,daily,official_observation_date,OK
2026-09-12T18:00:00Z,2026-09-12T18:57:52.176985Z,US10Y_REAL,2.6,percent,US Treasury:daily_treasury_real_yield_curve,2026-09-11T00:00:00,daily,official_observation_date,OK
2026-09-12T18:00:00Z,2026-09-12T18:57:52.176985Z,US2Y,4.63,percent,US Treasury:daily_treasury_yield_curve,2026-09-11T00:00:00,daily,official_observation_date,OK
2026-09-12T18:00:00Z,2026-09-12T18:57:52.176985Z,US30Y,5.35,percent,US Treasury:daily_treasury_yield_curve,2026-09-11T00:00:00,daily,official_observation_date,OK
2026-09-12T18:00:00Z,2026-09-12T18:57:52.176985Z,USDC_SUPPLY,74436288154.09866,USD,DefiLlama Stablecoins,2026-09-12T18:57:54.187981Z,current,retrieval_time_proxy,OK
2026-09-12T18:00:00Z,2026-09-12T18:57:52.176985Z,USDT_SUPPLY,183541203228.24622,USD,DefiLlama Stablecoins,2026-09-12T18:57:54.187981Z,current,retrieval_time_proxy,OK
2026-09-12T19:00:00Z,2026-09-12T19:58:10.682796Z,BTC_DOMINANCE,58.23261855711257,percent,CoinGecko Global,2026-09-12T19:57:25Z,current,source_updated_at,OK
2026-09-12T19:00:00Z,2026-09-12T19:58:10.682796Z,CRYPTO_24H_VOLUME,52217856446.50076,USD,CoinGecko Global,2026-09-12T19:57:25Z,current,source_updated_at,OK
2026-09-12T19:00:00Z,2026-09-12T19:58:10.682796Z,CRYPTO_TOTAL_MCAP,2654281036219.5723,USD,CoinGecko Global,2026-09-12T19:57:25Z,current,source_updated_at,OK
2026-09-12T19:00:00Z,2026-09-12T19:58:10.682796Z,EFFR,3.63,percent,New York Fed Markets API,2026-09-10T00:00:00Z,business_daily,official_effective_date,OK
2026-09-12T19:00:00Z,2026-09-12T19:58:10.682796Z,ETH_DOMINANCE,11.552515004692061,percent,CoinGecko Global,2026-09-12T19:57:25Z,current,source_updated_at,OK
2026-09-12T19:00:00Z,2026-09-12T19:58:10.682796Z,SOFR,3.62,percent,New York Fed Markets API,2026-09-10T00:00:00Z,business_daily,official_effective_date,OK
2026-09-12T19:00:00Z,2026-09-12T19:58:10.682796Z,STABLECOIN_TOTAL_SUPPLY,312301181195.3321,USD,DefiLlama Stablecoins,2026-09-12T19:58:12.259589Z,current,retrieval_time_proxy,OK
2026-09-12T19:00:00Z,2026-09-12T19:58:10.682796Z,TGA_CLOSING_BALANCE,818110.0,USD millions,US Treasury FiscalData:DTS operating_cash_balance,2026-09-10T00:00:00Z,business_daily,official_record_date,OK
2026-09-12T19:00:00Z,2026-09-12T19:58:10.682796Z,US10Y,4.96,percent,US Treasury:daily_treasury_yield_curve,2026-09-11T00:00:00,daily,official_observation_date,OK
2026-09-12T19:00:00Z,2026-09-12T19:58:10.682796Z,US10Y_REAL,2.6,percent,US Treasury:daily_treasury_real_yield_curve,2026-09-11T00:00:00,daily,official_observation_date,OK
2026-09-12T19:00:00Z,2026-09-12T19:58:10.682796Z,US2Y,4.63,percent,US Treasury:daily_treasury_yield_curve,2026-09-11T00:00:00,daily,official_observation_date,OK
2026-09-12T19:00:00Z,2026-09-12T19:58:10.682796Z,US30Y,5.35,percent,US Treasury:daily_treasury_yield_curve,2026-09-11T00:00:00,daily,official_observation_date,OK
2026-09-12T19:00:00Z,2026-09-12T19:58:10.682796Z,USDC_SUPPLY,74447180724.85988,USD,DefiLlama Stablecoins,2026-09-12T19:58:12.259589Z,current,retrieval_time_proxy,OK
2026-09-12T19:00:00Z,2026-09-12T19:58:10.682796Z,USDT_SUPPLY,183501775805.57233,USD,DefiLlama Stablecoins,2026-09-12T19:58:12.259589Z,current,retrieval_time_proxy,OK
2026-09-12T20:00:00Z,2026-09-12T20:58:08.855225Z,BTC_DOMINANCE,58.21996718485886,percent,CoinGecko Global,2026-09-12T20:57:31Z,current,source_updated_at,OK
2026-09-12T20:00:00Z,2026-09-12T20:58:08.855225Z,CRYPTO_24H_VOLUME,51090091872.0323,USD,CoinGecko Global,2026-09-12T20:57:31Z,current,source_updated_at,OK
2026-09-12T20:00:00Z,2026-09-12T20:58:08.855225Z,CRYPTO_TOTAL_MCAP,2655828660366.386,USD,CoinGecko Global,2026-09-12T20:57:31Z,current,source_updated_at,OK
2026-09-12T20:00:00Z,2026-09-12T20:58:08.855225Z,EFFR,3.63,percent,New York Fed Markets API,2026-09-10T00:00:00Z,business_daily,official_effective_date,OK
2026-09-12T20:00:00Z,2026-09-12T20:58:08.855225Z,ETH_DOMINANCE,11.557633518088254,percent,CoinGecko Global,2026-09-12T20:57:31Z,current,source_updated_at,OK
2026-09-12T20:00:00Z,2026-09-12T20:58:08.855225Z,SOFR,3.62,percent,New York Fed Markets API,2026-09-10T00:00:00Z,business_daily,official_effective_date,OK
2026-09-12T20:00:00Z,2026-09-12T20:58:08.855225Z,STABLECOIN_TOTAL_SUPPLY,312325153939.97217,USD,DefiLlama Stablecoins,2026-09-12T20:58:10.439937Z,current,retrieval_time_proxy,OK
2026-09-12T20:00:00Z,2026-09-12T20:58:08.855225Z,TGA_CLOSING_BALANCE,818110.0,USD millions,US Treasury FiscalData:DTS operating_cash_balance,2026-09-10T00:00:00Z,business_daily,official_record_date,OK
2026-09-12T20:00:00Z,2026-09-12T20:58:08.855225Z,US10Y,4.96,percent,US Treasury:daily_treasury_yield_curve,2026-09-11T00:00:00,daily,official_observation_date,OK
2026-09-12T20:00:00Z,2026-09-12T20:58:08.855225Z,US10Y_REAL,2.6,percent,US Treasury:daily_treasury_real_yield_curve,2026-09-11T00:00:00,daily,official_observation_date,OK
2026-09-12T20:00:00Z,2026-09-12T20:58:08.855225Z,US2Y,4.63,percent,US Treasury:daily_treasury_yield_curve,2026-09-11T00:00:00,daily,official_observation_date,OK
2026-09-12T20:00:00Z,2026-09-12T20:58:08.855225Z,US30Y,5.35,percent,US Treasury:daily_treasury_yield_curve,2026-09-11T00:00:00,daily,official_observation_date,OK
2026-09-12T20:00:00Z,2026-09-12T20:58:08.855225Z,USDC_SUPPLY,74450410198.58403,USD,DefiLlama Stablecoins,2026-09-12T20:58:10.439937Z,current,retrieval_time_proxy,OK
2026-09-12T20:00:00Z,2026-09-12T20:58:08.855225Z,USDT_SUPPLY,183512348729.86356,USD,DefiLlama Stablecoins,2026-09-12T20:58:10.439937Z,current,retrieval_time_proxy,OK
2026-09-12T21:00:00Z,2026-09-12T21:57:58.536130Z,BTC_DOMINANCE,58.244131614577775,percent,CoinGecko Global,2026-09-12T21:57:36Z,current,source_updated_at,OK
2026-09-12T21:00:00Z,2026-09-12T21:57:58.536130Z,CRYPTO_24H_VOLUME,50339042026.79289,USD,CoinGecko Global,2026-09-12T21:57:36Z,current,source_updated_at,OK
2026-09-12T21:00:00Z,2026-09-12T21:57:58.536130Z,CRYPTO_TOTAL_MCAP,2658478201567.933,USD,CoinGecko Global,2026-09-12T21:57:36Z,current,source_updated_at,OK
2026-09-12T21:00:00Z,2026-09-12T21:57:58.536130Z,EFFR,3.63,percent,New York Fed Markets API,2026-09-10T00:00:00Z,business_daily,official_effective_date,OK
2026-09-12T21:00:00Z,2026-09-12T21:57:58.536130Z,ETH_DOMINANCE,11.560894755943922,percent,CoinGecko Global,2026-09-12T21:57:36Z,current,source_updated_at,OK
2026-09-12T21:00:00Z,2026-09-12T21:57:58.536130Z,SOFR,3.62,percent,New York Fed Markets API,2026-09-10T00:00:00Z,business_daily,official_effective_date,OK
2026-09-12T21:00:00Z,2026-09-12T21:57:58.536130Z,STABLECOIN_TOTAL_SUPPLY,312275183023.0931,USD,DefiLlama Stablecoins,2026-09-12T21:58:01.038784Z,current,retrieval_time_proxy,OK
2026-09-12T21:00:00Z,2026-09-12T21:57:58.536130Z,TGA_CLOSING_BALANCE,818110.0,USD millions,US Treasury FiscalData:DTS operating_cash_balance,2026-09-10T00:00:00Z,business_daily,official_record_date,OK
2026-09-12T21:00:00Z,2026-09-12T21:57:58.536130Z,US10Y,4.96,percent,US Treasury:daily_treasury_yield_curve,2026-09-11T00:00:00,daily,official_observation_date,OK
2026-09-12T21:00:00Z,2026-09-12T21:57:58.536130Z,US10Y_REAL,2.6,percent,US Treasury:daily_treasury_real_yield_curve,2026-09-11T00:00:00,daily,official_observation_date,OK
2026-09-12T21:00:00Z,2026-09-12T21:57:58.536130Z,US2Y,4.63,percent,US Treasury:daily_treasury_yield_curve,2026-09-11T00:00:00,daily,official_observation_date,OK
2026-09-12T21:00:00Z,2026-09-12T21:57:58.536130Z,US30Y,5.35,percent,US Treasury:daily_treasury_yield_curve,2026-09-11T00:00:00,daily,official_observation_date,OK
2026-09-12T21:00:00Z,2026-09-12T21:57:58.536130Z,USDC_SUPPLY,74410166094.25694,USD,DefiLlama Stablecoins,2026-09-12T21:58:01.038784Z,current,retrieval_time_proxy,OK
2026-09-12T21:00:00Z,2026-09-12T21:57:58.536130Z,USDT_SUPPLY,183511023297.7808,USD,DefiLlama Stablecoins,2026-09-12T21:58:01.038784Z,current,retrieval_time_proxy,OK
2026-09-12T22:00:00Z,2026-09-12T22:58:44.138205Z,BTC_DOMINANCE,58.23879011734881,percent,CoinGecko Global,2026-09-12T22:57:41Z,current,source_updated_at,OK
2026-09-12T22:00:00Z,2026-09-12T22:58:44.138205Z,CRYPTO_24H_VOLUME,47711416767.73081,USD,CoinGecko Global,2026-09-12T22:57:41Z,current,source_updated_at,OK
2026-09-12T22:00:00Z,2026-09-12T22:58:44.138205Z,CRYPTO_TOTAL_MCAP,2657344048276.734,USD,CoinGecko Global,2026-09-12T22:57:41Z,current,source_updated_at,OK
2026-09-12T22:00:00Z,2026-09-12T22:58:44.138205Z,EFFR,3.63,percent,New York Fed Markets API,2026-09-10T00:00:00Z,business_daily,official_effective_date,OK
2026-09-12T22:00:00Z,2026-09-12T22:58:44.138205Z,ETH_DOMINANCE,11.560891082718376,percent,CoinGecko Global,2026-09-12T22:57:41Z,current,source_updated_at,OK
2026-09-12T22:00:00Z,2026-09-12T22:58:44.138205Z,SOFR,3.62,percent,New York Fed Markets API,2026-09-10T00:00:00Z,business_daily,official_effective_date,OK
2026-09-12T22:00:00Z,2026-09-12T22:58:44.138205Z,STABLECOIN_TOTAL_SUPPLY,312292767310.6574,USD,DefiLlama Stablecoins,2026-09-12T22:58:46.575323Z,current,retrieval_time_proxy,OK
2026-09-12T22:00:00Z,2026-09-12T22:58:44.138205Z,TGA_CLOSING_BALANCE,818110.0,USD millions,US Treasury FiscalData:DTS operating_cash_balance,2026-09-10T00:00:00Z,business_daily,official_record_date,OK
2026-09-12T22:00:00Z,2026-09-12T22:58:44.138205Z,US10Y,4.96,percent,US Treasury:daily_treasury_yield_curve,2026-09-11T00:00:00,daily,official_observation_date,OK
2026-09-12T22:00:00Z,2026-09-12T22:58:44.138205Z,US10Y_REAL,2.6,percent,US Treasury:daily_treasury_real_yield_curve,2026-09-11T00:00:00,daily,official_observation_date,OK
2026-09-12T22:00:00Z,2026-09-12T22:58:44.138205Z,US2Y,4.63,percent,US Treasury:daily_treasury_yield_curve,2026-09-11T00:00:00,daily,official_observation_date,OK
2026-09-12T22:00:00Z,2026-09-12T22:58:44.138205Z,US30Y,5.35,percent,US Treasury:daily_treasury_yield_curve,2026-09-11T00:00:00,daily,official_observation_date,OK
2026-09-12T22:00:00Z,2026-09-12T22:58:44.138205Z,USDC_SUPPLY,74432907334.07603,USD,DefiLlama Stablecoins,2026-09-12T22:58:46.575323Z,current,retrieval_time_proxy,OK
2026-09-12T22:00:00Z,2026-09-12T22:58:44.138205Z,USDT_SUPPLY,183507822374.84412,USD,DefiLlama Stablecoins,2026-09-12T22:58:46.575323Z,current,retrieval_time_proxy,OK
2026-09-12T23:00:00Z,2026-09-12T23:57:56.439353Z,BTC_DOMINANCE,58.224584202505206,percent,CoinGecko Global,2026-09-12T23:57:46Z,current,source_updated_at,OK
2026-09-12T23:00:00Z,2026-09-12T23:57:56.439353Z,CRYPTO_24H_VOLUME,46338810010.775604,USD,CoinGecko Global,2026-09-12T23:57:46Z,current,source_updated_at,OK
2026-09-12T23:00:00Z,2026-09-12T23:57:56.439353Z,CRYPTO_TOTAL_MCAP,2658823520440.602,USD,CoinGecko Global,2026-09-12T23:57:46Z,current,source_updated_at,OK
2026-09-12T23:00:00Z,2026-09-12T23:57:56.439353Z,EFFR,3.63,percent,New York Fed Markets API,2026-09-10T00:00:00Z,business_daily,official_effective_date,OK
2026-09-12T23:00:00Z,2026-09-12T23:57:56.439353Z,ETH_DOMINANCE,11.56593608702098,percent,CoinGecko Global,2026-09-12T23:57:46Z,current,source_updated_at,OK
2026-09-12T23:00:00Z,2026-09-12T23:57:56.439353Z,SOFR,3.62,percent,New York Fed Markets API,2026-09-10T00:00:00Z,business_daily,official_effective_date,OK
2026-09-12T23:00:00Z,2026-09-12T23:57:56.439353Z,STABLECOIN_TOTAL_SUPPLY,312314583476.51544,USD,DefiLlama Stablecoins,2026-09-12T23:57:58.688299Z,current,retrieval_time_proxy,OK
2026-09-12T23:00:00Z,2026-09-12T23:57:56.439353Z,TGA_CLOSING_BALANCE,818110.0,USD millions,US Treasury FiscalData:DTS operating_cash_balance,2026-09-10T00:00:00Z,business_daily,official_record_date,OK
2026-09-12T23:00:00Z,2026-09-12T23:57:56.439353Z,US10Y,4.96,percent,US Treasury:daily_treasury_yield_curve,2026-09-11T00:00:00,daily,official_observation_date,OK
2026-09-12T23:00:00Z,2026-09-12T23:57:56.439353Z,US10Y_REAL,2.6,percent,US Treasury:daily_treasury_real_yield_curve,2026-09-11T00:00:00,daily,official_observation_date,OK
2026-09-12T23:00:00Z,2026-09-12T23:57:56.439353Z,US2Y,4.63,percent,US Treasury:daily_treasury_yield_curve,2026-09-11T00:00:00,daily,official_observation_date,OK
2026-09-12T23:00:00Z,2026-09-12T23:57:56.439353Z,US30Y,5.35,percent,US Treasury:daily_treasury_yield_curve,2026-09-11T00:00:00,daily,official_observation_date,OK
2026-09-12T23:00:00Z,2026-09-12T23:57:56.439353Z,USDC_SUPPLY,74417131764.5733,USD,DefiLlama Stablecoins,2026-09-12T23:57:58.688299Z,current,retrieval_time_proxy,OK
2026-09-12T23:00:00Z,2026-09-12T23:57:56.439353Z,USDT_SUPPLY,183509015730.86194,USD,DefiLlama Stablecoins,2026-09-12T23:57:58.688299Z,current,retrieval_time_proxy,OK
2026-09-13T00:00:00Z,2026-09-13T00:59:29.869012Z,BTC_DOMINANCE,58.23015003151364,percent,CoinGecko Global,2026-09-13T00:57:51Z,current,source_updated_at,OK
2026-09-13T00:00:00Z,2026-09-13T00:59:29.869012Z,CRYPTO_24H_VOLUME,46022833168.9833,USD,CoinGecko Global,2026-09-13T00:57:51Z,current,source_updated_at,OK
2026-09-13T00:00:00Z,2026-09-13T00:59:29.869012Z,CRYPTO_TOTAL_MCAP,2659139244951.0483,USD,CoinGecko Global,2026-09-13T00:57:51Z,current,source_updated_at,OK
2026-09-13T00:00:00Z,2026-09-13T00:59:29.869012Z,EFFR,3.63,percent,New York Fed Markets API,2026-09-10T00:00:00Z,business_daily,official_effective_date,OK
2026-09-13T00:00:00Z,2026-09-13T00:59:29.869012Z,ETH_DOMINANCE,11.565869938714204,percent,CoinGecko Global,2026-09-13T00:57:51Z,current,source_updated_at,OK
2026-09-13T00:00:00Z,2026-09-13T00:59:29.869012Z,SOFR,3.62,percent,New York Fed Markets API,2026-09-10T00:00:00Z,business_daily,official_effective_date,OK
2026-09-13T00:00:00Z,2026-09-13T00:59:29.869012Z,STABLECOIN_TOTAL_SUPPLY,312282858460.14746,USD,DefiLlama Stablecoins,2026-09-13T00:59:31.823649Z,current,retrieval_time_proxy,OK
2026-09-13T00:00:00Z,2026-09-13T00:59:29.869012Z,TGA_CLOSING_BALANCE,818110.0,USD millions,US Treasury FiscalData:DTS operating_cash_balance,2026-09-10T00:00:00Z,business_daily,official_record_date,OK
2026-09-13T00:00:00Z,2026-09-13T00:59:29.869012Z,US10Y,4.96,percent,US Treasury:daily_treasury_yield_curve,2026-09-11T00:00:00,daily,official_observation_date,OK
2026-09-13T00:00:00Z,2026-09-13T00:59:29.869012Z,US10Y_REAL,2.6,percent,US Treasury:daily_treasury_real_yield_curve,2026-09-11T00:00:00,daily,official_observation_date,OK
2026-09-13T00:00:00Z,2026-09-13T00:59:29.869012Z,US2Y,4.63,percent,US Treasury:daily_treasury_yield_curve,2026-09-11T00:00:00,daily,official_observation_date,OK
2026-09-13T00:00:00Z,2026-09-13T00:59:29.869012Z,US30Y,5.35,percent,US Treasury:daily_treasury_yield_curve,2026-09-11T00:00:00,daily,official_observation_date,OK
2026-09-13T00:00:00Z,2026-09-13T00:59:29.869012Z,USDC_SUPPLY,74386562556.84027,USD,DefiLlama Stablecoins,2026-09-13T00:59:31.823649Z,current,retrieval_time_proxy,OK
2026-09-13T00:00:00Z,2026-09-13T00:59:29.869012Z,USDT_SUPPLY,183512853106.4002,USD,DefiLlama Stablecoins,2026-09-13T00:59:31.823649Z,current,retrieval_time_proxy,OK
2026-09-13T01:00:00Z,2026-09-13T01:58:24.525920Z,BTC_DOMINANCE,58.226666838522476,percent,CoinGecko Global,2026-09-13T01:57:56Z,current,source_updated_at,OK
2026-09-13T01:00:00Z,2026-09-13T01:58:24.525920Z,CRYPTO_24H_VOLUME,46388964808.39669,USD,CoinGecko Global,2026-09-13T01:57:56Z,current,source_updated_at,OK
2026-09-13T01:00:00Z,2026-09-13T01:58:24.525920Z,CRYPTO_TOTAL_MCAP,2660131883127.3887,USD,CoinGecko Global,2026-09-13T01:57:56Z,current,source_updated_at,OK
2026-09-13T01:00:00Z,2026-09-13T01:58:24.525920Z,EFFR,3.63,percent,New York Fed Markets API,2026-09-10T00:00:00Z,business_daily,official_effective_date,OK
2026-09-13T01:00:00Z,2026-09-13T01:58:24.525920Z,ETH_DOMINANCE,11.561148748893968,percent,CoinGecko Global,2026-09-13T01:57:56Z,current,source_updated_at,OK
2026-09-13T01:00:00Z,2026-09-13T01:58:24.525920Z,SOFR,3.62,percent,New York Fed Markets API,2026-09-10T00:00:00Z,business_daily,official_effective_date,OK
2026-09-13T01:00:00Z,2026-09-13T01:58:24.525920Z,STABLECOIN_TOTAL_SUPPLY,312065659487.4881,USD,DefiLlama Stablecoins,2026-09-13T01:58:26.522931Z,current,retrieval_time_proxy,OK
2026-09-13T01:00:00Z,2026-09-13T01:58:24.525920Z,TGA_CLOSING_BALANCE,818110.0,USD millions,US Treasury FiscalData:DTS operating_cash_balance,2026-09-10T00:00:00Z,business_daily,official_record_date,OK
2026-09-13T01:00:00Z,2026-09-13T01:58:24.525920Z,US10Y,4.96,percent,US Treasury:daily_treasury_yield_curve,2026-09-11T00:00:00,daily,official_observation_date,OK
2026-09-13T01:00:00Z,2026-09-13T01:58:24.525920Z,US10Y_REAL,2.6,percent,US Treasury:daily_treasury_real_yield_curve,2026-09-11T00:00:00,daily,official_observation_date,OK
2026-09-13T01:00:00Z,2026-09-13T01:58:24.525920Z,US2Y,4.63,percent,US Treasury:daily_treasury_yield_curve,2026-09-11T00:00:00,daily,official_observation_date,OK
2026-09-13T01:00:00Z,2026-09-13T01:58:24.525920Z,US30Y,5.35,percent,US Treasury:daily_treasury_yield_curve,2026-09-11T00:00:00,daily,official_observation_date,OK
2026-09-13T01:00:00Z,2026-09-13T01:58:24.525920Z,USDC_SUPPLY,74411452326.20161,USD,DefiLlama Stablecoins,2026-09-13T01:58:26.522931Z,current,retrieval_time_proxy,OK
2026-09-13T01:00:00Z,2026-09-13T01:58:24.525920Z,USDT_SUPPLY,183513529674.1398,USD,DefiLlama Stablecoins,2026-09-13T01:58:26.522931Z,current,retrieval_time_proxy,OK
2026-09-13T02:00:00Z,2026-09-13T02:58:12.372030Z,BTC_DOMINANCE,58.7346336781774,percent,CoinGecko Global,2026-09-13T02:58:00Z,current,source_updated_at,OK
2026-09-13T02:00:00Z,2026-09-13T02:58:12.372030Z,CRYPTO_24H_VOLUME,46400149816.48565,USD,CoinGecko Global,2026-09-13T02:58:00Z,current,source_updated_at,OK
2026-09-13T02:00:00Z,2026-09-13T02:58:12.372030Z,CRYPTO_TOTAL_MCAP,2636281851903.6846,USD,CoinGecko Global,2026-09-13T02:58:00Z,current,source_updated_at,OK
2026-09-13T02:00:00Z,2026-09-13T02:58:12.372030Z,EFFR,3.63,percent,New York Fed Markets API,2026-09-10T00:00:00Z,business_daily,official_effective_date,OK
2026-09-13T02:00:00Z,2026-09-13T02:58:12.372030Z,ETH_DOMINANCE,11.647785164324011,percent,CoinGecko Global,2026-09-13T02:58:00Z,current,source_updated_at,OK
2026-09-13T02:00:00Z,2026-09-13T02:58:12.372030Z,SOFR,3.62,percent,New York Fed Markets API,2026-09-10T00:00:00Z,business_daily,official_effective_date,OK
2026-09-13T02:00:00Z,2026-09-13T02:58:12.372030Z,STABLECOIN_TOTAL_SUPPLY,312268126513.6319,USD,DefiLlama Stablecoins,2026-09-13T02:58:14.643974Z,current,retrieval_time_proxy,OK
2026-09-13T02:00:00Z,2026-09-13T02:58:12.372030Z,TGA_CLOSING_BALANCE,818110.0,USD millions,US Treasury FiscalData:DTS operating_cash_balance,2026-09-10T00:00:00Z,business_daily,official_record_date,OK
2026-09-13T02:00:00Z,2026-09-13T02:58:12.372030Z,US10Y,4.96,percent,US Treasury:daily_treasury_yield_curve,2026-09-11T00:00:00,daily,official_observation_date,OK
2026-09-13T02:00:00Z,2026-09-13T02:58:12.372030Z,US10Y_REAL,2.6,percent,US Treasury:daily_treasury_real_yield_curve,2026-09-11T00:00:00,daily,official_observation_date,OK
2026-09-13T02:00:00Z,2026-09-13T02:58:12.372030Z,US2Y,4.63,percent,US Treasury:daily_treasury_yield_curve,2026-09-11T00:00:00,daily,official_observation_date,OK
2026-09-13T02:00:00Z,2026-09-13T02:58:12.372030Z,US30Y,5.35,percent,US Treasury:daily_treasury_yield_curve,2026-09-11T00:00:00,daily,official_observation_date,OK
2026-09-13T02:00:00Z,2026-09-13T02:58:12.372030Z,USDC_SUPPLY,74385011861.98169,USD,DefiLlama Stablecoins,2026-09-13T02:58:14.643974Z,current,retrieval_time_proxy,OK
2026-09-13T02:00:00Z,2026-09-13T02:58:12.372030Z,USDT_SUPPLY,183507639233.73932,USD,DefiLlama Stablecoins,2026-09-13T02:58:14.643974Z,current,retrieval_time_proxy,OK
2026-09-13T03:00:00Z,2026-09-13T03:58:03.192407Z,BTC_DOMINANCE,58.720215953229015,percent,CoinGecko Global,2026-09-13T03:48:05Z,current,source_updated_at,OK
2026-09-13T03:00:00Z,2026-09-13T03:58:03.192407Z,CRYPTO_24H_VOLUME,46532783926.556625,USD,CoinGecko Global,2026-09-13T03:48:05Z,current,source_updated_at,OK
2026-09-13T03:00:00Z,2026-09-13T03:58:03.192407Z,CRYPTO_TOTAL_MCAP,2634605864372.628,USD,CoinGecko Global,2026-09-13T03:48:05Z,current,source_updated_at,OK
2026-09-13T03:00:00Z,2026-09-13T03:58:03.192407Z,EFFR,3.63,percent,New York Fed Markets API,2026-09-10T00:00:00Z,business_daily,official_effective_date,OK
2026-09-13T03:00:00Z,2026-09-13T03:58:03.192407Z,ETH_DOMINANCE,11.657115225596371,percent,CoinGecko Global,2026-09-13T03:48:05Z,current,source_updated_at,OK
2026-09-13T03:00:00Z,2026-09-13T03:58:03.192407Z,SOFR,3.62,percent,New York Fed Markets API,2026-09-10T00:00:00Z,business_daily,official_effective_date,OK
2026-09-13T03:00:00Z,2026-09-13T03:58:03.192407Z,STABLECOIN_TOTAL_SUPPLY,312327869985.18,USD,DefiLlama Stablecoins,2026-09-13T03:58:05.580291Z,current,retrieval_time_proxy,OK
2026-09-13T03:00:00Z,2026-09-13T03:58:03.192407Z,TGA_CLOSING_BALANCE,818110.0,USD millions,US Treasury FiscalData:DTS operating_cash_balance,2026-09-10T00:00:00Z,business_daily,official_record_date,OK
2026-09-13T03:00:00Z,2026-09-13T03:58:03.192407Z,US10Y,4.96,percent,US Treasury:daily_treasury_yield_curve,2026-09-11T00:00:00,daily,official_observation_date,OK
2026-09-13T03:00:00Z,2026-09-13T03:58:03.192407Z,US10Y_REAL,2.6,percent,US Treasury:daily_treasury_real_yield_curve,2026-09-11T00:00:00,daily,official_observation_date,OK
2026-09-13T03:00:00Z,2026-09-13T03:58:03.192407Z,US2Y,4.63,percent,US Treasury:daily_treasury_yield_curve,2026-09-11T00:00:00,daily,official_observation_date,OK
2026-09-13T03:00:00Z,2026-09-13T03:58:03.192407Z,US30Y,5.35,percent,US Treasury:daily_treasury_yield_curve,2026-09-11T00:00:00,daily,official_observation_date,OK
2026-09-13T03:00:00Z,2026-09-13T03:58:03.192407Z,USDC_SUPPLY,74406537290.65228,USD,DefiLlama Stablecoins,2026-09-13T03:58:05.580291Z,current,retrieval_time_proxy,OK
2026-09-13T03:00:00Z,2026-09-13T03:58:03.192407Z,USDT_SUPPLY,183507854664.56976,USD,DefiLlama Stablecoins,2026-09-13T03:58:05.580291Z,current,retrieval_time_proxy,OK
2026-09-13T04:00:00Z,2026-09-13T04:58:07.785650Z,BTC_DOMINANCE,58.732563818539006,percent,CoinGecko Global,2026-09-13T04:48:11Z,current,source_updated_at,OK
2026-09-13T04:00:00Z,2026-09-13T04:58:07.785650Z,CRYPTO_24H_VOLUME,46365885025.90822,USD,CoinGecko Global,2026-09-13T04:48:11Z,current,source_updated_at,OK
2026-09-13T04:00:00Z,2026-09-13T04:58:07.785650Z,CRYPTO_TOTAL_MCAP,2634287234386.0693,USD,CoinGecko Global,2026-09-13T04:48:11Z,current,source_updated_at,OK
2026-09-13T04:00:00Z,2026-09-13T04:58:07.785650Z,EFFR,3.63,percent,New York Fed Markets API,2026-09-10T00:00:00Z,business_daily,official_effective_date,OK
2026-09-13T04:00:00Z,2026-09-13T04:58:07.785650Z,ETH_DOMINANCE,11.651051376639673,percent,CoinGecko Global,2026-09-13T04:48:11Z,current,source_updated_at,OK
2026-09-13T04:00:00Z,2026-09-13T04:58:07.785650Z,SOFR,3.62,percent,New York Fed Markets API,2026-09-10T00:00:00Z,business_daily,official_effective_date,OK
2026-09-13T04:00:00Z,2026-09-13T04:58:07.785650Z,STABLECOIN_TOTAL_SUPPLY,312334949388.017,USD,DefiLlama Stablecoins,2026-09-13T04:58:09.712630Z,current,retrieval_time_proxy,OK
2026-09-13T04:00:00Z,2026-09-13T04:58:07.785650Z,TGA_CLOSING_BALANCE,818110.0,USD millions,US Treasury FiscalData:DTS operating_cash_balance,2026-09-10T00:00:00Z,business_daily,official_record_date,OK
2026-09-13T04:00:00Z,2026-09-13T04:58:07.785650Z,US10Y,4.96,percent,US Treasury:daily_treasury_yield_curve,2026-09-11T00:00:00,daily,official_observation_date,OK
2026-09-13T04:00:00Z,2026-09-13T04:58:07.785650Z,US10Y_REAL,2.6,percent,US Treasury:daily_treasury_real_yield_curve,2026-09-11T00:00:00,daily,official_observation_date,OK
2026-09-13T04:00:00Z,2026-09-13T04:58:07.785650Z,US2Y,4.63,percent,US Treasury:daily_treasury_yield_curve,2026-09-11T00:00:00,daily,official_observation_date,OK
2026-09-13T04:00:00Z,2026-09-13T04:58:07.785650Z,US30Y,5.35,percent,US Treasury:daily_treasury_yield_curve,2026-09-11T00:00:00,daily,official_observation_date,OK
2026-09-13T04:00:00Z,2026-09-13T04:58:07.785650Z,USDC_SUPPLY,74404282594.94028,USD,DefiLlama Stablecoins,2026-09-13T04:58:09.712630Z,current,retrieval_time_proxy,OK
2026-09-13T04:00:00Z,2026-09-13T04:58:07.785650Z,USDT_SUPPLY,183510694197.08694,USD,DefiLlama Stablecoins,2026-09-13T04:58:09.712630Z,current,retrieval_time_proxy,OK
2026-09-13T05:00:00Z,2026-09-13T05:57:52.745217Z,BTC_DOMINANCE,58.719218783814156,percent,CoinGecko Global,2026-09-13T05:58:17Z,current,source_updated_at,OK
2026-09-13T05:00:00Z,2026-09-13T05:57:52.745217Z,CRYPTO_24H_VOLUME,45412151000.70559,USD,CoinGecko Global,2026-09-13T05:58:17Z,current,source_updated_at,OK
2026-09-13T05:00:00Z,2026-09-13T05:57:52.745217Z,CRYPTO_TOTAL_MCAP,2638289897918.4478,USD,CoinGecko Global,2026-09-13T05:58:17Z,current,source_updated_at,OK
2026-09-13T05:00:00Z,2026-09-13T05:57:52.745217Z,EFFR,3.63,percent,New York Fed Markets API,2026-09-10T00:00:00Z,business_daily,official_effective_date,OK
2026-09-13T05:00:00Z,2026-09-13T05:57:52.745217Z,ETH_DOMINANCE,11.646894395199908,percent,CoinGecko Global,2026-09-13T05:58:17Z,current,source_updated_at,OK
2026-09-13T05:00:00Z,2026-09-13T05:57:52.745217Z,SOFR,3.62,percent,New York Fed Markets API,2026-09-10T00:00:00Z,business_daily,official_effective_date,OK
2026-09-13T05:00:00Z,2026-09-13T05:57:52.745217Z,STABLECOIN_TOTAL_SUPPLY,312310795998.3204,USD,DefiLlama Stablecoins,2026-09-13T05:58:37.418835Z,current,retrieval_time_proxy,OK
2026-09-13T05:00:00Z,2026-09-13T05:57:52.745217Z,TGA_CLOSING_BALANCE,818110.0,USD millions,US Treasury FiscalData:DTS operating_cash_balance,2026-09-10T00:00:00Z,business_daily,official_record_date,OK
2026-09-13T05:00:00Z,2026-09-13T05:57:52.745217Z,US10Y,4.96,percent,US Treasury:daily_treasury_yield_curve,2026-09-11T00:00:00,daily,official_observation_date,OK
2026-09-13T05:00:00Z,2026-09-13T05:57:52.745217Z,US10Y_REAL,2.6,percent,US Treasury:daily_treasury_real_yield_curve,2026-09-11T00:00:00,daily,official_observation_date,OK
2026-09-13T05:00:00Z,2026-09-13T05:57:52.745217Z,US2Y,4.63,percent,US Treasury:daily_treasury_yield_curve,2026-09-11T00:00:00,daily,official_observation_date,OK
2026-09-13T05:00:00Z,2026-09-13T05:57:52.745217Z,US30Y,5.35,percent,US Treasury:daily_treasury_yield_curve,2026-09-11T00:00:00,daily,official_observation_date,OK
2026-09-13T05:00:00Z,2026-09-13T05:57:52.745217Z,USDC_SUPPLY,74396094360.04732,USD,DefiLlama Stablecoins,2026-09-13T05:58:37.418835Z,current,retrieval_time_proxy,OK
2026-09-13T05:00:00Z,2026-09-13T05:57:52.745217Z,USDT_SUPPLY,183498863641.06564,USD,DefiLlama Stablecoins,2026-09-13T05:58:37.418835Z,current,retrieval_time_proxy,OK
2026-09-13T06:00:00Z,2026-09-13T06:59:36.359326Z,BTC_DOMINANCE,58.76801985452177,percent,CoinGecko Global,2026-09-13T06:58:23Z,current,source_updated_at,OK
2026-09-13T06:00:00Z,2026-09-13T06:59:36.359326Z,CRYPTO_24H_VOLUME,45213092166.6275,USD,CoinGecko Global,2026-09-13T06:58:23Z,current,source_updated_at,OK
2026-09-13T06:00:00Z,2026-09-13T06:59:36.359326Z,CRYPTO_TOTAL_MCAP,2626339908478.742,USD,CoinGecko Global,2026-09-13T06:58:23Z,current,source_updated_at,OK
2026-09-13T06:00:00Z,2026-09-13T06:59:36.359326Z,EFFR,3.63,percent,New York Fed Markets API,2026-09-10T00:00:00Z,business_daily,official_effective_date,OK
2026-09-13T06:00:00Z,2026-09-13T06:59:36.359326Z,ETH_DOMINANCE,11.635087435404499,percent,CoinGecko Global,2026-09-13T06:58:23Z,current,source_updated_at,OK
2026-09-13T06:00:00Z,2026-09-13T06:59:36.359326Z,SOFR,3.62,percent,New York Fed Markets API,2026-09-10T00:00:00Z,business_daily,official_effective_date,OK
2026-09-13T06:00:00Z,2026-09-13T06:59:36.359326Z,STABLECOIN_TOTAL_SUPPLY,312319050789.6772,USD,DefiLlama Stablecoins,2026-09-13T06:59:38.269189Z,current,retrieval_time_proxy,OK
2026-09-13T06:00:00Z,2026-09-13T06:59:36.359326Z,TGA_CLOSING_BALANCE,818110.0,USD millions,US Treasury FiscalData:DTS operating_cash_balance,2026-09-10T00:00:00Z,business_daily,official_record_date,OK
2026-09-13T06:00:00Z,2026-09-13T06:59:36.359326Z,US10Y,4.96,percent,US Treasury:daily_treasury_yield_curve,2026-09-11T00:00:00,daily,official_observation_date,OK
2026-09-13T06:00:00Z,2026-09-13T06:59:36.359326Z,US10Y_REAL,2.6,percent,US Treasury:daily_treasury_real_yield_curve,2026-09-11T00:00:00,daily,official_observation_date,OK
2026-09-13T06:00:00Z,2026-09-13T06:59:36.359326Z,US2Y,4.63,percent,US Treasury:daily_treasury_yield_curve,2026-09-11T00:00:00,daily,official_observation_date,OK
2026-09-13T06:00:00Z,2026-09-13T06:59:36.359326Z,US30Y,5.35,percent,US Treasury:daily_treasury_yield_curve,2026-09-11T00:00:00,daily,official_observation_date,OK
2026-09-13T06:00:00Z,2026-09-13T06:59:36.359326Z,USDC_SUPPLY,74397738263.63953,USD,DefiLlama Stablecoins,2026-09-13T06:59:38.269189Z,current,retrieval_time_proxy,OK
2026-09-13T06:00:00Z,2026-09-13T06:59:36.359326Z,USDT_SUPPLY,183506989520.68646,USD,DefiLlama Stablecoins,2026-09-13T06:59:38.269189Z,current,retrieval_time_proxy,OK
2026-09-13T07:00:00Z,2026-09-13T07:58:13.320943Z,BTC_DOMINANCE,58.762698949845635,percent,CoinGecko Global,2026-09-13T07:48:27Z,current,source_updated_at,OK
2026-09-13T07:00:00Z,2026-09-13T07:58:13.320943Z,CRYPTO_24H_VOLUME,45215695316.34555,USD,CoinGecko Global,2026-09-13T07:48:27Z,current,source_updated_at,OK
2026-09-13T07:00:00Z,2026-09-13T07:58:13.320943Z,CRYPTO_TOTAL_MCAP,2630115952095.2373,USD,CoinGecko Global,2026-09-13T07:48:27Z,current,source_updated_at,OK
2026-09-13T07:00:00Z,2026-09-13T07:58:13.320943Z,EFFR,3.63,percent,New York Fed Markets API,2026-09-10T00:00:00Z,business_daily,official_effective_date,OK
2026-09-13T07:00:00Z,2026-09-13T07:58:13.320943Z,ETH_DOMINANCE,11.662467963791796,percent,CoinGecko Global,2026-09-13T07:48:27Z,current,source_updated_at,OK
2026-09-13T07:00:00Z,2026-09-13T07:58:13.320943Z,SOFR,3.62,percent,New York Fed Markets API,2026-09-10T00:00:00Z,business_daily,official_effective_date,OK
2026-09-13T07:00:00Z,2026-09-13T07:58:13.320943Z,STABLECOIN_TOTAL_SUPPLY,312313423559.34644,USD,DefiLlama Stablecoins,2026-09-13T07:58:14.621377Z,current,retrieval_time_proxy,OK
2026-09-13T07:00:00Z,2026-09-13T07:58:13.320943Z,TGA_CLOSING_BALANCE,818110.0,USD millions,US Treasury FiscalData:DTS operating_cash_balance,2026-09-10T00:00:00Z,business_daily,official_record_date,OK
2026-09-13T07:00:00Z,2026-09-13T07:58:13.320943Z,US10Y,4.96,percent,US Treasury:daily_treasury_yield_curve,2026-09-11T00:00:00,daily,official_observation_date,OK
2026-09-13T07:00:00Z,2026-09-13T07:58:13.320943Z,US10Y_REAL,2.6,percent,US Treasury:daily_treasury_real_yield_curve,2026-09-11T00:00:00,daily,official_observation_date,OK
2026-09-13T07:00:00Z,2026-09-13T07:58:13.320943Z,US2Y,4.63,percent,US Treasury:daily_treasury_yield_curve,2026-09-11T00:00:00,daily,official_observation_date,OK
2026-09-13T07:00:00Z,2026-09-13T07:58:13.320943Z,US30Y,5.35,percent,US Treasury:daily_treasury_yield_curve,2026-09-11T00:00:00,daily,official_observation_date,OK
2026-09-13T07:00:00Z,2026-09-13T07:58:13.320943Z,USDC_SUPPLY,74395941057.54176,USD,DefiLlama Stablecoins,2026-09-13T07:58:14.621377Z,current,retrieval_time_proxy,OK
2026-09-13T07:00:00Z,2026-09-13T07:58:13.320943Z,USDT_SUPPLY,183506287647.1648,USD,DefiLlama Stablecoins,2026-09-13T07:58:14.621377Z,current,retrieval_time_proxy,OK
2026-09-13T09:00:00Z,2026-09-13T09:19:15.810983Z,BTC_DOMINANCE,58.80316482918163,percent,CoinGecko Global,2026-09-13T09:18:34Z,current,source_updated_at,OK
2026-09-13T09:00:00Z,2026-09-13T09:19:15.810983Z,CRYPTO_24H_VOLUME,46862900693.277626,USD,CoinGecko Global,2026-09-13T09:18:34Z,current,source_updated_at,OK
2026-09-13T09:00:00Z,2026-09-13T09:19:15.810983Z,CRYPTO_TOTAL_MCAP,2615966428563.023,USD,CoinGecko Global,2026-09-13T09:18:34Z,current,source_updated_at,OK
2026-09-13T09:00:00Z,2026-09-13T09:19:15.810983Z,EFFR,3.63,percent,New York Fed Markets API,2026-09-10T00:00:00Z,business_daily,official_effective_date,OK
2026-09-13T09:00:00Z,2026-09-13T09:19:15.810983Z,ETH_DOMINANCE,11.601623244659413,percent,CoinGecko Global,2026-09-13T09:18:34Z,current,source_updated_at,OK
2026-09-13T09:00:00Z,2026-09-13T09:19:15.810983Z,SOFR,3.62,percent,New York Fed Markets API,2026-09-10T00:00:00Z,business_daily,official_effective_date,OK
2026-09-13T09:00:00Z,2026-09-13T09:19:15.810983Z,STABLECOIN_TOTAL_SUPPLY,311601572484.0782,USD,DefiLlama Stablecoins,2026-09-13T09:19:17.960820Z,current,retrieval_time_proxy,OK
2026-09-13T09:00:00Z,2026-09-13T09:19:15.810983Z,TGA_CLOSING_BALANCE,818110.0,USD millions,US Treasury FiscalData:DTS operating_cash_balance,2026-09-10T00:00:00Z,business_daily,official_record_date,OK
2026-09-13T09:00:00Z,2026-09-13T09:19:15.810983Z,US10Y,4.96,percent,US Treasury:daily_treasury_yield_curve,2026-09-11T00:00:00,daily,official_observation_date,OK
2026-09-13T09:00:00Z,2026-09-13T09:19:15.810983Z,US10Y_REAL,2.6,percent,US Treasury:daily_treasury_real_yield_curve,2026-09-11T00:00:00,daily,official_observation_date,OK
2026-09-13T09:00:00Z,2026-09-13T09:19:15.810983Z,US2Y,4.63,percent,US Treasury:daily_treasury_yield_curve,2026-09-11T00:00:00,daily,official_observation_date,OK
2026-09-13T09:00:00Z,2026-09-13T09:19:15.810983Z,US30Y,5.35,percent,US Treasury:daily_treasury_yield_curve,2026-09-11T00:00:00,daily,official_observation_date,OK
2026-09-13T09:00:00Z,2026-09-13T09:19:15.810983Z,USDC_SUPPLY,74349122525.03609,USD,DefiLlama Stablecoins,2026-09-13T09:19:17.960820Z,current,retrieval_time_proxy,OK
2026-09-13T09:00:00Z,2026-09-13T09:19:15.810983Z,USDT_SUPPLY,183494682788.74762,USD,DefiLlama Stablecoins,2026-09-13T09:19:17.960820Z,current,retrieval_time_proxy,OK
2026-09-13T10:00:00Z,2026-09-13T10:58:22.776110Z,BTC_DOMINANCE,58.865976862576886,percent,CoinGecko Global,2026-09-13T10:48:42Z,current,source_updated_at,OK
2026-09-13T10:00:00Z,2026-09-13T10:58:22.776110Z,CRYPTO_24H_VOLUME,48328730044.87791,USD,CoinGecko Global,2026-09-13T10:48:42Z,current,source_updated_at,OK
2026-09-13T10:00:00Z,2026-09-13T10:58:22.776110Z,CRYPTO_TOTAL_MCAP,2612634356409.9004,USD,CoinGecko Global,2026-09-13T10:48:42Z,current,source_updated_at,OK
2026-09-13T10:00:00Z,2026-09-13T10:58:22.776110Z,EFFR,3.63,percent,New York Fed Markets API,2026-09-10T00:00:00Z,business_daily,official_effective_date,OK
2026-09-13T10:00:00Z,2026-09-13T10:58:22.776110Z,ETH_DOMINANCE,11.550904108283081,percent,CoinGecko Global,2026-09-13T10:48:42Z,current,source_updated_at,OK
2026-09-13T10:00:00Z,2026-09-13T10:58:22.776110Z,SOFR,3.62,percent,New York Fed Markets API,2026-09-10T00:00:00Z,business_daily,official_effective_date,OK
2026-09-13T10:00:00Z,2026-09-13T10:58:22.776110Z,STABLECOIN_TOTAL_SUPPLY,311586469913.8235,USD,DefiLlama Stablecoins,2026-09-13T10:58:24.205468Z,current,retrieval_time_proxy,OK
2026-09-13T10:00:00Z,2026-09-13T10:58:22.776110Z,TGA_CLOSING_BALANCE,818110.0,USD millions,US Treasury FiscalData:DTS operating_cash_balance,2026-09-10T00:00:00Z,business_daily,official_record_date,OK
2026-09-13T10:00:00Z,2026-09-13T10:58:22.776110Z,US10Y,4.96,percent,US Treasury:daily_treasury_yield_curve,2026-09-11T00:00:00,daily,official_observation_date,OK
2026-09-13T10:00:00Z,2026-09-13T10:58:22.776110Z,US10Y_REAL,2.6,percent,US Treasury:daily_treasury_real_yield_curve,2026-09-11T00:00:00,daily,official_observation_date,OK
2026-09-13T10:00:00Z,2026-09-13T10:58:22.776110Z,US2Y,4.63,percent,US Treasury:daily_treasury_yield_curve,2026-09-11T00:00:00,daily,official_observation_date,OK
2026-09-13T10:00:00Z,2026-09-13T10:58:22.776110Z,US30Y,5.35,percent,US Treasury:daily_treasury_yield_curve,2026-09-11T00:00:00,daily,official_observation_date,OK
2026-09-13T10:00:00Z,2026-09-13T10:58:22.776110Z,USDC_SUPPLY,74359509637.34572,USD,DefiLlama Stablecoins,2026-09-13T10:58:24.205468Z,current,retrieval_time_proxy,OK
2026-09-13T10:00:00Z,2026-09-13T10:58:22.776110Z,USDT_SUPPLY,183482398679.02695,USD,DefiLlama Stablecoins,2026-09-13T10:58:24.205468Z,current,retrieval_time_proxy,OK
2026-09-13T11:00:00Z,2026-09-13T11:58:09.245630Z,BTC_DOMINANCE,58.84007801979748,percent,CoinGecko Global,2026-09-13T11:48:46Z,current,source_updated_at,OK
2026-09-13T11:00:00Z,2026-09-13T11:58:09.245630Z,CRYPTO_24H_VOLUME,49276627725.559135,USD,CoinGecko Global,2026-09-13T11:48:46Z,current,source_updated_at,OK
2026-09-13T11:00:00Z,2026-09-13T11:58:09.245630Z,CRYPTO_TOTAL_MCAP,2613214906150.5537,USD,CoinGecko Global,2026-09-13T11:48:46Z,current,source_updated_at,OK
2026-09-13T11:00:00Z,2026-09-13T11:58:09.245630Z,EFFR,3.63,percent,New York Fed Markets API,2026-09-10T00:00:00Z,business_daily,official_effective_date,OK
2026-09-13T11:00:00Z,2026-09-13T11:58:09.245630Z,ETH_DOMINANCE,11.556757300553715,percent,CoinGecko Global,2026-09-13T11:48:46Z,current,source_updated_at,OK
2026-09-13T11:00:00Z,2026-09-13T11:58:09.245630Z,SOFR,3.62,percent,New York Fed Markets API,2026-09-10T00:00:00Z,business_daily,official_effective_date,OK
2026-09-13T11:00:00Z,2026-09-13T11:58:09.245630Z,STABLECOIN_TOTAL_SUPPLY,311571302599.71246,USD,DefiLlama Stablecoins,2026-09-13T11:58:11.195894Z,current,retrieval_time_proxy,OK
2026-09-13T11:00:00Z,2026-09-13T11:58:09.245630Z,TGA_CLOSING_BALANCE,818110.0,USD millions,US Treasury FiscalData:DTS operating_cash_balance,2026-09-10T00:00:00Z,business_daily,official_record_date,OK
2026-09-13T11:00:00Z,2026-09-13T11:58:09.245630Z,US10Y,4.96,percent,US Treasury:daily_treasury_yield_curve,2026-09-11T00:00:00,daily,official_observation_date,OK
2026-09-13T11:00:00Z,2026-09-13T11:58:09.245630Z,US10Y_REAL,2.6,percent,US Treasury:daily_treasury_real_yield_curve,2026-09-11T00:00:00,daily,official_observation_date,OK
2026-09-13T11:00:00Z,2026-09-13T11:58:09.245630Z,US2Y,4.63,percent,US Treasury:daily_treasury_yield_curve,2026-09-11T00:00:00,daily,official_observation_date,OK
2026-09-13T11:00:00Z,2026-09-13T11:58:09.245630Z,US30Y,5.35,percent,US Treasury:daily_treasury_yield_curve,2026-09-11T00:00:00,daily,official_observation_date,OK
2026-09-13T11:00:00Z,2026-09-13T11:58:09.245630Z,USDC_SUPPLY,74338336898.4344,USD,DefiLlama Stablecoins,2026-09-13T11:58:11.195894Z,current,retrieval_time_proxy,OK
2026-09-13T11:00:00Z,2026-09-13T11:58:09.245630Z,USDT_SUPPLY,183485672316.80856,USD,DefiLlama Stablecoins,2026-09-13T11:58:11.195894Z,current,retrieval_time_proxy,OK
2026-09-13T12:00:00Z,2026-09-13T12:58:35.038296Z,BTC_DOMINANCE,58.863404653470006,percent,CoinGecko Global,2026-09-13T12:48:51Z,current,source_updated_at,OK
2026-09-13T12:00:00Z,2026-09-13T12:58:35.038296Z,CRYPTO_24H_VOLUME,49390856062.18109,USD,CoinGecko Global,2026-09-13T12:48:51Z,current,source_updated_at,OK
2026-09-13T12:00:00Z,2026-09-13T12:58:35.038296Z,CRYPTO_TOTAL_MCAP,2610722753355.0557,USD,CoinGecko Global,2026-09-13T12:48:51Z,current,source_updated_at,OK
2026-09-13T12:00:00Z,2026-09-13T12:58:35.038296Z,EFFR,3.63,percent,New York Fed Markets API,2026-09-10T00:00:00Z,business_daily,official_effective_date,OK
2026-09-13T12:00:00Z,2026-09-13T12:58:35.038296Z,ETH_DOMINANCE,11.547118701505099,percent,CoinGecko Global,2026-09-13T12:48:51Z,current,source_updated_at,OK
2026-09-13T12:00:00Z,2026-09-13T12:58:35.038296Z,SOFR,3.62,percent,New York Fed Markets API,2026-09-10T00:00:00Z,business_daily,official_effective_date,OK
2026-09-13T12:00:00Z,2026-09-13T12:58:35.038296Z,STABLECOIN_TOTAL_SUPPLY,311572869612.3276,USD,DefiLlama Stablecoins,2026-09-13T12:58:37.367258Z,current,retrieval_time_proxy,OK
2026-09-13T12:00:00Z,2026-09-13T12:58:35.038296Z,TGA_CLOSING_BALANCE,818110.0,USD millions,US Treasury FiscalData:DTS operating_cash_balance,2026-09-10T00:00:00Z,business_daily,official_record_date,OK
2026-09-13T12:00:00Z,2026-09-13T12:58:35.038296Z,US10Y,4.96,percent,US Treasury:daily_treasury_yield_curve,2026-09-11T00:00:00,daily,official_observation_date,OK
2026-09-13T12:00:00Z,2026-09-13T12:58:35.038296Z,US10Y_REAL,2.6,percent,US Treasury:daily_treasury_real_yield_curve,2026-09-11T00:00:00,daily,official_observation_date,OK
2026-09-13T12:00:00Z,2026-09-13T12:58:35.038296Z,US2Y,4.63,percent,US Treasury:daily_treasury_yield_curve,2026-09-11T00:00:00,daily,official_observation_date,OK
2026-09-13T12:00:00Z,2026-09-13T12:58:35.038296Z,US30Y,5.35,percent,US Treasury:daily_treasury_yield_curve,2026-09-11T00:00:00,daily,official_observation_date,OK
2026-09-13T12:00:00Z,2026-09-13T12:58:35.038296Z,USDC_SUPPLY,74341499281.99556,USD,DefiLlama Stablecoins,2026-09-13T12:58:37.367258Z,current,retrieval_time_proxy,OK
2026-09-13T12:00:00Z,2026-09-13T12:58:35.038296Z,USDT_SUPPLY,183485472162.401,USD,DefiLlama Stablecoins,2026-09-13T12:58:37.367258Z,current,retrieval_time_proxy,OK
2026-09-13T13:00:00Z,2026-09-13T13:58:01.421359Z,BTC_DOMINANCE,58.85192455991513,percent,CoinGecko Global,2026-09-13T13:48:55Z,current,source_updated_at,OK
2026-09-13T13:00:00Z,2026-09-13T13:58:01.421359Z,CRYPTO_24H_VOLUME,52107358624.89501,USD,CoinGecko Global,2026-09-13T13:48:55Z,current,source_updated_at,OK
2026-09-13T13:00:00Z,2026-09-13T13:58:01.421359Z,CRYPTO_TOTAL_MCAP,2615722800436.678,USD,CoinGecko Global,2026-09-13T13:48:55Z,current,source_updated_at,OK
2026-09-13T13:00:00Z,2026-09-13T13:58:01.421359Z,EFFR,3.63,percent,New York Fed Markets API,2026-09-10T00:00:00Z,business_daily,official_effective_date,OK
2026-09-13T13:00:00Z,2026-09-13T13:58:01.421359Z,ETH_DOMINANCE,11.54125749756369,percent,CoinGecko Global,2026-09-13T13:48:55Z,current,source_updated_at,OK
2026-09-13T13:00:00Z,2026-09-13T13:58:01.421359Z,SOFR,3.62,percent,New York Fed Markets API,2026-09-10T00:00:00Z,business_daily,official_effective_date,OK
2026-09-13T13:00:00Z,2026-09-13T13:58:01.421359Z,STABLECOIN_TOTAL_SUPPLY,311488724012.5982,USD,DefiLlama Stablecoins,2026-09-13T13:58:02.794010Z,current,retrieval_time_proxy,OK
2026-09-13T13:00:00Z,2026-09-13T13:58:01.421359Z,TGA_CLOSING_BALANCE,818110.0,USD millions,US Treasury FiscalData:DTS operating_cash_balance,2026-09-10T00:00:00Z,business_daily,official_record_date,OK
2026-09-13T13:00:00Z,2026-09-13T13:58:01.421359Z,US10Y,4.96,percent,US Treasury:daily_treasury_yield_curve,2026-09-11T00:00:00,daily,official_observation_date,OK
2026-09-13T13:00:00Z,2026-09-13T13:58:01.421359Z,US10Y_REAL,2.6,percent,US Treasury:daily_treasury_real_yield_curve,2026-09-11T00:00:00,daily,official_observation_date,OK
2026-09-13T13:00:00Z,2026-09-13T13:58:01.421359Z,US2Y,4.63,percent,US Treasury:daily_treasury_yield_curve,2026-09-11T00:00:00,daily,official_observation_date,OK
2026-09-13T13:00:00Z,2026-09-13T13:58:01.421359Z,US30Y,5.35,percent,US Treasury:daily_treasury_yield_curve,2026-09-11T00:00:00,daily,official_observation_date,OK
2026-09-13T13:00:00Z,2026-09-13T13:58:01.421359Z,USDC_SUPPLY,74295849894.30731,USD,DefiLlama Stablecoins,2026-09-13T13:58:02.794010Z,current,retrieval_time_proxy,OK
2026-09-13T13:00:00Z,2026-09-13T13:58:01.421359Z,USDT_SUPPLY,183489719067.6344,USD,DefiLlama Stablecoins,2026-09-13T13:58:02.794010Z,current,retrieval_time_proxy,OK
2026-09-13T14:00:00Z,2026-09-13T14:58:05.600127Z,BTC_DOMINANCE,58.87409443757263,percent,CoinGecko Global,2026-09-13T14:49:01Z,current,source_updated_at,OK
2026-09-13T14:00:00Z,2026-09-13T14:58:05.600127Z,CRYPTO_24H_VOLUME,52845075255.63958,USD,CoinGecko Global,2026-09-13T14:49:01Z,current,source_updated_at,OK
2026-09-13T14:00:00Z,2026-09-13T14:58:05.600127Z,CRYPTO_TOTAL_MCAP,2629231361482.1646,USD,CoinGecko Global,2026-09-13T14:49:01Z,current,source_updated_at,OK
2026-09-13T14:00:00Z,2026-09-13T14:58:05.600127Z,EFFR,3.63,percent,New York Fed Markets API,2026-09-10T00:00:00Z,business_daily,official_effective_date,OK
2026-09-13T14:00:00Z,2026-09-13T14:58:05.600127Z,ETH_DOMINANCE,11.553286520639357,percent,CoinGecko Global,2026-09-13T14:49:01Z,current,source_updated_at,OK
2026-09-13T14:00:00Z,2026-09-13T14:58:05.600127Z,SOFR,3.62,percent,New York Fed Markets API,2026-09-10T00:00:00Z,business_daily,official_effective_date,OK
2026-09-13T14:00:00Z,2026-09-13T14:58:05.600127Z,STABLECOIN_TOTAL_SUPPLY,311524996129.5932,USD,DefiLlama Stablecoins,2026-09-13T14:58:07.381715Z,current,retrieval_time_proxy,OK
2026-09-13T14:00:00Z,2026-09-13T14:58:05.600127Z,TGA_CLOSING_BALANCE,818110.0,USD millions,US Treasury FiscalData:DTS operating_cash_balance,2026-09-10T00:00:00Z,business_daily,official_record_date,OK
2026-09-13T14:00:00Z,2026-09-13T14:58:05.600127Z,US10Y,4.96,percent,US Treasury:daily_treasury_yield_curve,2026-09-11T00:00:00,daily,official_observation_date,OK
2026-09-13T14:00:00Z,2026-09-13T14:58:05.600127Z,US10Y_REAL,2.6,percent,US Treasury:daily_treasury_real_yield_curve,2026-09-11T00:00:00,daily,official_observation_date,OK
2026-09-13T14:00:00Z,2026-09-13T14:58:05.600127Z,US2Y,4.63,percent,US Treasury:daily_treasury_yield_curve,2026-09-11T00:00:00,daily,official_observation_date,OK
2026-09-13T14:00:00Z,2026-09-13T14:58:05.600127Z,US30Y,5.35,percent,US Treasury:daily_treasury_yield_curve,2026-09-11T00:00:00,daily,official_observation_date,OK
2026-09-13T14:00:00Z,2026-09-13T14:58:05.600127Z,USDC_SUPPLY,74338879374.69415,USD,DefiLlama Stablecoins,2026-09-13T14:58:07.381715Z,current,retrieval_time_proxy,OK
2026-09-13T14:00:00Z,2026-09-13T14:58:05.600127Z,USDT_SUPPLY,183491426333.7863,USD,DefiLlama Stablecoins,2026-09-13T14:58:07.381715Z,current,retrieval_time_proxy,OK
2026-09-13T15:00:00Z,2026-09-13T15:58:08.868273Z,BTC_DOMINANCE,58.90474655417351,percent,CoinGecko Global,2026-09-13T15:49:07Z,current,source_updated_at,OK
2026-09-13T15:00:00Z,2026-09-13T15:58:08.868273Z,CRYPTO_24H_VOLUME,52996575801.47386,USD,CoinGecko Global,2026-09-13T15:49:07Z,current,source_updated_at,OK
2026-09-13T15:00:00Z,2026-09-13T15:58:08.868273Z,CRYPTO_TOTAL_MCAP,2625042653118.94,USD,CoinGecko Global,2026-09-13T15:49:07Z,current,source_updated_at,OK
2026-09-13T15:00:00Z,2026-09-13T15:58:08.868273Z,EFFR,3.63,percent,New York Fed Markets API,2026-09-10T00:00:00Z,business_daily,official_effective_date,OK
2026-09-13T15:00:00Z,2026-09-13T15:58:08.868273Z,ETH_DOMINANCE,11.556377488593716,percent,CoinGecko Global,2026-09-13T15:49:07Z,current,source_updated_at,OK
2026-09-13T15:00:00Z,2026-09-13T15:58:08.868273Z,SOFR,3.62,percent,New York Fed Markets API,2026-09-10T00:00:00Z,business_daily,official_effective_date,OK
2026-09-13T15:00:00Z,2026-09-13T15:58:08.868273Z,STABLECOIN_TOTAL_SUPPLY,311459803822.88324,USD,DefiLlama Stablecoins,2026-09-13T15:58:11.498021Z,current,retrieval_time_proxy,OK
2026-09-13T15:00:00Z,2026-09-13T15:58:08.868273Z,TGA_CLOSING_BALANCE,818110.0,USD millions,US Treasury FiscalData:DTS operating_cash_balance,2026-09-10T00:00:00Z,business_daily,official_record_date,OK
2026-09-13T15:00:00Z,2026-09-13T15:58:08.868273Z,US10Y,4.96,percent,US Treasury:daily_treasury_yield_curve,2026-09-11T00:00:00,daily,official_observation_date,OK
2026-09-13T15:00:00Z,2026-09-13T15:58:08.868273Z,US10Y_REAL,2.6,percent,US Treasury:daily_treasury_real_yield_curve,2026-09-11T00:00:00,daily,official_observation_date,OK
2026-09-13T15:00:00Z,2026-09-13T15:58:08.868273Z,US2Y,4.63,percent,US Treasury:daily_treasury_yield_curve,2026-09-11T00:00:00,daily,official_observation_date,OK
2026-09-13T15:00:00Z,2026-09-13T15:58:08.868273Z,US30Y,5.35,percent,US Treasury:daily_treasury_yield_curve,2026-09-11T00:00:00,daily,official_observation_date,OK
2026-09-13T15:00:00Z,2026-09-13T15:58:08.868273Z,USDC_SUPPLY,74343580954.71309,USD,DefiLlama Stablecoins,2026-09-13T15:58:11.498021Z,current,retrieval_time_proxy,OK
2026-09-13T15:00:00Z,2026-09-13T15:58:08.868273Z,USDT_SUPPLY,183427244504.95712,USD,DefiLlama Stablecoins,2026-09-13T15:58:11.498021Z,current,retrieval_time_proxy,OK
2026-09-13T16:00:00Z,2026-09-13T16:57:58.719768Z,BTC_DOMINANCE,58.84762231102067,percent,CoinGecko Global,2026-09-13T16:49:12Z,current,source_updated_at,OK
2026-09-13T16:00:00Z,2026-09-13T16:57:58.719768Z,CRYPTO_24H_VOLUME,54022852996.02938,USD,CoinGecko Global,2026-09-13T16:49:12Z,current,source_updated_at,OK
2026-09-13T16:00:00Z,2026-09-13T16:57:58.719768Z,CRYPTO_TOTAL_MCAP,2630216261408.5034,USD,CoinGecko Global,2026-09-13T16:49:12Z,current,source_updated_at,OK
2026-09-13T16:00:00Z,2026-09-13T16:57:58.719768Z,EFFR,3.63,percent,New York Fed Markets API,2026-09-10T00:00:00Z,business_daily,official_effective_date,OK
2026-09-13T16:00:00Z,2026-09-13T16:57:58.719768Z,ETH_DOMINANCE,11.590742161768208,percent,CoinGecko Global,2026-09-13T16:49:12Z,current,source_updated_at,OK
2026-09-13T16:00:00Z,2026-09-13T16:57:58.719768Z,SOFR,3.62,percent,New York Fed Markets API,2026-09-10T00:00:00Z,business_daily,official_effective_date,OK
2026-09-13T16:00:00Z,2026-09-13T16:57:58.719768Z,STABLECOIN_TOTAL_SUPPLY,311477940352.5018,USD,DefiLlama Stablecoins,2026-09-13T16:58:00.728145Z,current,retrieval_time_proxy,OK
2026-09-13T16:00:00Z,2026-09-13T16:57:58.719768Z,TGA_CLOSING_BALANCE,818110.0,USD millions,US Treasury FiscalData:DTS operating_cash_balance,2026-09-10T00:00:00Z,business_daily,official_record_date,OK
2026-09-13T16:00:00Z,2026-09-13T16:57:58.719768Z,US10Y,4.96,percent,US Treasury:daily_treasury_yield_curve,2026-09-11T00:00:00,daily,official_observation_date,OK
2026-09-13T16:00:00Z,2026-09-13T16:57:58.719768Z,US10Y_REAL,2.6,percent,US Treasury:daily_treasury_real_yield_curve,2026-09-11T00:00:00,daily,official_observation_date,OK
2026-09-13T16:00:00Z,2026-09-13T16:57:58.719768Z,US2Y,4.63,percent,US Treasury:daily_treasury_yield_curve,2026-09-11T00:00:00,daily,official_observation_date,OK
2026-09-13T16:00:00Z,2026-09-13T16:57:58.719768Z,US30Y,5.35,percent,US Treasury:daily_treasury_yield_curve,2026-09-11T00:00:00,daily,official_observation_date,OK
2026-09-13T16:00:00Z,2026-09-13T16:57:58.719768Z,USDC_SUPPLY,74354597166.92296,USD,DefiLlama Stablecoins,2026-09-13T16:58:00.728145Z,current,retrieval_time_proxy,OK
2026-09-13T16:00:00Z,2026-09-13T16:57:58.719768Z,USDT_SUPPLY,183433008686.93903,USD,DefiLlama Stablecoins,2026-09-13T16:58:00.728145Z,current,retrieval_time_proxy,OK
2026-09-13T17:00:00Z,2026-09-13T17:58:03.140604Z,BTC_DOMINANCE,58.81652749404239,percent,CoinGecko Global,2026-09-13T17:49:17Z,current,source_updated_at,OK
2026-09-13T17:00:00Z,2026-09-13T17:58:03.140604Z,CRYPTO_24H_VOLUME,54479038710.50334,USD,CoinGecko Global,2026-09-13T17:49:17Z,current,source_updated_at,OK
2026-09-13T17:00:00Z,2026-09-13T17:58:03.140604Z,CRYPTO_TOTAL_MCAP,2634564273440.7617,USD,CoinGecko Global,2026-09-13T17:49:17Z,current,source_updated_at,OK
2026-09-13T17:00:00Z,2026-09-13T17:58:03.140604Z,EFFR,3.63,percent,New York Fed Markets API,2026-09-10T00:00:00Z,business_daily,official_effective_date,OK
2026-09-13T17:00:00Z,2026-09-13T17:58:03.140604Z,ETH_DOMINANCE,11.584691942570881,percent,CoinGecko Global,2026-09-13T17:49:17Z,current,source_updated_at,OK
2026-09-13T17:00:00Z,2026-09-13T17:58:03.140604Z,SOFR,3.62,percent,New York Fed Markets API,2026-09-10T00:00:00Z,business_daily,official_effective_date,OK
2026-09-13T17:00:00Z,2026-09-13T17:58:03.140604Z,STABLECOIN_TOTAL_SUPPLY,311519423249.82837,USD,DefiLlama Stablecoins,2026-09-13T17:58:05.107283Z,current,retrieval_time_proxy,OK
2026-09-13T17:00:00Z,2026-09-13T17:58:03.140604Z,TGA_CLOSING_BALANCE,818110.0,USD millions,US Treasury FiscalData:DTS operating_cash_balance,2026-09-10T00:00:00Z,business_daily,official_record_date,OK
2026-09-13T17:00:00Z,2026-09-13T17:58:03.140604Z,US10Y,4.96,percent,US Treasury:daily_treasury_yield_curve,2026-09-11T00:00:00,daily,official_observation_date,OK
2026-09-13T17:00:00Z,2026-09-13T17:58:03.140604Z,US10Y_REAL,2.6,percent,US Treasury:daily_treasury_real_yield_curve,2026-09-11T00:00:00,daily,official_observation_date,OK
2026-09-13T17:00:00Z,2026-09-13T17:58:03.140604Z,US2Y,4.63,percent,US Treasury:daily_treasury_yield_curve,2026-09-11T00:00:00,daily,official_observation_date,OK
2026-09-13T17:00:00Z,2026-09-13T17:58:03.140604Z,US30Y,5.35,percent,US Treasury:daily_treasury_yield_curve,2026-09-11T00:00:00,daily,official_observation_date,OK
2026-09-13T17:00:00Z,2026-09-13T17:58:03.140604Z,USDC_SUPPLY,74393992701.93733,USD,DefiLlama Stablecoins,2026-09-13T17:58:05.107283Z,current,retrieval_time_proxy,OK
2026-09-13T17:00:00Z,2026-09-13T17:58:03.140604Z,USDT_SUPPLY,183433871462.525,USD,DefiLlama Stablecoins,2026-09-13T17:58:05.107283Z,current,retrieval_time_proxy,OK
2026-09-13T18:00:00Z,2026-09-13T18:58:41.239467Z,BTC_DOMINANCE,58.83193746129572,percent,CoinGecko Global,2026-09-13T18:49:22Z,current,source_updated_at,OK
2026-09-13T18:00:00Z,2026-09-13T18:58:41.239467Z,CRYPTO_24H_VOLUME,54196237698.19816,USD,CoinGecko Global,2026-09-13T18:49:22Z,current,source_updated_at,OK
2026-09-13T18:00:00Z,2026-09-13T18:58:41.239467Z,CRYPTO_TOTAL_MCAP,2635337812234.003,USD,CoinGecko Global,2026-09-13T18:49:22Z,current,source_updated_at,OK
2026-09-13T18:00:00Z,2026-09-13T18:58:41.239467Z,EFFR,3.63,percent,New York Fed Markets API,2026-09-10T00:00:00Z,business_daily,official_effective_date,OK
2026-09-13T18:00:00Z,2026-09-13T18:58:41.239467Z,ETH_DOMINANCE,11.594018462949391,percent,CoinGecko Global,2026-09-13T18:49:22Z,current,source_updated_at,OK
2026-09-13T18:00:00Z,2026-09-13T18:58:41.239467Z,SOFR,3.62,percent,New York Fed Markets API,2026-09-10T00:00:00Z,business_daily,official_effective_date,OK
2026-09-13T18:00:00Z,2026-09-13T18:58:41.239467Z,STABLECOIN_TOTAL_SUPPLY,311545763506.97644,USD,DefiLlama Stablecoins,2026-09-13T18:58:42.779737Z,current,retrieval_time_proxy,OK
2026-09-13T18:00:00Z,2026-09-13T18:58:41.239467Z,TGA_CLOSING_BALANCE,818110.0,USD millions,US Treasury FiscalData:DTS operating_cash_balance,2026-09-10T00:00:00Z,business_daily,official_record_date,OK
2026-09-13T18:00:00Z,2026-09-13T18:58:41.239467Z,US10Y,4.96,percent,US Treasury:daily_treasury_yield_curve,2026-09-11T00:00:00,daily,official_observation_date,OK
2026-09-13T18:00:00Z,2026-09-13T18:58:41.239467Z,US10Y_REAL,2.6,percent,US Treasury:daily_treasury_real_yield_curve,2026-09-11T00:00:00,daily,official_observation_date,OK
2026-09-13T18:00:00Z,2026-09-13T18:58:41.239467Z,US2Y,4.63,percent,US Treasury:daily_treasury_yield_curve,2026-09-11T00:00:00,daily,official_observation_date,OK
2026-09-13T18:00:00Z,2026-09-13T18:58:41.239467Z,US30Y,5.35,percent,US Treasury:daily_treasury_yield_curve,2026-09-11T00:00:00,daily,official_observation_date,OK
2026-09-13T18:00:00Z,2026-09-13T18:58:41.239467Z,USDC_SUPPLY,74388320163.99678,USD,DefiLlama Stablecoins,2026-09-13T18:58:42.779737Z,current,retrieval_time_proxy,OK
2026-09-13T18:00:00Z,2026-09-13T18:58:41.239467Z,USDT_SUPPLY,183438222580.04495,USD,DefiLlama Stablecoins,2026-09-13T18:58:42.779737Z,current,retrieval_time_proxy,OK
2026-09-13T19:00:00Z,2026-09-13T19:58:07.969435Z,BTC_DOMINANCE,58.85238421651745,percent,CoinGecko Global,2026-09-13T19:49:27Z,current,source_updated_at,OK
2026-09-13T19:00:00Z,2026-09-13T19:58:07.969435Z,CRYPTO_24H_VOLUME,53482391111.981926,USD,CoinGecko Global,2026-09-13T19:49:27Z,current,source_updated_at,OK
2026-09-13T19:00:00Z,2026-09-13T19:58:07.969435Z,CRYPTO_TOTAL_MCAP,2629964096536.9536,USD,CoinGecko Global,2026-09-13T19:49:27Z,current,source_updated_at,OK
2026-09-13T19:00:00Z,2026-09-13T19:58:07.969435Z,EFFR,3.63,percent,New York Fed Markets API,2026-09-10T00:00:00Z,business_daily,official_effective_date,OK
2026-09-13T19:00:00Z,2026-09-13T19:58:07.969435Z,ETH_DOMINANCE,11.601414747609567,percent,CoinGecko Global,2026-09-13T19:49:27Z,current,source_updated_at,OK
2026-09-13T19:00:00Z,2026-09-13T19:58:07.969435Z,SOFR,3.62,percent,New York Fed Markets API,2026-09-10T00:00:00Z,business_daily,official_effective_date,OK
2026-09-13T19:00:00Z,2026-09-13T19:58:07.969435Z,STABLECOIN_TOTAL_SUPPLY,311527829795.7766,USD,DefiLlama Stablecoins,2026-09-13T19:58:10.672895Z,current,retrieval_time_proxy,OK
2026-09-13T19:00:00Z,2026-09-13T19:58:07.969435Z,TGA_CLOSING_BALANCE,818110.0,USD millions,US Treasury FiscalData:DTS operating_cash_balance,2026-09-10T00:00:00Z,business_daily,official_record_date,OK
2026-09-13T19:00:00Z,2026-09-13T19:58:07.969435Z,US10Y,4.96,percent,US Treasury:daily_treasury_yield_curve,2026-09-11T00:00:00,daily,official_observation_date,OK
2026-09-13T19:00:00Z,2026-09-13T19:58:07.969435Z,US10Y_REAL,2.6,percent,US Treasury:daily_treasury_real_yield_curve,2026-09-11T00:00:00,daily,official_observation_date,OK
2026-09-13T19:00:00Z,2026-09-13T19:58:07.969435Z,US2Y,4.63,percent,US Treasury:daily_treasury_yield_curve,2026-09-11T00:00:00,daily,official_observation_date,OK
2026-09-13T19:00:00Z,2026-09-13T19:58:07.969435Z,US30Y,5.35,percent,US Treasury:daily_treasury_yield_curve,2026-09-11T00:00:00,daily,official_observation_date,OK
2026-09-13T19:00:00Z,2026-09-13T19:58:07.969435Z,USDC_SUPPLY,74381441910.95218,USD,DefiLlama Stablecoins,2026-09-13T19:58:10.672895Z,current,retrieval_time_proxy,OK
2026-09-13T19:00:00Z,2026-09-13T19:58:07.969435Z,USDT_SUPPLY,183425965032.96198,USD,DefiLlama Stablecoins,2026-09-13T19:58:10.672895Z,current,retrieval_time_proxy,OK
2026-09-13T20:00:00Z,2026-09-13T20:58:09.653548Z,BTC_DOMINANCE,58.82067705414579,percent,CoinGecko Global,2026-09-13T20:49:31Z,current,source_updated_at,OK
2026-09-13T20:00:00Z,2026-09-13T20:58:09.653548Z,CRYPTO_24H_VOLUME,49796080839.44173,USD,CoinGecko Global,2026-09-13T20:49:31Z,current,source_updated_at,OK
2026-09-13T20:00:00Z,2026-09-13T20:58:09.653548Z,CRYPTO_TOTAL_MCAP,2635738309412.8486,USD,CoinGecko Global,2026-09-13T20:49:31Z,current,source_updated_at,OK
2026-09-13T20:00:00Z,2026-09-13T20:58:09.653548Z,EFFR,3.63,percent,New York Fed Markets API,2026-09-10T00:00:00Z,business_daily,official_effective_date,OK
2026-09-13T20:00:00Z,2026-09-13T20:58:09.653548Z,ETH_DOMINANCE,11.613017223451278,percent,CoinGecko Global,2026-09-13T20:49:31Z,current,source_updated_at,OK
2026-09-13T20:00:00Z,2026-09-13T20:58:09.653548Z,SOFR,3.62,percent,New York Fed Markets API,2026-09-10T00:00:00Z,business_daily,official_effective_date,OK
2026-09-13T20:00:00Z,2026-09-13T20:58:09.653548Z,STABLECOIN_TOTAL_SUPPLY,311490459745.97595,USD,DefiLlama Stablecoins,2026-09-13T20:58:12.414847Z,current,retrieval_time_proxy,OK
2026-09-13T20:00:00Z,2026-09-13T20:58:09.653548Z,TGA_CLOSING_BALANCE,818110.0,USD millions,US Treasury FiscalData:DTS operating_cash_balance,2026-09-10T00:00:00Z,business_daily,official_record_date,OK
2026-09-13T20:00:00Z,2026-09-13T20:58:09.653548Z,US10Y,4.96,percent,US Treasury:daily_treasury_yield_curve,2026-09-11T00:00:00,daily,official_observation_date,OK
2026-09-13T20:00:00Z,2026-09-13T20:58:09.653548Z,US10Y_REAL,2.6,percent,US Treasury:daily_treasury_real_yield_curve,2026-09-11T00:00:00,daily,official_observation_date,OK
2026-09-13T20:00:00Z,2026-09-13T20:58:09.653548Z,US2Y,4.63,percent,US Treasury:daily_treasury_yield_curve,2026-09-11T00:00:00,daily,official_observation_date,OK
2026-09-13T20:00:00Z,2026-09-13T20:58:09.653548Z,US30Y,5.35,percent,US Treasury:daily_treasury_yield_curve,2026-09-11T00:00:00,daily,official_observation_date,OK
2026-09-13T20:00:00Z,2026-09-13T20:58:09.653548Z,USDC_SUPPLY,74344629705.87979,USD,DefiLlama Stablecoins,2026-09-13T20:58:12.414847Z,current,retrieval_time_proxy,OK
2026-09-13T20:00:00Z,2026-09-13T20:58:09.653548Z,USDT_SUPPLY,183427665845.8842,USD,DefiLlama Stablecoins,2026-09-13T20:58:12.414847Z,current,retrieval_time_proxy,OK
2026-09-13T21:00:00Z,2026-09-13T21:58:12.488237Z,BTC_DOMINANCE,58.82540219751201,percent,CoinGecko Global,2026-09-13T21:49:36Z,current,source_updated_at,OK
2026-09-13T21:00:00Z,2026-09-13T21:58:12.488237Z,CRYPTO_24H_VOLUME,49595558129.51516,USD,CoinGecko Global,2026-09-13T21:49:36Z,current,source_updated_at,OK
2026-09-13T21:00:00Z,2026-09-13T21:58:12.488237Z,CRYPTO_TOTAL_MCAP,2634634778237.2554,USD,CoinGecko Global,2026-09-13T21:49:36Z,current,source_updated_at,OK
2026-09-13T21:00:00Z,2026-09-13T21:58:12.488237Z,EFFR,3.63,percent,New York Fed Markets API,2026-09-10T00:00:00Z,business_daily,official_effective_date,OK
2026-09-13T21:00:00Z,2026-09-13T21:58:12.488237Z,ETH_DOMINANCE,11.606224574830833,percent,CoinGecko Global,2026-09-13T21:49:36Z,current,source_updated_at,OK
2026-09-13T21:00:00Z,2026-09-13T21:58:12.488237Z,SOFR,3.62,percent,New York Fed Markets API,2026-09-10T00:00:00Z,business_daily,official_effective_date,OK
2026-09-13T21:00:00Z,2026-09-13T21:58:12.488237Z,STABLECOIN_TOTAL_SUPPLY,311503576092.2268,USD,DefiLlama Stablecoins,2026-09-13T21:58:14.304541Z,current,retrieval_time_proxy,OK
2026-09-13T21:00:00Z,2026-09-13T21:58:12.488237Z,TGA_CLOSING_BALANCE,818110.0,USD millions,US Treasury FiscalData:DTS operating_cash_balance,2026-09-10T00:00:00Z,business_daily,official_record_date,OK
2026-09-13T21:00:00Z,2026-09-13T21:58:12.488237Z,US10Y,4.96,percent,US Treasury:daily_treasury_yield_curve,2026-09-11T00:00:00,daily,official_observation_date,OK
2026-09-13T21:00:00Z,2026-09-13T21:58:12.488237Z,US10Y_REAL,2.6,percent,US Treasury:daily_treasury_real_yield_curve,2026-09-11T00:00:00,daily,official_observation_date,OK
2026-09-13T21:00:00Z,2026-09-13T21:58:12.488237Z,US2Y,4.63,percent,US Treasury:daily_treasury_yield_curve,2026-09-11T00:00:00,daily,official_observation_date,OK
2026-09-13T21:00:00Z,2026-09-13T21:58:12.488237Z,US30Y,5.35,percent,US Treasury:daily_treasury_yield_curve,2026-09-11T00:00:00,daily,official_observation_date,OK
2026-09-13T21:00:00Z,2026-09-13T21:58:12.488237Z,USDC_SUPPLY,74360085037.67172,USD,DefiLlama Stablecoins,2026-09-13T21:58:14.304541Z,current,retrieval_time_proxy,OK
2026-09-13T21:00:00Z,2026-09-13T21:58:12.488237Z,USDT_SUPPLY,183424048691.76788,USD,DefiLlama Stablecoins,2026-09-13T21:58:14.304541Z,current,retrieval_time_proxy,OK
2026-09-13T22:00:00Z,2026-09-13T22:58:15.226591Z,BTC_DOMINANCE,58.882328826149035,percent,CoinGecko Global,2026-09-13T22:49:42Z,current,source_updated_at,OK
2026-09-13T22:00:00Z,2026-09-13T22:58:15.226591Z,CRYPTO_24H_VOLUME,51329305788.41665,USD,CoinGecko Global,2026-09-13T22:49:42Z,current,source_updated_at,OK
2026-09-13T22:00:00Z,2026-09-13T22:58:15.226591Z,CRYPTO_TOTAL_MCAP,2609174839396.551,USD,CoinGecko Global,2026-09-13T22:49:42Z,current,source_updated_at,OK
2026-09-13T22:00:00Z,2026-09-13T22:58:15.226591Z,EFFR,3.63,percent,New York Fed Markets API,2026-09-10T00:00:00Z,business_daily,official_effective_date,OK
2026-09-13T22:00:00Z,2026-09-13T22:58:15.226591Z,ETH_DOMINANCE,11.550533590507662,percent,CoinGecko Global,2026-09-13T22:49:42Z,current,source_updated_at,OK
2026-09-13T22:00:00Z,2026-09-13T22:58:15.226591Z,SOFR,3.62,percent,New York Fed Markets API,2026-09-10T00:00:00Z,business_daily,official_effective_date,OK
2026-09-13T22:00:00Z,2026-09-13T22:58:15.226591Z,STABLECOIN_TOTAL_SUPPLY,311496434385.046,USD,DefiLlama Stablecoins,2026-09-13T22:58:16.958043Z,current,retrieval_time_proxy,OK
2026-09-13T22:00:00Z,2026-09-13T22:58:15.226591Z,TGA_CLOSING_BALANCE,818110.0,USD millions,US Treasury FiscalData:DTS operating_cash_balance,2026-09-10T00:00:00Z,business_daily,official_record_date,OK
2026-09-13T22:00:00Z,2026-09-13T22:58:15.226591Z,US10Y,4.96,percent,US Treasury:daily_treasury_yield_curve,2026-09-11T00:00:00,daily,official_observation_date,OK
2026-09-13T22:00:00Z,2026-09-13T22:58:15.226591Z,US10Y_REAL,2.6,percent,US Treasury:daily_treasury_real_yield_curve,2026-09-11T00:00:00,daily,official_observation_date,OK
2026-09-13T22:00:00Z,2026-09-13T22:58:15.226591Z,US2Y,4.63,percent,US Treasury:daily_treasury_yield_curve,2026-09-11T00:00:00,daily,official_observation_date,OK
2026-09-13T22:00:00Z,2026-09-13T22:58:15.226591Z,US30Y,5.35,percent,US Treasury:daily_treasury_yield_curve,2026-09-11T00:00:00,daily,official_observation_date,OK
2026-09-13T22:00:00Z,2026-09-13T22:58:15.226591Z,USDC_SUPPLY,74356660348.29599,USD,DefiLlama Stablecoins,2026-09-13T22:58:16.958043Z,current,retrieval_time_proxy,OK
2026-09-13T22:00:00Z,2026-09-13T22:58:15.226591Z,USDT_SUPPLY,183419122414.42172,USD,DefiLlama Stablecoins,2026-09-13T22:58:16.958043Z,current,retrieval_time_proxy,OK
2026-09-13T23:00:00Z,2026-09-13T23:58:02.249190Z,BTC_DOMINANCE,58.9091963453494,percent,CoinGecko Global,2026-09-13T23:49:46Z,current,source_updated_at,OK
2026-09-13T23:00:00Z,2026-09-13T23:58:02.249190Z,CRYPTO_24H_VOLUME,53000118581.96313,USD,CoinGecko Global,2026-09-13T23:49:46Z,current,source_updated_at,OK
2026-09-13T23:00:00Z,2026-09-13T23:58:02.249190Z,CRYPTO_TOTAL_MCAP,2614255312690.887,USD,CoinGecko Global,2026-09-13T23:49:46Z,current,source_updated_at,OK
2026-09-13T23:00:00Z,2026-09-13T23:58:02.249190Z,EFFR,3.63,percent,New York Fed Markets API,2026-09-10T00:00:00Z,business_daily,official_effective_date,OK
2026-09-13T23:00:00Z,2026-09-13T23:58:02.249190Z,ETH_DOMINANCE,11.543667920921525,percent,CoinGecko Global,2026-09-13T23:49:46Z,current,source_updated_at,OK
2026-09-13T23:00:00Z,2026-09-13T23:58:02.249190Z,SOFR,3.62,percent,New York Fed Markets API,2026-09-10T00:00:00Z,business_daily,official_effective_date,OK
2026-09-13T23:00:00Z,2026-09-13T23:58:02.249190Z,STABLECOIN_TOTAL_SUPPLY,311464137123.4572,USD,DefiLlama Stablecoins,2026-09-13T23:58:04.283470Z,current,retrieval_time_proxy,OK
2026-09-13T23:00:00Z,2026-09-13T23:58:02.249190Z,TGA_CLOSING_BALANCE,818110.0,USD millions,US Treasury FiscalData:DTS operating_cash_balance,2026-09-10T00:00:00Z,business_daily,official_record_date,OK
2026-09-13T23:00:00Z,2026-09-13T23:58:02.249190Z,US10Y,4.96,percent,US Treasury:daily_treasury_yield_curve,2026-09-11T00:00:00,daily,official_observation_date,OK
2026-09-13T23:00:00Z,2026-09-13T23:58:02.249190Z,US10Y_REAL,2.6,percent,US Treasury:daily_treasury_real_yield_curve,2026-09-11T00:00:00,daily,official_observation_date,OK
2026-09-13T23:00:00Z,2026-09-13T23:58:02.249190Z,US2Y,4.63,percent,US Treasury:daily_treasury_yield_curve,2026-09-11T00:00:00,daily,official_observation_date,OK
2026-09-13T23:00:00Z,2026-09-13T23:58:02.249190Z,US30Y,5.35,percent,US Treasury:daily_treasury_yield_curve,2026-09-11T00:00:00,daily,official_observation_date,OK
2026-09-13T23:00:00Z,2026-09-13T23:58:02.249190Z,USDC_SUPPLY,74328344539.92412,USD,DefiLlama Stablecoins,2026-09-13T23:58:04.283470Z,current,retrieval_time_proxy,OK
2026-09-13T23:00:00Z,2026-09-13T23:58:02.249190Z,USDT_SUPPLY,183416000918.41666,USD,DefiLlama Stablecoins,2026-09-13T23:58:04.283470Z,current,retrieval_time_proxy,OK
2026-09-14T01:00:00Z,2026-09-14T01:59:36.845520Z,BTC_DOMINANCE,58.8870133681669,percent,CoinGecko Global,2026-09-14T01:49:57Z,current,source_updated_at,OK
2026-09-14T01:00:00Z,2026-09-14T01:59:36.845520Z,CRYPTO_24H_VOLUME,55109080124.312,USD,CoinGecko Global,2026-09-14T01:49:57Z,current,source_updated_at,OK
2026-09-14T01:00:00Z,2026-09-14T01:59:36.845520Z,CRYPTO_TOTAL_MCAP,2613357029919.525,USD,CoinGecko Global,2026-09-14T01:49:57Z,current,source_updated_at,OK
2026-09-14T01:00:00Z,2026-09-14T01:59:36.845520Z,EFFR,3.63,percent,New York Fed Markets API,2026-09-10T00:00:00Z,business_daily,official_effective_date,OK
2026-09-14T01:00:00Z,2026-09-14T01:59:36.845520Z,ETH_DOMINANCE,11.564903827452486,percent,CoinGecko Global,2026-09-14T01:49:57Z,current,source_updated_at,OK
2026-09-14T01:00:00Z,2026-09-14T01:59:36.845520Z,SOFR,3.62,percent,New York Fed Markets API,2026-09-10T00:00:00Z,business_daily,official_effective_date,OK
2026-09-14T01:00:00Z,2026-09-14T01:59:36.845520Z,STABLECOIN_TOTAL_SUPPLY,311168133958.0777,USD,DefiLlama Stablecoins,2026-09-14T01:59:38.229821Z,current,retrieval_time_proxy,OK
2026-09-14T01:00:00Z,2026-09-14T01:59:36.845520Z,TGA_CLOSING_BALANCE,818110.0,USD millions,US Treasury FiscalData:DTS operating_cash_balance,2026-09-10T00:00:00Z,business_daily,official_record_date,OK
2026-09-14T01:00:00Z,2026-09-14T01:59:36.845520Z,US10Y,4.96,percent,US Treasury:daily_treasury_yield_curve,2026-09-11T00:00:00,daily,official_observation_date,OK
2026-09-14T01:00:00Z,2026-09-14T01:59:36.845520Z,US10Y_REAL,2.6,percent,US Treasury:daily_treasury_real_yield_curve,2026-09-11T00:00:00,daily,official_observation_date,OK
2026-09-14T01:00:00Z,2026-09-14T01:59:36.845520Z,US2Y,4.63,percent,US Treasury:daily_treasury_yield_curve,2026-09-11T00:00:00,daily,official_observation_date,OK
2026-09-14T01:00:00Z,2026-09-14T01:59:36.845520Z,US30Y,5.35,percent,US Treasury:daily_treasury_yield_curve,2026-09-11T00:00:00,daily,official_observation_date,OK
2026-09-14T01:00:00Z,2026-09-14T01:59:36.845520Z,USDC_SUPPLY,74342532540.3754,USD,DefiLlama Stablecoins,2026-09-14T01:59:38.229821Z,current,retrieval_time_proxy,OK
2026-09-14T01:00:00Z,2026-09-14T01:59:36.845520Z,USDT_SUPPLY,183339538701.54453,USD,DefiLlama Stablecoins,2026-09-14T01:59:38.229821Z,current,retrieval_time_proxy,OK
2026-09-14T02:00:00Z,2026-09-14T02:58:56.095930Z,BTC_DOMINANCE,58.90975307996187,percent,CoinGecko Global,2026-09-14T02:50:11Z,current,source_updated_at,OK
2026-09-14T02:00:00Z,2026-09-14T02:58:56.095930Z,CRYPTO_24H_VOLUME,57813525681.92698,USD,CoinGecko Global,2026-09-14T02:50:11Z,current,source_updated_at,OK
2026-09-14T02:00:00Z,2026-09-14T02:58:56.095930Z,CRYPTO_TOTAL_MCAP,2641188283146.6265,USD,CoinGecko Global,2026-09-14T02:50:11Z,current,source_updated_at,OK
2026-09-14T02:00:00Z,2026-09-14T02:58:56.095930Z,EFFR,3.63,percent,New York Fed Markets API,2026-09-10T00:00:00Z,business_daily,official_effective_date,OK
2026-09-14T02:00:00Z,2026-09-14T02:58:56.095930Z,ETH_DOMINANCE,11.574307747396102,percent,CoinGecko Global,2026-09-14T02:50:11Z,current,source_updated_at,OK
2026-09-14T02:00:00Z,2026-09-14T02:58:56.095930Z,SOFR,3.62,percent,New York Fed Markets API,2026-09-10T00:00:00Z,business_daily,official_effective_date,OK
2026-09-14T02:00:00Z,2026-09-14T02:58:56.095930Z,STABLECOIN_TOTAL_SUPPLY,311396839164.24194,USD,DefiLlama Stablecoins,2026-09-14T02:59:19.279297Z,current,retrieval_time_proxy,OK
2026-09-14T02:00:00Z,2026-09-14T02:58:56.095930Z,TGA_CLOSING_BALANCE,818110.0,USD millions,US Treasury FiscalData:DTS operating_cash_balance,2026-09-10T00:00:00Z,business_daily,official_record_date,OK
2026-09-14T02:00:00Z,2026-09-14T02:58:56.095930Z,US10Y,4.96,percent,US Treasury:daily_treasury_yield_curve,2026-09-11T00:00:00,daily,official_observation_date,OK
2026-09-14T02:00:00Z,2026-09-14T02:58:56.095930Z,US10Y_REAL,2.6,percent,US Treasury:daily_treasury_real_yield_curve,2026-09-11T00:00:00,daily,official_observation_date,OK
2026-09-14T02:00:00Z,2026-09-14T02:58:56.095930Z,US2Y,4.63,percent,US Treasury:daily_treasury_yield_curve,2026-09-11T00:00:00,daily,official_observation_date,OK
2026-09-14T02:00:00Z,2026-09-14T02:58:56.095930Z,US30Y,5.35,percent,US Treasury:daily_treasury_yield_curve,2026-09-11T00:00:00,daily,official_observation_date,OK
2026-09-14T02:00:00Z,2026-09-14T02:58:56.095930Z,USDC_SUPPLY,74325056747.69972,USD,DefiLlama Stablecoins,2026-09-14T02:59:19.279297Z,current,retrieval_time_proxy,OK
2026-09-14T02:00:00Z,2026-09-14T02:58:56.095930Z,USDT_SUPPLY,183337372171.76553,USD,DefiLlama Stablecoins,2026-09-14T02:59:19.279297Z,current,retrieval_time_proxy,OK
2026-09-14T03:00:00Z,2026-09-14T03:59:43.654928Z,BTC_DOMINANCE,58.89201693867131,percent,CoinGecko Global,2026-09-14T03:50:22Z,current,source_updated_at,OK
2026-09-14T03:00:00Z,2026-09-14T03:59:43.654928Z,CRYPTO_24H_VOLUME,59565555166.101524,USD,CoinGecko Global,2026-09-14T03:50:22Z,current,source_updated_at,OK
2026-09-14T03:00:00Z,2026-09-14T03:59:43.654928Z,CRYPTO_TOTAL_MCAP,2639282706170.688,USD,CoinGecko Global,2026-09-14T03:50:22Z,current,source_updated_at,OK
2026-09-14T03:00:00Z,2026-09-14T03:59:43.654928Z,EFFR,3.63,percent,New York Fed Markets API,2026-09-10T00:00:00Z,business_daily,official_effective_date,OK
2026-09-14T03:00:00Z,2026-09-14T03:59:43.654928Z,ETH_DOMINANCE,11.586062124951905,percent,CoinGecko Global,2026-09-14T03:50:22Z,current,source_updated_at,OK
2026-09-14T03:00:00Z,2026-09-14T03:59:43.654928Z,SOFR,3.62,percent,New York Fed Markets API,2026-09-10T00:00:00Z,business_daily,official_effective_date,OK
2026-09-14T03:00:00Z,2026-09-14T03:59:43.654928Z,STABLECOIN_TOTAL_SUPPLY,312111921788.61035,USD,DefiLlama Stablecoins,2026-09-14T03:59:46.033835Z,current,retrieval_time_proxy,OK
2026-09-14T03:00:00Z,2026-09-14T03:59:43.654928Z,TGA_CLOSING_BALANCE,818110.0,USD millions,US Treasury FiscalData:DTS operating_cash_balance,2026-09-10T00:00:00Z,business_daily,official_record_date,OK
2026-09-14T03:00:00Z,2026-09-14T03:59:43.654928Z,US10Y,4.96,percent,US Treasury:daily_treasury_yield_curve,2026-09-11T00:00:00,daily,official_observation_date,OK
2026-09-14T03:00:00Z,2026-09-14T03:59:43.654928Z,US10Y_REAL,2.6,percent,US Treasury:daily_treasury_real_yield_curve,2026-09-11T00:00:00,daily,official_observation_date,OK
2026-09-14T03:00:00Z,2026-09-14T03:59:43.654928Z,US2Y,4.63,percent,US Treasury:daily_treasury_yield_curve,2026-09-11T00:00:00,daily,official_observation_date,OK
2026-09-14T03:00:00Z,2026-09-14T03:59:43.654928Z,US30Y,5.35,percent,US Treasury:daily_treasury_yield_curve,2026-09-11T00:00:00,daily,official_observation_date,OK
2026-09-14T03:00:00Z,2026-09-14T03:59:43.654928Z,USDC_SUPPLY,74357972595.80072,USD,DefiLlama Stablecoins,2026-09-14T03:59:46.033835Z,current,retrieval_time_proxy,OK
2026-09-14T03:00:00Z,2026-09-14T03:59:43.654928Z,USDT_SUPPLY,183340229870.92914,USD,DefiLlama Stablecoins,2026-09-14T03:59:46.033835Z,current,retrieval_time_proxy,OK
2026-09-14T04:00:00Z,2026-09-14T04:59:27.928128Z,BTC_DOMINANCE,58.86934320819927,percent,CoinGecko Global,2026-09-14T04:50:31Z,current,source_updated_at,OK
2026-09-14T04:00:00Z,2026-09-14T04:59:27.928128Z,CRYPTO_24H_VOLUME,60463901934.70474,USD,CoinGecko Global,2026-09-14T04:50:31Z,current,source_updated_at,OK
2026-09-14T04:00:00Z,2026-09-14T04:59:27.928128Z,CRYPTO_TOTAL_MCAP,2643314754559.9995,USD,CoinGecko Global,2026-09-14T04:50:31Z,current,source_updated_at,OK
2026-09-14T04:00:00Z,2026-09-14T04:59:27.928128Z,EFFR,3.63,percent,New York Fed Markets API,2026-09-10T00:00:00Z,business_daily,official_effective_date,OK
2026-09-14T04:00:00Z,2026-09-14T04:59:27.928128Z,ETH_DOMINANCE,11.592479111204074,percent,CoinGecko Global,2026-09-14T04:50:31Z,current,source_updated_at,OK
2026-09-14T04:00:00Z,2026-09-14T04:59:27.928128Z,SOFR,3.62,percent,New York Fed Markets API,2026-09-10T00:00:00Z,business_daily,official_effective_date,OK
2026-09-14T04:00:00Z,2026-09-14T04:59:27.928128Z,STABLECOIN_TOTAL_SUPPLY,312111609986.46936,USD,DefiLlama Stablecoins,2026-09-14T04:59:30.557683Z,current,retrieval_time_proxy,OK
2026-09-14T04:00:00Z,2026-09-14T04:59:27.928128Z,TGA_CLOSING_BALANCE,818110.0,USD millions,US Treasury FiscalData:DTS operating_cash_balance,2026-09-10T00:00:00Z,business_daily,official_record_date,OK
2026-09-14T04:00:00Z,2026-09-14T04:59:27.928128Z,US10Y,4.96,percent,US Treasury:daily_treasury_yield_curve,2026-09-11T00:00:00,daily,official_observation_date,OK
2026-09-14T04:00:00Z,2026-09-14T04:59:27.928128Z,US10Y_REAL,2.6,percent,US Treasury:daily_treasury_real_yield_curve,2026-09-11T00:00:00,daily,official_observation_date,OK
2026-09-14T04:00:00Z,2026-09-14T04:59:27.928128Z,US2Y,4.63,percent,US Treasury:daily_treasury_yield_curve,2026-09-11T00:00:00,daily,official_observation_date,OK
2026-09-14T04:00:00Z,2026-09-14T04:59:27.928128Z,US30Y,5.35,percent,US Treasury:daily_treasury_yield_curve,2026-09-11T00:00:00,daily,official_observation_date,OK
2026-09-14T04:00:00Z,2026-09-14T04:59:27.928128Z,USDC_SUPPLY,74359490603.4081,USD,DefiLlama Stablecoins,2026-09-14T04:59:30.557683Z,current,retrieval_time_proxy,OK
2026-09-14T04:00:00Z,2026-09-14T04:59:27.928128Z,USDT_SUPPLY,183337628526.5635,USD,DefiLlama Stablecoins,2026-09-14T04:59:30.557683Z,current,retrieval_time_proxy,OK
2026-09-14T05:00:00Z,2026-09-14T05:58:31.071247Z,BTC_DOMINANCE,58.84296748019705,percent,CoinGecko Global,2026-09-14T05:50:37Z,current,source_updated_at,OK
2026-09-14T05:00:00Z,2026-09-14T05:58:31.071247Z,CRYPTO_24H_VOLUME,60945240768.9727,USD,CoinGecko Global,2026-09-14T05:50:37Z,current,source_updated_at,OK
2026-09-14T05:00:00Z,2026-09-14T05:58:31.071247Z,CRYPTO_TOTAL_MCAP,2640514557760.2344,USD,CoinGecko Global,2026-09-14T05:50:37Z,current,source_updated_at,OK
2026-09-14T05:00:00Z,2026-09-14T05:58:31.071247Z,EFFR,3.63,percent,New York Fed Markets API,2026-09-10T00:00:00Z,business_daily,official_effective_date,OK
2026-09-14T05:00:00Z,2026-09-14T05:58:31.071247Z,ETH_DOMINANCE,11.590297527553044,percent,CoinGecko Global,2026-09-14T05:50:37Z,current,source_updated_at,OK
2026-09-14T05:00:00Z,2026-09-14T05:58:31.071247Z,SOFR,3.62,percent,New York Fed Markets API,2026-09-10T00:00:00Z,business_daily,official_effective_date,OK
2026-09-14T05:00:00Z,2026-09-14T05:58:31.071247Z,STABLECOIN_TOTAL_SUPPLY,312079053154.1367,USD,DefiLlama Stablecoins,2026-09-14T05:58:33.618653Z,current,retrieval_time_proxy,OK
2026-09-14T05:00:00Z,2026-09-14T05:58:31.071247Z,TGA_CLOSING_BALANCE,818110.0,USD millions,US Treasury FiscalData:DTS operating_cash_balance,2026-09-10T00:00:00Z,business_daily,official_record_date,OK
2026-09-14T05:00:00Z,2026-09-14T05:58:31.071247Z,US10Y,4.96,percent,US Treasury:daily_treasury_yield_curve,2026-09-11T00:00:00,daily,official_observation_date,OK
2026-09-14T05:00:00Z,2026-09-14T05:58:31.071247Z,US10Y_REAL,2.6,percent,US Treasury:daily_treasury_real_yield_curve,2026-09-11T00:00:00,daily,official_observation_date,OK
2026-09-14T05:00:00Z,2026-09-14T05:58:31.071247Z,US2Y,4.63,percent,US Treasury:daily_treasury_yield_curve,2026-09-11T00:00:00,daily,official_observation_date,OK
2026-09-14T05:00:00Z,2026-09-14T05:58:31.071247Z,US30Y,5.35,percent,US Treasury:daily_treasury_yield_curve,2026-09-11T00:00:00,daily,official_observation_date,OK
2026-09-14T05:00:00Z,2026-09-14T05:58:31.071247Z,USDC_SUPPLY,74327383849.40796,USD,DefiLlama Stablecoins,2026-09-14T05:58:33.618653Z,current,retrieval_time_proxy,OK
2026-09-14T05:00:00Z,2026-09-14T05:58:31.071247Z,USDT_SUPPLY,183335044565.03027,USD,DefiLlama Stablecoins,2026-09-14T05:58:33.618653Z,current,retrieval_time_proxy,OK
2026-09-14T07:00:00Z,2026-09-14T07:59:49.216900Z,BTC_DOMINANCE,58.869710611225635,percent,CoinGecko Global,2026-09-14T07:50:46Z,current,source_updated_at,OK
2026-09-14T07:00:00Z,2026-09-14T07:59:49.216900Z,CRYPTO_24H_VOLUME,63204565900.76486,USD,CoinGecko Global,2026-09-14T07:50:46Z,current,source_updated_at,OK
2026-09-14T07:00:00Z,2026-09-14T07:59:49.216900Z,CRYPTO_TOTAL_MCAP,2649202670605.122,USD,CoinGecko Global,2026-09-14T07:50:46Z,current,source_updated_at,OK
2026-09-14T07:00:00Z,2026-09-14T07:59:49.216900Z,EFFR,3.63,percent,New York Fed Markets API,2026-09-10T00:00:00Z,business_daily,official_effective_date,OK
2026-09-14T07:00:00Z,2026-09-14T07:59:49.216900Z,ETH_DOMINANCE,11.596286572577784,percent,CoinGecko Global,2026-09-14T07:50:46Z,current,source_updated_at,OK
2026-09-14T07:00:00Z,2026-09-14T07:59:49.216900Z,SOFR,3.62,percent,New York Fed Markets API,2026-09-10T00:00:00Z,business_daily,official_effective_date,OK
2026-09-14T07:00:00Z,2026-09-14T07:59:49.216900Z,STABLECOIN_TOTAL_SUPPLY,312080084345.42377,USD,DefiLlama Stablecoins,2026-09-14T07:59:52.979523Z,current,retrieval_time_proxy,OK
2026-09-14T07:00:00Z,2026-09-14T07:59:49.216900Z,TGA_CLOSING_BALANCE,818110.0,USD millions,US Treasury FiscalData:DTS operating_cash_balance,2026-09-10T00:00:00Z,business_daily,official_record_date,OK
2026-09-14T07:00:00Z,2026-09-14T07:59:49.216900Z,US10Y,4.96,percent,US Treasury:daily_treasury_yield_curve,2026-09-11T00:00:00,daily,official_observation_date,OK
2026-09-14T07:00:00Z,2026-09-14T07:59:49.216900Z,US10Y_REAL,2.6,percent,US Treasury:daily_treasury_real_yield_curve,2026-09-11T00:00:00,daily,official_observation_date,OK
2026-09-14T07:00:00Z,2026-09-14T07:59:49.216900Z,US2Y,4.63,percent,US Treasury:daily_treasury_yield_curve,2026-09-11T00:00:00,daily,official_observation_date,OK
2026-09-14T07:00:00Z,2026-09-14T07:59:49.216900Z,US30Y,5.35,percent,US Treasury:daily_treasury_yield_curve,2026-09-11T00:00:00,daily,official_observation_date,OK
2026-09-14T07:00:00Z,2026-09-14T07:59:49.216900Z,USDC_SUPPLY,74327525439.4006,USD,DefiLlama Stablecoins,2026-09-14T07:59:52.979523Z,current,retrieval_time_proxy,OK
2026-09-14T07:00:00Z,2026-09-14T07:59:49.216900Z,USDT_SUPPLY,183335031150.8171,USD,DefiLlama Stablecoins,2026-09-14T07:59:52.979523Z,current,retrieval_time_proxy,OK
2026-09-14T09:00:00Z,2026-09-14T09:59:52.329616Z,BTC_DOMINANCE,58.90723880410738,percent,CoinGecko Global,2026-09-14T09:50:56Z,current,source_updated_at,OK
2026-09-14T09:00:00Z,2026-09-14T09:59:52.329616Z,CRYPTO_24H_VOLUME,62765498405.94172,USD,CoinGecko Global,2026-09-14T09:50:56Z,current,source_updated_at,OK
2026-09-14T09:00:00Z,2026-09-14T09:59:52.329616Z,CRYPTO_TOTAL_MCAP,2653481104579.0005,USD,CoinGecko Global,2026-09-14T09:50:56Z,current,source_updated_at,OK
2026-09-14T09:00:00Z,2026-09-14T09:59:52.329616Z,EFFR,3.63,percent,New York Fed Markets API,2026-09-10T00:00:00Z,business_daily,official_effective_date,OK
2026-09-14T09:00:00Z,2026-09-14T09:59:52.329616Z,ETH_DOMINANCE,11.589707667068547,percent,CoinGecko Global,2026-09-14T09:50:56Z,current,source_updated_at,OK
2026-09-14T09:00:00Z,2026-09-14T09:59:52.329616Z,SOFR,3.62,percent,New York Fed Markets API,2026-09-10T00:00:00Z,business_daily,official_effective_date,OK
2026-09-14T09:00:00Z,2026-09-14T09:59:52.329616Z,STABLECOIN_TOTAL_SUPPLY,312100545477.08826,USD,DefiLlama Stablecoins,2026-09-14T09:59:53.900452Z,current,retrieval_time_proxy,OK
2026-09-14T09:00:00Z,2026-09-14T09:59:52.329616Z,TGA_CLOSING_BALANCE,818110.0,USD millions,US Treasury FiscalData:DTS operating_cash_balance,2026-09-10T00:00:00Z,business_daily,official_record_date,OK
2026-09-14T09:00:00Z,2026-09-14T09:59:52.329616Z,US10Y,4.96,percent,US Treasury:daily_treasury_yield_curve,2026-09-11T00:00:00,daily,official_observation_date,OK
2026-09-14T09:00:00Z,2026-09-14T09:59:52.329616Z,US10Y_REAL,2.6,percent,US Treasury:daily_treasury_real_yield_curve,2026-09-11T00:00:00,daily,official_observation_date,OK
2026-09-14T09:00:00Z,2026-09-14T09:59:52.329616Z,US2Y,4.63,percent,US Treasury:daily_treasury_yield_curve,2026-09-11T00:00:00,daily,official_observation_date,OK
2026-09-14T09:00:00Z,2026-09-14T09:59:52.329616Z,US30Y,5.35,percent,US Treasury:daily_treasury_yield_curve,2026-09-11T00:00:00,daily,official_observation_date,OK
2026-09-14T09:00:00Z,2026-09-14T09:59:52.329616Z,USDC_SUPPLY,74337806563.71074,USD,DefiLlama Stablecoins,2026-09-14T09:59:53.900452Z,current,retrieval_time_proxy,OK
2026-09-14T09:00:00Z,2026-09-14T09:59:52.329616Z,USDT_SUPPLY,183332722728.83353,USD,DefiLlama Stablecoins,2026-09-14T09:59:53.900452Z,current,retrieval_time_proxy,OK
2026-09-14T10:00:00Z,2026-09-14T10:58:58.869238Z,BTC_DOMINANCE,58.91436909179916,percent,CoinGecko Global,2026-09-14T10:51:01Z,current,source_updated_at,OK
2026-09-14T10:00:00Z,2026-09-14T10:58:58.869238Z,CRYPTO_24H_VOLUME,64713239624.56739,USD,CoinGecko Global,2026-09-14T10:51:01Z,current,source_updated_at,OK
2026-09-14T10:00:00Z,2026-09-14T10:58:58.869238Z,CRYPTO_TOTAL_MCAP,2653378236214.3047,USD,CoinGecko Global,2026-09-14T10:51:01Z,current,source_updated_at,OK
2026-09-14T10:00:00Z,2026-09-14T10:58:58.869238Z,EFFR,3.63,percent,New York Fed Markets API,2026-09-10T00:00:00Z,business_daily,official_effective_date,OK
2026-09-14T10:00:00Z,2026-09-14T10:58:58.869238Z,ETH_DOMINANCE,11.559613586751057,percent,CoinGecko Global,2026-09-14T10:51:01Z,current,source_updated_at,OK
2026-09-14T10:00:00Z,2026-09-14T10:58:58.869238Z,SOFR,3.62,percent,New York Fed Markets API,2026-09-10T00:00:00Z,business_daily,official_effective_date,OK
2026-09-14T10:00:00Z,2026-09-14T10:58:58.869238Z,STABLECOIN_TOTAL_SUPPLY,312071825811.31396,USD,DefiLlama Stablecoins,2026-09-14T10:59:00.556341Z,current,retrieval_time_proxy,OK
2026-09-14T10:00:00Z,2026-09-14T10:58:58.869238Z,TGA_CLOSING_BALANCE,818110.0,USD millions,US Treasury FiscalData:DTS operating_cash_balance,2026-09-10T00:00:00Z,business_daily,official_record_date,OK
2026-09-14T10:00:00Z,2026-09-14T10:58:58.869238Z,US10Y,4.96,percent,US Treasury:daily_treasury_yield_curve,2026-09-11T00:00:00,daily,official_observation_date,OK
2026-09-14T10:00:00Z,2026-09-14T10:58:58.869238Z,US10Y_REAL,2.6,percent,US Treasury:daily_treasury_real_yield_curve,2026-09-11T00:00:00,daily,official_observation_date,OK
2026-09-14T10:00:00Z,2026-09-14T10:58:58.869238Z,US2Y,4.63,percent,US Treasury:daily_treasury_yield_curve,2026-09-11T00:00:00,daily,official_observation_date,OK
2026-09-14T10:00:00Z,2026-09-14T10:58:58.869238Z,US30Y,5.35,percent,US Treasury:daily_treasury_yield_curve,2026-09-11T00:00:00,daily,official_observation_date,OK
2026-09-14T10:00:00Z,2026-09-14T10:58:58.869238Z,USDC_SUPPLY,74334424595.84866,USD,DefiLlama Stablecoins,2026-09-14T10:59:00.556341Z,current,retrieval_time_proxy,OK
2026-09-14T10:00:00Z,2026-09-14T10:58:58.869238Z,USDT_SUPPLY,183336613384.5747,USD,DefiLlama Stablecoins,2026-09-14T10:59:00.556341Z,current,retrieval_time_proxy,OK
2026-09-14T11:00:00Z,2026-09-14T11:59:47.500413Z,BTC_DOMINANCE,58.89822015161894,percent,CoinGecko Global,2026-09-14T11:51:06Z,current,source_updated_at,OK
2026-09-14T11:00:00Z,2026-09-14T11:59:47.500413Z,CRYPTO_24H_VOLUME,64788498601.2614,USD,CoinGecko Global,2026-09-14T11:51:06Z,current,source_updated_at,OK
2026-09-14T11:00:00Z,2026-09-14T11:59:47.500413Z,CRYPTO_TOTAL_MCAP,2646016321494.785,USD,CoinGecko Global,2026-09-14T11:51:06Z,current,source_updated_at,OK
2026-09-14T11:00:00Z,2026-09-14T11:59:47.500413Z,EFFR,3.63,percent,New York Fed Markets API,2026-09-10T00:00:00Z,business_daily,official_effective_date,OK
2026-09-14T11:00:00Z,2026-09-14T11:59:47.500413Z,ETH_DOMINANCE,11.556629399690681,percent,CoinGecko Global,2026-09-14T11:51:06Z,current,source_updated_at,OK
2026-09-14T11:00:00Z,2026-09-14T11:59:47.500413Z,SOFR,3.62,percent,New York Fed Markets API,2026-09-11T00:00:00Z,business_daily,official_effective_date,OK
2026-09-14T11:00:00Z,2026-09-14T11:59:47.500413Z,STABLECOIN_TOTAL_SUPPLY,312035259163.0844,USD,DefiLlama Stablecoins,2026-09-14T11:59:49.196879Z,current,retrieval_time_proxy,OK
2026-09-14T11:00:00Z,2026-09-14T11:59:47.500413Z,TGA_CLOSING_BALANCE,818110.0,USD millions,US Treasury FiscalData:DTS operating_cash_balance,2026-09-10T00:00:00Z,business_daily,official_record_date,OK
2026-09-14T11:00:00Z,2026-09-14T11:59:47.500413Z,US10Y,4.96,percent,US Treasury:daily_treasury_yield_curve,2026-09-11T00:00:00,daily,official_observation_date,OK
2026-09-14T11:00:00Z,2026-09-14T11:59:47.500413Z,US10Y_REAL,2.6,percent,US Treasury:daily_treasury_real_yield_curve,2026-09-11T00:00:00,daily,official_observation_date,OK
2026-09-14T11:00:00Z,2026-09-14T11:59:47.500413Z,US2Y,4.63,percent,US Treasury:daily_treasury_yield_curve,2026-09-11T00:00:00,daily,official_observation_date,OK
2026-09-14T11:00:00Z,2026-09-14T11:59:47.500413Z,US30Y,5.35,percent,US Treasury:daily_treasury_yield_curve,2026-09-11T00:00:00,daily,official_observation_date,OK
2026-09-14T11:00:00Z,2026-09-14T11:59:47.500413Z,USDC_SUPPLY,74296935421.60463,USD,DefiLlama Stablecoins,2026-09-14T11:59:49.196879Z,current,retrieval_time_proxy,OK
2026-09-14T11:00:00Z,2026-09-14T11:59:47.500413Z,USDT_SUPPLY,183333018665.23135,USD,DefiLlama Stablecoins,2026-09-14T11:59:49.196879Z,current,retrieval_time_proxy,OK
2026-09-14T13:00:00Z,2026-09-14T13:59:27.543700Z,BTC_DOMINANCE,58.53475197928771,percent,CoinGecko Global,2026-09-14T13:51:17Z,current,source_updated_at,OK
2026-09-14T13:00:00Z,2026-09-14T13:59:27.543700Z,CRYPTO_24H_VOLUME,69396681727.34079,USD,CoinGecko Global,2026-09-14T13:51:17Z,current,source_updated_at,OK
2026-09-14T13:00:00Z,2026-09-14T13:59:27.543700Z,CRYPTO_TOTAL_MCAP,2692008459478.49,USD,CoinGecko Global,2026-09-14T13:51:17Z,current,source_updated_at,OK
2026-09-14T13:00:00Z,2026-09-14T13:59:27.543700Z,EFFR,3.63,percent,New York Fed Markets API,2026-09-11T00:00:00Z,business_daily,official_effective_date,OK
2026-09-14T13:00:00Z,2026-09-14T13:59:27.543700Z,ETH_DOMINANCE,11.41159483078799,percent,CoinGecko Global,2026-09-14T13:51:17Z,current,source_updated_at,OK
2026-09-14T13:00:00Z,2026-09-14T13:59:27.543700Z,SOFR,3.62,percent,New York Fed Markets API,2026-09-11T00:00:00Z,business_daily,official_effective_date,OK
2026-09-14T13:00:00Z,2026-09-14T13:59:27.543700Z,STABLECOIN_TOTAL_SUPPLY,312073570575.40625,USD,DefiLlama Stablecoins,2026-09-14T13:59:30.327920Z,current,retrieval_time_proxy,OK
2026-09-14T13:00:00Z,2026-09-14T13:59:27.543700Z,TGA_CLOSING_BALANCE,818110.0,USD millions,US Treasury FiscalData:DTS operating_cash_balance,2026-09-10T00:00:00Z,business_daily,official_record_date,OK
2026-09-14T13:00:00Z,2026-09-14T13:59:27.543700Z,US10Y,4.96,percent,US Treasury:daily_treasury_yield_curve,2026-09-11T00:00:00,daily,official_observation_date,OK
2026-09-14T13:00:00Z,2026-09-14T13:59:27.543700Z,US10Y_REAL,2.6,percent,US Treasury:daily_treasury_real_yield_curve,2026-09-11T00:00:00,daily,official_observation_date,OK
2026-09-14T13:00:00Z,2026-09-14T13:59:27.543700Z,US2Y,4.63,percent,US Treasury:daily_treasury_yield_curve,2026-09-11T00:00:00,daily,official_observation_date,OK
2026-09-14T13:00:00Z,2026-09-14T13:59:27.543700Z,US30Y,5.35,percent,US Treasury:daily_treasury_yield_curve,2026-09-11T00:00:00,daily,official_observation_date,OK
2026-09-14T13:00:00Z,2026-09-14T13:59:27.543700Z,USDC_SUPPLY,74322680156.51048,USD,DefiLlama Stablecoins,2026-09-14T13:59:30.327920Z,current,retrieval_time_proxy,OK
2026-09-14T13:00:00Z,2026-09-14T13:59:27.543700Z,USDT_SUPPLY,183337067908.45847,USD,DefiLlama Stablecoins,2026-09-14T13:59:30.327920Z,current,retrieval_time_proxy,OK
2026-09-14T15:00:00Z,2026-09-14T15:58:59.954873Z,BTC_DOMINANCE,58.61677815144925,percent,CoinGecko Global,2026-09-14T15:51:27Z,current,source_updated_at,OK
2026-09-14T15:00:00Z,2026-09-14T15:58:59.954873Z,CRYPTO_24H_VOLUME,74689709075.77373,USD,CoinGecko Global,2026-09-14T15:51:27Z,current,source_updated_at,OK
2026-09-14T15:00:00Z,2026-09-14T15:58:59.954873Z,CRYPTO_TOTAL_MCAP,2685413255626.0176,USD,CoinGecko Global,2026-09-14T15:51:27Z,current,source_updated_at,OK
2026-09-14T15:00:00Z,2026-09-14T15:58:59.954873Z,EFFR,3.63,percent,New York Fed Markets API,2026-09-11T00:00:00Z,business_daily,official_effective_date,OK
2026-09-14T15:00:00Z,2026-09-14T15:58:59.954873Z,ETH_DOMINANCE,11.373812784388825,percent,CoinGecko Global,2026-09-14T15:51:27Z,current,source_updated_at,OK
2026-09-14T15:00:00Z,2026-09-14T15:58:59.954873Z,SOFR,3.62,percent,New York Fed Markets API,2026-09-11T00:00:00Z,business_daily,official_effective_date,OK
2026-09-14T15:00:00Z,2026-09-14T15:58:59.954873Z,STABLECOIN_TOTAL_SUPPLY,312085704980.8583,USD,DefiLlama Stablecoins,2026-09-14T15:59:01.586832Z,current,retrieval_time_proxy,OK
2026-09-14T15:00:00Z,2026-09-14T15:58:59.954873Z,TGA_CLOSING_BALANCE,818110.0,USD millions,US Treasury FiscalData:DTS operating_cash_balance,2026-09-10T00:00:00Z,business_daily,official_record_date,OK
2026-09-14T15:00:00Z,2026-09-14T15:58:59.954873Z,US10Y,4.96,percent,US Treasury:daily_treasury_yield_curve,2026-09-11T00:00:00,daily,official_observation_date,OK
2026-09-14T15:00:00Z,2026-09-14T15:58:59.954873Z,US10Y_REAL,2.6,percent,US Treasury:daily_treasury_real_yield_curve,2026-09-11T00:00:00,daily,official_observation_date,OK
2026-09-14T15:00:00Z,2026-09-14T15:58:59.954873Z,US2Y,4.63,percent,US Treasury:daily_treasury_yield_curve,2026-09-11T00:00:00,daily,official_observation_date,OK
2026-09-14T15:00:00Z,2026-09-14T15:58:59.954873Z,US30Y,5.35,percent,US Treasury:daily_treasury_yield_curve,2026-09-11T00:00:00,daily,official_observation_date,OK
2026-09-14T15:00:00Z,2026-09-14T15:58:59.954873Z,USDC_SUPPLY,74322589124.40826,USD,DefiLlama Stablecoins,2026-09-14T15:59:01.586832Z,current,retrieval_time_proxy,OK
2026-09-14T15:00:00Z,2026-09-14T15:58:59.954873Z,USDT_SUPPLY,183340157662.73193,USD,DefiLlama Stablecoins,2026-09-14T15:59:01.586832Z,current,retrieval_time_proxy,OK
2026-09-14T16:00:00Z,2026-09-14T16:59:59.672992Z,BTC_DOMINANCE,58.5963439638158,percent,CoinGecko Global,2026-09-14T16:51:32Z,current,source_updated_at,OK
2026-09-14T16:00:00Z,2026-09-14T16:59:59.672992Z,CRYPTO_24H_VOLUME,77153847779.4012,USD,CoinGecko Global,2026-09-14T16:51:32Z,current,source_updated_at,OK
2026-09-14T16:00:00Z,2026-09-14T16:59:59.672992Z,CRYPTO_TOTAL_MCAP,2702637891377.5767,USD,CoinGecko Global,2026-09-14T16:51:32Z,current,source_updated_at,OK
2026-09-14T16:00:00Z,2026-09-14T16:59:59.672992Z,EFFR,3.63,percent,New York Fed Markets API,2026-09-11T00:00:00Z,business_daily,official_effective_date,OK
2026-09-14T16:00:00Z,2026-09-14T16:59:59.672992Z,ETH_DOMINANCE,11.43251107838493,percent,CoinGecko Global,2026-09-14T16:51:32Z,current,source_updated_at,OK
2026-09-14T16:00:00Z,2026-09-14T16:59:59.672992Z,SOFR,3.62,percent,New York Fed Markets API,2026-09-11T00:00:00Z,business_daily,official_effective_date,OK
2026-09-14T16:00:00Z,2026-09-14T16:59:59.672992Z,STABLECOIN_TOTAL_SUPPLY,312112754937.9996,USD,DefiLlama Stablecoins,2026-09-14T17:00:03.479257Z,current,retrieval_time_proxy,OK
2026-09-14T16:00:00Z,2026-09-14T16:59:59.672992Z,TGA_CLOSING_BALANCE,818110.0,USD millions,US Treasury FiscalData:DTS operating_cash_balance,2026-09-10T00:00:00Z,business_daily,official_record_date,OK
2026-09-14T16:00:00Z,2026-09-14T16:59:59.672992Z,US10Y,4.96,percent,US Treasury:daily_treasury_yield_curve,2026-09-11T00:00:00,daily,official_observation_date,OK
2026-09-14T16:00:00Z,2026-09-14T16:59:59.672992Z,US10Y_REAL,2.6,percent,US Treasury:daily_treasury_real_yield_curve,2026-09-11T00:00:00,daily,official_observation_date,OK
2026-09-14T16:00:00Z,2026-09-14T16:59:59.672992Z,US2Y,4.63,percent,US Treasury:daily_treasury_yield_curve,2026-09-11T00:00:00,daily,official_observation_date,OK
2026-09-14T16:00:00Z,2026-09-14T16:59:59.672992Z,US30Y,5.35,percent,US Treasury:daily_treasury_yield_curve,2026-09-11T00:00:00,daily,official_observation_date,OK
2026-09-14T16:00:00Z,2026-09-14T16:59:59.672992Z,USDC_SUPPLY,74364046457.34326,USD,DefiLlama Stablecoins,2026-09-14T17:00:03.479257Z,current,retrieval_time_proxy,OK
2026-09-14T16:00:00Z,2026-09-14T16:59:59.672992Z,USDT_SUPPLY,183352555163.62872,USD,DefiLlama Stablecoins,2026-09-14T17:00:03.479257Z,current,retrieval_time_proxy,OK
2026-09-14T17:00:00Z,2026-09-14T17:59:23.114235Z,BTC_DOMINANCE,58.593087838607225,percent,CoinGecko Global,2026-09-14T17:51:37Z,current,source_updated_at,OK
2026-09-14T17:00:00Z,2026-09-14T17:59:23.114235Z,CRYPTO_24H_VOLUME,79247529574.57748,USD,CoinGecko Global,2026-09-14T17:51:37Z,current,source_updated_at,OK
2026-09-14T17:00:00Z,2026-09-14T17:59:23.114235Z,CRYPTO_TOTAL_MCAP,2702095161779.259,USD,CoinGecko Global,2026-09-14T17:51:37Z,current,source_updated_at,OK
2026-09-14T17:00:00Z,2026-09-14T17:59:23.114235Z,EFFR,3.63,percent,New York Fed Markets API,2026-09-11T00:00:00Z,business_daily,official_effective_date,OK
2026-09-14T17:00:00Z,2026-09-14T17:59:23.114235Z,ETH_DOMINANCE,11.412540134954568,percent,CoinGecko Global,2026-09-14T17:51:37Z,current,source_updated_at,OK
2026-09-14T17:00:00Z,2026-09-14T17:59:23.114235Z,SOFR,3.62,percent,New York Fed Markets API,2026-09-11T00:00:00Z,business_daily,official_effective_date,OK
2026-09-14T17:00:00Z,2026-09-14T17:59:23.114235Z,STABLECOIN_TOTAL_SUPPLY,312116349945.6765,USD,DefiLlama Stablecoins,2026-09-14T17:59:25.697369Z,current,retrieval_time_proxy,OK
2026-09-14T17:00:00Z,2026-09-14T17:59:23.114235Z,TGA_CLOSING_BALANCE,818110.0,USD millions,US Treasury FiscalData:DTS operating_cash_balance,2026-09-10T00:00:00Z,business_daily,official_record_date,OK
2026-09-14T17:00:00Z,2026-09-14T17:59:23.114235Z,US10Y,4.96,percent,US Treasury:daily_treasury_yield_curve,2026-09-11T00:00:00,daily,official_observation_date,OK
2026-09-14T17:00:00Z,2026-09-14T17:59:23.114235Z,US10Y_REAL,2.6,percent,US Treasury:daily_treasury_real_yield_curve,2026-09-11T00:00:00,daily,official_observation_date,OK
2026-09-14T17:00:00Z,2026-09-14T17:59:23.114235Z,US2Y,4.63,percent,US Treasury:daily_treasury_yield_curve,2026-09-11T00:00:00,daily,official_observation_date,OK
2026-09-14T17:00:00Z,2026-09-14T17:59:23.114235Z,US30Y,5.35,percent,US Treasury:daily_treasury_yield_curve,2026-09-11T00:00:00,daily,official_observation_date,OK
2026-09-14T17:00:00Z,2026-09-14T17:59:23.114235Z,USDC_SUPPLY,74285346203.45114,USD,DefiLlama Stablecoins,2026-09-14T17:59:25.697369Z,current,retrieval_time_proxy,OK
2026-09-14T17:00:00Z,2026-09-14T17:59:23.114235Z,USDT_SUPPLY,183355625075.72656,USD,DefiLlama Stablecoins,2026-09-14T17:59:25.697369Z,current,retrieval_time_proxy,OK
2026-09-14T19:00:00Z,2026-09-14T19:58:47.998077Z,BTC_DOMINANCE,58.51914705708384,percent,CoinGecko Global,2026-09-14T19:51:48Z,current,source_updated_at,OK
2026-09-14T19:00:00Z,2026-09-14T19:58:47.998077Z,CRYPTO_24H_VOLUME,85512032332.15463,USD,CoinGecko Global,2026-09-14T19:51:48Z,current,source_updated_at,OK
2026-09-14T19:00:00Z,2026-09-14T19:58:47.998077Z,CRYPTO_TOTAL_MCAP,2703923026376.9116,USD,CoinGecko Global,2026-09-14T19:51:48Z,current,source_updated_at,OK
2026-09-14T19:00:00Z,2026-09-14T19:58:47.998077Z,EFFR,3.63,percent,New York Fed Markets API,2026-09-11T00:00:00Z,business_daily,official_effective_date,OK
2026-09-14T19:00:00Z,2026-09-14T19:58:47.998077Z,ETH_DOMINANCE,11.439131348834472,percent,CoinGecko Global,2026-09-14T19:51:48Z,current,source_updated_at,OK
2026-09-14T19:00:00Z,2026-09-14T19:58:47.998077Z,SOFR,3.62,percent,New York Fed Markets API,2026-09-11T00:00:00Z,business_daily,official_effective_date,OK
2026-09-14T19:00:00Z,2026-09-14T19:58:47.998077Z,STABLECOIN_TOTAL_SUPPLY,312240925625.68414,USD,DefiLlama Stablecoins,2026-09-14T19:58:49.486604Z,current,retrieval_time_proxy,OK
2026-09-14T19:00:00Z,2026-09-14T19:58:47.998077Z,TGA_CLOSING_BALANCE,818110.0,USD millions,US Treasury FiscalData:DTS operating_cash_balance,2026-09-10T00:00:00Z,business_daily,official_record_date,OK
2026-09-14T19:00:00Z,2026-09-14T19:58:47.998077Z,US10Y,4.97,percent,US Treasury:daily_treasury_yield_curve,2026-09-14T00:00:00,daily,official_observation_date,OK
2026-09-14T19:00:00Z,2026-09-14T19:58:47.998077Z,US10Y_REAL,2.6,percent,US Treasury:daily_treasury_real_yield_curve,2026-09-14T00:00:00,daily,official_observation_date,OK
2026-09-14T19:00:00Z,2026-09-14T19:58:47.998077Z,US2Y,4.65,percent,US Treasury:daily_treasury_yield_curve,2026-09-14T00:00:00,daily,official_observation_date,OK
2026-09-14T19:00:00Z,2026-09-14T19:58:47.998077Z,US30Y,5.34,percent,US Treasury:daily_treasury_yield_curve,2026-09-14T00:00:00,daily,official_observation_date,OK
2026-09-14T19:00:00Z,2026-09-14T19:58:47.998077Z,USDC_SUPPLY,74312986052.13612,USD,DefiLlama Stablecoins,2026-09-14T19:58:49.486604Z,current,retrieval_time_proxy,OK
2026-09-14T19:00:00Z,2026-09-14T19:58:47.998077Z,USDT_SUPPLY,183373355121.14078,USD,DefiLlama Stablecoins,2026-09-14T19:58:49.486604Z,current,retrieval_time_proxy,OK
2026-09-14T20:00:00Z,2026-09-14T20:58:58.509549Z,BTC_DOMINANCE,58.39207559536814,percent,CoinGecko Global,2026-09-14T20:51:54Z,current,source_updated_at,OK
2026-09-14T20:00:00Z,2026-09-14T20:58:58.509549Z,CRYPTO_24H_VOLUME,90487883733.13036,USD,CoinGecko Global,2026-09-14T20:51:54Z,current,source_updated_at,OK
2026-09-14T20:00:00Z,2026-09-14T20:58:58.509549Z,CRYPTO_TOTAL_MCAP,2713684137250.3833,USD,CoinGecko Global,2026-09-14T20:51:54Z,current,source_updated_at,OK
2026-09-14T20:00:00Z,2026-09-14T20:58:58.509549Z,EFFR,3.63,percent,New York Fed Markets API,2026-09-11T00:00:00Z,business_daily,official_effective_date,OK
2026-09-14T20:00:00Z,2026-09-14T20:58:58.509549Z,ETH_DOMINANCE,11.569709305113193,percent,CoinGecko Global,2026-09-14T20:51:54Z,current,source_updated_at,OK
2026-09-14T20:00:00Z,2026-09-14T20:58:58.509549Z,SOFR,3.62,percent,New York Fed Markets API,2026-09-11T00:00:00Z,business_daily,official_effective_date,OK
2026-09-14T20:00:00Z,2026-09-14T20:58:58.509549Z,STABLECOIN_TOTAL_SUPPLY,312223795739.8089,USD,DefiLlama Stablecoins,2026-09-14T20:58:59.851766Z,current,retrieval_time_proxy,OK
2026-09-14T20:00:00Z,2026-09-14T20:58:58.509549Z,TGA_CLOSING_BALANCE,822200.0,USD millions,US Treasury FiscalData:DTS operating_cash_balance,2026-09-11T00:00:00Z,business_daily,official_record_date,OK
2026-09-14T20:00:00Z,2026-09-14T20:58:58.509549Z,US10Y,4.97,percent,US Treasury:daily_treasury_yield_curve,2026-09-14T00:00:00,daily,official_observation_date,OK
2026-09-14T20:00:00Z,2026-09-14T20:58:58.509549Z,US10Y_REAL,2.6,percent,US Treasury:daily_treasury_real_yield_curve,2026-09-14T00:00:00,daily,official_observation_date,OK
2026-09-14T20:00:00Z,2026-09-14T20:58:58.509549Z,US2Y,4.65,percent,US Treasury:daily_treasury_yield_curve,2026-09-14T00:00:00,daily,official_observation_date,OK
2026-09-14T20:00:00Z,2026-09-14T20:58:58.509549Z,US30Y,5.34,percent,US Treasury:daily_treasury_yield_curve,2026-09-14T00:00:00,daily,official_observation_date,OK
2026-09-14T20:00:00Z,2026-09-14T20:58:58.509549Z,USDC_SUPPLY,74336260544.67978,USD,DefiLlama Stablecoins,2026-09-14T20:58:59.851766Z,current,retrieval_time_proxy,OK
2026-09-14T20:00:00Z,2026-09-14T20:58:58.509549Z,USDT_SUPPLY,183377589677.5423,USD,DefiLlama Stablecoins,2026-09-14T20:58:59.851766Z,current,retrieval_time_proxy,OK
2026-09-14T21:00:00Z,2026-09-14T21:59:18.216188Z,BTC_DOMINANCE,58.47900662018832,percent,CoinGecko Global,2026-09-14T21:52:03Z,current,source_updated_at,OK
2026-09-14T21:00:00Z,2026-09-14T21:59:18.216188Z,CRYPTO_24H_VOLUME,92984332588.10335,USD,CoinGecko Global,2026-09-14T21:52:03Z,current,source_updated_at,OK
2026-09-14T21:00:00Z,2026-09-14T21:59:18.216188Z,CRYPTO_TOTAL_MCAP,2699270478507.068,USD,CoinGecko Global,2026-09-14T21:52:03Z,current,source_updated_at,OK
2026-09-14T21:00:00Z,2026-09-14T21:59:18.216188Z,EFFR,3.63,percent,New York Fed Markets API,2026-09-11T00:00:00Z,business_daily,official_effective_date,OK
2026-09-14T21:00:00Z,2026-09-14T21:59:18.216188Z,ETH_DOMINANCE,11.494841270114968,percent,CoinGecko Global,2026-09-14T21:52:03Z,current,source_updated_at,OK
2026-09-14T21:00:00Z,2026-09-14T21:59:18.216188Z,SOFR,3.62,percent,New York Fed Markets API,2026-09-11T00:00:00Z,business_daily,official_effective_date,OK
2026-09-14T21:00:00Z,2026-09-14T21:59:18.216188Z,STABLECOIN_TOTAL_SUPPLY,312261586907.8084,USD,DefiLlama Stablecoins,2026-09-14T21:59:19.746587Z,current,retrieval_time_proxy,OK
2026-09-14T21:00:00Z,2026-09-14T21:59:18.216188Z,TGA_CLOSING_BALANCE,822200.0,USD millions,US Treasury FiscalData:DTS operating_cash_balance,2026-09-11T00:00:00Z,business_daily,official_record_date,OK
2026-09-14T21:00:00Z,2026-09-14T21:59:18.216188Z,US10Y,4.97,percent,US Treasury:daily_treasury_yield_curve,2026-09-14T00:00:00,daily,official_observation_date,OK
2026-09-14T21:00:00Z,2026-09-14T21:59:18.216188Z,US10Y_REAL,2.6,percent,US Treasury:daily_treasury_real_yield_curve,2026-09-14T00:00:00,daily,official_observation_date,OK
2026-09-14T21:00:00Z,2026-09-14T21:59:18.216188Z,US2Y,4.65,percent,US Treasury:daily_treasury_yield_curve,2026-09-14T00:00:00,daily,official_observation_date,OK
2026-09-14T21:00:00Z,2026-09-14T21:59:18.216188Z,US30Y,5.34,percent,US Treasury:daily_treasury_yield_curve,2026-09-14T00:00:00,daily,official_observation_date,OK
2026-09-14T21:00:00Z,2026-09-14T21:59:18.216188Z,USDC_SUPPLY,74365310161.24574,USD,DefiLlama Stablecoins,2026-09-14T21:59:19.746587Z,current,retrieval_time_proxy,OK
2026-09-14T21:00:00Z,2026-09-14T21:59:18.216188Z,USDT_SUPPLY,183375050807.01617,USD,DefiLlama Stablecoins,2026-09-14T21:59:19.746587Z,current,retrieval_time_proxy,OK
2026-09-14T22:00:00Z,2026-09-14T22:58:15.088188Z,BTC_DOMINANCE,58.478847685008795,percent,CoinGecko Global,2026-09-14T22:52:10Z,current,source_updated_at,OK
2026-09-14T22:00:00Z,2026-09-14T22:58:15.088188Z,CRYPTO_24H_VOLUME,91843433473.23068,USD,CoinGecko Global,2026-09-14T22:52:10Z,current,source_updated_at,OK
2026-09-14T22:00:00Z,2026-09-14T22:58:15.088188Z,CRYPTO_TOTAL_MCAP,2690755054724.8906,USD,CoinGecko Global,2026-09-14T22:52:10Z,current,source_updated_at,OK
2026-09-14T22:00:00Z,2026-09-14T22:58:15.088188Z,EFFR,3.63,percent,New York Fed Markets API,2026-09-11T00:00:00Z,business_daily,official_effective_date,OK
2026-09-14T22:00:00Z,2026-09-14T22:58:15.088188Z,ETH_DOMINANCE,11.466463542932168,percent,CoinGecko Global,2026-09-14T22:52:10Z,current,source_updated_at,OK
2026-09-14T22:00:00Z,2026-09-14T22:58:15.088188Z,SOFR,3.62,percent,New York Fed Markets API,2026-09-11T00:00:00Z,business_daily,official_effective_date,OK
2026-09-14T22:00:00Z,2026-09-14T22:58:15.088188Z,STABLECOIN_TOTAL_SUPPLY,312325268351.2951,USD,DefiLlama Stablecoins,2026-09-14T22:58:16.690571Z,current,retrieval_time_proxy,OK
2026-09-14T22:00:00Z,2026-09-14T22:58:15.088188Z,TGA_CLOSING_BALANCE,822200.0,USD millions,US Treasury FiscalData:DTS operating_cash_balance,2026-09-11T00:00:00Z,business_daily,official_record_date,OK
2026-09-14T22:00:00Z,2026-09-14T22:58:15.088188Z,US10Y,4.97,percent,US Treasury:daily_treasury_yield_curve,2026-09-14T00:00:00,daily,official_observation_date,OK
2026-09-14T22:00:00Z,2026-09-14T22:58:15.088188Z,US10Y_REAL,2.6,percent,US Treasury:daily_treasury_real_yield_curve,2026-09-14T00:00:00,daily,official_observation_date,OK
2026-09-14T22:00:00Z,2026-09-14T22:58:15.088188Z,US2Y,4.65,percent,US Treasury:daily_treasury_yield_curve,2026-09-14T00:00:00,daily,official_observation_date,OK
2026-09-14T22:00:00Z,2026-09-14T22:58:15.088188Z,US30Y,5.34,percent,US Treasury:daily_treasury_yield_curve,2026-09-14T00:00:00,daily,official_observation_date,OK
2026-09-14T22:00:00Z,2026-09-14T22:58:15.088188Z,USDC_SUPPLY,74435102511.59827,USD,DefiLlama Stablecoins,2026-09-14T22:58:16.690571Z,current,retrieval_time_proxy,OK
2026-09-14T22:00:00Z,2026-09-14T22:58:15.088188Z,USDT_SUPPLY,183380760886.13742,USD,DefiLlama Stablecoins,2026-09-14T22:58:16.690571Z,current,retrieval_time_proxy,OK
2026-09-14T23:00:00Z,2026-09-14T23:58:25.622154Z,BTC_DOMINANCE,58.47910060066518,percent,CoinGecko Global,2026-09-14T23:52:14Z,current,source_updated_at,OK
2026-09-14T23:00:00Z,2026-09-14T23:58:25.622154Z,CRYPTO_24H_VOLUME,91087526967.98605,USD,CoinGecko Global,2026-09-14T23:52:14Z,current,source_updated_at,OK
2026-09-14T23:00:00Z,2026-09-14T23:58:25.622154Z,CRYPTO_TOTAL_MCAP,2679487671503.989,USD,CoinGecko Global,2026-09-14T23:52:14Z,current,source_updated_at,OK
2026-09-14T23:00:00Z,2026-09-14T23:58:25.622154Z,EFFR,3.63,percent,New York Fed Markets API,2026-09-11T00:00:00Z,business_daily,official_effective_date,OK
2026-09-14T23:00:00Z,2026-09-14T23:58:25.622154Z,ETH_DOMINANCE,11.426175160257587,percent,CoinGecko Global,2026-09-14T23:52:14Z,current,source_updated_at,OK
2026-09-14T23:00:00Z,2026-09-14T23:58:25.622154Z,SOFR,3.62,percent,New York Fed Markets API,2026-09-11T00:00:00Z,business_daily,official_effective_date,OK
2026-09-14T23:00:00Z,2026-09-14T23:58:25.622154Z,STABLECOIN_TOTAL_SUPPLY,312337101886.1707,USD,DefiLlama Stablecoins,2026-09-14T23:58:27.347414Z,current,retrieval_time_proxy,OK
2026-09-14T23:00:00Z,2026-09-14T23:58:25.622154Z,TGA_CLOSING_BALANCE,822200.0,USD millions,US Treasury FiscalData:DTS operating_cash_balance,2026-09-11T00:00:00Z,business_daily,official_record_date,OK
2026-09-14T23:00:00Z,2026-09-14T23:58:25.622154Z,US10Y,4.97,percent,US Treasury:daily_treasury_yield_curve,2026-09-14T00:00:00,daily,official_observation_date,OK
2026-09-14T23:00:00Z,2026-09-14T23:58:25.622154Z,US10Y_REAL,2.6,percent,US Treasury:daily_treasury_real_yield_curve,2026-09-14T00:00:00,daily,official_observation_date,OK
2026-09-14T23:00:00Z,2026-09-14T23:58:25.622154Z,US2Y,4.65,percent,US Treasury:daily_treasury_yield_curve,2026-09-14T00:00:00,daily,official_observation_date,OK
2026-09-14T23:00:00Z,2026-09-14T23:58:25.622154Z,US30Y,5.34,percent,US Treasury:daily_treasury_yield_curve,2026-09-14T00:00:00,daily,official_observation_date,OK
2026-09-14T23:00:00Z,2026-09-14T23:58:25.622154Z,USDC_SUPPLY,74446013807.61261,USD,DefiLlama Stablecoins,2026-09-14T23:58:27.347414Z,current,retrieval_time_proxy,OK
2026-09-14T23:00:00Z,2026-09-14T23:58:25.622154Z,USDT_SUPPLY,183370584010.68515,USD,DefiLlama Stablecoins,2026-09-14T23:58:27.347414Z,current,retrieval_time_proxy,OK
2026-09-15T01:00:00Z,2026-09-15T01:00:43.297382Z,BTC_DOMINANCE,58.410160169274825,percent,CoinGecko Global,2026-09-15T00:52:19Z,current,source_updated_at,OK
2026-09-15T01:00:00Z,2026-09-15T01:00:43.297382Z,CRYPTO_24H_VOLUME,90647841719.91223,USD,CoinGecko Global,2026-09-15T00:52:19Z,current,source_updated_at,OK
2026-09-15T01:00:00Z,2026-09-15T01:00:43.297382Z,CRYPTO_TOTAL_MCAP,2674246269087.284,USD,CoinGecko Global,2026-09-15T00:52:19Z,current,source_updated_at,OK
2026-09-15T01:00:00Z,2026-09-15T01:00:43.297382Z,EFFR,3.63,percent,New York Fed Markets API,2026-09-11T00:00:00Z,business_daily,official_effective_date,OK
2026-09-15T01:00:00Z,2026-09-15T01:00:43.297382Z,ETH_DOMINANCE,11.449913790001347,percent,CoinGecko Global,2026-09-15T00:52:19Z,current,source_updated_at,OK
2026-09-15T01:00:00Z,2026-09-15T01:00:43.297382Z,SOFR,3.62,percent,New York Fed Markets API,2026-09-11T00:00:00Z,business_daily,official_effective_date,OK
2026-09-15T01:00:00Z,2026-09-15T01:00:43.297382Z,STABLECOIN_TOTAL_SUPPLY,312430412667.28705,USD,DefiLlama Stablecoins,2026-09-15T01:00:45.693467Z,current,retrieval_time_proxy,OK
2026-09-15T01:00:00Z,2026-09-15T01:00:43.297382Z,TGA_CLOSING_BALANCE,822200.0,USD millions,US Treasury FiscalData:DTS operating_cash_balance,2026-09-11T00:00:00Z,business_daily,official_record_date,OK
2026-09-15T01:00:00Z,2026-09-15T01:00:43.297382Z,US10Y,4.97,percent,US Treasury:daily_treasury_yield_curve,2026-09-14T00:00:00,daily,official_observation_date,OK
2026-09-15T01:00:00Z,2026-09-15T01:00:43.297382Z,US10Y_REAL,2.6,percent,US Treasury:daily_treasury_real_yield_curve,2026-09-14T00:00:00,daily,official_observation_date,OK
2026-09-15T01:00:00Z,2026-09-15T01:00:43.297382Z,US2Y,4.65,percent,US Treasury:daily_treasury_yield_curve,2026-09-14T00:00:00,daily,official_observation_date,OK
2026-09-15T01:00:00Z,2026-09-15T01:00:43.297382Z,US30Y,5.34,percent,US Treasury:daily_treasury_yield_curve,2026-09-14T00:00:00,daily,official_observation_date,OK
2026-09-15T01:00:00Z,2026-09-15T01:00:43.297382Z,USDC_SUPPLY,74424379069.52205,USD,DefiLlama Stablecoins,2026-09-15T01:00:45.693467Z,current,retrieval_time_proxy,OK
2026-09-15T01:00:00Z,2026-09-15T01:00:43.297382Z,USDT_SUPPLY,183381773946.95837,USD,DefiLlama Stablecoins,2026-09-15T01:00:45.693467Z,current,retrieval_time_proxy,OK
2026-09-15T02:00:00Z,2026-09-15T02:59:54.714655Z,BTC_DOMINANCE,58.35852883680227,percent,CoinGecko Global,2026-09-15T02:52:31Z,current,source_updated_at,OK
2026-09-15T02:00:00Z,2026-09-15T02:59:54.714655Z,CRYPTO_24H_VOLUME,89207235821.33311,USD,CoinGecko Global,2026-09-15T02:52:31Z,current,source_updated_at,OK
2026-09-15T02:00:00Z,2026-09-15T02:59:54.714655Z,CRYPTO_TOTAL_MCAP,2669657876604.766,USD,CoinGecko Global,2026-09-15T02:52:31Z,current,source_updated_at,OK
2026-09-15T02:00:00Z,2026-09-15T02:59:54.714655Z,EFFR,3.63,percent,New York Fed Markets API,2026-09-11T00:00:00Z,business_daily,official_effective_date,OK
2026-09-15T02:00:00Z,2026-09-15T02:59:54.714655Z,ETH_DOMINANCE,11.443290549079032,percent,CoinGecko Global,2026-09-15T02:52:31Z,current,source_updated_at,OK
2026-09-15T02:00:00Z,2026-09-15T02:59:54.714655Z,SOFR,3.62,percent,New York Fed Markets API,2026-09-11T00:00:00Z,business_daily,official_effective_date,OK
2026-09-15T02:00:00Z,2026-09-15T02:59:54.714655Z,STABLECOIN_TOTAL_SUPPLY,312452513774.106,USD,DefiLlama Stablecoins,2026-09-15T02:59:56.130448Z,current,retrieval_time_proxy,OK
2026-09-15T02:00:00Z,2026-09-15T02:59:54.714655Z,TGA_CLOSING_BALANCE,822200.0,USD millions,US Treasury FiscalData:DTS operating_cash_balance,2026-09-11T00:00:00Z,business_daily,official_record_date,OK
2026-09-15T02:00:00Z,2026-09-15T02:59:54.714655Z,US10Y,4.97,percent,US Treasury:daily_treasury_yield_curve,2026-09-14T00:00:00,daily,official_observation_date,OK
2026-09-15T02:00:00Z,2026-09-15T02:59:54.714655Z,US10Y_REAL,2.6,percent,US Treasury:daily_treasury_real_yield_curve,2026-09-14T00:00:00,daily,official_observation_date,OK
2026-09-15T02:00:00Z,2026-09-15T02:59:54.714655Z,US2Y,4.65,percent,US Treasury:daily_treasury_yield_curve,2026-09-14T00:00:00,daily,official_observation_date,OK
2026-09-15T02:00:00Z,2026-09-15T02:59:54.714655Z,US30Y,5.34,percent,US Treasury:daily_treasury_yield_curve,2026-09-14T00:00:00,daily,official_observation_date,OK
2026-09-15T02:00:00Z,2026-09-15T02:59:54.714655Z,USDC_SUPPLY,74420962838.1456,USD,DefiLlama Stablecoins,2026-09-15T02:59:56.130448Z,current,retrieval_time_proxy,OK
2026-09-15T02:00:00Z,2026-09-15T02:59:54.714655Z,USDT_SUPPLY,183373950348.89282,USD,DefiLlama Stablecoins,2026-09-15T02:59:56.130448Z,current,retrieval_time_proxy,OK
2026-09-15T03:00:00Z,2026-09-15T03:59:54.847705Z,BTC_DOMINANCE,58.397403774228906,percent,CoinGecko Global,2026-09-15T03:52:36Z,current,source_updated_at,OK
2026-09-15T03:00:00Z,2026-09-15T03:59:54.847705Z,CRYPTO_24H_VOLUME,88164292665.76805,USD,CoinGecko Global,2026-09-15T03:52:36Z,current,source_updated_at,OK
2026-09-15T03:00:00Z,2026-09-15T03:59:54.847705Z,CRYPTO_TOTAL_MCAP,2663938333204.605,USD,CoinGecko Global,2026-09-15T03:52:36Z,current,source_updated_at,OK
2026-09-15T03:00:00Z,2026-09-15T03:59:54.847705Z,EFFR,3.63,percent,New York Fed Markets API,2026-09-11T00:00:00Z,business_daily,official_effective_date,OK
2026-09-15T03:00:00Z,2026-09-15T03:59:54.847705Z,ETH_DOMINANCE,11.420842749563446,percent,CoinGecko Global,2026-09-15T03:52:36Z,current,source_updated_at,OK
2026-09-15T03:00:00Z,2026-09-15T03:59:54.847705Z,SOFR,3.62,percent,New York Fed Markets API,2026-09-11T00:00:00Z,business_daily,official_effective_date,OK
2026-09-15T03:00:00Z,2026-09-15T03:59:54.847705Z,STABLECOIN_TOTAL_SUPPLY,312473363693.61005,USD,DefiLlama Stablecoins,2026-09-15T03:59:56.629903Z,current,retrieval_time_proxy,OK
2026-09-15T03:00:00Z,2026-09-15T03:59:54.847705Z,TGA_CLOSING_BALANCE,822200.0,USD millions,US Treasury FiscalData:DTS operating_cash_balance,2026-09-11T00:00:00Z,business_daily,official_record_date,OK
2026-09-15T03:00:00Z,2026-09-15T03:59:54.847705Z,US10Y,4.97,percent,US Treasury:daily_treasury_yield_curve,2026-09-14T00:00:00,daily,official_observation_date,OK
2026-09-15T03:00:00Z,2026-09-15T03:59:54.847705Z,US10Y_REAL,2.6,percent,US Treasury:daily_treasury_real_yield_curve,2026-09-14T00:00:00,daily,official_observation_date,OK
2026-09-15T03:00:00Z,2026-09-15T03:59:54.847705Z,US2Y,4.65,percent,US Treasury:daily_treasury_yield_curve,2026-09-14T00:00:00,daily,official_observation_date,OK
2026-09-15T03:00:00Z,2026-09-15T03:59:54.847705Z,US30Y,5.34,percent,US Treasury:daily_treasury_yield_curve,2026-09-14T00:00:00,daily,official_observation_date,OK
2026-09-15T03:00:00Z,2026-09-15T03:59:54.847705Z,USDC_SUPPLY,74439182564.71521,USD,DefiLlama Stablecoins,2026-09-15T03:59:56.629903Z,current,retrieval_time_proxy,OK
2026-09-15T03:00:00Z,2026-09-15T03:59:54.847705Z,USDT_SUPPLY,183369753690.48273,USD,DefiLlama Stablecoins,2026-09-15T03:59:56.629903Z,current,retrieval_time_proxy,OK
2026-09-15T04:00:00Z,2026-09-15T04:59:42.542889Z,BTC_DOMINANCE,58.388333213526224,percent,CoinGecko Global,2026-09-15T04:52:41Z,current,source_updated_at,OK
2026-09-15T04:00:00Z,2026-09-15T04:59:42.542889Z,CRYPTO_24H_VOLUME,88710889199.62746,USD,CoinGecko Global,2026-09-15T04:52:41Z,current,source_updated_at,OK
2026-09-15T04:00:00Z,2026-09-15T04:59:42.542889Z,CRYPTO_TOTAL_MCAP,2659414312653.29,USD,CoinGecko Global,2026-09-15T04:52:41Z,current,source_updated_at,OK
2026-09-15T04:00:00Z,2026-09-15T04:59:42.542889Z,EFFR,3.63,percent,New York Fed Markets API,2026-09-11T00:00:00Z,business_daily,official_effective_date,OK
2026-09-15T04:00:00Z,2026-09-15T04:59:42.542889Z,ETH_DOMINANCE,11.40135874115189,percent,CoinGecko Global,2026-09-15T04:52:41Z,current,source_updated_at,OK
2026-09-15T04:00:00Z,2026-09-15T04:59:42.542889Z,SOFR,3.62,percent,New York Fed Markets API,2026-09-11T00:00:00Z,business_daily,official_effective_date,OK
2026-09-15T04:00:00Z,2026-09-15T04:59:42.542889Z,STABLECOIN_TOTAL_SUPPLY,312403013980.5252,USD,DefiLlama Stablecoins,2026-09-15T04:59:44.870385Z,current,retrieval_time_proxy,OK
2026-09-15T04:00:00Z,2026-09-15T04:59:42.542889Z,TGA_CLOSING_BALANCE,822200.0,USD millions,US Treasury FiscalData:DTS operating_cash_balance,2026-09-11T00:00:00Z,business_daily,official_record_date,OK
2026-09-15T04:00:00Z,2026-09-15T04:59:42.542889Z,US10Y,4.97,percent,US Treasury:daily_treasury_yield_curve,2026-09-14T00:00:00,daily,official_observation_date,OK
2026-09-15T04:00:00Z,2026-09-15T04:59:42.542889Z,US10Y_REAL,2.6,percent,US Treasury:daily_treasury_real_yield_curve,2026-09-14T00:00:00,daily,official_observation_date,OK
2026-09-15T04:00:00Z,2026-09-15T04:59:42.542889Z,US2Y,4.65,percent,US Treasury:daily_treasury_yield_curve,2026-09-14T00:00:00,daily,official_observation_date,OK
2026-09-15T04:00:00Z,2026-09-15T04:59:42.542889Z,US30Y,5.34,percent,US Treasury:daily_treasury_yield_curve,2026-09-14T00:00:00,daily,official_observation_date,OK
2026-09-15T04:00:00Z,2026-09-15T04:59:42.542889Z,USDC_SUPPLY,74397394524.93686,USD,DefiLlama Stablecoins,2026-09-15T04:59:44.870385Z,current,retrieval_time_proxy,OK
2026-09-15T04:00:00Z,2026-09-15T04:59:42.542889Z,USDT_SUPPLY,183367800155.44687,USD,DefiLlama Stablecoins,2026-09-15T04:59:44.870385Z,current,retrieval_time_proxy,OK
2026-09-15T05:00:00Z,2026-09-15T05:59:21.733038Z,BTC_DOMINANCE,58.38064070432246,percent,CoinGecko Global,2026-09-15T05:52:46Z,current,source_updated_at,OK
2026-09-15T05:00:00Z,2026-09-15T05:59:21.733038Z,CRYPTO_24H_VOLUME,89606077483.25082,USD,CoinGecko Global,2026-09-15T05:52:46Z,current,source_updated_at,OK
2026-09-15T05:00:00Z,2026-09-15T05:59:21.733038Z,CRYPTO_TOTAL_MCAP,2660770869493.4565,USD,CoinGecko Global,2026-09-15T05:52:46Z,current,source_updated_at,OK
2026-09-15T05:00:00Z,2026-09-15T05:59:21.733038Z,EFFR,3.63,percent,New York Fed Markets API,2026-09-11T00:00:00Z,business_daily,official_effective_date,OK
2026-09-15T05:00:00Z,2026-09-15T05:59:21.733038Z,ETH_DOMINANCE,11.413758720606795,percent,CoinGecko Global,2026-09-15T05:52:46Z,current,source_updated_at,OK
2026-09-15T05:00:00Z,2026-09-15T05:59:21.733038Z,SOFR,3.62,percent,New York Fed Markets API,2026-09-11T00:00:00Z,business_daily,official_effective_date,OK
2026-09-15T05:00:00Z,2026-09-15T05:59:21.733038Z,STABLECOIN_TOTAL_SUPPLY,312365339312.69244,USD,DefiLlama Stablecoins,2026-09-15T05:59:23.871049Z,current,retrieval_time_proxy,OK
2026-09-15T05:00:00Z,2026-09-15T05:59:21.733038Z,TGA_CLOSING_BALANCE,822200.0,USD millions,US Treasury FiscalData:DTS operating_cash_balance,2026-09-11T00:00:00Z,business_daily,official_record_date,OK
2026-09-15T05:00:00Z,2026-09-15T05:59:21.733038Z,US10Y,4.97,percent,US Treasury:daily_treasury_yield_curve,2026-09-14T00:00:00,daily,official_observation_date,OK
2026-09-15T05:00:00Z,2026-09-15T05:59:21.733038Z,US10Y_REAL,2.6,percent,US Treasury:daily_treasury_real_yield_curve,2026-09-14T00:00:00,daily,official_observation_date,OK
2026-09-15T05:00:00Z,2026-09-15T05:59:21.733038Z,US2Y,4.65,percent,US Treasury:daily_treasury_yield_curve,2026-09-14T00:00:00,daily,official_observation_date,OK
2026-09-15T05:00:00Z,2026-09-15T05:59:21.733038Z,US30Y,5.34,percent,US Treasury:daily_treasury_yield_curve,2026-09-14T00:00:00,daily,official_observation_date,OK
2026-09-15T05:00:00Z,2026-09-15T05:59:21.733038Z,USDC_SUPPLY,74368163858.65453,USD,DefiLlama Stablecoins,2026-09-15T05:59:23.871049Z,current,retrieval_time_proxy,OK
2026-09-15T05:00:00Z,2026-09-15T05:59:21.733038Z,USDT_SUPPLY,183358634277.81546,USD,DefiLlama Stablecoins,2026-09-15T05:59:23.871049Z,current,retrieval_time_proxy,OK
2026-09-15T07:00:00Z,2026-09-15T07:59:57.047862Z,BTC_DOMINANCE,58.35088050072835,percent,CoinGecko Global,2026-09-15T07:52:56Z,current,source_updated_at,OK
2026-09-15T07:00:00Z,2026-09-15T07:59:57.047862Z,CRYPTO_24H_VOLUME,88852963465.00308,USD,CoinGecko Global,2026-09-15T07:52:56Z,current,source_updated_at,OK
2026-09-15T07:00:00Z,2026-09-15T07:59:57.047862Z,CRYPTO_TOTAL_MCAP,2639968592932.4604,USD,CoinGecko Global,2026-09-15T07:52:56Z,current,source_updated_at,OK
2026-09-15T07:00:00Z,2026-09-15T07:59:57.047862Z,EFFR,3.63,percent,New York Fed Markets API,2026-09-11T00:00:00Z,business_daily,official_effective_date,OK
2026-09-15T07:00:00Z,2026-09-15T07:59:57.047862Z,ETH_DOMINANCE,11.40183056841253,percent,CoinGecko Global,2026-09-15T07:52:56Z,current,source_updated_at,OK
2026-09-15T07:00:00Z,2026-09-15T07:59:57.047862Z,SOFR,3.62,percent,New York Fed Markets API,2026-09-11T00:00:00Z,business_daily,official_effective_date,OK
2026-09-15T07:00:00Z,2026-09-15T07:59:57.047862Z,STABLECOIN_TOTAL_SUPPLY,311987590870.3874,USD,DefiLlama Stablecoins,2026-09-15T07:59:58.836080Z,current,retrieval_time_proxy,OK
2026-09-15T07:00:00Z,2026-09-15T07:59:57.047862Z,TGA_CLOSING_BALANCE,822200.0,USD millions,US Treasury FiscalData:DTS operating_cash_balance,2026-09-11T00:00:00Z,business_daily,official_record_date,OK
2026-09-15T07:00:00Z,2026-09-15T07:59:57.047862Z,US10Y,4.97,percent,US Treasury:daily_treasury_yield_curve,2026-09-14T00:00:00,daily,official_observation_date,OK
2026-09-15T07:00:00Z,2026-09-15T07:59:57.047862Z,US10Y_REAL,2.6,percent,US Treasury:daily_treasury_real_yield_curve,2026-09-14T00:00:00,daily,official_observation_date,OK
2026-09-15T07:00:00Z,2026-09-15T07:59:57.047862Z,US2Y,4.65,percent,US Treasury:daily_treasury_yield_curve,2026-09-14T00:00:00,daily,official_observation_date,OK
2026-09-15T07:00:00Z,2026-09-15T07:59:57.047862Z,US30Y,5.34,percent,US Treasury:daily_treasury_yield_curve,2026-09-14T00:00:00,daily,official_observation_date,OK
2026-09-15T07:00:00Z,2026-09-15T07:59:57.047862Z,USDC_SUPPLY,74374466340.2289,USD,DefiLlama Stablecoins,2026-09-15T07:59:58.836080Z,current,retrieval_time_proxy,OK
2026-09-15T07:00:00Z,2026-09-15T07:59:57.047862Z,USDT_SUPPLY,183360602299.67236,USD,DefiLlama Stablecoins,2026-09-15T07:59:58.836080Z,current,retrieval_time_proxy,OK
2026-09-15T09:00:00Z,2026-09-15T09:02:04.072903Z,BTC_DOMINANCE,58.32369939784918,percent,CoinGecko Global,2026-09-15T08:53:02Z,current,source_updated_at,OK
2026-09-15T09:00:00Z,2026-09-15T09:02:04.072903Z,CRYPTO_24H_VOLUME,89755853965.58813,USD,CoinGecko Global,2026-09-15T08:53:02Z,current,source_updated_at,OK
2026-09-15T09:00:00Z,2026-09-15T09:02:04.072903Z,CRYPTO_TOTAL_MCAP,2638740652984.622,USD,CoinGecko Global,2026-09-15T08:53:02Z,current,source_updated_at,OK
2026-09-15T09:00:00Z,2026-09-15T09:02:04.072903Z,EFFR,3.63,percent,New York Fed Markets API,2026-09-11T00:00:00Z,business_daily,official_effective_date,OK
2026-09-15T09:00:00Z,2026-09-15T09:02:04.072903Z,ETH_DOMINANCE,11.403441762764652,percent,CoinGecko Global,2026-09-15T08:53:02Z,current,source_updated_at,OK
2026-09-15T09:00:00Z,2026-09-15T09:02:04.072903Z,SOFR,3.62,percent,New York Fed Markets API,2026-09-11T00:00:00Z,business_daily,official_effective_date,OK
2026-09-15T09:00:00Z,2026-09-15T09:02:04.072903Z,STABLECOIN_TOTAL_SUPPLY,311955941366.0534,USD,DefiLlama Stablecoins,2026-09-15T09:02:05.492085Z,current,retrieval_time_proxy,OK
2026-09-15T09:00:00Z,2026-09-15T09:02:04.072903Z,TGA_CLOSING_BALANCE,822200.0,USD millions,US Treasury FiscalData:DTS operating_cash_balance,2026-09-11T00:00:00Z,business_daily,official_record_date,OK
2026-09-15T09:00:00Z,2026-09-15T09:02:04.072903Z,US10Y,4.97,percent,US Treasury:daily_treasury_yield_curve,2026-09-14T00:00:00,daily,official_observation_date,OK
2026-09-15T09:00:00Z,2026-09-15T09:02:04.072903Z,US10Y_REAL,2.6,percent,US Treasury:daily_treasury_real_yield_curve,2026-09-14T00:00:00,daily,official_observation_date,OK
2026-09-15T09:00:00Z,2026-09-15T09:02:04.072903Z,US2Y,4.65,percent,US Treasury:daily_treasury_yield_curve,2026-09-14T00:00:00,daily,official_observation_date,OK
2026-09-15T09:00:00Z,2026-09-15T09:02:04.072903Z,US30Y,5.34,percent,US Treasury:daily_treasury_yield_curve,2026-09-14T00:00:00,daily,official_observation_date,OK
2026-09-15T09:00:00Z,2026-09-15T09:02:04.072903Z,USDC_SUPPLY,74349913456.37462,USD,DefiLlama Stablecoins,2026-09-15T09:02:05.492085Z,current,retrieval_time_proxy,OK
2026-09-15T09:00:00Z,2026-09-15T09:02:04.072903Z,USDT_SUPPLY,183358409264.08972,USD,DefiLlama Stablecoins,2026-09-15T09:02:05.492085Z,current,retrieval_time_proxy,OK
2026-09-15T10:00:00Z,2026-09-15T10:59:19.964963Z,BTC_DOMINANCE,58.83225965353619,percent,CoinGecko Global,2026-09-15T10:53:12Z,current,source_updated_at,OK
2026-09-15T10:00:00Z,2026-09-15T10:59:19.964963Z,CRYPTO_24H_VOLUME,88957347076.30267,USD,CoinGecko Global,2026-09-15T10:53:12Z,current,source_updated_at,OK
2026-09-15T10:00:00Z,2026-09-15T10:59:19.964963Z,CRYPTO_TOTAL_MCAP,2626275460012.9023,USD,CoinGecko Global,2026-09-15T10:53:12Z,current,source_updated_at,OK
2026-09-15T10:00:00Z,2026-09-15T10:59:19.964963Z,EFFR,3.63,percent,New York Fed Markets API,2026-09-11T00:00:00Z,business_daily,official_effective_date,OK
2026-09-15T10:00:00Z,2026-09-15T10:59:19.964963Z,ETH_DOMINANCE,11.509635564007436,percent,CoinGecko Global,2026-09-15T10:53:12Z,current,source_updated_at,OK
2026-09-15T10:00:00Z,2026-09-15T10:59:19.964963Z,SOFR,3.62,percent,New York Fed Markets API,2026-09-11T00:00:00Z,business_daily,official_effective_date,OK
2026-09-15T10:00:00Z,2026-09-15T10:59:19.964963Z,STABLECOIN_TOTAL_SUPPLY,311773155977.1823,USD,DefiLlama Stablecoins,2026-09-15T10:59:21.581469Z,current,retrieval_time_proxy,OK
2026-09-15T10:00:00Z,2026-09-15T10:59:19.964963Z,TGA_CLOSING_BALANCE,822200.0,USD millions,US Treasury FiscalData:DTS operating_cash_balance,2026-09-11T00:00:00Z,business_daily,official_record_date,OK
2026-09-15T10:00:00Z,2026-09-15T10:59:19.964963Z,US10Y,4.97,percent,US Treasury:daily_treasury_yield_curve,2026-09-14T00:00:00,daily,official_observation_date,OK
2026-09-15T10:00:00Z,2026-09-15T10:59:19.964963Z,US10Y_REAL,2.6,percent,US Treasury:daily_treasury_real_yield_curve,2026-09-14T00:00:00,daily,official_observation_date,OK
2026-09-15T10:00:00Z,2026-09-15T10:59:19.964963Z,US2Y,4.65,percent,US Treasury:daily_treasury_yield_curve,2026-09-14T00:00:00,daily,official_observation_date,OK
2026-09-15T10:00:00Z,2026-09-15T10:59:19.964963Z,US30Y,5.34,percent,US Treasury:daily_treasury_yield_curve,2026-09-14T00:00:00,daily,official_observation_date,OK
2026-09-15T10:00:00Z,2026-09-15T10:59:19.964963Z,USDC_SUPPLY,74215057490.21606,USD,DefiLlama Stablecoins,2026-09-15T10:59:21.581469Z,current,retrieval_time_proxy,OK
2026-09-15T10:00:00Z,2026-09-15T10:59:19.964963Z,USDT_SUPPLY,183337184479.40314,USD,DefiLlama Stablecoins,2026-09-15T10:59:21.581469Z,current,retrieval_time_proxy,OK
2026-09-15T11:00:00Z,2026-09-15T11:58:24.759957Z,BTC_DOMINANCE,58.32155671787351,percent,CoinGecko Global,2026-09-15T11:53:17Z,current,source_updated_at,OK
2026-09-15T11:00:00Z,2026-09-15T11:58:24.759957Z,CRYPTO_24H_VOLUME,88804767346.35205,USD,CoinGecko Global,2026-09-15T11:53:17Z,current,source_updated_at,OK
2026-09-15T11:00:00Z,2026-09-15T11:58:24.759957Z,CRYPTO_TOTAL_MCAP,2639718938170.943,USD,CoinGecko Global,2026-09-15T11:53:17Z,current,source_updated_at,OK
2026-09-15T11:00:00Z,2026-09-15T11:58:24.759957Z,EFFR,3.63,percent,New York Fed Markets API,2026-09-11T00:00:00Z,business_daily,official_effective_date,OK
2026-09-15T11:00:00Z,2026-09-15T11:58:24.759957Z,ETH_DOMINANCE,11.406966198131176,percent,CoinGecko Global,2026-09-15T11:53:17Z,current,source_updated_at,OK
2026-09-15T11:00:00Z,2026-09-15T11:58:24.759957Z,SOFR,3.62,percent,New York Fed Markets API,2026-09-11T00:00:00Z,business_daily,official_effective_date,OK
2026-09-15T11:00:00Z,2026-09-15T11:58:24.759957Z,STABLECOIN_TOTAL_SUPPLY,311787026075.8998,USD,DefiLlama Stablecoins,2026-09-15T11:58:26.741033Z,current,retrieval_time_proxy,OK
2026-09-15T11:00:00Z,2026-09-15T11:58:24.759957Z,TGA_CLOSING_BALANCE,822200.0,USD millions,US Treasury FiscalData:DTS operating_cash_balance,2026-09-11T00:00:00Z,business_daily,official_record_date,OK
2026-09-15T11:00:00Z,2026-09-15T11:58:24.759957Z,US10Y,4.97,percent,US Treasury:daily_treasury_yield_curve,2026-09-14T00:00:00,daily,official_observation_date,OK
2026-09-15T11:00:00Z,2026-09-15T11:58:24.759957Z,US10Y_REAL,2.6,percent,US Treasury:daily_treasury_real_yield_curve,2026-09-14T00:00:00,daily,official_observation_date,OK
2026-09-15T11:00:00Z,2026-09-15T11:58:24.759957Z,US2Y,4.65,percent,US Treasury:daily_treasury_yield_curve,2026-09-14T00:00:00,daily,official_observation_date,OK
2026-09-15T11:00:00Z,2026-09-15T11:58:24.759957Z,US30Y,5.34,percent,US Treasury:daily_treasury_yield_curve,2026-09-14T00:00:00,daily,official_observation_date,OK
2026-09-15T11:00:00Z,2026-09-15T11:58:24.759957Z,USDC_SUPPLY,74228246999.72209,USD,DefiLlama Stablecoins,2026-09-15T11:58:26.741033Z,current,retrieval_time_proxy,OK
2026-09-15T11:00:00Z,2026-09-15T11:58:24.759957Z,USDT_SUPPLY,183337593417.07727,USD,DefiLlama Stablecoins,2026-09-15T11:58:26.741033Z,current,retrieval_time_proxy,OK
2026-09-15T13:00:00Z,2026-09-15T13:59:44.167150Z,BTC_DOMINANCE,58.19164516460883,percent,CoinGecko Global,2026-09-15T13:53:27Z,current,source_updated_at,OK
2026-09-15T13:00:00Z,2026-09-15T13:59:44.167150Z,CRYPTO_24H_VOLUME,89392401690.74728,USD,CoinGecko Global,2026-09-15T13:53:27Z,current,source_updated_at,OK
2026-09-15T13:00:00Z,2026-09-15T13:59:44.167150Z,CRYPTO_TOTAL_MCAP,2617960117047.7773,USD,CoinGecko Global,2026-09-15T13:53:27Z,current,source_updated_at,OK
2026-09-15T13:00:00Z,2026-09-15T13:59:44.167150Z,EFFR,3.63,percent,New York Fed Markets API,2026-09-14T00:00:00Z,business_daily,official_effective_date,OK
2026-09-15T13:00:00Z,2026-09-15T13:59:44.167150Z,ETH_DOMINANCE,11.33428743084038,percent,CoinGecko Global,2026-09-15T13:53:27Z,current,source_updated_at,OK
2026-09-15T13:00:00Z,2026-09-15T13:59:44.167150Z,SOFR,3.62,percent,New York Fed Markets API,2026-09-14T00:00:00Z,business_daily,official_effective_date,OK
2026-09-15T13:00:00Z,2026-09-15T13:59:44.167150Z,STABLECOIN_TOTAL_SUPPLY,311800499931.2181,USD,DefiLlama Stablecoins,2026-09-15T13:59:46.099453Z,current,retrieval_time_proxy,OK
2026-09-15T13:00:00Z,2026-09-15T13:59:44.167150Z,TGA_CLOSING_BALANCE,822200.0,USD millions,US Treasury FiscalData:DTS operating_cash_balance,2026-09-11T00:00:00Z,business_daily,official_record_date,OK
2026-09-15T13:00:00Z,2026-09-15T13:59:44.167150Z,US10Y,4.97,percent,US Treasury:daily_treasury_yield_curve,2026-09-14T00:00:00,daily,official_observation_date,OK
2026-09-15T13:00:00Z,2026-09-15T13:59:44.167150Z,US10Y_REAL,2.6,percent,US Treasury:daily_treasury_real_yield_curve,2026-09-14T00:00:00,daily,official_observation_date,OK
2026-09-15T13:00:00Z,2026-09-15T13:59:44.167150Z,US2Y,4.65,percent,US Treasury:daily_treasury_yield_curve,2026-09-14T00:00:00,daily,official_observation_date,OK
2026-09-15T13:00:00Z,2026-09-15T13:59:44.167150Z,US30Y,5.34,percent,US Treasury:daily_treasury_yield_curve,2026-09-14T00:00:00,daily,official_observation_date,OK
2026-09-15T13:00:00Z,2026-09-15T13:59:44.167150Z,USDC_SUPPLY,74215945404.15631,USD,DefiLlama Stablecoins,2026-09-15T13:59:46.099453Z,current,retrieval_time_proxy,OK
2026-09-15T13:00:00Z,2026-09-15T13:59:44.167150Z,USDT_SUPPLY,183334234275.14157,USD,DefiLlama Stablecoins,2026-09-15T13:59:46.099453Z,current,retrieval_time_proxy,OK
2026-09-15T15:00:00Z,2026-09-15T15:58:33.690150Z,BTC_DOMINANCE,58.37987479486383,percent,CoinGecko Global,2026-09-15T15:53:37Z,current,source_updated_at,OK
2026-09-15T15:00:00Z,2026-09-15T15:58:33.690150Z,CRYPTO_24H_VOLUME,95473058106.03043,USD,CoinGecko Global,2026-09-15T15:53:37Z,current,source_updated_at,OK
2026-09-15T15:00:00Z,2026-09-15T15:58:33.690150Z,CRYPTO_TOTAL_MCAP,2627140416086.83,USD,CoinGecko Global,2026-09-15T15:53:37Z,current,source_updated_at,OK
2026-09-15T15:00:00Z,2026-09-15T15:58:33.690150Z,EFFR,3.63,percent,New York Fed Markets API,2026-09-14T00:00:00Z,business_daily,official_effective_date,OK
2026-09-15T15:00:00Z,2026-09-15T15:58:33.690150Z,ETH_DOMINANCE,11.257933977070698,percent,CoinGecko Global,2026-09-15T15:53:37Z,current,source_updated_at,OK
2026-09-15T15:00:00Z,2026-09-15T15:58:33.690150Z,SOFR,3.62,percent,New York Fed Markets API,2026-09-14T00:00:00Z,business_daily,official_effective_date,OK
2026-09-15T15:00:00Z,2026-09-15T15:58:33.690150Z,STABLECOIN_TOTAL_SUPPLY,311783185572.11444,USD,DefiLlama Stablecoins,2026-09-15T15:58:34.891114Z,current,retrieval_time_proxy,OK
2026-09-15T15:00:00Z,2026-09-15T15:58:33.690150Z,TGA_CLOSING_BALANCE,822200.0,USD millions,US Treasury FiscalData:DTS operating_cash_balance,2026-09-11T00:00:00Z,business_daily,official_record_date,OK
2026-09-15T15:00:00Z,2026-09-15T15:58:33.690150Z,US10Y,4.97,percent,US Treasury:daily_treasury_yield_curve,2026-09-14T00:00:00,daily,official_observation_date,OK
2026-09-15T15:00:00Z,2026-09-15T15:58:33.690150Z,US10Y_REAL,2.6,percent,US Treasury:daily_treasury_real_yield_curve,2026-09-14T00:00:00,daily,official_observation_date,OK
2026-09-15T15:00:00Z,2026-09-15T15:58:33.690150Z,US2Y,4.65,percent,US Treasury:daily_treasury_yield_curve,2026-09-14T00:00:00,daily,official_observation_date,OK
2026-09-15T15:00:00Z,2026-09-15T15:58:33.690150Z,US30Y,5.34,percent,US Treasury:daily_treasury_yield_curve,2026-09-14T00:00:00,daily,official_observation_date,OK
2026-09-15T15:00:00Z,2026-09-15T15:58:33.690150Z,USDC_SUPPLY,74221930513.85017,USD,DefiLlama Stablecoins,2026-09-15T15:58:34.891114Z,current,retrieval_time_proxy,OK
2026-09-15T15:00:00Z,2026-09-15T15:58:33.690150Z,USDT_SUPPLY,183320910763.43573,USD,DefiLlama Stablecoins,2026-09-15T15:58:34.891114Z,current,retrieval_time_proxy,OK
2026-09-15T16:00:00Z,2026-09-15T16:58:55.030912Z,BTC_DOMINANCE,58.360254305180185,percent,CoinGecko Global,2026-09-15T16:53:41Z,current,source_updated_at,OK
2026-09-15T16:00:00Z,2026-09-15T16:58:55.030912Z,CRYPTO_24H_VOLUME,8.859524697252745e+18,USD,CoinGecko Global,2026-09-15T16:53:41Z,current,source_updated_at,OK
2026-09-15T16:00:00Z,2026-09-15T16:58:55.030912Z,CRYPTO_TOTAL_MCAP,2623395401008.1577,USD,CoinGecko Global,2026-09-15T16:53:41Z,current,source_updated_at,OK
2026-09-15T16:00:00Z,2026-09-15T16:58:55.030912Z,EFFR,3.63,percent,New York Fed Markets API,2026-09-14T00:00:00Z,business_daily,official_effective_date,OK
2026-09-15T16:00:00Z,2026-09-15T16:58:55.030912Z,ETH_DOMINANCE,11.240236683604245,percent,CoinGecko Global,2026-09-15T16:53:41Z,current,source_updated_at,OK
2026-09-15T16:00:00Z,2026-09-15T16:58:55.030912Z,SOFR,3.62,percent,New York Fed Markets API,2026-09-14T00:00:00Z,business_daily,official_effective_date,OK
2026-09-15T16:00:00Z,2026-09-15T16:58:55.030912Z,STABLECOIN_TOTAL_SUPPLY,311568600408.86926,USD,DefiLlama Stablecoins,2026-09-15T16:58:56.980775Z,current,retrieval_time_proxy,OK
2026-09-15T16:00:00Z,2026-09-15T16:58:55.030912Z,TGA_CLOSING_BALANCE,822200.0,USD millions,US Treasury FiscalData:DTS operating_cash_balance,2026-09-11T00:00:00Z,business_daily,official_record_date,OK
2026-09-15T16:00:00Z,2026-09-15T16:58:55.030912Z,US10Y,4.97,percent,US Treasury:daily_treasury_yield_curve,2026-09-14T00:00:00,daily,official_observation_date,OK
2026-09-15T16:00:00Z,2026-09-15T16:58:55.030912Z,US10Y_REAL,2.6,percent,US Treasury:daily_treasury_real_yield_curve,2026-09-14T00:00:00,daily,official_observation_date,OK
2026-09-15T16:00:00Z,2026-09-15T16:58:55.030912Z,US2Y,4.65,percent,US Treasury:daily_treasury_yield_curve,2026-09-14T00:00:00,daily,official_observation_date,OK
2026-09-15T16:00:00Z,2026-09-15T16:58:55.030912Z,US30Y,5.34,percent,US Treasury:daily_treasury_yield_curve,2026-09-14T00:00:00,daily,official_observation_date,OK
2026-09-15T16:00:00Z,2026-09-15T16:58:55.030912Z,USDC_SUPPLY,74098085557.09215,USD,DefiLlama Stablecoins,2026-09-15T16:58:56.980775Z,current,retrieval_time_proxy,OK
2026-09-15T16:00:00Z,2026-09-15T16:58:55.030912Z,USDT_SUPPLY,183308783549.44824,USD,DefiLlama Stablecoins,2026-09-15T16:58:56.980775Z,current,retrieval_time_proxy,OK
2026-09-15T17:00:00Z,2026-09-15T17:58:21.197292Z,BTC_DOMINANCE,58.39299113570614,percent,CoinGecko Global,2026-09-15T17:53:48Z,current,source_updated_at,OK
2026-09-15T17:00:00Z,2026-09-15T17:58:21.197292Z,CRYPTO_24H_VOLUME,1.5326553119994763e+19,USD,CoinGecko Global,2026-09-15T17:53:48Z,current,source_updated_at,OK
2026-09-15T17:00:00Z,2026-09-15T17:58:21.197292Z,CRYPTO_TOTAL_MCAP,2643022514393.578,USD,CoinGecko Global,2026-09-15T17:53:48Z,current,source_updated_at,OK
2026-09-15T17:00:00Z,2026-09-15T17:58:21.197292Z,EFFR,3.63,percent,New York Fed Markets API,2026-09-14T00:00:00Z,business_daily,official_effective_date,OK
2026-09-15T17:00:00Z,2026-09-15T17:58:21.197292Z,ETH_DOMINANCE,11.248285022813267,percent,CoinGecko Global,2026-09-15T17:53:48Z,current,source_updated_at,OK
2026-09-15T17:00:00Z,2026-09-15T17:58:21.197292Z,SOFR,3.62,percent,New York Fed Markets API,2026-09-14T00:00:00Z,business_daily,official_effective_date,OK
2026-09-15T17:00:00Z,2026-09-15T17:58:21.197292Z,STABLECOIN_TOTAL_SUPPLY,311468144785.58905,USD,DefiLlama Stablecoins,2026-09-15T17:58:22.523303Z,current,retrieval_time_proxy,OK
2026-09-15T17:00:00Z,2026-09-15T17:58:21.197292Z,TGA_CLOSING_BALANCE,822200.0,USD millions,US Treasury FiscalData:DTS operating_cash_balance,2026-09-11T00:00:00Z,business_daily,official_record_date,OK
2026-09-15T17:00:00Z,2026-09-15T17:58:21.197292Z,US10Y,4.97,percent,US Treasury:daily_treasury_yield_curve,2026-09-14T00:00:00,daily,official_observation_date,OK
2026-09-15T17:00:00Z,2026-09-15T17:58:21.197292Z,US10Y_REAL,2.6,percent,US Treasury:daily_treasury_real_yield_curve,2026-09-14T00:00:00,daily,official_observation_date,OK
2026-09-15T17:00:00Z,2026-09-15T17:58:21.197292Z,US2Y,4.65,percent,US Treasury:daily_treasury_yield_curve,2026-09-14T00:00:00,daily,official_observation_date,OK
2026-09-15T17:00:00Z,2026-09-15T17:58:21.197292Z,US30Y,5.34,percent,US Treasury:daily_treasury_yield_curve,2026-09-14T00:00:00,daily,official_observation_date,OK
2026-09-15T17:00:00Z,2026-09-15T17:58:21.197292Z,USDC_SUPPLY,73980781776.4579,USD,DefiLlama Stablecoins,2026-09-15T17:58:22.523303Z,current,retrieval_time_proxy,OK
2026-09-15T17:00:00Z,2026-09-15T17:58:21.197292Z,USDT_SUPPLY,183306487455.97232,USD,DefiLlama Stablecoins,2026-09-15T17:58:22.523303Z,current,retrieval_time_proxy,OK
2026-09-15T18:00:00Z,2026-09-15T18:59:15.882990Z,BTC_DOMINANCE,58.42823063984981,percent,CoinGecko Global,2026-09-15T18:53:53Z,current,source_updated_at,OK
2026-09-15T18:00:00Z,2026-09-15T18:59:15.882990Z,CRYPTO_24H_VOLUME,101001945803.73163,USD,CoinGecko Global,2026-09-15T18:53:53Z,current,source_updated_at,OK
2026-09-15T18:00:00Z,2026-09-15T18:59:15.882990Z,CRYPTO_TOTAL_MCAP,2593016316289.936,USD,CoinGecko Global,2026-09-15T18:53:53Z,current,source_updated_at,OK
2026-09-15T18:00:00Z,2026-09-15T18:59:15.882990Z,EFFR,3.63,percent,New York Fed Markets API,2026-09-14T00:00:00Z,business_daily,official_effective_date,OK
2026-09-15T18:00:00Z,2026-09-15T18:59:15.882990Z,ETH_DOMINANCE,11.21137206800344,percent,CoinGecko Global,2026-09-15T18:53:53Z,current,source_updated_at,OK
2026-09-15T18:00:00Z,2026-09-15T18:59:15.882990Z,SOFR,3.62,percent,New York Fed Markets API,2026-09-14T00:00:00Z,business_daily,official_effective_date,OK
2026-09-15T18:00:00Z,2026-09-15T18:59:15.882990Z,STABLECOIN_TOTAL_SUPPLY,311382936238.9139,USD,DefiLlama Stablecoins,2026-09-15T18:59:17.847222Z,current,retrieval_time_proxy,OK
2026-09-15T18:00:00Z,2026-09-15T18:59:15.882990Z,TGA_CLOSING_BALANCE,822200.0,USD millions,US Treasury FiscalData:DTS operating_cash_balance,2026-09-11T00:00:00Z,business_daily,official_record_date,OK
2026-09-15T18:00:00Z,2026-09-15T18:59:15.882990Z,US10Y,4.97,percent,US Treasury:daily_treasury_yield_curve,2026-09-14T00:00:00,daily,official_observation_date,OK
2026-09-15T18:00:00Z,2026-09-15T18:59:15.882990Z,US10Y_REAL,2.6,percent,US Treasury:daily_treasury_real_yield_curve,2026-09-14T00:00:00,daily,official_observation_date,OK
2026-09-15T18:00:00Z,2026-09-15T18:59:15.882990Z,US2Y,4.65,percent,US Treasury:daily_treasury_yield_curve,2026-09-14T00:00:00,daily,official_observation_date,OK
2026-09-15T18:00:00Z,2026-09-15T18:59:15.882990Z,US30Y,5.34,percent,US Treasury:daily_treasury_yield_curve,2026-09-14T00:00:00,daily,official_observation_date,OK
2026-09-15T18:00:00Z,2026-09-15T18:59:15.882990Z,USDC_SUPPLY,73857076013.81384,USD,DefiLlama Stablecoins,2026-09-15T18:59:17.847222Z,current,retrieval_time_proxy,OK
2026-09-15T18:00:00Z,2026-09-15T18:59:15.882990Z,USDT_SUPPLY,183310956959.75256,USD,DefiLlama Stablecoins,2026-09-15T18:59:17.847222Z,current,retrieval_time_proxy,OK
2026-09-15T19:00:00Z,2026-09-15T19:58:16.077070Z,BTC_DOMINANCE,58.457563277290824,percent,CoinGecko Global,2026-09-15T19:53:57Z,current,source_updated_at,OK
2026-09-15T19:00:00Z,2026-09-15T19:58:16.077070Z,CRYPTO_24H_VOLUME,106084510940.48293,USD,CoinGecko Global,2026-09-15T19:53:57Z,current,source_updated_at,OK
2026-09-15T19:00:00Z,2026-09-15T19:58:16.077070Z,CRYPTO_TOTAL_MCAP,2603707944905.3555,USD,CoinGecko Global,2026-09-15T19:53:57Z,current,source_updated_at,OK
2026-09-15T19:00:00Z,2026-09-15T19:58:16.077070Z,EFFR,3.63,percent,New York Fed Markets API,2026-09-14T00:00:00Z,business_daily,official_effective_date,OK
2026-09-15T19:00:00Z,2026-09-15T19:58:16.077070Z,ETH_DOMINANCE,11.255098109966129,percent,CoinGecko Global,2026-09-15T19:53:57Z,current,source_updated_at,OK
2026-09-15T19:00:00Z,2026-09-15T19:58:16.077070Z,SOFR,3.62,percent,New York Fed Markets API,2026-09-14T00:00:00Z,business_daily,official_effective_date,OK
2026-09-15T19:00:00Z,2026-09-15T19:58:16.077070Z,STABLECOIN_TOTAL_SUPPLY,311461417334.9556,USD,DefiLlama Stablecoins,2026-09-15T19:58:17.841572Z,current,retrieval_time_proxy,OK
2026-09-15T19:00:00Z,2026-09-15T19:58:16.077070Z,TGA_CLOSING_BALANCE,822200.0,USD millions,US Treasury FiscalData:DTS operating_cash_balance,2026-09-11T00:00:00Z,business_daily,official_record_date,OK
2026-09-15T19:00:00Z,2026-09-15T19:58:16.077070Z,US10Y,5.0,percent,US Treasury:daily_treasury_yield_curve,2026-09-15T00:00:00,daily,official_observation_date,OK
2026-09-15T19:00:00Z,2026-09-15T19:58:16.077070Z,US10Y_REAL,2.62,percent,US Treasury:daily_treasury_real_yield_curve,2026-09-15T00:00:00,daily,official_observation_date,OK
2026-09-15T19:00:00Z,2026-09-15T19:58:16.077070Z,US2Y,4.67,percent,US Treasury:daily_treasury_yield_curve,2026-09-15T00:00:00,daily,official_observation_date,OK
2026-09-15T19:00:00Z,2026-09-15T19:58:16.077070Z,US30Y,5.36,percent,US Treasury:daily_treasury_yield_curve,2026-09-15T00:00:00,daily,official_observation_date,OK
2026-09-15T19:00:00Z,2026-09-15T19:58:16.077070Z,USDC_SUPPLY,73925740591.87277,USD,DefiLlama Stablecoins,2026-09-15T19:58:17.841572Z,current,retrieval_time_proxy,OK
2026-09-15T19:00:00Z,2026-09-15T19:58:16.077070Z,USDT_SUPPLY,183318231515.737,USD,DefiLlama Stablecoins,2026-09-15T19:58:17.841572Z,current,retrieval_time_proxy,OK
2026-09-15T20:00:00Z,2026-09-15T20:58:10.279766Z,BTC_DOMINANCE,58.49706192547034,percent,CoinGecko Global,2026-09-15T20:54:05Z,current,source_updated_at,OK
2026-09-15T20:00:00Z,2026-09-15T20:58:10.279766Z,CRYPTO_24H_VOLUME,105041471113.60489,USD,CoinGecko Global,2026-09-15T20:54:05Z,current,source_updated_at,OK
2026-09-15T20:00:00Z,2026-09-15T20:58:10.279766Z,CRYPTO_TOTAL_MCAP,2599692487648.2124,USD,CoinGecko Global,2026-09-15T20:54:05Z,current,source_updated_at,OK
2026-09-15T20:00:00Z,2026-09-15T20:58:10.279766Z,EFFR,3.63,percent,New York Fed Markets API,2026-09-14T00:00:00Z,business_daily,official_effective_date,OK
2026-09-15T20:00:00Z,2026-09-15T20:58:10.279766Z,ETH_DOMINANCE,11.27579593919381,percent,CoinGecko Global,2026-09-15T20:54:05Z,current,source_updated_at,OK
2026-09-15T20:00:00Z,2026-09-15T20:58:10.279766Z,SOFR,3.62,percent,New York Fed Markets API,2026-09-14T00:00:00Z,business_daily,official_effective_date,OK
2026-09-15T20:00:00Z,2026-09-15T20:58:10.279766Z,STABLECOIN_TOTAL_SUPPLY,311331535236.4557,USD,DefiLlama Stablecoins,2026-09-15T20:58:12.089472Z,current,retrieval_time_proxy,OK
2026-09-15T20:00:00Z,2026-09-15T20:58:10.279766Z,TGA_CLOSING_BALANCE,871224.0,USD millions,US Treasury FiscalData:DTS operating_cash_balance,2026-09-14T00:00:00Z,business_daily,official_record_date,OK
2026-09-15T20:00:00Z,2026-09-15T20:58:10.279766Z,US10Y,5.0,percent,US Treasury:daily_treasury_yield_curve,2026-09-15T00:00:00,daily,official_observation_date,OK
2026-09-15T20:00:00Z,2026-09-15T20:58:10.279766Z,US10Y_REAL,2.62,percent,US Treasury:daily_treasury_real_yield_curve,2026-09-15T00:00:00,daily,official_observation_date,OK
2026-09-15T20:00:00Z,2026-09-15T20:58:10.279766Z,US2Y,4.67,percent,US Treasury:daily_treasury_yield_curve,2026-09-15T00:00:00,daily,official_observation_date,OK
2026-09-15T20:00:00Z,2026-09-15T20:58:10.279766Z,US30Y,5.36,percent,US Treasury:daily_treasury_yield_curve,2026-09-15T00:00:00,daily,official_observation_date,OK
2026-09-15T20:00:00Z,2026-09-15T20:58:10.279766Z,USDC_SUPPLY,73832977569.7268,USD,DefiLlama Stablecoins,2026-09-15T20:58:12.089472Z,current,retrieval_time_proxy,OK
2026-09-15T20:00:00Z,2026-09-15T20:58:10.279766Z,USDT_SUPPLY,183307862944.00616,USD,DefiLlama Stablecoins,2026-09-15T20:58:12.089472Z,current,retrieval_time_proxy,OK
2026-09-15T21:00:00Z,2026-09-15T21:58:10.245920Z,BTC_DOMINANCE,58.4764923886974,percent,CoinGecko Global,2026-09-15T21:54:11Z,current,source_updated_at,OK
2026-09-15T21:00:00Z,2026-09-15T21:58:10.245920Z,CRYPTO_24H_VOLUME,103296693446.48978,USD,CoinGecko Global,2026-09-15T21:54:11Z,current,source_updated_at,OK
2026-09-15T21:00:00Z,2026-09-15T21:58:10.245920Z,CRYPTO_TOTAL_MCAP,2584294435548.8076,USD,CoinGecko Global,2026-09-15T21:54:11Z,current,source_updated_at,OK
2026-09-15T21:00:00Z,2026-09-15T21:58:10.245920Z,EFFR,3.63,percent,New York Fed Markets API,2026-09-14T00:00:00Z,business_daily,official_effective_date,OK
2026-09-15T21:00:00Z,2026-09-15T21:58:10.245920Z,ETH_DOMINANCE,11.272344522968822,percent,CoinGecko Global,2026-09-15T21:54:11Z,current,source_updated_at,OK
2026-09-15T21:00:00Z,2026-09-15T21:58:10.245920Z,SOFR,3.62,percent,New York Fed Markets API,2026-09-14T00:00:00Z,business_daily,official_effective_date,OK
2026-09-15T21:00:00Z,2026-09-15T21:58:10.245920Z,STABLECOIN_TOTAL_SUPPLY,311272251336.8511,USD,DefiLlama Stablecoins,2026-09-15T21:58:11.659051Z,current,retrieval_time_proxy,OK
2026-09-15T21:00:00Z,2026-09-15T21:58:10.245920Z,TGA_CLOSING_BALANCE,871224.0,USD millions,US Treasury FiscalData:DTS operating_cash_balance,2026-09-14T00:00:00Z,business_daily,official_record_date,OK
2026-09-15T21:00:00Z,2026-09-15T21:58:10.245920Z,US10Y,5.0,percent,US Treasury:daily_treasury_yield_curve,2026-09-15T00:00:00,daily,official_observation_date,OK
2026-09-15T21:00:00Z,2026-09-15T21:58:10.245920Z,US10Y_REAL,2.62,percent,US Treasury:daily_treasury_real_yield_curve,2026-09-15T00:00:00,daily,official_observation_date,OK
2026-09-15T21:00:00Z,2026-09-15T21:58:10.245920Z,US2Y,4.67,percent,US Treasury:daily_treasury_yield_curve,2026-09-15T00:00:00,daily,official_observation_date,OK
2026-09-15T21:00:00Z,2026-09-15T21:58:10.245920Z,US30Y,5.36,percent,US Treasury:daily_treasury_yield_curve,2026-09-15T00:00:00,daily,official_observation_date,OK
2026-09-15T21:00:00Z,2026-09-15T21:58:10.245920Z,USDC_SUPPLY,73785431654.50711,USD,DefiLlama Stablecoins,2026-09-15T21:58:11.659051Z,current,retrieval_time_proxy,OK
2026-09-15T21:00:00Z,2026-09-15T21:58:10.245920Z,USDT_SUPPLY,183293469001.79343,USD,DefiLlama Stablecoins,2026-09-15T21:58:11.659051Z,current,retrieval_time_proxy,OK
2026-09-15T22:00:00Z,2026-09-15T22:57:58.501756Z,BTC_DOMINANCE,58.486651902015765,percent,CoinGecko Global,2026-09-15T22:54:16Z,current,source_updated_at,OK
2026-09-15T22:00:00Z,2026-09-15T22:57:58.501756Z,CRYPTO_24H_VOLUME,104691475190.29575,USD,CoinGecko Global,2026-09-15T22:54:16Z,current,source_updated_at,OK
2026-09-15T22:00:00Z,2026-09-15T22:57:58.501756Z,CRYPTO_TOTAL_MCAP,2594152672136.8916,USD,CoinGecko Global,2026-09-15T22:54:16Z,current,source_updated_at,OK
2026-09-15T22:00:00Z,2026-09-15T22:57:58.501756Z,EFFR,3.63,percent,New York Fed Markets API,2026-09-14T00:00:00Z,business_daily,official_effective_date,OK
2026-09-15T22:00:00Z,2026-09-15T22:57:58.501756Z,ETH_DOMINANCE,11.26893712724724,percent,CoinGecko Global,2026-09-15T22:54:16Z,current,source_updated_at,OK
2026-09-15T22:00:00Z,2026-09-15T22:57:58.501756Z,SOFR,3.62,percent,New York Fed Markets API,2026-09-14T00:00:00Z,business_daily,official_effective_date,OK
2026-09-15T22:00:00Z,2026-09-15T22:57:58.501756Z,STABLECOIN_TOTAL_SUPPLY,311167317457.715,USD,DefiLlama Stablecoins,2026-09-15T22:58:00.953974Z,current,retrieval_time_proxy,OK
2026-09-15T22:00:00Z,2026-09-15T22:57:58.501756Z,TGA_CLOSING_BALANCE,871224.0,USD millions,US Treasury FiscalData:DTS operating_cash_balance,2026-09-14T00:00:00Z,business_daily,official_record_date,OK
2026-09-15T22:00:00Z,2026-09-15T22:57:58.501756Z,US10Y,5.0,percent,US Treasury:daily_treasury_yield_curve,2026-09-15T00:00:00,daily,official_observation_date,OK
2026-09-15T22:00:00Z,2026-09-15T22:57:58.501756Z,US10Y_REAL,2.62,percent,US Treasury:daily_treasury_real_yield_curve,2026-09-15T00:00:00,daily,official_observation_date,OK
2026-09-15T22:00:00Z,2026-09-15T22:57:58.501756Z,US2Y,4.67,percent,US Treasury:daily_treasury_yield_curve,2026-09-15T00:00:00,daily,official_observation_date,OK
2026-09-15T22:00:00Z,2026-09-15T22:57:58.501756Z,US30Y,5.36,percent,US Treasury:daily_treasury_yield_curve,2026-09-15T00:00:00,daily,official_observation_date,OK
2026-09-15T22:00:00Z,2026-09-15T22:57:58.501756Z,USDC_SUPPLY,73705580395.66559,USD,DefiLlama Stablecoins,2026-09-15T22:58:00.953974Z,current,retrieval_time_proxy,OK
2026-09-15T22:00:00Z,2026-09-15T22:57:58.501756Z,USDT_SUPPLY,183299245744.11102,USD,DefiLlama Stablecoins,2026-09-15T22:58:00.953974Z,current,retrieval_time_proxy,OK
2026-09-15T23:00:00Z,2026-09-15T23:57:54.556167Z,BTC_DOMINANCE,58.484845644519,percent,CoinGecko Global,2026-09-15T23:54:22Z,current,source_updated_at,OK
2026-09-15T23:00:00Z,2026-09-15T23:57:54.556167Z,CRYPTO_24H_VOLUME,105467791477.35214,USD,CoinGecko Global,2026-09-15T23:54:22Z,current,source_updated_at,OK
2026-09-15T23:00:00Z,2026-09-15T23:57:54.556167Z,CRYPTO_TOTAL_MCAP,2592559071695.6084,USD,CoinGecko Global,2026-09-15T23:54:22Z,current,source_updated_at,OK
2026-09-15T23:00:00Z,2026-09-15T23:57:54.556167Z,EFFR,3.63,percent,New York Fed Markets API,2026-09-14T00:00:00Z,business_daily,official_effective_date,OK
2026-09-15T23:00:00Z,2026-09-15T23:57:54.556167Z,ETH_DOMINANCE,11.274681020458544,percent,CoinGecko Global,2026-09-15T23:54:22Z,current,source_updated_at,OK
2026-09-15T23:00:00Z,2026-09-15T23:57:54.556167Z,SOFR,3.62,percent,New York Fed Markets API,2026-09-14T00:00:00Z,business_daily,official_effective_date,OK
2026-09-15T23:00:00Z,2026-09-15T23:57:54.556167Z,STABLECOIN_TOTAL_SUPPLY,311123851835.5188,USD,DefiLlama Stablecoins,2026-09-15T23:57:56.229526Z,current,retrieval_time_proxy,OK
2026-09-15T23:00:00Z,2026-09-15T23:57:54.556167Z,TGA_CLOSING_BALANCE,871224.0,USD millions,US Treasury FiscalData:DTS operating_cash_balance,2026-09-14T00:00:00Z,business_daily,official_record_date,OK
2026-09-15T23:00:00Z,2026-09-15T23:57:54.556167Z,US10Y,5.0,percent,US Treasury:daily_treasury_yield_curve,2026-09-15T00:00:00,daily,official_observation_date,OK
2026-09-15T23:00:00Z,2026-09-15T23:57:54.556167Z,US10Y_REAL,2.62,percent,US Treasury:daily_treasury_real_yield_curve,2026-09-15T00:00:00,daily,official_observation_date,OK
2026-09-15T23:00:00Z,2026-09-15T23:57:54.556167Z,US2Y,4.67,percent,US Treasury:daily_treasury_yield_curve,2026-09-15T00:00:00,daily,official_observation_date,OK
2026-09-15T23:00:00Z,2026-09-15T23:57:54.556167Z,US30Y,5.36,percent,US Treasury:daily_treasury_yield_curve,2026-09-15T00:00:00,daily,official_observation_date,OK
2026-09-15T23:00:00Z,2026-09-15T23:57:54.556167Z,USDC_SUPPLY,73680427013.58138,USD,DefiLlama Stablecoins,2026-09-15T23:57:56.229526Z,current,retrieval_time_proxy,OK
2026-09-15T23:00:00Z,2026-09-15T23:57:54.556167Z,USDT_SUPPLY,183292155859.7883,USD,DefiLlama Stablecoins,2026-09-15T23:57:56.229526Z,current,retrieval_time_proxy,OK
2026-09-16T00:00:00Z,2026-09-16T00:59:49.530229Z,BTC_DOMINANCE,58.50897063829977,percent,CoinGecko Global,2026-09-16T00:54:28Z,current,source_updated_at,OK
2026-09-16T00:00:00Z,2026-09-16T00:59:49.530229Z,CRYPTO_24H_VOLUME,104903856326.83887,USD,CoinGecko Global,2026-09-16T00:54:28Z,current,source_updated_at,OK
2026-09-16T00:00:00Z,2026-09-16T00:59:49.530229Z,CRYPTO_TOTAL_MCAP,2592045231028.116,USD,CoinGecko Global,2026-09-16T00:54:28Z,current,source_updated_at,OK
2026-09-16T00:00:00Z,2026-09-16T00:59:49.530229Z,EFFR,3.63,percent,New York Fed Markets API,2026-09-14T00:00:00Z,business_daily,official_effective_date,OK
2026-09-16T00:00:00Z,2026-09-16T00:59:49.530229Z,ETH_DOMINANCE,11.272319502910838,percent,CoinGecko Global,2026-09-16T00:54:28Z,current,source_updated_at,OK
2026-09-16T00:00:00Z,2026-09-16T00:59:49.530229Z,SOFR,3.62,percent,New York Fed Markets API,2026-09-14T00:00:00Z,business_daily,official_effective_date,OK
2026-09-16T00:00:00Z,2026-09-16T00:59:49.530229Z,STABLECOIN_TOTAL_SUPPLY,311093680036.59015,USD,DefiLlama Stablecoins,2026-09-16T00:59:51.826253Z,current,retrieval_time_proxy,OK
2026-09-16T00:00:00Z,2026-09-16T00:59:49.530229Z,TGA_CLOSING_BALANCE,871224.0,USD millions,US Treasury FiscalData:DTS operating_cash_balance,2026-09-14T00:00:00Z,business_daily,official_record_date,OK
2026-09-16T00:00:00Z,2026-09-16T00:59:49.530229Z,US10Y,5.0,percent,US Treasury:daily_treasury_yield_curve,2026-09-15T00:00:00,daily,official_observation_date,OK
2026-09-16T00:00:00Z,2026-09-16T00:59:49.530229Z,US10Y_REAL,2.62,percent,US Treasury:daily_treasury_real_yield_curve,2026-09-15T00:00:00,daily,official_observation_date,OK
2026-09-16T00:00:00Z,2026-09-16T00:59:49.530229Z,US2Y,4.67,percent,US Treasury:daily_treasury_yield_curve,2026-09-15T00:00:00,daily,official_observation_date,OK
2026-09-16T00:00:00Z,2026-09-16T00:59:49.530229Z,US30Y,5.36,percent,US Treasury:daily_treasury_yield_curve,2026-09-15T00:00:00,daily,official_observation_date,OK
2026-09-16T00:00:00Z,2026-09-16T00:59:49.530229Z,USDC_SUPPLY,73660055891.84601,USD,DefiLlama Stablecoins,2026-09-16T00:59:51.826253Z,current,retrieval_time_proxy,OK
2026-09-16T00:00:00Z,2026-09-16T00:59:49.530229Z,USDT_SUPPLY,183300828482.88202,USD,DefiLlama Stablecoins,2026-09-16T00:59:51.826253Z,current,retrieval_time_proxy,OK
2026-09-16T01:00:00Z,2026-09-16T01:58:43.162584Z,BTC_DOMINANCE,58.51959836355224,percent,CoinGecko Global,2026-09-16T01:54:32Z,current,source_updated_at,OK
2026-09-16T01:00:00Z,2026-09-16T01:58:43.162584Z,CRYPTO_24H_VOLUME,104336733881.38774,USD,CoinGecko Global,2026-09-16T01:54:32Z,current,source_updated_at,OK
2026-09-16T01:00:00Z,2026-09-16T01:58:43.162584Z,CRYPTO_TOTAL_MCAP,2581391290942.0054,USD,CoinGecko Global,2026-09-16T01:54:32Z,current,source_updated_at,OK
2026-09-16T01:00:00Z,2026-09-16T01:58:43.162584Z,EFFR,3.63,percent,New York Fed Markets API,2026-09-14T00:00:00Z,business_daily,official_effective_date,OK
2026-09-16T01:00:00Z,2026-09-16T01:58:43.162584Z,ETH_DOMINANCE,11.269648951616027,percent,CoinGecko Global,2026-09-16T01:54:32Z,current,source_updated_at,OK
2026-09-16T01:00:00Z,2026-09-16T01:58:43.162584Z,SOFR,3.62,percent,New York Fed Markets API,2026-09-14T00:00:00Z,business_daily,official_effective_date,OK
2026-09-16T01:00:00Z,2026-09-16T01:58:43.162584Z,STABLECOIN_TOTAL_SUPPLY,310856245731.0773,USD,DefiLlama Stablecoins,2026-09-16T01:58:45.015939Z,current,retrieval_time_proxy,OK
2026-09-16T01:00:00Z,2026-09-16T01:58:43.162584Z,TGA_CLOSING_BALANCE,871224.0,USD millions,US Treasury FiscalData:DTS operating_cash_balance,2026-09-14T00:00:00Z,business_daily,official_record_date,OK
2026-09-16T01:00:00Z,2026-09-16T01:58:43.162584Z,US10Y,5.0,percent,US Treasury:daily_treasury_yield_curve,2026-09-15T00:00:00,daily,official_observation_date,OK
2026-09-16T01:00:00Z,2026-09-16T01:58:43.162584Z,US10Y_REAL,2.62,percent,US Treasury:daily_treasury_real_yield_curve,2026-09-15T00:00:00,daily,official_observation_date,OK
2026-09-16T01:00:00Z,2026-09-16T01:58:43.162584Z,US2Y,4.67,percent,US Treasury:daily_treasury_yield_curve,2026-09-15T00:00:00,daily,official_observation_date,OK
2026-09-16T01:00:00Z,2026-09-16T01:58:43.162584Z,US30Y,5.36,percent,US Treasury:daily_treasury_yield_curve,2026-09-15T00:00:00,daily,official_observation_date,OK
2026-09-16T01:00:00Z,2026-09-16T01:58:43.162584Z,USDC_SUPPLY,73649450310.46944,USD,DefiLlama Stablecoins,2026-09-16T01:58:45.015939Z,current,retrieval_time_proxy,OK
2026-09-16T01:00:00Z,2026-09-16T01:58:43.162584Z,USDT_SUPPLY,183303505523.52536,USD,DefiLlama Stablecoins,2026-09-16T01:58:45.015939Z,current,retrieval_time_proxy,OK
2026-09-16T02:00:00Z,2026-09-16T02:59:29.108462Z,BTC_DOMINANCE,58.550953396056215,percent,CoinGecko Global,2026-09-16T02:54:37Z,current,source_updated_at,OK
2026-09-16T02:00:00Z,2026-09-16T02:59:29.108462Z,CRYPTO_24H_VOLUME,105708457831.00232,USD,CoinGecko Global,2026-09-16T02:54:37Z,current,source_updated_at,OK
2026-09-16T02:00:00Z,2026-09-16T02:59:29.108462Z,CRYPTO_TOTAL_MCAP,2598366146554.3545,USD,CoinGecko Global,2026-09-16T02:54:37Z,current,source_updated_at,OK
2026-09-16T02:00:00Z,2026-09-16T02:59:29.108462Z,EFFR,3.63,percent,New York Fed Markets API,2026-09-14T00:00:00Z,business_daily,official_effective_date,OK
2026-09-16T02:00:00Z,2026-09-16T02:59:29.108462Z,ETH_DOMINANCE,11.270592782270514,percent,CoinGecko Global,2026-09-16T02:54:37Z,current,source_updated_at,OK
2026-09-16T02:00:00Z,2026-09-16T02:59:29.108462Z,SOFR,3.62,percent,New York Fed Markets API,2026-09-14T00:00:00Z,business_daily,official_effective_date,OK
2026-09-16T02:00:00Z,2026-09-16T02:59:29.108462Z,STABLECOIN_TOTAL_SUPPLY,310704276210.95795,USD,DefiLlama Stablecoins,2026-09-16T02:59:30.966060Z,current,retrieval_time_proxy,OK
2026-09-16T02:00:00Z,2026-09-16T02:59:29.108462Z,TGA_CLOSING_BALANCE,871224.0,USD millions,US Treasury FiscalData:DTS operating_cash_balance,2026-09-14T00:00:00Z,business_daily,official_record_date,OK
2026-09-16T02:00:00Z,2026-09-16T02:59:29.108462Z,US10Y,5.0,percent,US Treasury:daily_treasury_yield_curve,2026-09-15T00:00:00,daily,official_observation_date,OK
2026-09-16T02:00:00Z,2026-09-16T02:59:29.108462Z,US10Y_REAL,2.62,percent,US Treasury:daily_treasury_real_yield_curve,2026-09-15T00:00:00,daily,official_observation_date,OK
2026-09-16T02:00:00Z,2026-09-16T02:59:29.108462Z,US2Y,4.67,percent,US Treasury:daily_treasury_yield_curve,2026-09-15T00:00:00,daily,official_observation_date,OK
2026-09-16T02:00:00Z,2026-09-16T02:59:29.108462Z,US30Y,5.36,percent,US Treasury:daily_treasury_yield_curve,2026-09-15T00:00:00,daily,official_observation_date,OK
2026-09-16T02:00:00Z,2026-09-16T02:59:29.108462Z,USDC_SUPPLY,73441004168.33102,USD,DefiLlama Stablecoins,2026-09-16T02:59:30.966060Z,current,retrieval_time_proxy,OK
2026-09-16T02:00:00Z,2026-09-16T02:59:29.108462Z,USDT_SUPPLY,183305313319.33643,USD,DefiLlama Stablecoins,2026-09-16T02:59:30.966060Z,current,retrieval_time_proxy,OK
2026-09-16T03:00:00Z,2026-09-16T03:58:33.671989Z,BTC_DOMINANCE,58.49634897970435,percent,CoinGecko Global,2026-09-16T03:54:43Z,current,source_updated_at,OK
2026-09-16T03:00:00Z,2026-09-16T03:58:33.671989Z,CRYPTO_24H_VOLUME,105570244151.76106,USD,CoinGecko Global,2026-09-16T03:54:43Z,current,source_updated_at,OK
2026-09-16T03:00:00Z,2026-09-16T03:58:33.671989Z,CRYPTO_TOTAL_MCAP,2594213147455.46,USD,CoinGecko Global,2026-09-16T03:54:43Z,current,source_updated_at,OK
2026-09-16T03:00:00Z,2026-09-16T03:58:33.671989Z,EFFR,3.63,percent,New York Fed Markets API,2026-09-14T00:00:00Z,business_daily,official_effective_date,OK
2026-09-16T03:00:00Z,2026-09-16T03:58:33.671989Z,ETH_DOMINANCE,11.264249807962312,percent,CoinGecko Global,2026-09-16T03:54:43Z,current,source_updated_at,OK
2026-09-16T03:00:00Z,2026-09-16T03:58:33.671989Z,SOFR,3.62,percent,New York Fed Markets API,2026-09-14T00:00:00Z,business_daily,official_effective_date,OK
2026-09-16T03:00:00Z,2026-09-16T03:58:33.671989Z,STABLECOIN_TOTAL_SUPPLY,310681501653.22284,USD,DefiLlama Stablecoins,2026-09-16T03:58:35.548596Z,current,retrieval_time_proxy,OK
2026-09-16T03:00:00Z,2026-09-16T03:58:33.671989Z,TGA_CLOSING_BALANCE,871224.0,USD millions,US Treasury FiscalData:DTS operating_cash_balance,2026-09-14T00:00:00Z,business_daily,official_record_date,OK
2026-09-16T03:00:00Z,2026-09-16T03:58:33.671989Z,US10Y,5.0,percent,US Treasury:daily_treasury_yield_curve,2026-09-15T00:00:00,daily,official_observation_date,OK
2026-09-16T03:00:00Z,2026-09-16T03:58:33.671989Z,US10Y_REAL,2.62,percent,US Treasury:daily_treasury_real_yield_curve,2026-09-15T00:00:00,daily,official_observation_date,OK
2026-09-16T03:00:00Z,2026-09-16T03:58:33.671989Z,US2Y,4.67,percent,US Treasury:daily_treasury_yield_curve,2026-09-15T00:00:00,daily,official_observation_date,OK
2026-09-16T03:00:00Z,2026-09-16T03:58:33.671989Z,US30Y,5.36,percent,US Treasury:daily_treasury_yield_curve,2026-09-15T00:00:00,daily,official_observation_date,OK
2026-09-16T03:00:00Z,2026-09-16T03:58:33.671989Z,USDC_SUPPLY,73442239968.38496,USD,DefiLlama Stablecoins,2026-09-16T03:58:35.548596Z,current,retrieval_time_proxy,OK
2026-09-16T03:00:00Z,2026-09-16T03:58:33.671989Z,USDT_SUPPLY,183271580029.6351,USD,DefiLlama Stablecoins,2026-09-16T03:58:35.548596Z,current,retrieval_time_proxy,OK
2026-09-16T04:00:00Z,2026-09-16T04:58:50.370435Z,BTC_DOMINANCE,58.473261058694625,percent,CoinGecko Global,2026-09-16T04:54:48Z,current,source_updated_at,OK
2026-09-16T04:00:00Z,2026-09-16T04:58:50.370435Z,CRYPTO_24H_VOLUME,105269417729.83397,USD,CoinGecko Global,2026-09-16T04:54:48Z,current,source_updated_at,OK
2026-09-16T04:00:00Z,2026-09-16T04:58:50.370435Z,CRYPTO_TOTAL_MCAP,2594819358079.334,USD,CoinGecko Global,2026-09-16T04:54:48Z,current,source_updated_at,OK
2026-09-16T04:00:00Z,2026-09-16T04:58:50.370435Z,EFFR,3.63,percent,New York Fed Markets API,2026-09-14T00:00:00Z,business_daily,official_effective_date,OK
2026-09-16T04:00:00Z,2026-09-16T04:58:50.370435Z,ETH_DOMINANCE,11.265256757635711,percent,CoinGecko Global,2026-09-16T04:54:48Z,current,source_updated_at,OK
2026-09-16T04:00:00Z,2026-09-16T04:58:50.370435Z,SOFR,3.62,percent,New York Fed Markets API,2026-09-14T00:00:00Z,business_daily,official_effective_date,OK
2026-09-16T04:00:00Z,2026-09-16T04:58:50.370435Z,STABLECOIN_TOTAL_SUPPLY,310677600264.5436,USD,DefiLlama Stablecoins,2026-09-16T04:58:52.889967Z,current,retrieval_time_proxy,OK
2026-09-16T04:00:00Z,2026-09-16T04:58:50.370435Z,TGA_CLOSING_BALANCE,871224.0,USD millions,US Treasury FiscalData:DTS operating_cash_balance,2026-09-14T00:00:00Z,business_daily,official_record_date,OK
2026-09-16T04:00:00Z,2026-09-16T04:58:50.370435Z,US10Y,5.0,percent,US Treasury:daily_treasury_yield_curve,2026-09-15T00:00:00,daily,official_observation_date,OK
2026-09-16T04:00:00Z,2026-09-16T04:58:50.370435Z,US10Y_REAL,2.62,percent,US Treasury:daily_treasury_real_yield_curve,2026-09-15T00:00:00,daily,official_observation_date,OK
2026-09-16T04:00:00Z,2026-09-16T04:58:50.370435Z,US2Y,4.67,percent,US Treasury:daily_treasury_yield_curve,2026-09-15T00:00:00,daily,official_observation_date,OK
2026-09-16T04:00:00Z,2026-09-16T04:58:50.370435Z,US30Y,5.36,percent,US Treasury:daily_treasury_yield_curve,2026-09-15T00:00:00,daily,official_observation_date,OK
2026-09-16T04:00:00Z,2026-09-16T04:58:50.370435Z,USDC_SUPPLY,73435931814.79056,USD,DefiLlama Stablecoins,2026-09-16T04:58:52.889967Z,current,retrieval_time_proxy,OK
2026-09-16T04:00:00Z,2026-09-16T04:58:50.370435Z,USDT_SUPPLY,183266398082.09198,USD,DefiLlama Stablecoins,2026-09-16T04:58:52.889967Z,current,retrieval_time_proxy,OK
2026-09-16T05:00:00Z,2026-09-16T05:58:16.862334Z,BTC_DOMINANCE,58.509566112004606,percent,CoinGecko Global,2026-09-16T05:54:53Z,current,source_updated_at,OK
2026-09-16T05:00:00Z,2026-09-16T05:58:16.862334Z,CRYPTO_24H_VOLUME,105080073248.60335,USD,CoinGecko Global,2026-09-16T05:54:53Z,current,source_updated_at,OK
2026-09-16T05:00:00Z,2026-09-16T05:58:16.862334Z,CRYPTO_TOTAL_MCAP,2596100408202.806,USD,CoinGecko Global,2026-09-16T05:54:53Z,current,source_updated_at,OK
2026-09-16T05:00:00Z,2026-09-16T05:58:16.862334Z,EFFR,3.63,percent,New York Fed Markets API,2026-09-14T00:00:00Z,business_daily,official_effective_date,OK
2026-09-16T05:00:00Z,2026-09-16T05:58:16.862334Z,ETH_DOMINANCE,11.26524803286098,percent,CoinGecko Global,2026-09-16T05:54:53Z,current,source_updated_at,OK
2026-09-16T05:00:00Z,2026-09-16T05:58:16.862334Z,SOFR,3.62,percent,New York Fed Markets API,2026-09-14T00:00:00Z,business_daily,official_effective_date,OK
2026-09-16T05:00:00Z,2026-09-16T05:58:16.862334Z,STABLECOIN_TOTAL_SUPPLY,310660440465.39777,USD,DefiLlama Stablecoins,2026-09-16T05:58:18.133319Z,current,retrieval_time_proxy,OK
2026-09-16T05:00:00Z,2026-09-16T05:58:16.862334Z,TGA_CLOSING_BALANCE,871224.0,USD millions,US Treasury FiscalData:DTS operating_cash_balance,2026-09-14T00:00:00Z,business_daily,official_record_date,OK
2026-09-16T05:00:00Z,2026-09-16T05:58:16.862334Z,US10Y,5.0,percent,US Treasury:daily_treasury_yield_curve,2026-09-15T00:00:00,daily,official_observation_date,OK
2026-09-16T05:00:00Z,2026-09-16T05:58:16.862334Z,US10Y_REAL,2.62,percent,US Treasury:daily_treasury_real_yield_curve,2026-09-15T00:00:00,daily,official_observation_date,OK
2026-09-16T05:00:00Z,2026-09-16T05:58:16.862334Z,US2Y,4.67,percent,US Treasury:daily_treasury_yield_curve,2026-09-15T00:00:00,daily,official_observation_date,OK
2026-09-16T05:00:00Z,2026-09-16T05:58:16.862334Z,US30Y,5.36,percent,US Treasury:daily_treasury_yield_curve,2026-09-15T00:00:00,daily,official_observation_date,OK
2026-09-16T05:00:00Z,2026-09-16T05:58:16.862334Z,USDC_SUPPLY,73442197277.89745,USD,DefiLlama Stablecoins,2026-09-16T05:58:18.133319Z,current,retrieval_time_proxy,OK
2026-09-16T05:00:00Z,2026-09-16T05:58:16.862334Z,USDT_SUPPLY,183272421489.38724,USD,DefiLlama Stablecoins,2026-09-16T05:58:18.133319Z,current,retrieval_time_proxy,OK
2026-09-16T07:00:00Z,2026-09-16T07:58:51.422465Z,BTC_DOMINANCE,58.526090367321345,percent,CoinGecko Global,2026-09-16T07:55:08Z,current,source_updated_at,OK
2026-09-16T07:00:00Z,2026-09-16T07:58:51.422465Z,CRYPTO_24H_VOLUME,104790214128.02542,USD,CoinGecko Global,2026-09-16T07:55:08Z,current,source_updated_at,OK
2026-09-16T07:00:00Z,2026-09-16T07:58:51.422465Z,CRYPTO_TOTAL_MCAP,2592414576374.314,USD,CoinGecko Global,2026-09-16T07:55:08Z,current,source_updated_at,OK
2026-09-16T07:00:00Z,2026-09-16T07:58:51.422465Z,EFFR,3.63,percent,New York Fed Markets API,2026-09-14T00:00:00Z,business_daily,official_effective_date,OK
2026-09-16T07:00:00Z,2026-09-16T07:58:51.422465Z,ETH_DOMINANCE,11.252392914873077,percent,CoinGecko Global,2026-09-16T07:55:08Z,current,source_updated_at,OK
2026-09-16T07:00:00Z,2026-09-16T07:58:51.422465Z,SOFR,3.62,percent,New York Fed Markets API,2026-09-14T00:00:00Z,business_daily,official_effective_date,OK
2026-09-16T07:00:00Z,2026-09-16T07:58:51.422465Z,STABLECOIN_TOTAL_SUPPLY,311077924372.9503,USD,DefiLlama Stablecoins,2026-09-16T07:58:52.774355Z,current,retrieval_time_proxy,OK
2026-09-16T07:00:00Z,2026-09-16T07:58:51.422465Z,TGA_CLOSING_BALANCE,871224.0,USD millions,US Treasury FiscalData:DTS operating_cash_balance,2026-09-14T00:00:00Z,business_daily,official_record_date,OK
2026-09-16T07:00:00Z,2026-09-16T07:58:51.422465Z,US10Y,5.0,percent,US Treasury:daily_treasury_yield_curve,2026-09-15T00:00:00,daily,official_observation_date,OK
2026-09-16T07:00:00Z,2026-09-16T07:58:51.422465Z,US10Y_REAL,2.62,percent,US Treasury:daily_treasury_real_yield_curve,2026-09-15T00:00:00,daily,official_observation_date,OK
2026-09-16T07:00:00Z,2026-09-16T07:58:51.422465Z,US2Y,4.67,percent,US Treasury:daily_treasury_yield_curve,2026-09-15T00:00:00,daily,official_observation_date,OK
2026-09-16T07:00:00Z,2026-09-16T07:58:51.422465Z,US30Y,5.36,percent,US Treasury:daily_treasury_yield_curve,2026-09-15T00:00:00,daily,official_observation_date,OK
2026-09-16T07:00:00Z,2026-09-16T07:58:51.422465Z,USDC_SUPPLY,73790423134.00967,USD,DefiLlama Stablecoins,2026-09-16T07:58:52.774355Z,current,retrieval_time_proxy,OK
2026-09-16T07:00:00Z,2026-09-16T07:58:51.422465Z,USDT_SUPPLY,183261841138.87106,USD,DefiLlama Stablecoins,2026-09-16T07:58:52.774355Z,current,retrieval_time_proxy,OK
2026-09-16T08:00:00Z,2026-09-16T08:58:38.494034Z,BTC_DOMINANCE,58.49495815287722,percent,CoinGecko Global,2026-09-16T08:55:13Z,current,source_updated_at,OK
2026-09-16T08:00:00Z,2026-09-16T08:58:38.494034Z,CRYPTO_24H_VOLUME,104676783828.55077,USD,CoinGecko Global,2026-09-16T08:55:13Z,current,source_updated_at,OK
2026-09-16T08:00:00Z,2026-09-16T08:58:38.494034Z,CRYPTO_TOTAL_MCAP,2588283385748.413,USD,CoinGecko Global,2026-09-16T08:55:13Z,current,source_updated_at,OK
2026-09-16T08:00:00Z,2026-09-16T08:58:38.494034Z,EFFR,3.63,percent,New York Fed Markets API,2026-09-14T00:00:00Z,business_daily,official_effective_date,OK
2026-09-16T08:00:00Z,2026-09-16T08:58:38.494034Z,ETH_DOMINANCE,11.268370876217926,percent,CoinGecko Global,2026-09-16T08:55:13Z,current,source_updated_at,OK
2026-09-16T08:00:00Z,2026-09-16T08:58:38.494034Z,SOFR,3.62,percent,New York Fed Markets API,2026-09-14T00:00:00Z,business_daily,official_effective_date,OK
2026-09-16T08:00:00Z,2026-09-16T08:58:38.494034Z,STABLECOIN_TOTAL_SUPPLY,311040576111.50415,USD,DefiLlama Stablecoins,2026-09-16T08:58:39.980560Z,current,retrieval_time_proxy,OK
2026-09-16T08:00:00Z,2026-09-16T08:58:38.494034Z,TGA_CLOSING_BALANCE,871224.0,USD millions,US Treasury FiscalData:DTS operating_cash_balance,2026-09-14T00:00:00Z,business_daily,official_record_date,OK
2026-09-16T08:00:00Z,2026-09-16T08:58:38.494034Z,US10Y,5.0,percent,US Treasury:daily_treasury_yield_curve,2026-09-15T00:00:00,daily,official_observation_date,OK
2026-09-16T08:00:00Z,2026-09-16T08:58:38.494034Z,US10Y_REAL,2.62,percent,US Treasury:daily_treasury_real_yield_curve,2026-09-15T00:00:00,daily,official_observation_date,OK
2026-09-16T08:00:00Z,2026-09-16T08:58:38.494034Z,US2Y,4.67,percent,US Treasury:daily_treasury_yield_curve,2026-09-15T00:00:00,daily,official_observation_date,OK
2026-09-16T08:00:00Z,2026-09-16T08:58:38.494034Z,US30Y,5.36,percent,US Treasury:daily_treasury_yield_curve,2026-09-15T00:00:00,daily,official_observation_date,OK
2026-09-16T08:00:00Z,2026-09-16T08:58:38.494034Z,USDC_SUPPLY,73763040152.43578,USD,DefiLlama Stablecoins,2026-09-16T08:58:39.980560Z,current,retrieval_time_proxy,OK
2026-09-16T08:00:00Z,2026-09-16T08:58:38.494034Z,USDT_SUPPLY,183255806038.61682,USD,DefiLlama Stablecoins,2026-09-16T08:58:39.980560Z,current,retrieval_time_proxy,OK
2026-09-16T09:00:00Z,2026-09-16T09:59:04.555230Z,BTC_DOMINANCE,58.51830483489196,percent,CoinGecko Global,2026-09-16T09:55:19Z,current,source_updated_at,OK
2026-09-16T09:00:00Z,2026-09-16T09:59:04.555230Z,CRYPTO_24H_VOLUME,105093198855.75496,USD,CoinGecko Global,2026-09-16T09:55:19Z,current,source_updated_at,OK
2026-09-16T09:00:00Z,2026-09-16T09:59:04.555230Z,CRYPTO_TOTAL_MCAP,2600031239782.0283,USD,CoinGecko Global,2026-09-16T09:55:19Z,current,source_updated_at,OK
2026-09-16T09:00:00Z,2026-09-16T09:59:04.555230Z,EFFR,3.63,percent,New York Fed Markets API,2026-09-14T00:00:00Z,business_daily,official_effective_date,OK
2026-09-16T09:00:00Z,2026-09-16T09:59:04.555230Z,ETH_DOMINANCE,11.260325513015463,percent,CoinGecko Global,2026-09-16T09:55:19Z,current,source_updated_at,OK
2026-09-16T09:00:00Z,2026-09-16T09:59:04.555230Z,SOFR,3.62,percent,New York Fed Markets API,2026-09-14T00:00:00Z,business_daily,official_effective_date,OK
2026-09-16T09:00:00Z,2026-09-16T09:59:04.555230Z,STABLECOIN_TOTAL_SUPPLY,311047125011.6322,USD,DefiLlama Stablecoins,2026-09-16T09:59:06.272579Z,current,retrieval_time_proxy,OK
2026-09-16T09:00:00Z,2026-09-16T09:59:04.555230Z,TGA_CLOSING_BALANCE,871224.0,USD millions,US Treasury FiscalData:DTS operating_cash_balance,2026-09-14T00:00:00Z,business_daily,official_record_date,OK
2026-09-16T09:00:00Z,2026-09-16T09:59:04.555230Z,US10Y,5.0,percent,US Treasury:daily_treasury_yield_curve,2026-09-15T00:00:00,daily,official_observation_date,OK
2026-09-16T09:00:00Z,2026-09-16T09:59:04.555230Z,US10Y_REAL,2.62,percent,US Treasury:daily_treasury_real_yield_curve,2026-09-15T00:00:00,daily,official_observation_date,OK
2026-09-16T09:00:00Z,2026-09-16T09:59:04.555230Z,US2Y,4.67,percent,US Treasury:daily_treasury_yield_curve,2026-09-15T00:00:00,daily,official_observation_date,OK
2026-09-16T09:00:00Z,2026-09-16T09:59:04.555230Z,US30Y,5.36,percent,US Treasury:daily_treasury_yield_curve,2026-09-15T00:00:00,daily,official_observation_date,OK
2026-09-16T09:00:00Z,2026-09-16T09:59:04.555230Z,USDC_SUPPLY,73772649766.39023,USD,DefiLlama Stablecoins,2026-09-16T09:59:06.272579Z,current,retrieval_time_proxy,OK
2026-09-16T09:00:00Z,2026-09-16T09:59:04.555230Z,USDT_SUPPLY,183264074702.6908,USD,DefiLlama Stablecoins,2026-09-16T09:59:06.272579Z,current,retrieval_time_proxy,OK
2026-09-16T10:00:00Z,2026-09-16T10:58:43.110900Z,BTC_DOMINANCE,58.517885056228955,percent,CoinGecko Global,2026-09-16T10:55:23Z,current,source_updated_at,OK
2026-09-16T10:00:00Z,2026-09-16T10:58:43.110900Z,CRYPTO_24H_VOLUME,103679404334.1419,USD,CoinGecko Global,2026-09-16T10:55:23Z,current,source_updated_at,OK
2026-09-16T10:00:00Z,2026-09-16T10:58:43.110900Z,CRYPTO_TOTAL_MCAP,2598797816240.2676,USD,CoinGecko Global,2026-09-16T10:55:23Z,current,source_updated_at,OK
2026-09-16T10:00:00Z,2026-09-16T10:58:43.110900Z,EFFR,3.63,percent,New York Fed Markets API,2026-09-14T00:00:00Z,business_daily,official_effective_date,OK
2026-09-16T10:00:00Z,2026-09-16T10:58:43.110900Z,ETH_DOMINANCE,11.260762097456213,percent,CoinGecko Global,2026-09-16T10:55:23Z,current,source_updated_at,OK
2026-09-16T10:00:00Z,2026-09-16T10:58:43.110900Z,SOFR,3.62,percent,New York Fed Markets API,2026-09-14T00:00:00Z,business_daily,official_effective_date,OK
2026-09-16T10:00:00Z,2026-09-16T10:58:43.110900Z,STABLECOIN_TOTAL_SUPPLY,311019430355.9235,USD,DefiLlama Stablecoins,2026-09-16T10:58:47.434605Z,current,retrieval_time_proxy,OK
2026-09-16T10:00:00Z,2026-09-16T10:58:43.110900Z,TGA_CLOSING_BALANCE,871224.0,USD millions,US Treasury FiscalData:DTS operating_cash_balance,2026-09-14T00:00:00Z,business_daily,official_record_date,OK
2026-09-16T10:00:00Z,2026-09-16T10:58:43.110900Z,US10Y,5.0,percent,US Treasury:daily_treasury_yield_curve,2026-09-15T00:00:00,daily,official_observation_date,OK
2026-09-16T10:00:00Z,2026-09-16T10:58:43.110900Z,US10Y_REAL,2.62,percent,US Treasury:daily_treasury_real_yield_curve,2026-09-15T00:00:00,daily,official_observation_date,OK
2026-09-16T10:00:00Z,2026-09-16T10:58:43.110900Z,US2Y,4.67,percent,US Treasury:daily_treasury_yield_curve,2026-09-15T00:00:00,daily,official_observation_date,OK
2026-09-16T10:00:00Z,2026-09-16T10:58:43.110900Z,US30Y,5.36,percent,US Treasury:daily_treasury_yield_curve,2026-09-15T00:00:00,daily,official_observation_date,OK
2026-09-16T10:00:00Z,2026-09-16T10:58:43.110900Z,USDC_SUPPLY,73744476531.33232,USD,DefiLlama Stablecoins,2026-09-16T10:58:47.434605Z,current,retrieval_time_proxy,OK
2026-09-16T10:00:00Z,2026-09-16T10:58:43.110900Z,USDT_SUPPLY,183263304485.1432,USD,DefiLlama Stablecoins,2026-09-16T10:58:47.434605Z,current,retrieval_time_proxy,OK
2026-09-16T11:00:00Z,2026-09-16T11:58:16.514378Z,BTC_DOMINANCE,59.010580392346135,percent,CoinGecko Global,2026-09-16T11:55:29Z,current,source_updated_at,OK
2026-09-16T11:00:00Z,2026-09-16T11:58:16.514378Z,CRYPTO_24H_VOLUME,104636469395.86224,USD,CoinGecko Global,2026-09-16T11:55:29Z,current,source_updated_at,OK
2026-09-16T11:00:00Z,2026-09-16T11:58:16.514378Z,CRYPTO_TOTAL_MCAP,2589766810960.6426,USD,CoinGecko Global,2026-09-16T11:55:29Z,current,source_updated_at,OK
2026-09-16T11:00:00Z,2026-09-16T11:58:16.514378Z,EFFR,3.63,percent,New York Fed Markets API,2026-09-14T00:00:00Z,business_daily,official_effective_date,OK
2026-09-16T11:00:00Z,2026-09-16T11:58:16.514378Z,ETH_DOMINANCE,11.385807448108478,percent,CoinGecko Global,2026-09-16T11:55:29Z,current,source_updated_at,OK
2026-09-16T11:00:00Z,2026-09-16T11:58:16.514378Z,SOFR,3.62,percent,New York Fed Markets API,2026-09-14T00:00:00Z,business_daily,official_effective_date,OK
2026-09-16T11:00:00Z,2026-09-16T11:58:16.514378Z,STABLECOIN_TOTAL_SUPPLY,311009092293.0538,USD,DefiLlama Stablecoins,2026-09-16T11:58:18.416690Z,current,retrieval_time_proxy,OK
2026-09-16T11:00:00Z,2026-09-16T11:58:16.514378Z,TGA_CLOSING_BALANCE,871224.0,USD millions,US Treasury FiscalData:DTS operating_cash_balance,2026-09-14T00:00:00Z,business_daily,official_record_date,OK
2026-09-16T11:00:00Z,2026-09-16T11:58:16.514378Z,US10Y,5.0,percent,US Treasury:daily_treasury_yield_curve,2026-09-15T00:00:00,daily,official_observation_date,OK
2026-09-16T11:00:00Z,2026-09-16T11:58:16.514378Z,US10Y_REAL,2.62,percent,US Treasury:daily_treasury_real_yield_curve,2026-09-15T00:00:00,daily,official_observation_date,OK
2026-09-16T11:00:00Z,2026-09-16T11:58:16.514378Z,US2Y,4.67,percent,US Treasury:daily_treasury_yield_curve,2026-09-15T00:00:00,daily,official_observation_date,OK
2026-09-16T11:00:00Z,2026-09-16T11:58:16.514378Z,US30Y,5.36,percent,US Treasury:daily_treasury_yield_curve,2026-09-15T00:00:00,daily,official_observation_date,OK
2026-09-16T11:00:00Z,2026-09-16T11:58:16.514378Z,USDC_SUPPLY,73736787850.7951,USD,DefiLlama Stablecoins,2026-09-16T11:58:18.416690Z,current,retrieval_time_proxy,OK
2026-09-16T11:00:00Z,2026-09-16T11:58:16.514378Z,USDT_SUPPLY,183255330338.63022,USD,DefiLlama Stablecoins,2026-09-16T11:58:18.416690Z,current,retrieval_time_proxy,OK
2026-09-16T13:00:00Z,2026-09-16T13:01:30.289673Z,BTC_DOMINANCE,58.52381042262375,percent,CoinGecko Global,2026-09-16T12:55:33Z,current,source_updated_at,OK
2026-09-16T13:00:00Z,2026-09-16T13:01:30.289673Z,CRYPTO_24H_VOLUME,105109132526.57375,USD,CoinGecko Global,2026-09-16T12:55:33Z,current,source_updated_at,OK
2026-09-16T13:00:00Z,2026-09-16T13:01:30.289673Z,CRYPTO_TOTAL_MCAP,2600906092624.373,USD,CoinGecko Global,2026-09-16T12:55:33Z,current,source_updated_at,OK
2026-09-16T13:00:00Z,2026-09-16T13:01:30.289673Z,EFFR,3.63,percent,New York Fed Markets API,2026-09-15T00:00:00Z,business_daily,official_effective_date,OK
2026-09-16T13:00:00Z,2026-09-16T13:01:30.289673Z,ETH_DOMINANCE,11.271530791517687,percent,CoinGecko Global,2026-09-16T12:55:33Z,current,source_updated_at,OK
2026-09-16T13:00:00Z,2026-09-16T13:01:30.289673Z,SOFR,3.64,percent,New York Fed Markets API,2026-09-15T00:00:00Z,business_daily,official_effective_date,OK
2026-09-16T13:00:00Z,2026-09-16T13:01:30.289673Z,STABLECOIN_TOTAL_SUPPLY,310951376365.7993,USD,DefiLlama Stablecoins,2026-09-16T13:01:32.394774Z,current,retrieval_time_proxy,OK
2026-09-16T13:00:00Z,2026-09-16T13:01:30.289673Z,TGA_CLOSING_BALANCE,871224.0,USD millions,US Treasury FiscalData:DTS operating_cash_balance,2026-09-14T00:00:00Z,business_daily,official_record_date,OK
2026-09-16T13:00:00Z,2026-09-16T13:01:30.289673Z,US10Y,5.0,percent,US Treasury:daily_treasury_yield_curve,2026-09-15T00:00:00,daily,official_observation_date,OK
2026-09-16T13:00:00Z,2026-09-16T13:01:30.289673Z,US10Y_REAL,2.62,percent,US Treasury:daily_treasury_real_yield_curve,2026-09-15T00:00:00,daily,official_observation_date,OK
2026-09-16T13:00:00Z,2026-09-16T13:01:30.289673Z,US2Y,4.67,percent,US Treasury:daily_treasury_yield_curve,2026-09-15T00:00:00,daily,official_observation_date,OK
2026-09-16T13:00:00Z,2026-09-16T13:01:30.289673Z,US30Y,5.36,percent,US Treasury:daily_treasury_yield_curve,2026-09-15T00:00:00,daily,official_observation_date,OK
2026-09-16T13:00:00Z,2026-09-16T13:01:30.289673Z,USDC_SUPPLY,73734438961.81447,USD,DefiLlama Stablecoins,2026-09-16T13:01:32.394774Z,current,retrieval_time_proxy,OK
2026-09-16T13:00:00Z,2026-09-16T13:01:30.289673Z,USDT_SUPPLY,183255755389.3742,USD,DefiLlama Stablecoins,2026-09-16T13:01:32.394774Z,current,retrieval_time_proxy,OK
2026-09-16T14:00:00Z,2026-09-16T14:59:45.708051Z,BTC_DOMINANCE,58.536758384608866,percent,CoinGecko Global,2026-09-16T14:55:45Z,current,source_updated_at,OK
2026-09-16T14:00:00Z,2026-09-16T14:59:45.708051Z,CRYPTO_24H_VOLUME,96952693579.19044,USD,CoinGecko Global,2026-09-16T14:55:45Z,current,source_updated_at,OK
2026-09-16T14:00:00Z,2026-09-16T14:59:45.708051Z,CRYPTO_TOTAL_MCAP,2586620998749.344,USD,CoinGecko Global,2026-09-16T14:55:45Z,current,source_updated_at,OK
2026-09-16T14:00:00Z,2026-09-16T14:59:45.708051Z,EFFR,3.63,percent,New York Fed Markets API,2026-09-15T00:00:00Z,business_daily,official_effective_date,OK
2026-09-16T14:00:00Z,2026-09-16T14:59:45.708051Z,ETH_DOMINANCE,11.234099801370444,percent,CoinGecko Global,2026-09-16T14:55:45Z,current,source_updated_at,OK
2026-09-16T14:00:00Z,2026-09-16T14:59:45.708051Z,SOFR,3.64,percent,New York Fed Markets API,2026-09-15T00:00:00Z,business_daily,official_effective_date,OK
2026-09-16T14:00:00Z,2026-09-16T14:59:45.708051Z,STABLECOIN_TOTAL_SUPPLY,310900805961.5143,USD,DefiLlama Stablecoins,2026-09-16T14:59:47.540897Z,current,retrieval_time_proxy,OK
2026-09-16T14:00:00Z,2026-09-16T14:59:45.708051Z,TGA_CLOSING_BALANCE,871224.0,USD millions,US Treasury FiscalData:DTS operating_cash_balance,2026-09-14T00:00:00Z,business_daily,official_record_date,OK
2026-09-16T14:00:00Z,2026-09-16T14:59:45.708051Z,US10Y,5.0,percent,US Treasury:daily_treasury_yield_curve,2026-09-15T00:00:00,daily,official_observation_date,OK
2026-09-16T14:00:00Z,2026-09-16T14:59:45.708051Z,US10Y_REAL,2.62,percent,US Treasury:daily_treasury_real_yield_curve,2026-09-15T00:00:00,daily,official_observation_date,OK
2026-09-16T14:00:00Z,2026-09-16T14:59:45.708051Z,US2Y,4.67,percent,US Treasury:daily_treasury_yield_curve,2026-09-15T00:00:00,daily,official_observation_date,OK
2026-09-16T14:00:00Z,2026-09-16T14:59:45.708051Z,US30Y,5.36,percent,US Treasury:daily_treasury_yield_curve,2026-09-15T00:00:00,daily,official_observation_date,OK
2026-09-16T14:00:00Z,2026-09-16T14:59:45.708051Z,USDC_SUPPLY,73703012246.7489,USD,DefiLlama Stablecoins,2026-09-16T14:59:47.540897Z,current,retrieval_time_proxy,OK
2026-09-16T14:00:00Z,2026-09-16T14:59:45.708051Z,USDT_SUPPLY,183265997195.8736,USD,DefiLlama Stablecoins,2026-09-16T14:59:47.540897Z,current,retrieval_time_proxy,OK
2026-09-16T15:00:00Z,2026-09-16T15:59:30.872067Z,BTC_DOMINANCE,58.55647012556284,percent,CoinGecko Global,2026-09-16T15:55:50Z,current,source_updated_at,OK
2026-09-16T15:00:00Z,2026-09-16T15:59:30.872067Z,CRYPTO_24H_VOLUME,95153140235.52596,USD,CoinGecko Global,2026-09-16T15:55:50Z,current,source_updated_at,OK
2026-09-16T15:00:00Z,2026-09-16T15:59:30.872067Z,CRYPTO_TOTAL_MCAP,2594844272270.8257,USD,CoinGecko Global,2026-09-16T15:55:50Z,current,source_updated_at,OK
2026-09-16T15:00:00Z,2026-09-16T15:59:30.872067Z,EFFR,3.63,percent,New York Fed Markets API,2026-09-15T00:00:00Z,business_daily,official_effective_date,OK
2026-09-16T15:00:00Z,2026-09-16T15:59:30.872067Z,ETH_DOMINANCE,11.24726121745303,percent,CoinGecko Global,2026-09-16T15:55:50Z,current,source_updated_at,OK
2026-09-16T15:00:00Z,2026-09-16T15:59:30.872067Z,SOFR,3.64,percent,New York Fed Markets API,2026-09-15T00:00:00Z,business_daily,official_effective_date,OK
2026-09-16T15:00:00Z,2026-09-16T15:59:30.872067Z,STABLECOIN_TOTAL_SUPPLY,310883565167.6041,USD,DefiLlama Stablecoins,2026-09-16T15:59:32.982731Z,current,retrieval_time_proxy,OK
2026-09-16T15:00:00Z,2026-09-16T15:59:30.872067Z,TGA_CLOSING_BALANCE,871224.0,USD millions,US Treasury FiscalData:DTS operating_cash_balance,2026-09-14T00:00:00Z,business_daily,official_record_date,OK
2026-09-16T15:00:00Z,2026-09-16T15:59:30.872067Z,US10Y,5.0,percent,US Treasury:daily_treasury_yield_curve,2026-09-15T00:00:00,daily,official_observation_date,OK
2026-09-16T15:00:00Z,2026-09-16T15:59:30.872067Z,US10Y_REAL,2.62,percent,US Treasury:daily_treasury_real_yield_curve,2026-09-15T00:00:00,daily,official_observation_date,OK
2026-09-16T15:00:00Z,2026-09-16T15:59:30.872067Z,US2Y,4.67,percent,US Treasury:daily_treasury_yield_curve,2026-09-15T00:00:00,daily,official_observation_date,OK
2026-09-16T15:00:00Z,2026-09-16T15:59:30.872067Z,US30Y,5.36,percent,US Treasury:daily_treasury_yield_curve,2026-09-15T00:00:00,daily,official_observation_date,OK
2026-09-16T15:00:00Z,2026-09-16T15:59:30.872067Z,USDC_SUPPLY,73681507066.8542,USD,DefiLlama Stablecoins,2026-09-16T15:59:32.982731Z,current,retrieval_time_proxy,OK
2026-09-16T15:00:00Z,2026-09-16T15:59:30.872067Z,USDT_SUPPLY,183277098013.37216,USD,DefiLlama Stablecoins,2026-09-16T15:59:32.982731Z,current,retrieval_time_proxy,OK
2026-09-16T16:00:00Z,2026-09-16T16:59:11.072324Z,BTC_DOMINANCE,58.52994326974963,percent,CoinGecko Global,2026-09-16T16:55:55Z,current,source_updated_at,OK
2026-09-16T16:00:00Z,2026-09-16T16:59:11.072324Z,CRYPTO_24H_VOLUME,94857953134.19344,USD,CoinGecko Global,2026-09-16T16:55:55Z,current,source_updated_at,OK
2026-09-16T16:00:00Z,2026-09-16T16:59:11.072324Z,CRYPTO_TOTAL_MCAP,2593516409081.357,USD,CoinGecko Global,2026-09-16T16:55:55Z,current,source_updated_at,OK
2026-09-16T16:00:00Z,2026-09-16T16:59:11.072324Z,EFFR,3.63,percent,New York Fed Markets API,2026-09-15T00:00:00Z,business_daily,official_effective_date,OK
2026-09-16T16:00:00Z,2026-09-16T16:59:11.072324Z,ETH_DOMINANCE,11.236003821898038,percent,CoinGecko Global,2026-09-16T16:55:55Z,current,source_updated_at,OK
2026-09-16T16:00:00Z,2026-09-16T16:59:11.072324Z,SOFR,3.64,percent,New York Fed Markets API,2026-09-15T00:00:00Z,business_daily,official_effective_date,OK
2026-09-16T16:00:00Z,2026-09-16T16:59:11.072324Z,STABLECOIN_TOTAL_SUPPLY,310828125043.9463,USD,DefiLlama Stablecoins,2026-09-16T16:59:12.908744Z,current,retrieval_time_proxy,OK
2026-09-16T16:00:00Z,2026-09-16T16:59:11.072324Z,TGA_CLOSING_BALANCE,871224.0,USD millions,US Treasury FiscalData:DTS operating_cash_balance,2026-09-14T00:00:00Z,business_daily,official_record_date,OK
2026-09-16T16:00:00Z,2026-09-16T16:59:11.072324Z,US10Y,5.0,percent,US Treasury:daily_treasury_yield_curve,2026-09-15T00:00:00,daily,official_observation_date,OK
2026-09-16T16:00:00Z,2026-09-16T16:59:11.072324Z,US10Y_REAL,2.62,percent,US Treasury:daily_treasury_real_yield_curve,2026-09-15T00:00:00,daily,official_observation_date,OK
2026-09-16T16:00:00Z,2026-09-16T16:59:11.072324Z,US2Y,4.67,percent,US Treasury:daily_treasury_yield_curve,2026-09-15T00:00:00,daily,official_observation_date,OK
2026-09-16T16:00:00Z,2026-09-16T16:59:11.072324Z,US30Y,5.36,percent,US Treasury:daily_treasury_yield_curve,2026-09-15T00:00:00,daily,official_observation_date,OK
2026-09-16T16:00:00Z,2026-09-16T16:59:11.072324Z,USDC_SUPPLY,73591072459.36336,USD,DefiLlama Stablecoins,2026-09-16T16:59:12.908744Z,current,retrieval_time_proxy,OK
2026-09-16T16:00:00Z,2026-09-16T16:59:11.072324Z,USDT_SUPPLY,183288535117.50098,USD,DefiLlama Stablecoins,2026-09-16T16:59:12.908744Z,current,retrieval_time_proxy,OK
2026-09-16T17:00:00Z,2026-09-16T17:58:21.463774Z,BTC_DOMINANCE,58.557192252671896,percent,CoinGecko Global,2026-09-16T17:56:01Z,current,source_updated_at,OK
2026-09-16T17:00:00Z,2026-09-16T17:58:21.463774Z,CRYPTO_24H_VOLUME,93850035348.20045,USD,CoinGecko Global,2026-09-16T17:56:01Z,current,source_updated_at,OK
2026-09-16T17:00:00Z,2026-09-16T17:58:21.463774Z,CRYPTO_TOTAL_MCAP,2585342092077.558,USD,CoinGecko Global,2026-09-16T17:56:01Z,current,source_updated_at,OK
2026-09-16T17:00:00Z,2026-09-16T17:58:21.463774Z,EFFR,3.63,percent,New York Fed Markets API,2026-09-15T00:00:00Z,business_daily,official_effective_date,OK
2026-09-16T17:00:00Z,2026-09-16T17:58:21.463774Z,ETH_DOMINANCE,11.215742385632087,percent,CoinGecko Global,2026-09-16T17:56:01Z,current,source_updated_at,OK
2026-09-16T17:00:00Z,2026-09-16T17:58:21.463774Z,SOFR,3.64,percent,New York Fed Markets API,2026-09-15T00:00:00Z,business_daily,official_effective_date,OK
2026-09-16T17:00:00Z,2026-09-16T17:58:21.463774Z,STABLECOIN_TOTAL_SUPPLY,310940165043.04144,USD,DefiLlama Stablecoins,2026-09-16T17:58:23.641870Z,current,retrieval_time_proxy,OK
2026-09-16T17:00:00Z,2026-09-16T17:58:21.463774Z,TGA_CLOSING_BALANCE,871224.0,USD millions,US Treasury FiscalData:DTS operating_cash_balance,2026-09-14T00:00:00Z,business_daily,official_record_date,OK
2026-09-16T17:00:00Z,2026-09-16T17:58:21.463774Z,US10Y,5.0,percent,US Treasury:daily_treasury_yield_curve,2026-09-15T00:00:00,daily,official_observation_date,OK
2026-09-16T17:00:00Z,2026-09-16T17:58:21.463774Z,US10Y_REAL,2.62,percent,US Treasury:daily_treasury_real_yield_curve,2026-09-15T00:00:00,daily,official_observation_date,OK
2026-09-16T17:00:00Z,2026-09-16T17:58:21.463774Z,US2Y,4.67,percent,US Treasury:daily_treasury_yield_curve,2026-09-15T00:00:00,daily,official_observation_date,OK
2026-09-16T17:00:00Z,2026-09-16T17:58:21.463774Z,US30Y,5.36,percent,US Treasury:daily_treasury_yield_curve,2026-09-15T00:00:00,daily,official_observation_date,OK
2026-09-16T17:00:00Z,2026-09-16T17:58:21.463774Z,USDC_SUPPLY,73699227663.44923,USD,DefiLlama Stablecoins,2026-09-16T17:58:23.641870Z,current,retrieval_time_proxy,OK
2026-09-16T17:00:00Z,2026-09-16T17:58:21.463774Z,USDT_SUPPLY,183284734864.8922,USD,DefiLlama Stablecoins,2026-09-16T17:58:23.641870Z,current,retrieval_time_proxy,OK
2026-09-16T18:00:00Z,2026-09-16T18:58:38.641740Z,BTC_DOMINANCE,58.39683629198679,percent,CoinGecko Global,2026-09-16T18:56:08Z,current,source_updated_at,OK
2026-09-16T18:00:00Z,2026-09-16T18:58:38.641740Z,CRYPTO_24H_VOLUME,94378671393.71707,USD,CoinGecko Global,2026-09-16T18:56:08Z,current,source_updated_at,OK
2026-09-16T18:00:00Z,2026-09-16T18:58:38.641740Z,CRYPTO_TOTAL_MCAP,2584129139914.997,USD,CoinGecko Global,2026-09-16T18:56:08Z,current,source_updated_at,OK
2026-09-16T18:00:00Z,2026-09-16T18:58:38.641740Z,EFFR,3.63,percent,New York Fed Markets API,2026-09-15T00:00:00Z,business_daily,official_effective_date,OK
2026-09-16T18:00:00Z,2026-09-16T18:58:38.641740Z,ETH_DOMINANCE,11.240113813881873,percent,CoinGecko Global,2026-09-16T18:56:08Z,current,source_updated_at,OK
2026-09-16T18:00:00Z,2026-09-16T18:58:38.641740Z,SOFR,3.64,percent,New York Fed Markets API,2026-09-15T00:00:00Z,business_daily,official_effective_date,OK
2026-09-16T18:00:00Z,2026-09-16T18:58:38.641740Z,STABLECOIN_TOTAL_SUPPLY,310937753397.5764,USD,DefiLlama Stablecoins,2026-09-16T18:58:40.033756Z,current,retrieval_time_proxy,OK
2026-09-16T18:00:00Z,2026-09-16T18:58:38.641740Z,TGA_CLOSING_BALANCE,871224.0,USD millions,US Treasury FiscalData:DTS operating_cash_balance,2026-09-14T00:00:00Z,business_daily,official_record_date,OK
2026-09-16T18:00:00Z,2026-09-16T18:58:38.641740Z,US10Y,5.0,percent,US Treasury:daily_treasury_yield_curve,2026-09-15T00:00:00,daily,official_observation_date,OK
2026-09-16T18:00:00Z,2026-09-16T18:58:38.641740Z,US10Y_REAL,2.62,percent,US Treasury:daily_treasury_real_yield_curve,2026-09-15T00:00:00,daily,official_observation_date,OK
2026-09-16T18:00:00Z,2026-09-16T18:58:38.641740Z,US2Y,4.67,percent,US Treasury:daily_treasury_yield_curve,2026-09-15T00:00:00,daily,official_observation_date,OK
2026-09-16T18:00:00Z,2026-09-16T18:58:38.641740Z,US30Y,5.36,percent,US Treasury:daily_treasury_yield_curve,2026-09-15T00:00:00,daily,official_observation_date,OK
2026-09-16T18:00:00Z,2026-09-16T18:58:38.641740Z,USDC_SUPPLY,73724884884.38185,USD,DefiLlama Stablecoins,2026-09-16T18:58:40.033756Z,current,retrieval_time_proxy,OK
2026-09-16T18:00:00Z,2026-09-16T18:58:38.641740Z,USDT_SUPPLY,183276130464.81006,USD,DefiLlama Stablecoins,2026-09-16T18:58:40.033756Z,current,retrieval_time_proxy,OK
2026-09-16T19:00:00Z,2026-09-16T19:58:06.733374Z,BTC_DOMINANCE,58.462522554174036,percent,CoinGecko Global,2026-09-16T19:56:13Z,current,source_updated_at,OK
2026-09-16T19:00:00Z,2026-09-16T19:58:06.733374Z,CRYPTO_24H_VOLUME,93534277689.24312,USD,CoinGecko Global,2026-09-16T19:56:13Z,current,source_updated_at,OK
2026-09-16T19:00:00Z,2026-09-16T19:58:06.733374Z,CRYPTO_TOTAL_MCAP,2603254634436.683,USD,CoinGecko Global,2026-09-16T19:56:13Z,current,source_updated_at,OK
2026-09-16T19:00:00Z,2026-09-16T19:58:06.733374Z,EFFR,3.63,percent,New York Fed Markets API,2026-09-15T00:00:00Z,business_daily,official_effective_date,OK
2026-09-16T19:00:00Z,2026-09-16T19:58:06.733374Z,ETH_DOMINANCE,11.246174590008408,percent,CoinGecko Global,2026-09-16T19:56:13Z,current,source_updated_at,OK
2026-09-16T19:00:00Z,2026-09-16T19:58:06.733374Z,SOFR,3.64,percent,New York Fed Markets API,2026-09-15T00:00:00Z,business_daily,official_effective_date,OK
2026-09-16T19:00:00Z,2026-09-16T19:58:06.733374Z,STABLECOIN_TOTAL_SUPPLY,310933475423.33844,USD,DefiLlama Stablecoins,2026-09-16T19:58:08.615488Z,current,retrieval_time_proxy,OK
2026-09-16T19:00:00Z,2026-09-16T19:58:06.733374Z,TGA_CLOSING_BALANCE,871224.0,USD millions,US Treasury FiscalData:DTS operating_cash_balance,2026-09-14T00:00:00Z,business_daily,official_record_date,OK
2026-09-16T19:00:00Z,2026-09-16T19:58:06.733374Z,US10Y,5.01,percent,US Treasury:daily_treasury_yield_curve,2026-09-16T00:00:00,daily,official_observation_date,OK
2026-09-16T19:00:00Z,2026-09-16T19:58:06.733374Z,US10Y_REAL,2.68,percent,US Treasury:daily_treasury_real_yield_curve,2026-09-16T00:00:00,daily,official_observation_date,OK
2026-09-16T19:00:00Z,2026-09-16T19:58:06.733374Z,US2Y,4.74,percent,US Treasury:daily_treasury_yield_curve,2026-09-16T00:00:00,daily,official_observation_date,OK
2026-09-16T19:00:00Z,2026-09-16T19:58:06.733374Z,US30Y,5.35,percent,US Treasury:daily_treasury_yield_curve,2026-09-16T00:00:00,daily,official_observation_date,OK
2026-09-16T19:00:00Z,2026-09-16T19:58:06.733374Z,USDC_SUPPLY,73736164652.91156,USD,DefiLlama Stablecoins,2026-09-16T19:58:08.615488Z,current,retrieval_time_proxy,OK
2026-09-16T19:00:00Z,2026-09-16T19:58:06.733374Z,USDT_SUPPLY,183260243816.4299,USD,DefiLlama Stablecoins,2026-09-16T19:58:08.615488Z,current,retrieval_time_proxy,OK
2026-09-16T20:00:00Z,2026-09-16T20:58:32.606593Z,BTC_DOMINANCE,58.43766113197274,percent,CoinGecko Global,2026-09-16T20:56:18Z,current,source_updated_at,OK
2026-09-16T20:00:00Z,2026-09-16T20:58:32.606593Z,CRYPTO_24H_VOLUME,93025212889.63737,USD,CoinGecko Global,2026-09-16T20:56:18Z,current,source_updated_at,OK
2026-09-16T20:00:00Z,2026-09-16T20:58:32.606593Z,CRYPTO_TOTAL_MCAP,2607968947686.469,USD,CoinGecko Global,2026-09-16T20:56:18Z,current,source_updated_at,OK
2026-09-16T20:00:00Z,2026-09-16T20:58:32.606593Z,EFFR,3.63,percent,New York Fed Markets API,2026-09-15T00:00:00Z,business_daily,official_effective_date,OK
2026-09-16T20:00:00Z,2026-09-16T20:58:32.606593Z,ETH_DOMINANCE,11.240927005933214,percent,CoinGecko Global,2026-09-16T20:56:18Z,current,source_updated_at,OK
2026-09-16T20:00:00Z,2026-09-16T20:58:32.606593Z,SOFR,3.64,percent,New York Fed Markets API,2026-09-15T00:00:00Z,business_daily,official_effective_date,OK
2026-09-16T20:00:00Z,2026-09-16T20:58:32.606593Z,STABLECOIN_TOTAL_SUPPLY,310879416690.3495,USD,DefiLlama Stablecoins,2026-09-16T20:58:34.783215Z,current,retrieval_time_proxy,OK
2026-09-16T20:00:00Z,2026-09-16T20:58:32.606593Z,TGA_CLOSING_BALANCE,991557.0,USD millions,US Treasury FiscalData:DTS operating_cash_balance,2026-09-15T00:00:00Z,business_daily,official_record_date,OK
2026-09-16T20:00:00Z,2026-09-16T20:58:32.606593Z,US10Y,5.01,percent,US Treasury:daily_treasury_yield_curve,2026-09-16T00:00:00,daily,official_observation_date,OK
2026-09-16T20:00:00Z,2026-09-16T20:58:32.606593Z,US10Y_REAL,2.68,percent,US Treasury:daily_treasury_real_yield_curve,2026-09-16T00:00:00,daily,official_observation_date,OK
2026-09-16T20:00:00Z,2026-09-16T20:58:32.606593Z,US2Y,4.74,percent,US Treasury:daily_treasury_yield_curve,2026-09-16T00:00:00,daily,official_observation_date,OK
2026-09-16T20:00:00Z,2026-09-16T20:58:32.606593Z,US30Y,5.35,percent,US Treasury:daily_treasury_yield_curve,2026-09-16T00:00:00,daily,official_observation_date,OK
2026-09-16T20:00:00Z,2026-09-16T20:58:32.606593Z,USDC_SUPPLY,73769010498.36684,USD,DefiLlama Stablecoins,2026-09-16T20:58:34.783215Z,current,retrieval_time_proxy,OK
2026-09-16T20:00:00Z,2026-09-16T20:58:32.606593Z,USDT_SUPPLY,183241165209.19888,USD,DefiLlama Stablecoins,2026-09-16T20:58:34.783215Z,current,retrieval_time_proxy,OK
2026-09-16T21:00:00Z,2026-09-16T21:57:52.915089Z,BTC_DOMINANCE,58.43129569827097,percent,CoinGecko Global,2026-09-16T21:56:23Z,current,source_updated_at,OK
2026-09-16T21:00:00Z,2026-09-16T21:57:52.915089Z,CRYPTO_24H_VOLUME,92259087758.09407,USD,CoinGecko Global,2026-09-16T21:56:23Z,current,source_updated_at,OK
2026-09-16T21:00:00Z,2026-09-16T21:57:52.915089Z,CRYPTO_TOTAL_MCAP,2605625158769.471,USD,CoinGecko Global,2026-09-16T21:56:23Z,current,source_updated_at,OK
2026-09-16T21:00:00Z,2026-09-16T21:57:52.915089Z,EFFR,3.63,percent,New York Fed Markets API,2026-09-15T00:00:00Z,business_daily,official_effective_date,OK
2026-09-16T21:00:00Z,2026-09-16T21:57:52.915089Z,ETH_DOMINANCE,11.236667030350418,percent,CoinGecko Global,2026-09-16T21:56:23Z,current,source_updated_at,OK
2026-09-16T21:00:00Z,2026-09-16T21:57:52.915089Z,SOFR,3.64,percent,New York Fed Markets API,2026-09-15T00:00:00Z,business_daily,official_effective_date,OK
2026-09-16T21:00:00Z,2026-09-16T21:57:52.915089Z,STABLECOIN_TOTAL_SUPPLY,310872834631.0995,USD,DefiLlama Stablecoins,2026-09-16T21:57:54.603315Z,current,retrieval_time_proxy,OK
2026-09-16T21:00:00Z,2026-09-16T21:57:52.915089Z,TGA_CLOSING_BALANCE,991557.0,USD millions,US Treasury FiscalData:DTS operating_cash_balance,2026-09-15T00:00:00Z,business_daily,official_record_date,OK
2026-09-16T21:00:00Z,2026-09-16T21:57:52.915089Z,US10Y,5.01,percent,US Treasury:daily_treasury_yield_curve,2026-09-16T00:00:00,daily,official_observation_date,OK
2026-09-16T21:00:00Z,2026-09-16T21:57:52.915089Z,US10Y_REAL,2.68,percent,US Treasury:daily_treasury_real_yield_curve,2026-09-16T00:00:00,daily,official_observation_date,OK
2026-09-16T21:00:00Z,2026-09-16T21:57:52.915089Z,US2Y,4.74,percent,US Treasury:daily_treasury_yield_curve,2026-09-16T00:00:00,daily,official_observation_date,OK
2026-09-16T21:00:00Z,2026-09-16T21:57:52.915089Z,US30Y,5.35,percent,US Treasury:daily_treasury_yield_curve,2026-09-16T00:00:00,daily,official_observation_date,OK
2026-09-16T21:00:00Z,2026-09-16T21:57:52.915089Z,USDC_SUPPLY,73726626666.91637,USD,DefiLlama Stablecoins,2026-09-16T21:57:54.603315Z,current,retrieval_time_proxy,OK
2026-09-16T21:00:00Z,2026-09-16T21:57:52.915089Z,USDT_SUPPLY,183245483401.28842,USD,DefiLlama Stablecoins,2026-09-16T21:57:54.603315Z,current,retrieval_time_proxy,OK
2026-09-16T22:00:00Z,2026-09-16T22:58:12.072046Z,BTC_DOMINANCE,58.41323077142059,percent,CoinGecko Global,2026-09-16T22:56:28Z,current,source_updated_at,OK
2026-09-16T22:00:00Z,2026-09-16T22:58:12.072046Z,CRYPTO_24H_VOLUME,90983516785.60455,USD,CoinGecko Global,2026-09-16T22:56:28Z,current,source_updated_at,OK
2026-09-16T22:00:00Z,2026-09-16T22:58:12.072046Z,CRYPTO_TOTAL_MCAP,2591098981932.014,USD,CoinGecko Global,2026-09-16T22:56:28Z,current,source_updated_at,OK
2026-09-16T22:00:00Z,2026-09-16T22:58:12.072046Z,EFFR,3.63,percent,New York Fed Markets API,2026-09-15T00:00:00Z,business_daily,official_effective_date,OK
2026-09-16T22:00:00Z,2026-09-16T22:58:12.072046Z,ETH_DOMINANCE,11.223025064361499,percent,CoinGecko Global,2026-09-16T22:56:28Z,current,source_updated_at,OK
2026-09-16T22:00:00Z,2026-09-16T22:58:12.072046Z,SOFR,3.64,percent,New York Fed Markets API,2026-09-15T00:00:00Z,business_daily,official_effective_date,OK
2026-09-16T22:00:00Z,2026-09-16T22:58:12.072046Z,STABLECOIN_TOTAL_SUPPLY,310889668362.5553,USD,DefiLlama Stablecoins,2026-09-16T22:58:14.039995Z,current,retrieval_time_proxy,OK
2026-09-16T22:00:00Z,2026-09-16T22:58:12.072046Z,TGA_CLOSING_BALANCE,991557.0,USD millions,US Treasury FiscalData:DTS operating_cash_balance,2026-09-15T00:00:00Z,business_daily,official_record_date,OK
2026-09-16T22:00:00Z,2026-09-16T22:58:12.072046Z,US10Y,5.01,percent,US Treasury:daily_treasury_yield_curve,2026-09-16T00:00:00,daily,official_observation_date,OK
2026-09-16T22:00:00Z,2026-09-16T22:58:12.072046Z,US10Y_REAL,2.68,percent,US Treasury:daily_treasury_real_yield_curve,2026-09-16T00:00:00,daily,official_observation_date,OK
2026-09-16T22:00:00Z,2026-09-16T22:58:12.072046Z,US2Y,4.74,percent,US Treasury:daily_treasury_yield_curve,2026-09-16T00:00:00,daily,official_observation_date,OK
2026-09-16T22:00:00Z,2026-09-16T22:58:12.072046Z,US30Y,5.35,percent,US Treasury:daily_treasury_yield_curve,2026-09-16T00:00:00,daily,official_observation_date,OK
2026-09-16T22:00:00Z,2026-09-16T22:58:12.072046Z,USDC_SUPPLY,73732218957.56317,USD,DefiLlama Stablecoins,2026-09-16T22:58:14.039995Z,current,retrieval_time_proxy,OK
2026-09-16T22:00:00Z,2026-09-16T22:58:12.072046Z,USDT_SUPPLY,183264030735.8854,USD,DefiLlama Stablecoins,2026-09-16T22:58:14.039995Z,current,retrieval_time_proxy,OK
2026-09-16T23:00:00Z,2026-09-16T23:58:33.801517Z,BTC_DOMINANCE,58.38305367537638,percent,CoinGecko Global,2026-09-16T23:56:34Z,current,source_updated_at,OK
2026-09-16T23:00:00Z,2026-09-16T23:58:33.801517Z,CRYPTO_24H_VOLUME,91723757565.38016,USD,CoinGecko Global,2026-09-16T23:56:34Z,current,source_updated_at,OK
2026-09-16T23:00:00Z,2026-09-16T23:58:33.801517Z,CRYPTO_TOTAL_MCAP,2616969986451.5776,USD,CoinGecko Global,2026-09-16T23:56:34Z,current,source_updated_at,OK
2026-09-16T23:00:00Z,2026-09-16T23:58:33.801517Z,EFFR,3.63,percent,New York Fed Markets API,2026-09-15T00:00:00Z,business_daily,official_effective_date,OK
2026-09-16T23:00:00Z,2026-09-16T23:58:33.801517Z,ETH_DOMINANCE,11.260815679865955,percent,CoinGecko Global,2026-09-16T23:56:34Z,current,source_updated_at,OK
2026-09-16T23:00:00Z,2026-09-16T23:58:33.801517Z,SOFR,3.64,percent,New York Fed Markets API,2026-09-15T00:00:00Z,business_daily,official_effective_date,OK
2026-09-16T23:00:00Z,2026-09-16T23:58:33.801517Z,STABLECOIN_TOTAL_SUPPLY,311000402241.7487,USD,DefiLlama Stablecoins,2026-09-16T23:58:36.120562Z,current,retrieval_time_proxy,OK
2026-09-16T23:00:00Z,2026-09-16T23:58:33.801517Z,TGA_CLOSING_BALANCE,991557.0,USD millions,US Treasury FiscalData:DTS operating_cash_balance,2026-09-15T00:00:00Z,business_daily,official_record_date,OK
2026-09-16T23:00:00Z,2026-09-16T23:58:33.801517Z,US10Y,5.01,percent,US Treasury:daily_treasury_yield_curve,2026-09-16T00:00:00,daily,official_observation_date,OK
2026-09-16T23:00:00Z,2026-09-16T23:58:33.801517Z,US10Y_REAL,2.68,percent,US Treasury:daily_treasury_real_yield_curve,2026-09-16T00:00:00,daily,official_observation_date,OK
2026-09-16T23:00:00Z,2026-09-16T23:58:33.801517Z,US2Y,4.74,percent,US Treasury:daily_treasury_yield_curve,2026-09-16T00:00:00,daily,official_observation_date,OK
2026-09-16T23:00:00Z,2026-09-16T23:58:33.801517Z,US30Y,5.35,percent,US Treasury:daily_treasury_yield_curve,2026-09-16T00:00:00,daily,official_observation_date,OK
2026-09-16T23:00:00Z,2026-09-16T23:58:33.801517Z,USDC_SUPPLY,73824110749.24065,USD,DefiLlama Stablecoins,2026-09-16T23:58:36.120562Z,current,retrieval_time_proxy,OK
2026-09-16T23:00:00Z,2026-09-16T23:58:33.801517Z,USDT_SUPPLY,183276862250.08517,USD,DefiLlama Stablecoins,2026-09-16T23:58:36.120562Z,current,retrieval_time_proxy,OK
2026-09-17T01:00:00Z,2026-09-17T01:59:25.961874Z,BTC_DOMINANCE,58.370868020609365,percent,CoinGecko Global,2026-09-17T01:56:45Z,current,source_updated_at,OK
2026-09-17T01:00:00Z,2026-09-17T01:59:25.961874Z,CRYPTO_24H_VOLUME,93189122184.84886,USD,CoinGecko Global,2026-09-17T01:56:45Z,current,source_updated_at,OK
2026-09-17T01:00:00Z,2026-09-17T01:59:25.961874Z,CRYPTO_TOTAL_MCAP,2617019321013.7964,USD,CoinGecko Global,2026-09-17T01:56:45Z,current,source_updated_at,OK
2026-09-17T01:00:00Z,2026-09-17T01:59:25.961874Z,EFFR,3.63,percent,New York Fed Markets API,2026-09-15T00:00:00Z,business_daily,official_effective_date,OK
2026-09-17T01:00:00Z,2026-09-17T01:59:25.961874Z,ETH_DOMINANCE,11.283664795138836,percent,CoinGecko Global,2026-09-17T01:56:45Z,current,source_updated_at,OK
2026-09-17T01:00:00Z,2026-09-17T01:59:25.961874Z,SOFR,3.64,percent,New York Fed Markets API,2026-09-15T00:00:00Z,business_daily,official_effective_date,OK
2026-09-17T01:00:00Z,2026-09-17T01:59:25.961874Z,STABLECOIN_TOTAL_SUPPLY,310917677229.9995,USD,DefiLlama Stablecoins,2026-09-17T01:59:27.481419Z,current,retrieval_time_proxy,OK
2026-09-17T01:00:00Z,2026-09-17T01:59:25.961874Z,TGA_CLOSING_BALANCE,991557.0,USD millions,US Treasury FiscalData:DTS operating_cash_balance,2026-09-15T00:00:00Z,business_daily,official_record_date,OK
2026-09-17T01:00:00Z,2026-09-17T01:59:25.961874Z,US10Y,5.01,percent,US Treasury:daily_treasury_yield_curve,2026-09-16T00:00:00,daily,official_observation_date,OK
2026-09-17T01:00:00Z,2026-09-17T01:59:25.961874Z,US10Y_REAL,2.68,percent,US Treasury:daily_treasury_real_yield_curve,2026-09-16T00:00:00,daily,official_observation_date,OK
2026-09-17T01:00:00Z,2026-09-17T01:59:25.961874Z,US2Y,4.74,percent,US Treasury:daily_treasury_yield_curve,2026-09-16T00:00:00,daily,official_observation_date,OK
2026-09-17T01:00:00Z,2026-09-17T01:59:25.961874Z,US30Y,5.35,percent,US Treasury:daily_treasury_yield_curve,2026-09-16T00:00:00,daily,official_observation_date,OK
2026-09-17T01:00:00Z,2026-09-17T01:59:25.961874Z,USDC_SUPPLY,73781022190.59973,USD,DefiLlama Stablecoins,2026-09-17T01:59:27.481419Z,current,retrieval_time_proxy,OK
2026-09-17T01:00:00Z,2026-09-17T01:59:25.961874Z,USDT_SUPPLY,183267395210.14493,USD,DefiLlama Stablecoins,2026-09-17T01:59:27.481419Z,current,retrieval_time_proxy,OK
2026-09-17T02:00:00Z,2026-09-17T02:59:28.517379Z,BTC_DOMINANCE,58.351351302905606,percent,CoinGecko Global,2026-09-17T02:56:50Z,current,source_updated_at,OK
2026-09-17T02:00:00Z,2026-09-17T02:59:28.517379Z,CRYPTO_24H_VOLUME,93373063616.62685,USD,CoinGecko Global,2026-09-17T02:56:50Z,current,source_updated_at,OK
2026-09-17T02:00:00Z,2026-09-17T02:59:28.517379Z,CRYPTO_TOTAL_MCAP,2619574657627.2505,USD,CoinGecko Global,2026-09-17T02:56:50Z,current,source_updated_at,OK
2026-09-17T02:00:00Z,2026-09-17T02:59:28.517379Z,EFFR,3.63,percent,New York Fed Markets API,2026-09-15T00:00:00Z,business_daily,official_effective_date,OK
2026-09-17T02:00:00Z,2026-09-17T02:59:28.517379Z,ETH_DOMINANCE,11.278926528129182,percent,CoinGecko Global,2026-09-17T02:56:50Z,current,source_updated_at,OK
2026-09-17T02:00:00Z,2026-09-17T02:59:28.517379Z,SOFR,3.64,percent,New York Fed Markets API,2026-09-15T00:00:00Z,business_daily,official_effective_date,OK
2026-09-17T02:00:00Z,2026-09-17T02:59:28.517379Z,STABLECOIN_TOTAL_SUPPLY,310952085393.0757,USD,DefiLlama Stablecoins,2026-09-17T02:59:29.905601Z,current,retrieval_time_proxy,OK
2026-09-17T02:00:00Z,2026-09-17T02:59:28.517379Z,TGA_CLOSING_BALANCE,991557.0,USD millions,US Treasury FiscalData:DTS operating_cash_balance,2026-09-15T00:00:00Z,business_daily,official_record_date,OK
2026-09-17T02:00:00Z,2026-09-17T02:59:28.517379Z,US10Y,5.01,percent,US Treasury:daily_treasury_yield_curve,2026-09-16T00:00:00,daily,official_observation_date,OK
2026-09-17T02:00:00Z,2026-09-17T02:59:28.517379Z,US10Y_REAL,2.68,percent,US Treasury:daily_treasury_real_yield_curve,2026-09-16T00:00:00,daily,official_observation_date,OK
2026-09-17T02:00:00Z,2026-09-17T02:59:28.517379Z,US2Y,4.74,percent,US Treasury:daily_treasury_yield_curve,2026-09-16T00:00:00,daily,official_observation_date,OK
2026-09-17T02:00:00Z,2026-09-17T02:59:28.517379Z,US30Y,5.35,percent,US Treasury:daily_treasury_yield_curve,2026-09-16T00:00:00,daily,official_observation_date,OK
2026-09-17T02:00:00Z,2026-09-17T02:59:28.517379Z,USDC_SUPPLY,73779572404.55779,USD,DefiLlama Stablecoins,2026-09-17T02:59:29.905601Z,current,retrieval_time_proxy,OK
2026-09-17T02:00:00Z,2026-09-17T02:59:28.517379Z,USDT_SUPPLY,183261639765.3665,USD,DefiLlama Stablecoins,2026-09-17T02:59:29.905601Z,current,retrieval_time_proxy,OK
2026-09-17T03:00:00Z,2026-09-17T03:58:58.299119Z,BTC_DOMINANCE,58.34589021289492,percent,CoinGecko Global,2026-09-17T03:56:55Z,current,source_updated_at,OK
2026-09-17T03:00:00Z,2026-09-17T03:58:58.299119Z,CRYPTO_24H_VOLUME,93241000514.91972,USD,CoinGecko Global,2026-09-17T03:56:55Z,current,source_updated_at,OK
2026-09-17T03:00:00Z,2026-09-17T03:58:58.299119Z,CRYPTO_TOTAL_MCAP,2622791040067.2925,USD,CoinGecko Global,2026-09-17T03:56:55Z,current,source_updated_at,OK
2026-09-17T03:00:00Z,2026-09-17T03:58:58.299119Z,EFFR,3.63,percent,New York Fed Markets API,2026-09-15T00:00:00Z,business_daily,official_effective_date,OK
2026-09-17T03:00:00Z,2026-09-17T03:58:58.299119Z,ETH_DOMINANCE,11.296690819933897,percent,CoinGecko Global,2026-09-17T03:56:55Z,current,source_updated_at,OK
2026-09-17T03:00:00Z,2026-09-17T03:58:58.299119Z,SOFR,3.64,percent,New York Fed Markets API,2026-09-15T00:00:00Z,business_daily,official_effective_date,OK
2026-09-17T03:00:00Z,2026-09-17T03:58:58.299119Z,STABLECOIN_TOTAL_SUPPLY,311016325298.2621,USD,DefiLlama Stablecoins,2026-09-17T03:58:59.988128Z,current,retrieval_time_proxy,OK
2026-09-17T03:00:00Z,2026-09-17T03:58:58.299119Z,TGA_CLOSING_BALANCE,991557.0,USD millions,US Treasury FiscalData:DTS operating_cash_balance,2026-09-15T00:00:00Z,business_daily,official_record_date,OK
2026-09-17T03:00:00Z,2026-09-17T03:58:58.299119Z,US10Y,5.01,percent,US Treasury:daily_treasury_yield_curve,2026-09-16T00:00:00,daily,official_observation_date,OK
2026-09-17T03:00:00Z,2026-09-17T03:58:58.299119Z,US10Y_REAL,2.68,percent,US Treasury:daily_treasury_real_yield_curve,2026-09-16T00:00:00,daily,official_observation_date,OK
2026-09-17T03:00:00Z,2026-09-17T03:58:58.299119Z,US2Y,4.74,percent,US Treasury:daily_treasury_yield_curve,2026-09-16T00:00:00,daily,official_observation_date,OK
2026-09-17T03:00:00Z,2026-09-17T03:58:58.299119Z,US30Y,5.35,percent,US Treasury:daily_treasury_yield_curve,2026-09-16T00:00:00,daily,official_observation_date,OK
2026-09-17T03:00:00Z,2026-09-17T03:58:58.299119Z,USDC_SUPPLY,73841070070.74988,USD,DefiLlama Stablecoins,2026-09-17T03:58:59.988128Z,current,retrieval_time_proxy,OK
2026-09-17T03:00:00Z,2026-09-17T03:58:58.299119Z,USDT_SUPPLY,183257850219.3372,USD,DefiLlama Stablecoins,2026-09-17T03:58:59.988128Z,current,retrieval_time_proxy,OK
2026-09-17T04:00:00Z,2026-09-17T04:59:10.093289Z,BTC_DOMINANCE,58.34868785300967,percent,CoinGecko Global,2026-09-17T04:57:00Z,current,source_updated_at,OK
2026-09-17T04:00:00Z,2026-09-17T04:59:10.093289Z,CRYPTO_24H_VOLUME,93173438705.4738,USD,CoinGecko Global,2026-09-17T04:57:00Z,current,source_updated_at,OK
2026-09-17T04:00:00Z,2026-09-17T04:59:10.093289Z,CRYPTO_TOTAL_MCAP,2621498530563.1274,USD,CoinGecko Global,2026-09-17T04:57:00Z,current,source_updated_at,OK
2026-09-17T04:00:00Z,2026-09-17T04:59:10.093289Z,EFFR,3.63,percent,New York Fed Markets API,2026-09-15T00:00:00Z,business_daily,official_effective_date,OK
2026-09-17T04:00:00Z,2026-09-17T04:59:10.093289Z,ETH_DOMINANCE,11.309919845710684,percent,CoinGecko Global,2026-09-17T04:57:00Z,current,source_updated_at,OK
2026-09-17T04:00:00Z,2026-09-17T04:59:10.093289Z,SOFR,3.64,percent,New York Fed Markets API,2026-09-15T00:00:00Z,business_daily,official_effective_date,OK
2026-09-17T04:00:00Z,2026-09-17T04:59:10.093289Z,STABLECOIN_TOTAL_SUPPLY,310984613690.32855,USD,DefiLlama Stablecoins,2026-09-17T04:59:11.653468Z,current,retrieval_time_proxy,OK
2026-09-17T04:00:00Z,2026-09-17T04:59:10.093289Z,TGA_CLOSING_BALANCE,991557.0,USD millions,US Treasury FiscalData:DTS operating_cash_balance,2026-09-15T00:00:00Z,business_daily,official_record_date,OK
2026-09-17T04:00:00Z,2026-09-17T04:59:10.093289Z,US10Y,5.01,percent,US Treasury:daily_treasury_yield_curve,2026-09-16T00:00:00,daily,official_observation_date,OK
2026-09-17T04:00:00Z,2026-09-17T04:59:10.093289Z,US10Y_REAL,2.68,percent,US Treasury:daily_treasury_real_yield_curve,2026-09-16T00:00:00,daily,official_observation_date,OK
2026-09-17T04:00:00Z,2026-09-17T04:59:10.093289Z,US2Y,4.74,percent,US Treasury:daily_treasury_yield_curve,2026-09-16T00:00:00,daily,official_observation_date,OK
2026-09-17T04:00:00Z,2026-09-17T04:59:10.093289Z,US30Y,5.35,percent,US Treasury:daily_treasury_yield_curve,2026-09-16T00:00:00,daily,official_observation_date,OK
2026-09-17T04:00:00Z,2026-09-17T04:59:10.093289Z,USDC_SUPPLY,73808782378.5329,USD,DefiLlama Stablecoins,2026-09-17T04:59:11.653468Z,current,retrieval_time_proxy,OK
2026-09-17T04:00:00Z,2026-09-17T04:59:10.093289Z,USDT_SUPPLY,183246536625.9071,USD,DefiLlama Stablecoins,2026-09-17T04:59:11.653468Z,current,retrieval_time_proxy,OK
2026-09-17T05:00:00Z,2026-09-17T05:58:12.186250Z,BTC_DOMINANCE,58.34517497740768,percent,CoinGecko Global,2026-09-17T05:57:06Z,current,source_updated_at,OK
2026-09-17T05:00:00Z,2026-09-17T05:58:12.186250Z,CRYPTO_24H_VOLUME,92788320009.24948,USD,CoinGecko Global,2026-09-17T05:57:06Z,current,source_updated_at,OK
2026-09-17T05:00:00Z,2026-09-17T05:58:12.186250Z,CRYPTO_TOTAL_MCAP,2620149737385.9097,USD,CoinGecko Global,2026-09-17T05:57:06Z,current,source_updated_at,OK
2026-09-17T05:00:00Z,2026-09-17T05:58:12.186250Z,EFFR,3.63,percent,New York Fed Markets API,2026-09-15T00:00:00Z,business_daily,official_effective_date,OK
2026-09-17T05:00:00Z,2026-09-17T05:58:12.186250Z,ETH_DOMINANCE,11.322249878389568,percent,CoinGecko Global,2026-09-17T05:57:06Z,current,source_updated_at,OK
2026-09-17T05:00:00Z,2026-09-17T05:58:12.186250Z,SOFR,3.64,percent,New York Fed Markets API,2026-09-15T00:00:00Z,business_daily,official_effective_date,OK
2026-09-17T05:00:00Z,2026-09-17T05:58:12.186250Z,STABLECOIN_TOTAL_SUPPLY,310894650192.0008,USD,DefiLlama Stablecoins,2026-09-17T05:58:13.559960Z,current,retrieval_time_proxy,OK
2026-09-17T05:00:00Z,2026-09-17T05:58:12.186250Z,TGA_CLOSING_BALANCE,991557.0,USD millions,US Treasury FiscalData:DTS operating_cash_balance,2026-09-15T00:00:00Z,business_daily,official_record_date,OK
2026-09-17T05:00:00Z,2026-09-17T05:58:12.186250Z,US10Y,5.01,percent,US Treasury:daily_treasury_yield_curve,2026-09-16T00:00:00,daily,official_observation_date,OK
2026-09-17T05:00:00Z,2026-09-17T05:58:12.186250Z,US10Y_REAL,2.68,percent,US Treasury:daily_treasury_real_yield_curve,2026-09-16T00:00:00,daily,official_observation_date,OK
2026-09-17T05:00:00Z,2026-09-17T05:58:12.186250Z,US2Y,4.74,percent,US Treasury:daily_treasury_yield_curve,2026-09-16T00:00:00,daily,official_observation_date,OK
2026-09-17T05:00:00Z,2026-09-17T05:58:12.186250Z,US30Y,5.35,percent,US Treasury:daily_treasury_yield_curve,2026-09-16T00:00:00,daily,official_observation_date,OK
2026-09-17T05:00:00Z,2026-09-17T05:58:12.186250Z,USDC_SUPPLY,73767258253.26653,USD,DefiLlama Stablecoins,2026-09-17T05:58:13.559960Z,current,retrieval_time_proxy,OK
2026-09-17T05:00:00Z,2026-09-17T05:58:12.186250Z,USDT_SUPPLY,183241869153.38104,USD,DefiLlama Stablecoins,2026-09-17T05:58:13.559960Z,current,retrieval_time_proxy,OK
2026-09-17T07:00:00Z,2026-09-17T07:58:24.493579Z,BTC_DOMINANCE,58.317439611305545,percent,CoinGecko Global,2026-09-17T07:57:17Z,current,source_updated_at,OK
2026-09-17T07:00:00Z,2026-09-17T07:58:24.493579Z,CRYPTO_24H_VOLUME,92443935498.09572,USD,CoinGecko Global,2026-09-17T07:57:17Z,current,source_updated_at,OK
2026-09-17T07:00:00Z,2026-09-17T07:58:24.493579Z,CRYPTO_TOTAL_MCAP,2623922515691.2993,USD,CoinGecko Global,2026-09-17T07:57:17Z,current,source_updated_at,OK
2026-09-17T07:00:00Z,2026-09-17T07:58:24.493579Z,EFFR,3.63,percent,New York Fed Markets API,2026-09-15T00:00:00Z,business_daily,official_effective_date,OK
2026-09-17T07:00:00Z,2026-09-17T07:58:24.493579Z,ETH_DOMINANCE,11.32610841895429,percent,CoinGecko Global,2026-09-17T07:57:17Z,current,source_updated_at,OK
2026-09-17T07:00:00Z,2026-09-17T07:58:24.493579Z,SOFR,3.64,percent,New York Fed Markets API,2026-09-15T00:00:00Z,business_daily,official_effective_date,OK
2026-09-17T07:00:00Z,2026-09-17T07:58:24.493579Z,STABLECOIN_TOTAL_SUPPLY,310912438254.8533,USD,DefiLlama Stablecoins,2026-09-17T07:58:25.816333Z,current,retrieval_time_proxy,OK
2026-09-17T07:00:00Z,2026-09-17T07:58:24.493579Z,TGA_CLOSING_BALANCE,991557.0,USD millions,US Treasury FiscalData:DTS operating_cash_balance,2026-09-15T00:00:00Z,business_daily,official_record_date,OK
2026-09-17T07:00:00Z,2026-09-17T07:58:24.493579Z,US10Y,5.01,percent,US Treasury:daily_treasury_yield_curve,2026-09-16T00:00:00,daily,official_observation_date,OK
2026-09-17T07:00:00Z,2026-09-17T07:58:24.493579Z,US10Y_REAL,2.68,percent,US Treasury:daily_treasury_real_yield_curve,2026-09-16T00:00:00,daily,official_observation_date,OK
2026-09-17T07:00:00Z,2026-09-17T07:58:24.493579Z,US2Y,4.74,percent,US Treasury:daily_treasury_yield_curve,2026-09-16T00:00:00,daily,official_observation_date,OK
2026-09-17T07:00:00Z,2026-09-17T07:58:24.493579Z,US30Y,5.35,percent,US Treasury:daily_treasury_yield_curve,2026-09-16T00:00:00,daily,official_observation_date,OK
2026-09-17T07:00:00Z,2026-09-17T07:58:24.493579Z,USDC_SUPPLY,73747984937.9592,USD,DefiLlama Stablecoins,2026-09-17T07:58:25.816333Z,current,retrieval_time_proxy,OK
2026-09-17T07:00:00Z,2026-09-17T07:58:24.493579Z,USDT_SUPPLY,183233849913.14755,USD,DefiLlama Stablecoins,2026-09-17T07:58:25.816333Z,current,retrieval_time_proxy,OK
2026-09-17T08:00:00Z,2026-09-17T08:58:46.168633Z,BTC_DOMINANCE,58.319508560634304,percent,CoinGecko Global,2026-09-17T08:57:22Z,current,source_updated_at,OK
2026-09-17T08:00:00Z,2026-09-17T08:58:46.168633Z,CRYPTO_24H_VOLUME,91322330393.96878,USD,CoinGecko Global,2026-09-17T08:57:22Z,current,source_updated_at,OK
2026-09-17T08:00:00Z,2026-09-17T08:58:46.168633Z,CRYPTO_TOTAL_MCAP,2629364033477.163,USD,CoinGecko Global,2026-09-17T08:57:22Z,current,source_updated_at,OK
2026-09-17T08:00:00Z,2026-09-17T08:58:46.168633Z,EFFR,3.63,percent,New York Fed Markets API,2026-09-15T00:00:00Z,business_daily,official_effective_date,OK
2026-09-17T08:00:00Z,2026-09-17T08:58:46.168633Z,ETH_DOMINANCE,11.319645448105028,percent,CoinGecko Global,2026-09-17T08:57:22Z,current,source_updated_at,OK
2026-09-17T08:00:00Z,2026-09-17T08:58:46.168633Z,SOFR,3.64,percent,New York Fed Markets API,2026-09-15T00:00:00Z,business_daily,official_effective_date,OK
2026-09-17T08:00:00Z,2026-09-17T08:58:46.168633Z,STABLECOIN_TOTAL_SUPPLY,310882802572.1958,USD,DefiLlama Stablecoins,2026-09-17T08:58:48.178486Z,current,retrieval_time_proxy,OK
2026-09-17T08:00:00Z,2026-09-17T08:58:46.168633Z,TGA_CLOSING_BALANCE,991557.0,USD millions,US Treasury FiscalData:DTS operating_cash_balance,2026-09-15T00:00:00Z,business_daily,official_record_date,OK
2026-09-17T08:00:00Z,2026-09-17T08:58:46.168633Z,US10Y,5.01,percent,US Treasury:daily_treasury_yield_curve,2026-09-16T00:00:00,daily,official_observation_date,OK
2026-09-17T08:00:00Z,2026-09-17T08:58:46.168633Z,US10Y_REAL,2.68,percent,US Treasury:daily_treasury_real_yield_curve,2026-09-16T00:00:00,daily,official_observation_date,OK
2026-09-17T08:00:00Z,2026-09-17T08:58:46.168633Z,US2Y,4.74,percent,US Treasury:daily_treasury_yield_curve,2026-09-16T00:00:00,daily,official_observation_date,OK
2026-09-17T08:00:00Z,2026-09-17T08:58:46.168633Z,US30Y,5.35,percent,US Treasury:daily_treasury_yield_curve,2026-09-16T00:00:00,daily,official_observation_date,OK
2026-09-17T08:00:00Z,2026-09-17T08:58:46.168633Z,USDC_SUPPLY,73713350025.19641,USD,DefiLlama Stablecoins,2026-09-17T08:58:48.178486Z,current,retrieval_time_proxy,OK
2026-09-17T08:00:00Z,2026-09-17T08:58:46.168633Z,USDT_SUPPLY,183238206048.26746,USD,DefiLlama Stablecoins,2026-09-17T08:58:48.178486Z,current,retrieval_time_proxy,OK
2026-09-17T09:00:00Z,2026-09-17T09:58:31.653422Z,BTC_DOMINANCE,58.340814584480185,percent,CoinGecko Global,2026-09-17T09:57:27Z,current,source_updated_at,OK
2026-09-17T09:00:00Z,2026-09-17T09:58:31.653422Z,CRYPTO_24H_VOLUME,91643725677.26843,USD,CoinGecko Global,2026-09-17T09:57:27Z,current,source_updated_at,OK
2026-09-17T09:00:00Z,2026-09-17T09:58:31.653422Z,CRYPTO_TOTAL_MCAP,2626895638624.276,USD,CoinGecko Global,2026-09-17T09:57:27Z,current,source_updated_at,OK
2026-09-17T09:00:00Z,2026-09-17T09:58:31.653422Z,EFFR,3.63,percent,New York Fed Markets API,2026-09-15T00:00:00Z,business_daily,official_effective_date,OK
2026-09-17T09:00:00Z,2026-09-17T09:58:31.653422Z,ETH_DOMINANCE,11.302490002487538,percent,CoinGecko Global,2026-09-17T09:57:27Z,current,source_updated_at,OK
2026-09-17T09:00:00Z,2026-09-17T09:58:31.653422Z,SOFR,3.64,percent,New York Fed Markets API,2026-09-15T00:00:00Z,business_daily,official_effective_date,OK
2026-09-17T09:00:00Z,2026-09-17T09:58:31.653422Z,STABLECOIN_TOTAL_SUPPLY,310847147701.5867,USD,DefiLlama Stablecoins,2026-09-17T09:58:33.422432Z,current,retrieval_time_proxy,OK
2026-09-17T09:00:00Z,2026-09-17T09:58:31.653422Z,TGA_CLOSING_BALANCE,991557.0,USD millions,US Treasury FiscalData:DTS operating_cash_balance,2026-09-15T00:00:00Z,business_daily,official_record_date,OK
2026-09-17T09:00:00Z,2026-09-17T09:58:31.653422Z,US10Y,5.01,percent,US Treasury:daily_treasury_yield_curve,2026-09-16T00:00:00,daily,official_observation_date,OK
2026-09-17T09:00:00Z,2026-09-17T09:58:31.653422Z,US10Y_REAL,2.68,percent,US Treasury:daily_treasury_real_yield_curve,2026-09-16T00:00:00,daily,official_observation_date,OK
2026-09-17T09:00:00Z,2026-09-17T09:58:31.653422Z,US2Y,4.74,percent,US Treasury:daily_treasury_yield_curve,2026-09-16T00:00:00,daily,official_observation_date,OK
2026-09-17T09:00:00Z,2026-09-17T09:58:31.653422Z,US30Y,5.35,percent,US Treasury:daily_treasury_yield_curve,2026-09-16T00:00:00,daily,official_observation_date,OK
2026-09-17T09:00:00Z,2026-09-17T09:58:31.653422Z,USDC_SUPPLY,73696653666.5347,USD,DefiLlama Stablecoins,2026-09-17T09:58:33.422432Z,current,retrieval_time_proxy,OK
2026-09-17T09:00:00Z,2026-09-17T09:58:31.653422Z,USDT_SUPPLY,183227066607.18585,USD,DefiLlama Stablecoins,2026-09-17T09:58:33.422432Z,current,retrieval_time_proxy,OK
2026-09-17T10:00:00Z,2026-09-17T10:58:07.479952Z,BTC_DOMINANCE,58.3433690751922,percent,CoinGecko Global,2026-09-17T10:57:34Z,current,source_updated_at,OK
2026-09-17T10:00:00Z,2026-09-17T10:58:07.479952Z,CRYPTO_24H_VOLUME,91770692086.03877,USD,CoinGecko Global,2026-09-17T10:57:34Z,current,source_updated_at,OK
2026-09-17T10:00:00Z,2026-09-17T10:58:07.479952Z,CRYPTO_TOTAL_MCAP,2619568460622.074,USD,CoinGecko Global,2026-09-17T10:57:34Z,current,source_updated_at,OK
2026-09-17T10:00:00Z,2026-09-17T10:58:07.479952Z,EFFR,3.63,percent,New York Fed Markets API,2026-09-15T00:00:00Z,business_daily,official_effective_date,OK
2026-09-17T10:00:00Z,2026-09-17T10:58:07.479952Z,ETH_DOMINANCE,11.30249841080091,percent,CoinGecko Global,2026-09-17T10:57:34Z,current,source_updated_at,OK
2026-09-17T10:00:00Z,2026-09-17T10:58:07.479952Z,SOFR,3.64,percent,New York Fed Markets API,2026-09-15T00:00:00Z,business_daily,official_effective_date,OK
2026-09-17T10:00:00Z,2026-09-17T10:58:07.479952Z,STABLECOIN_TOTAL_SUPPLY,310854433828.4706,USD,DefiLlama Stablecoins,2026-09-17T10:58:08.970154Z,current,retrieval_time_proxy,OK
2026-09-17T10:00:00Z,2026-09-17T10:58:07.479952Z,TGA_CLOSING_BALANCE,991557.0,USD millions,US Treasury FiscalData:DTS operating_cash_balance,2026-09-15T00:00:00Z,business_daily,official_record_date,OK
2026-09-17T10:00:00Z,2026-09-17T10:58:07.479952Z,US10Y,5.01,percent,US Treasury:daily_treasury_yield_curve,2026-09-16T00:00:00,daily,official_observation_date,OK
2026-09-17T10:00:00Z,2026-09-17T10:58:07.479952Z,US10Y_REAL,2.68,percent,US Treasury:daily_treasury_real_yield_curve,2026-09-16T00:00:00,daily,official_observation_date,OK
2026-09-17T10:00:00Z,2026-09-17T10:58:07.479952Z,US2Y,4.74,percent,US Treasury:daily_treasury_yield_curve,2026-09-16T00:00:00,daily,official_observation_date,OK
2026-09-17T10:00:00Z,2026-09-17T10:58:07.479952Z,US30Y,5.35,percent,US Treasury:daily_treasury_yield_curve,2026-09-16T00:00:00,daily,official_observation_date,OK
2026-09-17T10:00:00Z,2026-09-17T10:58:07.479952Z,USDC_SUPPLY,73695866468.12354,USD,DefiLlama Stablecoins,2026-09-17T10:58:08.970154Z,current,retrieval_time_proxy,OK
2026-09-17T10:00:00Z,2026-09-17T10:58:07.479952Z,USDT_SUPPLY,183236810320.86957,USD,DefiLlama Stablecoins,2026-09-17T10:58:08.970154Z,current,retrieval_time_proxy,OK
2026-09-17T11:00:00Z,2026-09-17T11:58:38.181945Z,BTC_DOMINANCE,58.81541849282458,percent,CoinGecko Global,2026-09-17T11:57:40Z,current,source_updated_at,OK
2026-09-17T11:00:00Z,2026-09-17T11:58:38.181945Z,CRYPTO_24H_VOLUME,90928859387.86469,USD,CoinGecko Global,2026-09-17T11:57:40Z,current,source_updated_at,OK
2026-09-17T11:00:00Z,2026-09-17T11:58:38.181945Z,CRYPTO_TOTAL_MCAP,2595294058604.756,USD,CoinGecko Global,2026-09-17T11:57:40Z,current,source_updated_at,OK
2026-09-17T11:00:00Z,2026-09-17T11:58:38.181945Z,EFFR,3.63,percent,New York Fed Markets API,2026-09-15T00:00:00Z,business_daily,official_effective_date,OK
2026-09-17T11:00:00Z,2026-09-17T11:58:38.181945Z,ETH_DOMINANCE,11.402778563597577,percent,CoinGecko Global,2026-09-17T11:57:40Z,current,source_updated_at,OK
2026-09-17T11:00:00Z,2026-09-17T11:58:38.181945Z,SOFR,3.64,percent,New York Fed Markets API,2026-09-15T00:00:00Z,business_daily,official_effective_date,OK
2026-09-17T11:00:00Z,2026-09-17T11:58:38.181945Z,STABLECOIN_TOTAL_SUPPLY,311273141397.7394,USD,DefiLlama Stablecoins,2026-09-17T11:58:39.661929Z,current,retrieval_time_proxy,OK
2026-09-17T11:00:00Z,2026-09-17T11:58:38.181945Z,TGA_CLOSING_BALANCE,991557.0,USD millions,US Treasury FiscalData:DTS operating_cash_balance,2026-09-15T00:00:00Z,business_daily,official_record_date,OK
2026-09-17T11:00:00Z,2026-09-17T11:58:38.181945Z,US10Y,5.01,percent,US Treasury:daily_treasury_yield_curve,2026-09-16T00:00:00,daily,official_observation_date,OK
2026-09-17T11:00:00Z,2026-09-17T11:58:38.181945Z,US10Y_REAL,2.68,percent,US Treasury:daily_treasury_real_yield_curve,2026-09-16T00:00:00,daily,official_observation_date,OK
2026-09-17T11:00:00Z,2026-09-17T11:58:38.181945Z,US2Y,4.74,percent,US Treasury:daily_treasury_yield_curve,2026-09-16T00:00:00,daily,official_observation_date,OK
2026-09-17T11:00:00Z,2026-09-17T11:58:38.181945Z,US30Y,5.35,percent,US Treasury:daily_treasury_yield_curve,2026-09-16T00:00:00,daily,official_observation_date,OK
2026-09-17T11:00:00Z,2026-09-17T11:58:38.181945Z,USDC_SUPPLY,73702625609.76695,USD,DefiLlama Stablecoins,2026-09-17T11:58:39.661929Z,current,retrieval_time_proxy,OK
2026-09-17T11:00:00Z,2026-09-17T11:58:38.181945Z,USDT_SUPPLY,183235228161.90417,USD,DefiLlama Stablecoins,2026-09-17T11:58:39.661929Z,current,retrieval_time_proxy,OK
2026-09-17T13:00:00Z,2026-09-17T13:59:07.064405Z,BTC_DOMINANCE,58.25562120093558,percent,CoinGecko Global,2026-09-17T13:57:50Z,current,source_updated_at,OK
2026-09-17T13:00:00Z,2026-09-17T13:59:07.064405Z,CRYPTO_24H_VOLUME,94817836555.59583,USD,CoinGecko Global,2026-09-17T13:57:50Z,current,source_updated_at,OK
2026-09-17T13:00:00Z,2026-09-17T13:59:07.064405Z,CRYPTO_TOTAL_MCAP,2636187409800.195,USD,CoinGecko Global,2026-09-17T13:57:50Z,current,source_updated_at,OK
2026-09-17T13:00:00Z,2026-09-17T13:59:07.064405Z,EFFR,3.63,percent,New York Fed Markets API,2026-09-16T00:00:00Z,business_daily,official_effective_date,OK
2026-09-17T13:00:00Z,2026-09-17T13:59:07.064405Z,ETH_DOMINANCE,11.368324581039937,percent,CoinGecko Global,2026-09-17T13:57:50Z,current,source_updated_at,OK
2026-09-17T13:00:00Z,2026-09-17T13:59:07.064405Z,SOFR,3.62,percent,New York Fed Markets API,2026-09-16T00:00:00Z,business_daily,official_effective_date,OK
2026-09-17T13:00:00Z,2026-09-17T13:59:07.064405Z,STABLECOIN_TOTAL_SUPPLY,311269672290.70807,USD,DefiLlama Stablecoins,2026-09-17T13:59:08.901975Z,current,retrieval_time_proxy,OK
2026-09-17T13:00:00Z,2026-09-17T13:59:07.064405Z,TGA_CLOSING_BALANCE,991557.0,USD millions,US Treasury FiscalData:DTS operating_cash_balance,2026-09-15T00:00:00Z,business_daily,official_record_date,OK
2026-09-17T13:00:00Z,2026-09-17T13:59:07.064405Z,US10Y,5.01,percent,US Treasury:daily_treasury_yield_curve,2026-09-16T00:00:00,daily,official_observation_date,OK
2026-09-17T13:00:00Z,2026-09-17T13:59:07.064405Z,US10Y_REAL,2.68,percent,US Treasury:daily_treasury_real_yield_curve,2026-09-16T00:00:00,daily,official_observation_date,OK
2026-09-17T13:00:00Z,2026-09-17T13:59:07.064405Z,US2Y,4.74,percent,US Treasury:daily_treasury_yield_curve,2026-09-16T00:00:00,daily,official_observation_date,OK
2026-09-17T13:00:00Z,2026-09-17T13:59:07.064405Z,US30Y,5.35,percent,US Treasury:daily_treasury_yield_curve,2026-09-16T00:00:00,daily,official_observation_date,OK
2026-09-17T13:00:00Z,2026-09-17T13:59:07.064405Z,USDC_SUPPLY,73705458286.74352,USD,DefiLlama Stablecoins,2026-09-17T13:59:08.901975Z,current,retrieval_time_proxy,OK
2026-09-17T13:00:00Z,2026-09-17T13:59:07.064405Z,USDT_SUPPLY,183238832098.43524,USD,DefiLlama Stablecoins,2026-09-17T13:59:08.901975Z,current,retrieval_time_proxy,OK
2026-09-17T14:00:00Z,2026-09-17T14:59:37.097921Z,BTC_DOMINANCE,58.2011866043036,percent,CoinGecko Global,2026-09-17T14:57:55Z,current,source_updated_at,OK
2026-09-17T14:00:00Z,2026-09-17T14:59:37.097921Z,CRYPTO_24H_VOLUME,96603091019.52428,USD,CoinGecko Global,2026-09-17T14:57:55Z,current,source_updated_at,OK
2026-09-17T14:00:00Z,2026-09-17T14:59:37.097921Z,CRYPTO_TOTAL_MCAP,2634720422915.5693,USD,CoinGecko Global,2026-09-17T14:57:55Z,current,source_updated_at,OK
2026-09-17T14:00:00Z,2026-09-17T14:59:37.097921Z,EFFR,3.63,percent,New York Fed Markets API,2026-09-16T00:00:00Z,business_daily,official_effective_date,OK
2026-09-17T14:00:00Z,2026-09-17T14:59:37.097921Z,ETH_DOMINANCE,11.375411612293146,percent,CoinGecko Global,2026-09-17T14:57:55Z,current,source_updated_at,OK
2026-09-17T14:00:00Z,2026-09-17T14:59:37.097921Z,SOFR,3.62,percent,New York Fed Markets API,2026-09-16T00:00:00Z,business_daily,official_effective_date,OK
2026-09-17T14:00:00Z,2026-09-17T14:59:37.097921Z,STABLECOIN_TOTAL_SUPPLY,311269102455.0481,USD,DefiLlama Stablecoins,2026-09-17T14:59:38.498201Z,current,retrieval_time_proxy,OK
2026-09-17T14:00:00Z,2026-09-17T14:59:37.097921Z,TGA_CLOSING_BALANCE,991557.0,USD millions,US Treasury FiscalData:DTS operating_cash_balance,2026-09-15T00:00:00Z,business_daily,official_record_date,OK
2026-09-17T14:00:00Z,2026-09-17T14:59:37.097921Z,US10Y,5.01,percent,US Treasury:daily_treasury_yield_curve,2026-09-16T00:00:00,daily,official_observation_date,OK
2026-09-17T14:00:00Z,2026-09-17T14:59:37.097921Z,US10Y_REAL,2.68,percent,US Treasury:daily_treasury_real_yield_curve,2026-09-16T00:00:00,daily,official_observation_date,OK
2026-09-17T14:00:00Z,2026-09-17T14:59:37.097921Z,US2Y,4.74,percent,US Treasury:daily_treasury_yield_curve,2026-09-16T00:00:00,daily,official_observation_date,OK
2026-09-17T14:00:00Z,2026-09-17T14:59:37.097921Z,US30Y,5.35,percent,US Treasury:daily_treasury_yield_curve,2026-09-16T00:00:00,daily,official_observation_date,OK
2026-09-17T14:00:00Z,2026-09-17T14:59:37.097921Z,USDC_SUPPLY,73698181181.7198,USD,DefiLlama Stablecoins,2026-09-17T14:59:38.498201Z,current,retrieval_time_proxy,OK
2026-09-17T14:00:00Z,2026-09-17T14:59:37.097921Z,USDT_SUPPLY,183234451761.72998,USD,DefiLlama Stablecoins,2026-09-17T14:59:38.498201Z,current,retrieval_time_proxy,OK
2026-09-17T15:00:00Z,2026-09-17T15:58:39.140148Z,BTC_DOMINANCE,58.198818118103645,percent,CoinGecko Global,2026-09-17T15:58:00Z,current,source_updated_at,OK
2026-09-17T15:00:00Z,2026-09-17T15:58:39.140148Z,CRYPTO_24H_VOLUME,97029946493.49406,USD,CoinGecko Global,2026-09-17T15:58:00Z,current,source_updated_at,OK
2026-09-17T15:00:00Z,2026-09-17T15:58:39.140148Z,CRYPTO_TOTAL_MCAP,2636089144995.3613,USD,CoinGecko Global,2026-09-17T15:58:00Z,current,source_updated_at,OK
2026-09-17T15:00:00Z,2026-09-17T15:58:39.140148Z,EFFR,3.63,percent,New York Fed Markets API,2026-09-16T00:00:00Z,business_daily,official_effective_date,OK
2026-09-17T15:00:00Z,2026-09-17T15:58:39.140148Z,ETH_DOMINANCE,11.38534695800328,percent,CoinGecko Global,2026-09-17T15:58:00Z,current,source_updated_at,OK
2026-09-17T15:00:00Z,2026-09-17T15:58:39.140148Z,SOFR,3.62,percent,New York Fed Markets API,2026-09-16T00:00:00Z,business_daily,official_effective_date,OK
2026-09-17T15:00:00Z,2026-09-17T15:58:39.140148Z,STABLECOIN_TOTAL_SUPPLY,311344843448.4801,USD,DefiLlama Stablecoins,2026-09-17T15:58:41.166510Z,current,retrieval_time_proxy,OK
2026-09-17T15:00:00Z,2026-09-17T15:58:39.140148Z,TGA_CLOSING_BALANCE,991557.0,USD millions,US Treasury FiscalData:DTS operating_cash_balance,2026-09-15T00:00:00Z,business_daily,official_record_date,OK
2026-09-17T15:00:00Z,2026-09-17T15:58:39.140148Z,US10Y,5.01,percent,US Treasury:daily_treasury_yield_curve,2026-09-16T00:00:00,daily,official_observation_date,OK
2026-09-17T15:00:00Z,2026-09-17T15:58:39.140148Z,US10Y_REAL,2.68,percent,US Treasury:daily_treasury_real_yield_curve,2026-09-16T00:00:00,daily,official_observation_date,OK
2026-09-17T15:00:00Z,2026-09-17T15:58:39.140148Z,US2Y,4.74,percent,US Treasury:daily_treasury_yield_curve,2026-09-16T00:00:00,daily,official_observation_date,OK
2026-09-17T15:00:00Z,2026-09-17T15:58:39.140148Z,US30Y,5.35,percent,US Treasury:daily_treasury_yield_curve,2026-09-16T00:00:00,daily,official_observation_date,OK
2026-09-17T15:00:00Z,2026-09-17T15:58:39.140148Z,USDC_SUPPLY,73772012326.8922,USD,DefiLlama Stablecoins,2026-09-17T15:58:41.166510Z,current,retrieval_time_proxy,OK
2026-09-17T15:00:00Z,2026-09-17T15:58:39.140148Z,USDT_SUPPLY,183235249955.0568,USD,DefiLlama Stablecoins,2026-09-17T15:58:41.166510Z,current,retrieval_time_proxy,OK
2026-09-17T16:00:00Z,2026-09-17T16:58:25.136530Z,BTC_DOMINANCE,58.19815612955724,percent,CoinGecko Global,2026-09-17T16:58:06Z,current,source_updated_at,OK
2026-09-17T16:00:00Z,2026-09-17T16:58:25.136530Z,CRYPTO_24H_VOLUME,97760808991.76672,USD,CoinGecko Global,2026-09-17T16:58:06Z,current,source_updated_at,OK
2026-09-17T16:00:00Z,2026-09-17T16:58:25.136530Z,CRYPTO_TOTAL_MCAP,2636519623746.9526,USD,CoinGecko Global,2026-09-17T16:58:06Z,current,source_updated_at,OK
2026-09-17T16:00:00Z,2026-09-17T16:58:25.136530Z,EFFR,3.63,percent,New York Fed Markets API,2026-09-16T00:00:00Z,business_daily,official_effective_date,OK
2026-09-17T16:00:00Z,2026-09-17T16:58:25.136530Z,ETH_DOMINANCE,11.374483551024667,percent,CoinGecko Global,2026-09-17T16:58:06Z,current,source_updated_at,OK
2026-09-17T16:00:00Z,2026-09-17T16:58:25.136530Z,SOFR,3.62,percent,New York Fed Markets API,2026-09-16T00:00:00Z,business_daily,official_effective_date,OK
2026-09-17T16:00:00Z,2026-09-17T16:58:25.136530Z,STABLECOIN_TOTAL_SUPPLY,311388122822.5417,USD,DefiLlama Stablecoins,2026-09-17T16:58:26.375738Z,current,retrieval_time_proxy,OK
2026-09-17T16:00:00Z,2026-09-17T16:58:25.136530Z,TGA_CLOSING_BALANCE,991557.0,USD millions,US Treasury FiscalData:DTS operating_cash_balance,2026-09-15T00:00:00Z,business_daily,official_record_date,OK
2026-09-17T16:00:00Z,2026-09-17T16:58:25.136530Z,US10Y,5.01,percent,US Treasury:daily_treasury_yield_curve,2026-09-16T00:00:00,daily,official_observation_date,OK
2026-09-17T16:00:00Z,2026-09-17T16:58:25.136530Z,US10Y_REAL,2.68,percent,US Treasury:daily_treasury_real_yield_curve,2026-09-16T00:00:00,daily,official_observation_date,OK
2026-09-17T16:00:00Z,2026-09-17T16:58:25.136530Z,US2Y,4.74,percent,US Treasury:daily_treasury_yield_curve,2026-09-16T00:00:00,daily,official_observation_date,OK
2026-09-17T16:00:00Z,2026-09-17T16:58:25.136530Z,US30Y,5.35,percent,US Treasury:daily_treasury_yield_curve,2026-09-16T00:00:00,daily,official_observation_date,OK
2026-09-17T16:00:00Z,2026-09-17T16:58:25.136530Z,USDC_SUPPLY,73816484689.96529,USD,DefiLlama Stablecoins,2026-09-17T16:58:26.375738Z,current,retrieval_time_proxy,OK
2026-09-17T16:00:00Z,2026-09-17T16:58:25.136530Z,USDT_SUPPLY,183237170448.20972,USD,DefiLlama Stablecoins,2026-09-17T16:58:26.375738Z,current,retrieval_time_proxy,OK
2026-09-17T17:00:00Z,2026-09-17T17:58:29.961036Z,BTC_DOMINANCE,58.169874793678,percent,CoinGecko Global,2026-09-17T17:58:11Z,current,source_updated_at,OK
2026-09-17T17:00:00Z,2026-09-17T17:58:29.961036Z,CRYPTO_24H_VOLUME,97874242435.54921,USD,CoinGecko Global,2026-09-17T17:58:11Z,current,source_updated_at,OK
2026-09-17T17:00:00Z,2026-09-17T17:58:29.961036Z,CRYPTO_TOTAL_MCAP,2639771811867.4443,USD,CoinGecko Global,2026-09-17T17:58:11Z,current,source_updated_at,OK
2026-09-17T17:00:00Z,2026-09-17T17:58:29.961036Z,EFFR,3.63,percent,New York Fed Markets API,2026-09-16T00:00:00Z,business_daily,official_effective_date,OK
2026-09-17T17:00:00Z,2026-09-17T17:58:29.961036Z,ETH_DOMINANCE,11.35716277667389,percent,CoinGecko Global,2026-09-17T17:58:11Z,current,source_updated_at,OK
2026-09-17T17:00:00Z,2026-09-17T17:58:29.961036Z,SOFR,3.62,percent,New York Fed Markets API,2026-09-16T00:00:00Z,business_daily,official_effective_date,OK
2026-09-17T17:00:00Z,2026-09-17T17:58:29.961036Z,STABLECOIN_TOTAL_SUPPLY,311420223094.8104,USD,DefiLlama Stablecoins,2026-09-17T17:58:32.224791Z,current,retrieval_time_proxy,OK
2026-09-17T17:00:00Z,2026-09-17T17:58:29.961036Z,TGA_CLOSING_BALANCE,991557.0,USD millions,US Treasury FiscalData:DTS operating_cash_balance,2026-09-15T00:00:00Z,business_daily,official_record_date,OK
2026-09-17T17:00:00Z,2026-09-17T17:58:29.961036Z,US10Y,5.01,percent,US Treasury:daily_treasury_yield_curve,2026-09-16T00:00:00,daily,official_observation_date,OK
2026-09-17T17:00:00Z,2026-09-17T17:58:29.961036Z,US10Y_REAL,2.68,percent,US Treasury:daily_treasury_real_yield_curve,2026-09-16T00:00:00,daily,official_observation_date,OK
2026-09-17T17:00:00Z,2026-09-17T17:58:29.961036Z,US2Y,4.74,percent,US Treasury:daily_treasury_yield_curve,2026-09-16T00:00:00,daily,official_observation_date,OK
2026-09-17T17:00:00Z,2026-09-17T17:58:29.961036Z,US30Y,5.35,percent,US Treasury:daily_treasury_yield_curve,2026-09-16T00:00:00,daily,official_observation_date,OK
2026-09-17T17:00:00Z,2026-09-17T17:58:29.961036Z,USDC_SUPPLY,73833055910.71123,USD,DefiLlama Stablecoins,2026-09-17T17:58:32.224791Z,current,retrieval_time_proxy,OK
2026-09-17T17:00:00Z,2026-09-17T17:58:29.961036Z,USDT_SUPPLY,183249086352.87863,USD,DefiLlama Stablecoins,2026-09-17T17:58:32.224791Z,current,retrieval_time_proxy,OK
2026-09-17T18:00:00Z,2026-09-17T18:59:35.782683Z,BTC_DOMINANCE,58.21897282913683,percent,CoinGecko Global,2026-09-17T18:58:16Z,current,source_updated_at,OK
2026-09-17T18:00:00Z,2026-09-17T18:59:35.782683Z,CRYPTO_24H_VOLUME,86540615525.70052,USD,CoinGecko Global,2026-09-17T18:58:16Z,current,source_updated_at,OK
2026-09-17T18:00:00Z,2026-09-17T18:59:35.782683Z,CRYPTO_TOTAL_MCAP,2632160098358.5723,USD,CoinGecko Global,2026-09-17T18:58:16Z,current,source_updated_at,OK
2026-09-17T18:00:00Z,2026-09-17T18:59:35.782683Z,EFFR,3.63,percent,New York Fed Markets API,2026-09-16T00:00:00Z,business_daily,official_effective_date,OK
2026-09-17T18:00:00Z,2026-09-17T18:59:35.782683Z,ETH_DOMINANCE,11.333520411291355,percent,CoinGecko Global,2026-09-17T18:58:16Z,current,source_updated_at,OK
2026-09-17T18:00:00Z,2026-09-17T18:59:35.782683Z,SOFR,3.62,percent,New York Fed Markets API,2026-09-16T00:00:00Z,business_daily,official_effective_date,OK
2026-09-17T18:00:00Z,2026-09-17T18:59:35.782683Z,STABLECOIN_TOTAL_SUPPLY,311356172451.1368,USD,DefiLlama Stablecoins,2026-09-17T18:59:38.318313Z,current,retrieval_time_proxy,OK
2026-09-17T18:00:00Z,2026-09-17T18:59:35.782683Z,TGA_CLOSING_BALANCE,991557.0,USD millions,US Treasury FiscalData:DTS operating_cash_balance,2026-09-15T00:00:00Z,business_daily,official_record_date,OK
2026-09-17T18:00:00Z,2026-09-17T18:59:35.782683Z,US10Y,5.01,percent,US Treasury:daily_treasury_yield_curve,2026-09-16T00:00:00,daily,official_observation_date,OK
2026-09-17T18:00:00Z,2026-09-17T18:59:35.782683Z,US10Y_REAL,2.68,percent,US Treasury:daily_treasury_real_yield_curve,2026-09-16T00:00:00,daily,official_observation_date,OK
2026-09-17T18:00:00Z,2026-09-17T18:59:35.782683Z,US2Y,4.74,percent,US Treasury:daily_treasury_yield_curve,2026-09-16T00:00:00,daily,official_observation_date,OK
2026-09-17T18:00:00Z,2026-09-17T18:59:35.782683Z,US30Y,5.35,percent,US Treasury:daily_treasury_yield_curve,2026-09-16T00:00:00,daily,official_observation_date,OK
2026-09-17T18:00:00Z,2026-09-17T18:59:35.782683Z,USDC_SUPPLY,73799613109.8221,USD,DefiLlama Stablecoins,2026-09-17T18:59:38.318313Z,current,retrieval_time_proxy,OK
2026-09-17T18:00:00Z,2026-09-17T18:59:35.782683Z,USDT_SUPPLY,183238219255.80838,USD,DefiLlama Stablecoins,2026-09-17T18:59:38.318313Z,current,retrieval_time_proxy,OK
2026-09-17T19:00:00Z,2026-09-17T19:58:44.212815Z,BTC_DOMINANCE,58.183862113135696,percent,CoinGecko Global,2026-09-17T19:58:21Z,current,source_updated_at,OK
2026-09-17T19:00:00Z,2026-09-17T19:58:44.212815Z,CRYPTO_24H_VOLUME,82625638209.41316,USD,CoinGecko Global,2026-09-17T19:58:21Z,current,source_updated_at,OK
2026-09-17T19:00:00Z,2026-09-17T19:58:44.212815Z,CRYPTO_TOTAL_MCAP,2631024009674.0522,USD,CoinGecko Global,2026-09-17T19:58:21Z,current,source_updated_at,OK
2026-09-17T19:00:00Z,2026-09-17T19:58:44.212815Z,EFFR,3.63,percent,New York Fed Markets API,2026-09-16T00:00:00Z,business_daily,official_effective_date,OK
2026-09-17T19:00:00Z,2026-09-17T19:58:44.212815Z,ETH_DOMINANCE,11.317584910288133,percent,CoinGecko Global,2026-09-17T19:58:21Z,current,source_updated_at,OK
2026-09-17T19:00:00Z,2026-09-17T19:58:44.212815Z,SOFR,3.62,percent,New York Fed Markets API,2026-09-16T00:00:00Z,business_daily,official_effective_date,OK
2026-09-17T19:00:00Z,2026-09-17T19:58:44.212815Z,STABLECOIN_TOTAL_SUPPLY,312624539332.72095,USD,DefiLlama Stablecoins,2026-09-17T19:58:46.057203Z,current,retrieval_time_proxy,OK
2026-09-17T19:00:00Z,2026-09-17T19:58:44.212815Z,TGA_CLOSING_BALANCE,991557.0,USD millions,US Treasury FiscalData:DTS operating_cash_balance,2026-09-15T00:00:00Z,business_daily,official_record_date,OK
2026-09-17T19:00:00Z,2026-09-17T19:58:44.212815Z,US10Y,4.94,percent,US Treasury:daily_treasury_yield_curve,2026-09-17T00:00:00,daily,official_observation_date,OK
2026-09-17T19:00:00Z,2026-09-17T19:58:44.212815Z,US10Y_REAL,2.61,percent,US Treasury:daily_treasury_real_yield_curve,2026-09-17T00:00:00,daily,official_observation_date,OK
2026-09-17T19:00:00Z,2026-09-17T19:58:44.212815Z,US2Y,4.67,percent,US Treasury:daily_treasury_yield_curve,2026-09-17T00:00:00,daily,official_observation_date,OK
2026-09-17T19:00:00Z,2026-09-17T19:58:44.212815Z,US30Y,5.29,percent,US Treasury:daily_treasury_yield_curve,2026-09-17T00:00:00,daily,official_observation_date,OK
2026-09-17T19:00:00Z,2026-09-17T19:58:44.212815Z,USDC_SUPPLY,75058659312.67015,USD,DefiLlama Stablecoins,2026-09-17T19:58:46.057203Z,current,retrieval_time_proxy,OK
2026-09-17T19:00:00Z,2026-09-17T19:58:44.212815Z,USDT_SUPPLY,183249744291.6469,USD,DefiLlama Stablecoins,2026-09-17T19:58:46.057203Z,current,retrieval_time_proxy,OK
2026-09-17T20:00:00Z,2026-09-17T20:58:16.003183Z,BTC_DOMINANCE,58.16893915479997,percent,CoinGecko Global,2026-09-17T20:48:25Z,current,source_updated_at,OK
2026-09-17T20:00:00Z,2026-09-17T20:58:16.003183Z,CRYPTO_24H_VOLUME,81123670430.16316,USD,CoinGecko Global,2026-09-17T20:48:25Z,current,source_updated_at,OK
2026-09-17T20:00:00Z,2026-09-17T20:58:16.003183Z,CRYPTO_TOTAL_MCAP,2635082767330.045,USD,CoinGecko Global,2026-09-17T20:48:25Z,current,source_updated_at,OK
2026-09-17T20:00:00Z,2026-09-17T20:58:16.003183Z,EFFR,3.63,percent,New York Fed Markets API,2026-09-16T00:00:00Z,business_daily,official_effective_date,OK
2026-09-17T20:00:00Z,2026-09-17T20:58:16.003183Z,ETH_DOMINANCE,11.321150126284131,percent,CoinGecko Global,2026-09-17T20:48:25Z,current,source_updated_at,OK
2026-09-17T20:00:00Z,2026-09-17T20:58:16.003183Z,SOFR,3.62,percent,New York Fed Markets API,2026-09-16T00:00:00Z,business_daily,official_effective_date,OK
2026-09-17T20:00:00Z,2026-09-17T20:58:16.003183Z,STABLECOIN_TOTAL_SUPPLY,311332559807.1983,USD,DefiLlama Stablecoins,2026-09-17T20:58:18.007780Z,current,retrieval_time_proxy,OK
2026-09-17T20:00:00Z,2026-09-17T20:58:16.003183Z,TGA_CLOSING_BALANCE,991708.0,USD millions,US Treasury FiscalData:DTS operating_cash_balance,2026-09-16T00:00:00Z,business_daily,official_record_date,OK
2026-09-17T20:00:00Z,2026-09-17T20:58:16.003183Z,US10Y,4.94,percent,US Treasury:daily_treasury_yield_curve,2026-09-17T00:00:00,daily,official_observation_date,OK
2026-09-17T20:00:00Z,2026-09-17T20:58:16.003183Z,US10Y_REAL,2.61,percent,US Treasury:daily_treasury_real_yield_curve,2026-09-17T00:00:00,daily,official_observation_date,OK
2026-09-17T20:00:00Z,2026-09-17T20:58:16.003183Z,US2Y,4.67,percent,US Treasury:daily_treasury_yield_curve,2026-09-17T00:00:00,daily,official_observation_date,OK
2026-09-17T20:00:00Z,2026-09-17T20:58:16.003183Z,US30Y,5.29,percent,US Treasury:daily_treasury_yield_curve,2026-09-17T00:00:00,daily,official_observation_date,OK
2026-09-17T20:00:00Z,2026-09-17T20:58:16.003183Z,USDC_SUPPLY,74004504180.1111,USD,DefiLlama Stablecoins,2026-09-17T20:58:18.007780Z,current,retrieval_time_proxy,OK
2026-09-17T20:00:00Z,2026-09-17T20:58:16.003183Z,USDT_SUPPLY,183265019345.48447,USD,DefiLlama Stablecoins,2026-09-17T20:58:18.007780Z,current,retrieval_time_proxy,OK
2026-09-17T21:00:00Z,2026-09-17T21:57:58.243544Z,BTC_DOMINANCE,58.162608893019275,percent,CoinGecko Global,2026-09-17T21:48:31Z,current,source_updated_at,OK
2026-09-17T21:00:00Z,2026-09-17T21:57:58.243544Z,CRYPTO_24H_VOLUME,80031694681.34897,USD,CoinGecko Global,2026-09-17T21:48:31Z,current,source_updated_at,OK
2026-09-17T21:00:00Z,2026-09-17T21:57:58.243544Z,CRYPTO_TOTAL_MCAP,2631347800004.2466,USD,CoinGecko Global,2026-09-17T21:48:31Z,current,source_updated_at,OK
2026-09-17T21:00:00Z,2026-09-17T21:57:58.243544Z,EFFR,3.63,percent,New York Fed Markets API,2026-09-16T00:00:00Z,business_daily,official_effective_date,OK
2026-09-17T21:00:00Z,2026-09-17T21:57:58.243544Z,ETH_DOMINANCE,11.324779502002544,percent,CoinGecko Global,2026-09-17T21:48:31Z,current,source_updated_at,OK
2026-09-17T21:00:00Z,2026-09-17T21:57:58.243544Z,SOFR,3.62,percent,New York Fed Markets API,2026-09-16T00:00:00Z,business_daily,official_effective_date,OK
2026-09-17T21:00:00Z,2026-09-17T21:57:58.243544Z,STABLECOIN_TOTAL_SUPPLY,311412372681.3749,USD,DefiLlama Stablecoins,2026-09-17T21:58:00.449066Z,current,retrieval_time_proxy,OK
2026-09-17T21:00:00Z,2026-09-17T21:57:58.243544Z,TGA_CLOSING_BALANCE,991708.0,USD millions,US Treasury FiscalData:DTS operating_cash_balance,2026-09-16T00:00:00Z,business_daily,official_record_date,OK
2026-09-17T21:00:00Z,2026-09-17T21:57:58.243544Z,US10Y,4.94,percent,US Treasury:daily_treasury_yield_curve,2026-09-17T00:00:00,daily,official_observation_date,OK
2026-09-17T21:00:00Z,2026-09-17T21:57:58.243544Z,US10Y_REAL,2.61,percent,US Treasury:daily_treasury_real_yield_curve,2026-09-17T00:00:00,daily,official_observation_date,OK
2026-09-17T21:00:00Z,2026-09-17T21:57:58.243544Z,US2Y,4.67,percent,US Treasury:daily_treasury_yield_curve,2026-09-17T00:00:00,daily,official_observation_date,OK
2026-09-17T21:00:00Z,2026-09-17T21:57:58.243544Z,US30Y,5.29,percent,US Treasury:daily_treasury_yield_curve,2026-09-17T00:00:00,daily,official_observation_date,OK
2026-09-17T21:00:00Z,2026-09-17T21:57:58.243544Z,USDC_SUPPLY,74087043821.75731,USD,DefiLlama Stablecoins,2026-09-17T21:58:00.449066Z,current,retrieval_time_proxy,OK
2026-09-17T21:00:00Z,2026-09-17T21:57:58.243544Z,USDT_SUPPLY,183259350959.07242,USD,DefiLlama Stablecoins,2026-09-17T21:58:00.449066Z,current,retrieval_time_proxy,OK
2026-09-17T22:00:00Z,2026-09-17T22:57:52.308764Z,BTC_DOMINANCE,58.13846822546446,percent,CoinGecko Global,2026-09-17T22:48:37Z,current,source_updated_at,OK
2026-09-17T22:00:00Z,2026-09-17T22:57:52.308764Z,CRYPTO_24H_VOLUME,79351377830.49086,USD,CoinGecko Global,2026-09-17T22:48:37Z,current,source_updated_at,OK
2026-09-17T22:00:00Z,2026-09-17T22:57:52.308764Z,CRYPTO_TOTAL_MCAP,2631098311669.026,USD,CoinGecko Global,2026-09-17T22:48:37Z,current,source_updated_at,OK
2026-09-17T22:00:00Z,2026-09-17T22:57:52.308764Z,EFFR,3.63,percent,New York Fed Markets API,2026-09-16T00:00:00Z,business_daily,official_effective_date,OK
2026-09-17T22:00:00Z,2026-09-17T22:57:52.308764Z,ETH_DOMINANCE,11.313442370161564,percent,CoinGecko Global,2026-09-17T22:48:37Z,current,source_updated_at,OK
2026-09-17T22:00:00Z,2026-09-17T22:57:52.308764Z,SOFR,3.62,percent,New York Fed Markets API,2026-09-16T00:00:00Z,business_daily,official_effective_date,OK
2026-09-17T22:00:00Z,2026-09-17T22:57:52.308764Z,STABLECOIN_TOTAL_SUPPLY,311200747225.0129,USD,DefiLlama Stablecoins,2026-09-17T22:57:55.224503Z,current,retrieval_time_proxy,OK
2026-09-17T22:00:00Z,2026-09-17T22:57:52.308764Z,TGA_CLOSING_BALANCE,991708.0,USD millions,US Treasury FiscalData:DTS operating_cash_balance,2026-09-16T00:00:00Z,business_daily,official_record_date,OK
2026-09-17T22:00:00Z,2026-09-17T22:57:52.308764Z,US10Y,4.94,percent,US Treasury:daily_treasury_yield_curve,2026-09-17T00:00:00,daily,official_observation_date,OK
2026-09-17T22:00:00Z,2026-09-17T22:57:52.308764Z,US10Y_REAL,2.61,percent,US Treasury:daily_treasury_real_yield_curve,2026-09-17T00:00:00,daily,official_observation_date,OK
2026-09-17T22:00:00Z,2026-09-17T22:57:52.308764Z,US2Y,4.67,percent,US Treasury:daily_treasury_yield_curve,2026-09-17T00:00:00,daily,official_observation_date,OK
2026-09-17T22:00:00Z,2026-09-17T22:57:52.308764Z,US30Y,5.29,percent,US Treasury:daily_treasury_yield_curve,2026-09-17T00:00:00,daily,official_observation_date,OK
2026-09-17T22:00:00Z,2026-09-17T22:57:52.308764Z,USDC_SUPPLY,73923752408.76868,USD,DefiLlama Stablecoins,2026-09-17T22:57:55.224503Z,current,retrieval_time_proxy,OK
2026-09-17T22:00:00Z,2026-09-17T22:57:52.308764Z,USDT_SUPPLY,183258393864.19238,USD,DefiLlama Stablecoins,2026-09-17T22:57:55.224503Z,current,retrieval_time_proxy,OK
2026-09-17T23:00:00Z,2026-09-17T23:57:59.448450Z,BTC_DOMINANCE,58.10648858421261,percent,CoinGecko Global,2026-09-17T23:48:42Z,current,source_updated_at,OK
2026-09-17T23:00:00Z,2026-09-17T23:57:59.448450Z,CRYPTO_24H_VOLUME,78485229447.70192,USD,CoinGecko Global,2026-09-17T23:48:42Z,current,source_updated_at,OK
2026-09-17T23:00:00Z,2026-09-17T23:57:59.448450Z,CRYPTO_TOTAL_MCAP,2635944907198.152,USD,CoinGecko Global,2026-09-17T23:48:42Z,current,source_updated_at,OK
2026-09-17T23:00:00Z,2026-09-17T23:57:59.448450Z,EFFR,3.63,percent,New York Fed Markets API,2026-09-16T00:00:00Z,business_daily,official_effective_date,OK
2026-09-17T23:00:00Z,2026-09-17T23:57:59.448450Z,ETH_DOMINANCE,11.312950272853096,percent,CoinGecko Global,2026-09-17T23:48:42Z,current,source_updated_at,OK
2026-09-17T23:00:00Z,2026-09-17T23:57:59.448450Z,SOFR,3.62,percent,New York Fed Markets API,2026-09-16T00:00:00Z,business_daily,official_effective_date,OK
2026-09-17T23:00:00Z,2026-09-17T23:57:59.448450Z,STABLECOIN_TOTAL_SUPPLY,312237905015.53815,USD,DefiLlama Stablecoins,2026-09-17T23:58:01.129375Z,current,retrieval_time_proxy,OK
2026-09-17T23:00:00Z,2026-09-17T23:57:59.448450Z,TGA_CLOSING_BALANCE,991708.0,USD millions,US Treasury FiscalData:DTS operating_cash_balance,2026-09-16T00:00:00Z,business_daily,official_record_date,OK
2026-09-17T23:00:00Z,2026-09-17T23:57:59.448450Z,US10Y,4.94,percent,US Treasury:daily_treasury_yield_curve,2026-09-17T00:00:00,daily,official_observation_date,OK
2026-09-17T23:00:00Z,2026-09-17T23:57:59.448450Z,US10Y_REAL,2.61,percent,US Treasury:daily_treasury_real_yield_curve,2026-09-17T00:00:00,daily,official_observation_date,OK
2026-09-17T23:00:00Z,2026-09-17T23:57:59.448450Z,US2Y,4.67,percent,US Treasury:daily_treasury_yield_curve,2026-09-17T00:00:00,daily,official_observation_date,OK
2026-09-17T23:00:00Z,2026-09-17T23:57:59.448450Z,US30Y,5.29,percent,US Treasury:daily_treasury_yield_curve,2026-09-17T00:00:00,daily,official_observation_date,OK
2026-09-17T23:00:00Z,2026-09-17T23:57:59.448450Z,USDC_SUPPLY,74905513178.59198,USD,DefiLlama Stablecoins,2026-09-17T23:58:01.129375Z,current,retrieval_time_proxy,OK
2026-09-17T23:00:00Z,2026-09-17T23:57:59.448450Z,USDT_SUPPLY,183251562267.38123,USD,DefiLlama Stablecoins,2026-09-17T23:58:01.129375Z,current,retrieval_time_proxy,OK
2026-09-18T00:00:00Z,2026-09-18T00:59:29.410649Z,BTC_DOMINANCE,58.12672436969635,percent,CoinGecko Global,2026-09-18T00:58:48Z,current,source_updated_at,OK
2026-09-18T00:00:00Z,2026-09-18T00:59:29.410649Z,CRYPTO_24H_VOLUME,77956907534.5768,USD,CoinGecko Global,2026-09-18T00:58:48Z,current,source_updated_at,OK
2026-09-18T00:00:00Z,2026-09-18T00:59:29.410649Z,CRYPTO_TOTAL_MCAP,2637435945198.2554,USD,CoinGecko Global,2026-09-18T00:58:48Z,current,source_updated_at,OK
2026-09-18T00:00:00Z,2026-09-18T00:59:29.410649Z,EFFR,3.63,percent,New York Fed Markets API,2026-09-16T00:00:00Z,business_daily,official_effective_date,OK
2026-09-18T00:00:00Z,2026-09-18T00:59:29.410649Z,ETH_DOMINANCE,11.289725516962692,percent,CoinGecko Global,2026-09-18T00:58:48Z,current,source_updated_at,OK
2026-09-18T00:00:00Z,2026-09-18T00:59:29.410649Z,SOFR,3.62,percent,New York Fed Markets API,2026-09-16T00:00:00Z,business_daily,official_effective_date,OK
2026-09-18T00:00:00Z,2026-09-18T00:59:29.410649Z,STABLECOIN_TOTAL_SUPPLY,311283438833.6493,USD,DefiLlama Stablecoins,2026-09-18T00:59:31.495454Z,current,retrieval_time_proxy,OK
2026-09-18T00:00:00Z,2026-09-18T00:59:29.410649Z,TGA_CLOSING_BALANCE,991708.0,USD millions,US Treasury FiscalData:DTS operating_cash_balance,2026-09-16T00:00:00Z,business_daily,official_record_date,OK
2026-09-18T00:00:00Z,2026-09-18T00:59:29.410649Z,US10Y,4.94,percent,US Treasury:daily_treasury_yield_curve,2026-09-17T00:00:00,daily,official_observation_date,OK
2026-09-18T00:00:00Z,2026-09-18T00:59:29.410649Z,US10Y_REAL,2.61,percent,US Treasury:daily_treasury_real_yield_curve,2026-09-17T00:00:00,daily,official_observation_date,OK
2026-09-18T00:00:00Z,2026-09-18T00:59:29.410649Z,US2Y,4.67,percent,US Treasury:daily_treasury_yield_curve,2026-09-17T00:00:00,daily,official_observation_date,OK
2026-09-18T00:00:00Z,2026-09-18T00:59:29.410649Z,US30Y,5.29,percent,US Treasury:daily_treasury_yield_curve,2026-09-17T00:00:00,daily,official_observation_date,OK
2026-09-18T00:00:00Z,2026-09-18T00:59:29.410649Z,USDC_SUPPLY,73913514855.54494,USD,DefiLlama Stablecoins,2026-09-18T00:59:31.495454Z,current,retrieval_time_proxy,OK
2026-09-18T00:00:00Z,2026-09-18T00:59:29.410649Z,USDT_SUPPLY,183250704167.06314,USD,DefiLlama Stablecoins,2026-09-18T00:59:31.495454Z,current,retrieval_time_proxy,OK
2026-09-18T01:00:00Z,2026-09-18T01:58:10.039889Z,BTC_DOMINANCE,58.081747578309894,percent,CoinGecko Global,2026-09-18T01:48:51Z,current,source_updated_at,OK
2026-09-18T01:00:00Z,2026-09-18T01:58:10.039889Z,CRYPTO_24H_VOLUME,77586883166.33542,USD,CoinGecko Global,2026-09-18T01:48:51Z,current,source_updated_at,OK
2026-09-18T01:00:00Z,2026-09-18T01:58:10.039889Z,CRYPTO_TOTAL_MCAP,2644687628302.806,USD,CoinGecko Global,2026-09-18T01:48:51Z,current,source_updated_at,OK
2026-09-18T01:00:00Z,2026-09-18T01:58:10.039889Z,EFFR,3.63,percent,New York Fed Markets API,2026-09-16T00:00:00Z,business_daily,official_effective_date,OK
2026-09-18T01:00:00Z,2026-09-18T01:58:10.039889Z,ETH_DOMINANCE,11.301636732077048,percent,CoinGecko Global,2026-09-18T01:48:51Z,current,source_updated_at,OK
2026-09-18T01:00:00Z,2026-09-18T01:58:10.039889Z,SOFR,3.62,percent,New York Fed Markets API,2026-09-16T00:00:00Z,business_daily,official_effective_date,OK
2026-09-18T01:00:00Z,2026-09-18T01:58:10.039889Z,STABLECOIN_TOTAL_SUPPLY,311211193000.3371,USD,DefiLlama Stablecoins,2026-09-18T01:58:12.152645Z,current,retrieval_time_proxy,OK
2026-09-18T01:00:00Z,2026-09-18T01:58:10.039889Z,TGA_CLOSING_BALANCE,991708.0,USD millions,US Treasury FiscalData:DTS operating_cash_balance,2026-09-16T00:00:00Z,business_daily,official_record_date,OK
2026-09-18T01:00:00Z,2026-09-18T01:58:10.039889Z,US10Y,4.94,percent,US Treasury:daily_treasury_yield_curve,2026-09-17T00:00:00,daily,official_observation_date,OK
2026-09-18T01:00:00Z,2026-09-18T01:58:10.039889Z,US10Y_REAL,2.61,percent,US Treasury:daily_treasury_real_yield_curve,2026-09-17T00:00:00,daily,official_observation_date,OK
2026-09-18T01:00:00Z,2026-09-18T01:58:10.039889Z,US2Y,4.67,percent,US Treasury:daily_treasury_yield_curve,2026-09-17T00:00:00,daily,official_observation_date,OK
2026-09-18T01:00:00Z,2026-09-18T01:58:10.039889Z,US30Y,5.29,percent,US Treasury:daily_treasury_yield_curve,2026-09-17T00:00:00,daily,official_observation_date,OK
2026-09-18T01:00:00Z,2026-09-18T01:58:10.039889Z,USDC_SUPPLY,73904903695.47318,USD,DefiLlama Stablecoins,2026-09-18T01:58:12.152645Z,current,retrieval_time_proxy,OK
2026-09-18T01:00:00Z,2026-09-18T01:58:10.039889Z,USDT_SUPPLY,183249936806.55917,USD,DefiLlama Stablecoins,2026-09-18T01:58:12.152645Z,current,retrieval_time_proxy,OK
2026-09-18T02:00:00Z,2026-09-18T02:58:11.201453Z,BTC_DOMINANCE,58.0729433712166,percent,CoinGecko Global,2026-09-18T02:48:56Z,current,source_updated_at,OK
2026-09-18T02:00:00Z,2026-09-18T02:58:11.201453Z,CRYPTO_24H_VOLUME,78669351637.55014,USD,CoinGecko Global,2026-09-18T02:48:56Z,current,source_updated_at,OK
2026-09-18T02:00:00Z,2026-09-18T02:58:11.201453Z,CRYPTO_TOTAL_MCAP,2649687529834.386,USD,CoinGecko Global,2026-09-18T02:48:56Z,current,source_updated_at,OK
2026-09-18T02:00:00Z,2026-09-18T02:58:11.201453Z,EFFR,3.63,percent,New York Fed Markets API,2026-09-16T00:00:00Z,business_daily,official_effective_date,OK
2026-09-18T02:00:00Z,2026-09-18T02:58:11.201453Z,ETH_DOMINANCE,11.296658622095299,percent,CoinGecko Global,2026-09-18T02:48:56Z,current,source_updated_at,OK
2026-09-18T02:00:00Z,2026-09-18T02:58:11.201453Z,SOFR,3.62,percent,New York Fed Markets API,2026-09-16T00:00:00Z,business_daily,official_effective_date,OK
2026-09-18T02:00:00Z,2026-09-18T02:58:11.201453Z,STABLECOIN_TOTAL_SUPPLY,310837339121.281,USD,DefiLlama Stablecoins,2026-09-18T02:58:13.718203Z,current,retrieval_time_proxy,OK
2026-09-18T02:00:00Z,2026-09-18T02:58:11.201453Z,TGA_CLOSING_BALANCE,991708.0,USD millions,US Treasury FiscalData:DTS operating_cash_balance,2026-09-16T00:00:00Z,business_daily,official_record_date,OK
2026-09-18T02:00:00Z,2026-09-18T02:58:11.201453Z,US10Y,4.94,percent,US Treasury:daily_treasury_yield_curve,2026-09-17T00:00:00,daily,official_observation_date,OK
2026-09-18T02:00:00Z,2026-09-18T02:58:11.201453Z,US10Y_REAL,2.61,percent,US Treasury:daily_treasury_real_yield_curve,2026-09-17T00:00:00,daily,official_observation_date,OK
2026-09-18T02:00:00Z,2026-09-18T02:58:11.201453Z,US2Y,4.67,percent,US Treasury:daily_treasury_yield_curve,2026-09-17T00:00:00,daily,official_observation_date,OK
2026-09-18T02:00:00Z,2026-09-18T02:58:11.201453Z,US30Y,5.29,percent,US Treasury:daily_treasury_yield_curve,2026-09-17T00:00:00,daily,official_observation_date,OK
2026-09-18T02:00:00Z,2026-09-18T02:58:11.201453Z,USDC_SUPPLY,73902406775.41669,USD,DefiLlama Stablecoins,2026-09-18T02:58:13.718203Z,current,retrieval_time_proxy,OK
2026-09-18T02:00:00Z,2026-09-18T02:58:11.201453Z,USDT_SUPPLY,183238528369.62073,USD,DefiLlama Stablecoins,2026-09-18T02:58:13.718203Z,current,retrieval_time_proxy,OK
2026-09-18T03:00:00Z,2026-09-18T03:57:53.387775Z,BTC_DOMINANCE,58.056844684132095,percent,CoinGecko Global,2026-09-18T03:49:35Z,current,source_updated_at,OK
2026-09-18T03:00:00Z,2026-09-18T03:57:53.387775Z,CRYPTO_24H_VOLUME,82392322276.69864,USD,CoinGecko Global,2026-09-18T03:49:35Z,current,source_updated_at,OK
2026-09-18T03:00:00Z,2026-09-18T03:57:53.387775Z,CRYPTO_TOTAL_MCAP,2669470091313.008,USD,CoinGecko Global,2026-09-18T03:49:35Z,current,source_updated_at,OK
2026-09-18T03:00:00Z,2026-09-18T03:57:53.387775Z,EFFR,3.63,percent,New York Fed Markets API,2026-09-16T00:00:00Z,business_daily,official_effective_date,OK
2026-09-18T03:00:00Z,2026-09-18T03:57:53.387775Z,ETH_DOMINANCE,11.295058320118818,percent,CoinGecko Global,2026-09-18T03:49:35Z,current,source_updated_at,OK
2026-09-18T03:00:00Z,2026-09-18T03:57:53.387775Z,SOFR,3.62,percent,New York Fed Markets API,2026-09-16T00:00:00Z,business_daily,official_effective_date,OK
2026-09-18T03:00:00Z,2026-09-18T03:57:53.387775Z,STABLECOIN_TOTAL_SUPPLY,310849578011.8043,USD,DefiLlama Stablecoins,2026-09-18T03:57:55.135091Z,current,retrieval_time_proxy,OK
2026-09-18T03:00:00Z,2026-09-18T03:57:53.387775Z,TGA_CLOSING_BALANCE,991708.0,USD millions,US Treasury FiscalData:DTS operating_cash_balance,2026-09-16T00:00:00Z,business_daily,official_record_date,OK
2026-09-18T03:00:00Z,2026-09-18T03:57:53.387775Z,US10Y,4.94,percent,US Treasury:daily_treasury_yield_curve,2026-09-17T00:00:00,daily,official_observation_date,OK
2026-09-18T03:00:00Z,2026-09-18T03:57:53.387775Z,US10Y_REAL,2.61,percent,US Treasury:daily_treasury_real_yield_curve,2026-09-17T00:00:00,daily,official_observation_date,OK
2026-09-18T03:00:00Z,2026-09-18T03:57:53.387775Z,US2Y,4.67,percent,US Treasury:daily_treasury_yield_curve,2026-09-17T00:00:00,daily,official_observation_date,OK
2026-09-18T03:00:00Z,2026-09-18T03:57:53.387775Z,US30Y,5.29,percent,US Treasury:daily_treasury_yield_curve,2026-09-17T00:00:00,daily,official_observation_date,OK
2026-09-18T03:00:00Z,2026-09-18T03:57:53.387775Z,USDC_SUPPLY,73925715537.39516,USD,DefiLlama Stablecoins,2026-09-18T03:57:55.135091Z,current,retrieval_time_proxy,OK
2026-09-18T03:00:00Z,2026-09-18T03:57:53.387775Z,USDT_SUPPLY,183230581698.94263,USD,DefiLlama Stablecoins,2026-09-18T03:57:55.135091Z,current,retrieval_time_proxy,OK
2026-09-18T04:00:00Z,2026-09-18T04:58:05.422181Z,BTC_DOMINANCE,58.050623799162395,percent,CoinGecko Global,2026-09-18T04:49:41Z,current,source_updated_at,OK
2026-09-18T04:00:00Z,2026-09-18T04:58:05.422181Z,CRYPTO_24H_VOLUME,84571351843.02582,USD,CoinGecko Global,2026-09-18T04:49:41Z,current,source_updated_at,OK
2026-09-18T04:00:00Z,2026-09-18T04:58:05.422181Z,CRYPTO_TOTAL_MCAP,2669952979910.126,USD,CoinGecko Global,2026-09-18T04:49:41Z,current,source_updated_at,OK
2026-09-18T04:00:00Z,2026-09-18T04:58:05.422181Z,EFFR,3.63,percent,New York Fed Markets API,2026-09-16T00:00:00Z,business_daily,official_effective_date,OK
2026-09-18T04:00:00Z,2026-09-18T04:58:05.422181Z,ETH_DOMINANCE,11.290028572296597,percent,CoinGecko Global,2026-09-18T04:49:41Z,current,source_updated_at,OK
2026-09-18T04:00:00Z,2026-09-18T04:58:05.422181Z,SOFR,3.62,percent,New York Fed Markets API,2026-09-16T00:00:00Z,business_daily,official_effective_date,OK
2026-09-18T04:00:00Z,2026-09-18T04:58:05.422181Z,STABLECOIN_TOTAL_SUPPLY,310813376452.03644,USD,DefiLlama Stablecoins,2026-09-18T04:58:06.679466Z,current,retrieval_time_proxy,OK
2026-09-18T04:00:00Z,2026-09-18T04:58:05.422181Z,TGA_CLOSING_BALANCE,991708.0,USD millions,US Treasury FiscalData:DTS operating_cash_balance,2026-09-16T00:00:00Z,business_daily,official_record_date,OK
2026-09-18T04:00:00Z,2026-09-18T04:58:05.422181Z,US10Y,4.94,percent,US Treasury:daily_treasury_yield_curve,2026-09-17T00:00:00,daily,official_observation_date,OK
2026-09-18T04:00:00Z,2026-09-18T04:58:05.422181Z,US10Y_REAL,2.61,percent,US Treasury:daily_treasury_real_yield_curve,2026-09-17T00:00:00,daily,official_observation_date,OK
2026-09-18T04:00:00Z,2026-09-18T04:58:05.422181Z,US2Y,4.67,percent,US Treasury:daily_treasury_yield_curve,2026-09-17T00:00:00,daily,official_observation_date,OK
2026-09-18T04:00:00Z,2026-09-18T04:58:05.422181Z,US30Y,5.29,percent,US Treasury:daily_treasury_yield_curve,2026-09-17T00:00:00,daily,official_observation_date,OK
2026-09-18T04:00:00Z,2026-09-18T04:58:05.422181Z,USDC_SUPPLY,73871839549.15582,USD,DefiLlama Stablecoins,2026-09-18T04:58:06.679466Z,current,retrieval_time_proxy,OK
2026-09-18T04:00:00Z,2026-09-18T04:58:05.422181Z,USDT_SUPPLY,183227722204.23254,USD,DefiLlama Stablecoins,2026-09-18T04:58:06.679466Z,current,retrieval_time_proxy,OK
2026-09-18T05:00:00Z,2026-09-18T05:58:17.313574Z,BTC_DOMINANCE,58.07840759653813,percent,CoinGecko Global,2026-09-18T05:49:46Z,current,source_updated_at,OK
2026-09-18T05:00:00Z,2026-09-18T05:58:17.313574Z,CRYPTO_24H_VOLUME,86589787746.26312,USD,CoinGecko Global,2026-09-18T05:49:46Z,current,source_updated_at,OK
2026-09-18T05:00:00Z,2026-09-18T05:58:17.313574Z,CRYPTO_TOTAL_MCAP,2668863954918.393,USD,CoinGecko Global,2026-09-18T05:49:46Z,current,source_updated_at,OK
2026-09-18T05:00:00Z,2026-09-18T05:58:17.313574Z,EFFR,3.63,percent,New York Fed Markets API,2026-09-16T00:00:00Z,business_daily,official_effective_date,OK
2026-09-18T05:00:00Z,2026-09-18T05:58:17.313574Z,ETH_DOMINANCE,11.303218446669069,percent,CoinGecko Global,2026-09-18T05:49:46Z,current,source_updated_at,OK
2026-09-18T05:00:00Z,2026-09-18T05:58:17.313574Z,SOFR,3.62,percent,New York Fed Markets API,2026-09-16T00:00:00Z,business_daily,official_effective_date,OK
2026-09-18T05:00:00Z,2026-09-18T05:58:17.313574Z,STABLECOIN_TOTAL_SUPPLY,310831871264.77673,USD,DefiLlama Stablecoins,2026-09-18T05:58:18.741358Z,current,retrieval_time_proxy,OK
2026-09-18T05:00:00Z,2026-09-18T05:58:17.313574Z,TGA_CLOSING_BALANCE,991708.0,USD millions,US Treasury FiscalData:DTS operating_cash_balance,2026-09-16T00:00:00Z,business_daily,official_record_date,OK
2026-09-18T05:00:00Z,2026-09-18T05:58:17.313574Z,US10Y,4.94,percent,US Treasury:daily_treasury_yield_curve,2026-09-17T00:00:00,daily,official_observation_date,OK
2026-09-18T05:00:00Z,2026-09-18T05:58:17.313574Z,US10Y_REAL,2.61,percent,US Treasury:daily_treasury_real_yield_curve,2026-09-17T00:00:00,daily,official_observation_date,OK
2026-09-18T05:00:00Z,2026-09-18T05:58:17.313574Z,US2Y,4.67,percent,US Treasury:daily_treasury_yield_curve,2026-09-17T00:00:00,daily,official_observation_date,OK
2026-09-18T05:00:00Z,2026-09-18T05:58:17.313574Z,US30Y,5.29,percent,US Treasury:daily_treasury_yield_curve,2026-09-17T00:00:00,daily,official_observation_date,OK
2026-09-18T05:00:00Z,2026-09-18T05:58:17.313574Z,USDC_SUPPLY,73841629673.25526,USD,DefiLlama Stablecoins,2026-09-18T05:58:18.741358Z,current,retrieval_time_proxy,OK
2026-09-18T05:00:00Z,2026-09-18T05:58:17.313574Z,USDT_SUPPLY,183237439374.05038,USD,DefiLlama Stablecoins,2026-09-18T05:58:18.741358Z,current,retrieval_time_proxy,OK
2026-09-18T06:00:00Z,2026-09-18T06:59:46.977182Z,BTC_DOMINANCE,58.03872051324292,percent,CoinGecko Global,2026-09-18T06:49:52Z,current,source_updated_at,OK
2026-09-18T06:00:00Z,2026-09-18T06:59:46.977182Z,CRYPTO_24H_VOLUME,87885348806.54929,USD,CoinGecko Global,2026-09-18T06:49:52Z,current,source_updated_at,OK
2026-09-18T06:00:00Z,2026-09-18T06:59:46.977182Z,CRYPTO_TOTAL_MCAP,2671602392327.9697,USD,CoinGecko Global,2026-09-18T06:49:52Z,current,source_updated_at,OK
2026-09-18T06:00:00Z,2026-09-18T06:59:46.977182Z,EFFR,3.63,percent,New York Fed Markets API,2026-09-16T00:00:00Z,business_daily,official_effective_date,OK
2026-09-18T06:00:00Z,2026-09-18T06:59:46.977182Z,ETH_DOMINANCE,11.313490246737784,percent,CoinGecko Global,2026-09-18T06:49:52Z,current,source_updated_at,OK
2026-09-18T06:00:00Z,2026-09-18T06:59:46.977182Z,SOFR,3.62,percent,New York Fed Markets API,2026-09-16T00:00:00Z,business_daily,official_effective_date,OK
2026-09-18T06:00:00Z,2026-09-18T06:59:46.977182Z,STABLECOIN_TOTAL_SUPPLY,311829339061.6652,USD,DefiLlama Stablecoins,2026-09-18T06:59:48.812528Z,current,retrieval_time_proxy,OK
2026-09-18T06:00:00Z,2026-09-18T06:59:46.977182Z,TGA_CLOSING_BALANCE,991708.0,USD millions,US Treasury FiscalData:DTS operating_cash_balance,2026-09-16T00:00:00Z,business_daily,official_record_date,OK
2026-09-18T06:00:00Z,2026-09-18T06:59:46.977182Z,US10Y,4.94,percent,US Treasury:daily_treasury_yield_curve,2026-09-17T00:00:00,daily,official_observation_date,OK
2026-09-18T06:00:00Z,2026-09-18T06:59:46.977182Z,US10Y_REAL,2.61,percent,US Treasury:daily_treasury_real_yield_curve,2026-09-17T00:00:00,daily,official_observation_date,OK
2026-09-18T06:00:00Z,2026-09-18T06:59:46.977182Z,US2Y,4.67,percent,US Treasury:daily_treasury_yield_curve,2026-09-17T00:00:00,daily,official_observation_date,OK
2026-09-18T06:00:00Z,2026-09-18T06:59:46.977182Z,US30Y,5.29,percent,US Treasury:daily_treasury_yield_curve,2026-09-17T00:00:00,daily,official_observation_date,OK
2026-09-18T06:00:00Z,2026-09-18T06:59:46.977182Z,USDC_SUPPLY,74814936641.85934,USD,DefiLlama Stablecoins,2026-09-18T06:59:48.812528Z,current,retrieval_time_proxy,OK
2026-09-18T06:00:00Z,2026-09-18T06:59:46.977182Z,USDT_SUPPLY,183242065646.78403,USD,DefiLlama Stablecoins,2026-09-18T06:59:48.812528Z,current,retrieval_time_proxy,OK
2026-09-18T07:00:00Z,2026-09-18T07:58:31.822396Z,BTC_DOMINANCE,58.084508294183394,percent,CoinGecko Global,2026-09-18T07:49:57Z,current,source_updated_at,OK
2026-09-18T07:00:00Z,2026-09-18T07:58:31.822396Z,CRYPTO_24H_VOLUME,89703514882.27351,USD,CoinGecko Global,2026-09-18T07:49:57Z,current,source_updated_at,OK
2026-09-18T07:00:00Z,2026-09-18T07:58:31.822396Z,CRYPTO_TOTAL_MCAP,2678801936118.625,USD,CoinGecko Global,2026-09-18T07:49:57Z,current,source_updated_at,OK
2026-09-18T07:00:00Z,2026-09-18T07:58:31.822396Z,EFFR,3.63,percent,New York Fed Markets API,2026-09-16T00:00:00Z,business_daily,official_effective_date,OK
2026-09-18T07:00:00Z,2026-09-18T07:58:31.822396Z,ETH_DOMINANCE,11.30332021499,percent,CoinGecko Global,2026-09-18T07:49:57Z,current,source_updated_at,OK
2026-09-18T07:00:00Z,2026-09-18T07:58:31.822396Z,SOFR,3.62,percent,New York Fed Markets API,2026-09-16T00:00:00Z,business_daily,official_effective_date,OK
2026-09-18T07:00:00Z,2026-09-18T07:58:31.822396Z,STABLECOIN_TOTAL_SUPPLY,310853475828.1161,USD,DefiLlama Stablecoins,2026-09-18T07:58:33.282835Z,current,retrieval_time_proxy,OK
2026-09-18T07:00:00Z,2026-09-18T07:58:31.822396Z,TGA_CLOSING_BALANCE,991708.0,USD millions,US Treasury FiscalData:DTS operating_cash_balance,2026-09-16T00:00:00Z,business_daily,official_record_date,OK
2026-09-18T07:00:00Z,2026-09-18T07:58:31.822396Z,US10Y,4.94,percent,US Treasury:daily_treasury_yield_curve,2026-09-17T00:00:00,daily,official_observation_date,OK
2026-09-18T07:00:00Z,2026-09-18T07:58:31.822396Z,US10Y_REAL,2.61,percent,US Treasury:daily_treasury_real_yield_curve,2026-09-17T00:00:00,daily,official_observation_date,OK
2026-09-18T07:00:00Z,2026-09-18T07:58:31.822396Z,US2Y,4.67,percent,US Treasury:daily_treasury_yield_curve,2026-09-17T00:00:00,daily,official_observation_date,OK
2026-09-18T07:00:00Z,2026-09-18T07:58:31.822396Z,US30Y,5.29,percent,US Treasury:daily_treasury_yield_curve,2026-09-17T00:00:00,daily,official_observation_date,OK
2026-09-18T07:00:00Z,2026-09-18T07:58:31.822396Z,USDC_SUPPLY,73856239412.39679,USD,DefiLlama Stablecoins,2026-09-18T07:58:33.282835Z,current,retrieval_time_proxy,OK
2026-09-18T07:00:00Z,2026-09-18T07:58:31.822396Z,USDT_SUPPLY,183228609343.80066,USD,DefiLlama Stablecoins,2026-09-18T07:58:33.282835Z,current,retrieval_time_proxy,OK
2026-09-18T08:00:00Z,2026-09-18T08:58:10.182192Z,BTC_DOMINANCE,58.11606739162283,percent,CoinGecko Global,2026-09-18T08:50:08Z,current,source_updated_at,OK
2026-09-18T08:00:00Z,2026-09-18T08:58:10.182192Z,CRYPTO_24H_VOLUME,92118760485.12518,USD,CoinGecko Global,2026-09-18T08:50:08Z,current,source_updated_at,OK
2026-09-18T08:00:00Z,2026-09-18T08:58:10.182192Z,CRYPTO_TOTAL_MCAP,2686138203219.322,USD,CoinGecko Global,2026-09-18T08:50:08Z,current,source_updated_at,OK
2026-09-18T08:00:00Z,2026-09-18T08:58:10.182192Z,EFFR,3.63,percent,New York Fed Markets API,2026-09-16T00:00:00Z,business_daily,official_effective_date,OK
2026-09-18T08:00:00Z,2026-09-18T08:58:10.182192Z,ETH_DOMINANCE,11.311735418734235,percent,CoinGecko Global,2026-09-18T08:50:08Z,current,source_updated_at,OK
2026-09-18T08:00:00Z,2026-09-18T08:58:10.182192Z,SOFR,3.62,percent,New York Fed Markets API,2026-09-16T00:00:00Z,business_daily,official_effective_date,OK
2026-09-18T08:00:00Z,2026-09-18T08:58:10.182192Z,STABLECOIN_TOTAL_SUPPLY,310780217346.21643,USD,DefiLlama Stablecoins,2026-09-18T08:58:11.659903Z,current,retrieval_time_proxy,OK
2026-09-18T08:00:00Z,2026-09-18T08:58:10.182192Z,TGA_CLOSING_BALANCE,991708.0,USD millions,US Treasury FiscalData:DTS operating_cash_balance,2026-09-16T00:00:00Z,business_daily,official_record_date,OK
2026-09-18T08:00:00Z,2026-09-18T08:58:10.182192Z,US10Y,4.94,percent,US Treasury:daily_treasury_yield_curve,2026-09-17T00:00:00,daily,official_observation_date,OK
2026-09-18T08:00:00Z,2026-09-18T08:58:10.182192Z,US10Y_REAL,2.61,percent,US Treasury:daily_treasury_real_yield_curve,2026-09-17T00:00:00,daily,official_observation_date,OK
2026-09-18T08:00:00Z,2026-09-18T08:58:10.182192Z,US2Y,4.67,percent,US Treasury:daily_treasury_yield_curve,2026-09-17T00:00:00,daily,official_observation_date,OK
2026-09-18T08:00:00Z,2026-09-18T08:58:10.182192Z,US30Y,5.29,percent,US Treasury:daily_treasury_yield_curve,2026-09-17T00:00:00,daily,official_observation_date,OK
2026-09-18T08:00:00Z,2026-09-18T08:58:10.182192Z,USDC_SUPPLY,73818033978.28085,USD,DefiLlama Stablecoins,2026-09-18T08:58:11.659903Z,current,retrieval_time_proxy,OK
2026-09-18T08:00:00Z,2026-09-18T08:58:10.182192Z,USDT_SUPPLY,183223997854.26154,USD,DefiLlama Stablecoins,2026-09-18T08:58:11.659903Z,current,retrieval_time_proxy,OK
2026-09-18T09:00:00Z,2026-09-18T09:58:06.198055Z,BTC_DOMINANCE,58.126541661578,percent,CoinGecko Global,2026-09-18T09:50:20Z,current,source_updated_at,OK
2026-09-18T09:00:00Z,2026-09-18T09:58:06.198055Z,CRYPTO_24H_VOLUME,95128674719.2649,USD,CoinGecko Global,2026-09-18T09:50:20Z,current,source_updated_at,OK
2026-09-18T09:00:00Z,2026-09-18T09:58:06.198055Z,CRYPTO_TOTAL_MCAP,2691702928831.6543,USD,CoinGecko Global,2026-09-18T09:50:20Z,current,source_updated_at,OK
2026-09-18T09:00:00Z,2026-09-18T09:58:06.198055Z,EFFR,3.63,percent,New York Fed Markets API,2026-09-16T00:00:00Z,business_daily,official_effective_date,OK
2026-09-18T09:00:00Z,2026-09-18T09:58:06.198055Z,ETH_DOMINANCE,11.326394974413875,percent,CoinGecko Global,2026-09-18T09:50:20Z,current,source_updated_at,OK
2026-09-18T09:00:00Z,2026-09-18T09:58:06.198055Z,SOFR,3.62,percent,New York Fed Markets API,2026-09-16T00:00:00Z,business_daily,official_effective_date,OK
2026-09-18T09:00:00Z,2026-09-18T09:58:06.198055Z,STABLECOIN_TOTAL_SUPPLY,310803578736.1696,USD,DefiLlama Stablecoins,2026-09-18T09:58:07.623353Z,current,retrieval_time_proxy,OK
2026-09-18T09:00:00Z,2026-09-18T09:58:06.198055Z,TGA_CLOSING_BALANCE,991708.0,USD millions,US Treasury FiscalData:DTS operating_cash_balance,2026-09-16T00:00:00Z,business_daily,official_record_date,OK
2026-09-18T09:00:00Z,2026-09-18T09:58:06.198055Z,US10Y,4.94,percent,US Treasury:daily_treasury_yield_curve,2026-09-17T00:00:00,daily,official_observation_date,OK
2026-09-18T09:00:00Z,2026-09-18T09:58:06.198055Z,US10Y_REAL,2.61,percent,US Treasury:daily_treasury_real_yield_curve,2026-09-17T00:00:00,daily,official_observation_date,OK
2026-09-18T09:00:00Z,2026-09-18T09:58:06.198055Z,US2Y,4.67,percent,US Treasury:daily_treasury_yield_curve,2026-09-17T00:00:00,daily,official_observation_date,OK
2026-09-18T09:00:00Z,2026-09-18T09:58:06.198055Z,US30Y,5.29,percent,US Treasury:daily_treasury_yield_curve,2026-09-17T00:00:00,daily,official_observation_date,OK
2026-09-18T09:00:00Z,2026-09-18T09:58:06.198055Z,USDC_SUPPLY,73839614207.27235,USD,DefiLlama Stablecoins,2026-09-18T09:58:07.623353Z,current,retrieval_time_proxy,OK
2026-09-18T09:00:00Z,2026-09-18T09:58:06.198055Z,USDT_SUPPLY,183220414869.53574,USD,DefiLlama Stablecoins,2026-09-18T09:58:07.623353Z,current,retrieval_time_proxy,OK
2026-09-18T10:00:00Z,2026-09-18T10:58:05.616401Z,BTC_DOMINANCE,58.10617042957649,percent,CoinGecko Global,2026-09-18T10:50:27Z,current,source_updated_at,OK
2026-09-18T10:00:00Z,2026-09-18T10:58:05.616401Z,CRYPTO_24H_VOLUME,96513607698.66808,USD,CoinGecko Global,2026-09-18T10:50:27Z,current,source_updated_at,OK
2026-09-18T10:00:00Z,2026-09-18T10:58:05.616401Z,CRYPTO_TOTAL_MCAP,2698056956259.733,USD,CoinGecko Global,2026-09-18T10:50:27Z,current,source_updated_at,OK
2026-09-18T10:00:00Z,2026-09-18T10:58:05.616401Z,EFFR,3.63,percent,New York Fed Markets API,2026-09-16T00:00:00Z,business_daily,official_effective_date,OK
2026-09-18T10:00:00Z,2026-09-18T10:58:05.616401Z,ETH_DOMINANCE,11.358910698262687,percent,CoinGecko Global,2026-09-18T10:50:27Z,current,source_updated_at,OK
2026-09-18T10:00:00Z,2026-09-18T10:58:05.616401Z,SOFR,3.62,percent,New York Fed Markets API,2026-09-16T00:00:00Z,business_daily,official_effective_date,OK
2026-09-18T10:00:00Z,2026-09-18T10:58:05.616401Z,STABLECOIN_TOTAL_SUPPLY,310948991460.05585,USD,DefiLlama Stablecoins,2026-09-18T10:58:50.684727Z,current,retrieval_time_proxy,OK
2026-09-18T10:00:00Z,2026-09-18T10:58:05.616401Z,TGA_CLOSING_BALANCE,991708.0,USD millions,US Treasury FiscalData:DTS operating_cash_balance,2026-09-16T00:00:00Z,business_daily,official_record_date,OK
2026-09-18T10:00:00Z,2026-09-18T10:58:05.616401Z,US10Y,4.94,percent,US Treasury:daily_treasury_yield_curve,2026-09-17T00:00:00,daily,official_observation_date,OK
2026-09-18T10:00:00Z,2026-09-18T10:58:05.616401Z,US10Y_REAL,2.61,percent,US Treasury:daily_treasury_real_yield_curve,2026-09-17T00:00:00,daily,official_observation_date,OK
2026-09-18T10:00:00Z,2026-09-18T10:58:05.616401Z,US2Y,4.67,percent,US Treasury:daily_treasury_yield_curve,2026-09-17T00:00:00,daily,official_observation_date,OK
2026-09-18T10:00:00Z,2026-09-18T10:58:05.616401Z,US30Y,5.29,percent,US Treasury:daily_treasury_yield_curve,2026-09-17T00:00:00,daily,official_observation_date,OK
2026-09-18T10:00:00Z,2026-09-18T10:58:05.616401Z,USDC_SUPPLY,73962236042.11473,USD,DefiLlama Stablecoins,2026-09-18T10:58:50.684727Z,current,retrieval_time_proxy,OK
2026-09-18T10:00:00Z,2026-09-18T10:58:05.616401Z,USDT_SUPPLY,183228457670.5204,USD,DefiLlama Stablecoins,2026-09-18T10:58:50.684727Z,current,retrieval_time_proxy,OK
2026-09-18T11:00:00Z,2026-09-18T11:58:35.657313Z,BTC_DOMINANCE,58.63603430509663,percent,CoinGecko Global,2026-09-18T11:50:35Z,current,source_updated_at,OK
2026-09-18T11:00:00Z,2026-09-18T11:58:35.657313Z,CRYPTO_24H_VOLUME,97861493210.17542,USD,CoinGecko Global,2026-09-18T11:50:35Z,current,source_updated_at,OK
2026-09-18T11:00:00Z,2026-09-18T11:58:35.657313Z,CRYPTO_TOTAL_MCAP,2663575511709.853,USD,CoinGecko Global,2026-09-18T11:50:35Z,current,source_updated_at,OK
2026-09-18T11:00:00Z,2026-09-18T11:58:35.657313Z,EFFR,3.63,percent,New York Fed Markets API,2026-09-16T00:00:00Z,business_daily,official_effective_date,OK
2026-09-18T11:00:00Z,2026-09-18T11:58:35.657313Z,ETH_DOMINANCE,11.450714347920687,percent,CoinGecko Global,2026-09-18T11:50:35Z,current,source_updated_at,OK
2026-09-18T11:00:00Z,2026-09-18T11:58:35.657313Z,SOFR,3.62,percent,New York Fed Markets API,2026-09-16T00:00:00Z,business_daily,official_effective_date,OK
2026-09-18T11:00:00Z,2026-09-18T11:58:35.657313Z,STABLECOIN_TOTAL_SUPPLY,310886890553.6214,USD,DefiLlama Stablecoins,2026-09-18T11:58:37.373825Z,current,retrieval_time_proxy,OK
2026-09-18T11:00:00Z,2026-09-18T11:58:35.657313Z,TGA_CLOSING_BALANCE,991708.0,USD millions,US Treasury FiscalData:DTS operating_cash_balance,2026-09-16T00:00:00Z,business_daily,official_record_date,OK
2026-09-18T11:00:00Z,2026-09-18T11:58:35.657313Z,US10Y,4.94,percent,US Treasury:daily_treasury_yield_curve,2026-09-17T00:00:00,daily,official_observation_date,OK
2026-09-18T11:00:00Z,2026-09-18T11:58:35.657313Z,US10Y_REAL,2.61,percent,US Treasury:daily_treasury_real_yield_curve,2026-09-17T00:00:00,daily,official_observation_date,OK
2026-09-18T11:00:00Z,2026-09-18T11:58:35.657313Z,US2Y,4.67,percent,US Treasury:daily_treasury_yield_curve,2026-09-17T00:00:00,daily,official_observation_date,OK
2026-09-18T11:00:00Z,2026-09-18T11:58:35.657313Z,US30Y,5.29,percent,US Treasury:daily_treasury_yield_curve,2026-09-17T00:00:00,daily,official_observation_date,OK
2026-09-18T11:00:00Z,2026-09-18T11:58:35.657313Z,USDC_SUPPLY,73957968650.3008,USD,DefiLlama Stablecoins,2026-09-18T11:58:37.373825Z,current,retrieval_time_proxy,OK
2026-09-18T11:00:00Z,2026-09-18T11:58:35.657313Z,USDT_SUPPLY,183220735025.52512,USD,DefiLlama Stablecoins,2026-09-18T11:58:37.373825Z,current,retrieval_time_proxy,OK
2026-09-18T12:00:00Z,2026-09-18T12:59:17.037839Z,BTC_DOMINANCE,58.159521070442786,percent,CoinGecko Global,2026-09-18T12:50:40Z,current,source_updated_at,OK
2026-09-18T12:00:00Z,2026-09-18T12:59:17.037839Z,CRYPTO_24H_VOLUME,96203901004.09567,USD,CoinGecko Global,2026-09-18T12:50:40Z,current,source_updated_at,OK
2026-09-18T12:00:00Z,2026-09-18T12:59:17.037839Z,CRYPTO_TOTAL_MCAP,2685159082318.8916,USD,CoinGecko Global,2026-09-18T12:50:40Z,current,source_updated_at,OK
2026-09-18T12:00:00Z,2026-09-18T12:59:17.037839Z,EFFR,3.63,percent,New York Fed Markets API,2026-09-16T00:00:00Z,business_daily,official_effective_date,OK
2026-09-18T12:00:00Z,2026-09-18T12:59:17.037839Z,ETH_DOMINANCE,11.331528755369995,percent,CoinGecko Global,2026-09-18T12:50:40Z,current,source_updated_at,OK
2026-09-18T12:00:00Z,2026-09-18T12:59:17.037839Z,SOFR,3.85,percent,New York Fed Markets API,2026-09-17T00:00:00Z,business_daily,official_effective_date,OK
2026-09-18T12:00:00Z,2026-09-18T12:59:17.037839Z,STABLECOIN_TOTAL_SUPPLY,310861209244.74854,USD,DefiLlama Stablecoins,2026-09-18T12:59:18.509682Z,current,retrieval_time_proxy,OK
2026-09-18T12:00:00Z,2026-09-18T12:59:17.037839Z,TGA_CLOSING_BALANCE,991708.0,USD millions,US Treasury FiscalData:DTS operating_cash_balance,2026-09-16T00:00:00Z,business_daily,official_record_date,OK
2026-09-18T12:00:00Z,2026-09-18T12:59:17.037839Z,US10Y,4.94,percent,US Treasury:daily_treasury_yield_curve,2026-09-17T00:00:00,daily,official_observation_date,OK
2026-09-18T12:00:00Z,2026-09-18T12:59:17.037839Z,US10Y_REAL,2.61,percent,US Treasury:daily_treasury_real_yield_curve,2026-09-17T00:00:00,daily,official_observation_date,OK
2026-09-18T12:00:00Z,2026-09-18T12:59:17.037839Z,US2Y,4.67,percent,US Treasury:daily_treasury_yield_curve,2026-09-17T00:00:00,daily,official_observation_date,OK
2026-09-18T12:00:00Z,2026-09-18T12:59:17.037839Z,US30Y,5.29,percent,US Treasury:daily_treasury_yield_curve,2026-09-17T00:00:00,daily,official_observation_date,OK
2026-09-18T12:00:00Z,2026-09-18T12:59:17.037839Z,USDC_SUPPLY,73945915971.70204,USD,DefiLlama Stablecoins,2026-09-18T12:59:18.509682Z,current,retrieval_time_proxy,OK
2026-09-18T12:00:00Z,2026-09-18T12:59:17.037839Z,USDT_SUPPLY,183217214529.53638,USD,DefiLlama Stablecoins,2026-09-18T12:59:18.509682Z,current,retrieval_time_proxy,OK
2026-09-18T13:00:00Z,2026-09-18T13:58:17.596550Z,BTC_DOMINANCE,58.443612106812125,percent,CoinGecko Global,2026-09-18T13:50:49Z,current,source_updated_at,OK
2026-09-18T13:00:00Z,2026-09-18T13:58:17.596550Z,CRYPTO_24H_VOLUME,100291481778.74532,USD,CoinGecko Global,2026-09-18T13:50:49Z,current,source_updated_at,OK
2026-09-18T13:00:00Z,2026-09-18T13:58:17.596550Z,CRYPTO_TOTAL_MCAP,2756815446089.3086,USD,CoinGecko Global,2026-09-18T13:50:49Z,current,source_updated_at,OK
2026-09-18T13:00:00Z,2026-09-18T13:58:17.596550Z,EFFR,3.88,percent,New York Fed Markets API,2026-09-17T00:00:00Z,business_daily,official_effective_date,OK
2026-09-18T13:00:00Z,2026-09-18T13:58:17.596550Z,ETH_DOMINANCE,11.331104609809673,percent,CoinGecko Global,2026-09-18T13:50:49Z,current,source_updated_at,OK
2026-09-18T13:00:00Z,2026-09-18T13:58:17.596550Z,SOFR,3.85,percent,New York Fed Markets API,2026-09-17T00:00:00Z,business_daily,official_effective_date,OK
2026-09-18T13:00:00Z,2026-09-18T13:58:17.596550Z,STABLECOIN_TOTAL_SUPPLY,310982592137.1711,USD,DefiLlama Stablecoins,2026-09-18T13:58:19.068457Z,current,retrieval_time_proxy,OK
2026-09-18T13:00:00Z,2026-09-18T13:58:17.596550Z,TGA_CLOSING_BALANCE,991708.0,USD millions,US Treasury FiscalData:DTS operating_cash_balance,2026-09-16T00:00:00Z,business_daily,official_record_date,OK
2026-09-18T13:00:00Z,2026-09-18T13:58:17.596550Z,US10Y,4.94,percent,US Treasury:daily_treasury_yield_curve,2026-09-17T00:00:00,daily,official_observation_date,OK
2026-09-18T13:00:00Z,2026-09-18T13:58:17.596550Z,US10Y_REAL,2.61,percent,US Treasury:daily_treasury_real_yield_curve,2026-09-17T00:00:00,daily,official_observation_date,OK
2026-09-18T13:00:00Z,2026-09-18T13:58:17.596550Z,US2Y,4.67,percent,US Treasury:daily_treasury_yield_curve,2026-09-17T00:00:00,daily,official_observation_date,OK
2026-09-18T13:00:00Z,2026-09-18T13:58:17.596550Z,US30Y,5.29,percent,US Treasury:daily_treasury_yield_curve,2026-09-17T00:00:00,daily,official_observation_date,OK
2026-09-18T13:00:00Z,2026-09-18T13:58:17.596550Z,USDC_SUPPLY,73941472061.21599,USD,DefiLlama Stablecoins,2026-09-18T13:58:19.068457Z,current,retrieval_time_proxy,OK
2026-09-18T13:00:00Z,2026-09-18T13:58:17.596550Z,USDT_SUPPLY,183320032450.02176,USD,DefiLlama Stablecoins,2026-09-18T13:58:19.068457Z,current,retrieval_time_proxy,OK
2026-09-18T14:00:00Z,2026-09-18T14:58:49.299885Z,BTC_DOMINANCE,58.55196106866069,percent,CoinGecko Global,2026-09-18T14:50:54Z,current,source_updated_at,OK
2026-09-18T14:00:00Z,2026-09-18T14:58:49.299885Z,CRYPTO_24H_VOLUME,109422934445.31343,USD,CoinGecko Global,2026-09-18T14:50:54Z,current,source_updated_at,OK
2026-09-18T14:00:00Z,2026-09-18T14:58:49.299885Z,CRYPTO_TOTAL_MCAP,2771463032819.4717,USD,CoinGecko Global,2026-09-18T14:50:54Z,current,source_updated_at,OK
2026-09-18T14:00:00Z,2026-09-18T14:58:49.299885Z,EFFR,3.88,percent,New York Fed Markets API,2026-09-17T00:00:00Z,business_daily,official_effective_date,OK
2026-09-18T14:00:00Z,2026-09-18T14:58:49.299885Z,ETH_DOMINANCE,11.34586269700233,percent,CoinGecko Global,2026-09-18T14:50:54Z,current,source_updated_at,OK
2026-09-18T14:00:00Z,2026-09-18T14:58:49.299885Z,SOFR,3.85,percent,New York Fed Markets API,2026-09-17T00:00:00Z,business_daily,official_effective_date,OK
2026-09-18T14:00:00Z,2026-09-18T14:58:49.299885Z,STABLECOIN_TOTAL_SUPPLY,310966799121.50696,USD,DefiLlama Stablecoins,2026-09-18T14:58:51.769778Z,current,retrieval_time_proxy,OK
2026-09-18T14:00:00Z,2026-09-18T14:58:49.299885Z,TGA_CLOSING_BALANCE,991708.0,USD millions,US Treasury FiscalData:DTS operating_cash_balance,2026-09-16T00:00:00Z,business_daily,official_record_date,OK
2026-09-18T14:00:00Z,2026-09-18T14:58:49.299885Z,US10Y,4.94,percent,US Treasury:daily_treasury_yield_curve,2026-09-17T00:00:00,daily,official_observation_date,OK
2026-09-18T14:00:00Z,2026-09-18T14:58:49.299885Z,US10Y_REAL,2.61,percent,US Treasury:daily_treasury_real_yield_curve,2026-09-17T00:00:00,daily,official_observation_date,OK
2026-09-18T14:00:00Z,2026-09-18T14:58:49.299885Z,US2Y,4.67,percent,US Treasury:daily_treasury_yield_curve,2026-09-17T00:00:00,daily,official_observation_date,OK
2026-09-18T14:00:00Z,2026-09-18T14:58:49.299885Z,US30Y,5.29,percent,US Treasury:daily_treasury_yield_curve,2026-09-17T00:00:00,daily,official_observation_date,OK
2026-09-18T14:00:00Z,2026-09-18T14:58:49.299885Z,USDC_SUPPLY,73927854122.76073,USD,DefiLlama Stablecoins,2026-09-18T14:58:51.769778Z,current,retrieval_time_proxy,OK
2026-09-18T14:00:00Z,2026-09-18T14:58:49.299885Z,USDT_SUPPLY,183308406447.69113,USD,DefiLlama Stablecoins,2026-09-18T14:58:51.769778Z,current,retrieval_time_proxy,OK
2026-09-18T15:00:00Z,2026-09-18T15:58:14.155392Z,BTC_DOMINANCE,58.526244226374025,percent,CoinGecko Global,2026-09-18T15:51:00Z,current,source_updated_at,OK
2026-09-18T15:00:00Z,2026-09-18T15:58:14.155392Z,CRYPTO_24H_VOLUME,114095172611.38478,USD,CoinGecko Global,2026-09-18T15:51:00Z,current,source_updated_at,OK
2026-09-18T15:00:00Z,2026-09-18T15:58:14.155392Z,CRYPTO_TOTAL_MCAP,2760736889603.693,USD,CoinGecko Global,2026-09-18T15:51:00Z,current,source_updated_at,OK
2026-09-18T15:00:00Z,2026-09-18T15:58:14.155392Z,EFFR,3.88,percent,New York Fed Markets API,2026-09-17T00:00:00Z,business_daily,official_effective_date,OK
2026-09-18T15:00:00Z,2026-09-18T15:58:14.155392Z,ETH_DOMINANCE,11.36310138674726,percent,CoinGecko Global,2026-09-18T15:51:00Z,current,source_updated_at,OK
2026-09-18T15:00:00Z,2026-09-18T15:58:14.155392Z,SOFR,3.85,percent,New York Fed Markets API,2026-09-17T00:00:00Z,business_daily,official_effective_date,OK
2026-09-18T15:00:00Z,2026-09-18T15:58:14.155392Z,STABLECOIN_TOTAL_SUPPLY,311961782811.55725,USD,DefiLlama Stablecoins,2026-09-18T15:58:15.325336Z,current,retrieval_time_proxy,OK
2026-09-18T15:00:00Z,2026-09-18T15:58:14.155392Z,TGA_CLOSING_BALANCE,991708.0,USD millions,US Treasury FiscalData:DTS operating_cash_balance,2026-09-16T00:00:00Z,business_daily,official_record_date,OK
2026-09-18T15:00:00Z,2026-09-18T15:58:14.155392Z,US10Y,4.94,percent,US Treasury:daily_treasury_yield_curve,2026-09-17T00:00:00,daily,official_observation_date,OK
2026-09-18T15:00:00Z,2026-09-18T15:58:14.155392Z,US10Y_REAL,2.61,percent,US Treasury:daily_treasury_real_yield_curve,2026-09-17T00:00:00,daily,official_observation_date,OK
2026-09-18T15:00:00Z,2026-09-18T15:58:14.155392Z,US2Y,4.67,percent,US Treasury:daily_treasury_yield_curve,2026-09-17T00:00:00,daily,official_observation_date,OK
2026-09-18T15:00:00Z,2026-09-18T15:58:14.155392Z,US30Y,5.29,percent,US Treasury:daily_treasury_yield_curve,2026-09-17T00:00:00,daily,official_observation_date,OK
2026-09-18T15:00:00Z,2026-09-18T15:58:14.155392Z,USDC_SUPPLY,74891190361.74295,USD,DefiLlama Stablecoins,2026-09-18T15:58:15.325336Z,current,retrieval_time_proxy,OK
2026-09-18T15:00:00Z,2026-09-18T15:58:14.155392Z,USDT_SUPPLY,183342784917.1744,USD,DefiLlama Stablecoins,2026-09-18T15:58:15.325336Z,current,retrieval_time_proxy,OK
2026-09-18T16:00:00Z,2026-09-18T16:58:39.334958Z,BTC_DOMINANCE,58.51160121050361,percent,CoinGecko Global,2026-09-18T16:51:07Z,current,source_updated_at,OK
2026-09-18T16:00:00Z,2026-09-18T16:58:39.334958Z,CRYPTO_24H_VOLUME,117751045253.62039,USD,CoinGecko Global,2026-09-18T16:51:07Z,current,source_updated_at,OK
2026-09-18T16:00:00Z,2026-09-18T16:58:39.334958Z,CRYPTO_TOTAL_MCAP,2764222148944.053,USD,CoinGecko Global,2026-09-18T16:51:07Z,current,source_updated_at,OK
2026-09-18T16:00:00Z,2026-09-18T16:58:39.334958Z,EFFR,3.88,percent,New York Fed Markets API,2026-09-17T00:00:00Z,business_daily,official_effective_date,OK
2026-09-18T16:00:00Z,2026-09-18T16:58:39.334958Z,ETH_DOMINANCE,11.40816409681344,percent,CoinGecko Global,2026-09-18T16:51:07Z,current,source_updated_at,OK
2026-09-18T16:00:00Z,2026-09-18T16:58:39.334958Z,SOFR,3.85,percent,New York Fed Markets API,2026-09-17T00:00:00Z,business_daily,official_effective_date,OK
2026-09-18T16:00:00Z,2026-09-18T16:58:39.334958Z,STABLECOIN_TOTAL_SUPPLY,311122644590.4951,USD,DefiLlama Stablecoins,2026-09-18T16:58:41.753460Z,current,retrieval_time_proxy,OK
2026-09-18T16:00:00Z,2026-09-18T16:58:39.334958Z,TGA_CLOSING_BALANCE,991708.0,USD millions,US Treasury FiscalData:DTS operating_cash_balance,2026-09-16T00:00:00Z,business_daily,official_record_date,OK
2026-09-18T16:00:00Z,2026-09-18T16:58:39.334958Z,US10Y,4.94,percent,US Treasury:daily_treasury_yield_curve,2026-09-17T00:00:00,daily,official_observation_date,OK
2026-09-18T16:00:00Z,2026-09-18T16:58:39.334958Z,US10Y_REAL,2.61,percent,US Treasury:daily_treasury_real_yield_curve,2026-09-17T00:00:00,daily,official_observation_date,OK
2026-09-18T16:00:00Z,2026-09-18T16:58:39.334958Z,US2Y,4.67,percent,US Treasury:daily_treasury_yield_curve,2026-09-17T00:00:00,daily,official_observation_date,OK
2026-09-18T16:00:00Z,2026-09-18T16:58:39.334958Z,US30Y,5.29,percent,US Treasury:daily_treasury_yield_curve,2026-09-17T00:00:00,daily,official_observation_date,OK
2026-09-18T16:00:00Z,2026-09-18T16:58:39.334958Z,USDC_SUPPLY,74036932768.32759,USD,DefiLlama Stablecoins,2026-09-18T16:58:41.753460Z,current,retrieval_time_proxy,OK
2026-09-18T16:00:00Z,2026-09-18T16:58:39.334958Z,USDT_SUPPLY,183356697350.91733,USD,DefiLlama Stablecoins,2026-09-18T16:58:41.753460Z,current,retrieval_time_proxy,OK
2026-09-18T17:00:00Z,2026-09-18T17:58:31.310912Z,BTC_DOMINANCE,58.46839657851967,percent,CoinGecko Global,2026-09-18T17:51:13Z,current,source_updated_at,OK
2026-09-18T17:00:00Z,2026-09-18T17:58:31.310912Z,CRYPTO_24H_VOLUME,119349211441.87047,USD,CoinGecko Global,2026-09-18T17:51:13Z,current,source_updated_at,OK
2026-09-18T17:00:00Z,2026-09-18T17:58:31.310912Z,CRYPTO_TOTAL_MCAP,2774725656136.3926,USD,CoinGecko Global,2026-09-18T17:51:13Z,current,source_updated_at,OK
2026-09-18T17:00:00Z,2026-09-18T17:58:31.310912Z,EFFR,3.88,percent,New York Fed Markets API,2026-09-17T00:00:00Z,business_daily,official_effective_date,OK
2026-09-18T17:00:00Z,2026-09-18T17:58:31.310912Z,ETH_DOMINANCE,11.427724839555855,percent,CoinGecko Global,2026-09-18T17:51:13Z,current,source_updated_at,OK
2026-09-18T17:00:00Z,2026-09-18T17:58:31.310912Z,SOFR,3.85,percent,New York Fed Markets API,2026-09-17T00:00:00Z,business_daily,official_effective_date,OK
2026-09-18T17:00:00Z,2026-09-18T17:58:31.310912Z,STABLECOIN_TOTAL_SUPPLY,311240754770.83966,USD,DefiLlama Stablecoins,2026-09-18T17:58:33.269784Z,current,retrieval_time_proxy,OK
2026-09-18T17:00:00Z,2026-09-18T17:58:31.310912Z,TGA_CLOSING_BALANCE,991708.0,USD millions,US Treasury FiscalData:DTS operating_cash_balance,2026-09-16T00:00:00Z,business_daily,official_record_date,OK
2026-09-18T17:00:00Z,2026-09-18T17:58:31.310912Z,US10Y,4.94,percent,US Treasury:daily_treasury_yield_curve,2026-09-17T00:00:00,daily,official_observation_date,OK
2026-09-18T17:00:00Z,2026-09-18T17:58:31.310912Z,US10Y_REAL,2.61,percent,US Treasury:daily_treasury_real_yield_curve,2026-09-17T00:00:00,daily,official_observation_date,OK
2026-09-18T17:00:00Z,2026-09-18T17:58:31.310912Z,US2Y,4.67,percent,US Treasury:daily_treasury_yield_curve,2026-09-17T00:00:00,daily,official_observation_date,OK
2026-09-18T17:00:00Z,2026-09-18T17:58:31.310912Z,US30Y,5.29,percent,US Treasury:daily_treasury_yield_curve,2026-09-17T00:00:00,daily,official_observation_date,OK
2026-09-18T17:00:00Z,2026-09-18T17:58:31.310912Z,USDC_SUPPLY,74067614739.56042,USD,DefiLlama Stablecoins,2026-09-18T17:58:33.269784Z,current,retrieval_time_proxy,OK
2026-09-18T17:00:00Z,2026-09-18T17:58:31.310912Z,USDT_SUPPLY,183376689750.19046,USD,DefiLlama Stablecoins,2026-09-18T17:58:33.269784Z,current,retrieval_time_proxy,OK
2026-09-18T18:00:00Z,2026-09-18T18:58:17.482491Z,BTC_DOMINANCE,58.46098650392132,percent,CoinGecko Global,2026-09-18T18:51:19Z,current,source_updated_at,OK
2026-09-18T18:00:00Z,2026-09-18T18:58:17.482491Z,CRYPTO_24H_VOLUME,121265388285.93954,USD,CoinGecko Global,2026-09-18T18:51:19Z,current,source_updated_at,OK
2026-09-18T18:00:00Z,2026-09-18T18:58:17.482491Z,CRYPTO_TOTAL_MCAP,2776456952303.256,USD,CoinGecko Global,2026-09-18T18:51:19Z,current,source_updated_at,OK
2026-09-18T18:00:00Z,2026-09-18T18:58:17.482491Z,EFFR,3.88,percent,New York Fed Markets API,2026-09-17T00:00:00Z,business_daily,official_effective_date,OK
2026-09-18T18:00:00Z,2026-09-18T18:58:17.482491Z,ETH_DOMINANCE,11.46026213465404,percent,CoinGecko Global,2026-09-18T18:51:19Z,current,source_updated_at,OK
2026-09-18T18:00:00Z,2026-09-18T18:58:17.482491Z,SOFR,3.85,percent,New York Fed Markets API,2026-09-17T00:00:00Z,business_daily,official_effective_date,OK
2026-09-18T18:00:00Z,2026-09-18T18:58:17.482491Z,STABLECOIN_TOTAL_SUPPLY,311236452464.828,USD,DefiLlama Stablecoins,2026-09-18T18:58:19.325335Z,current,retrieval_time_proxy,OK
2026-09-18T18:00:00Z,2026-09-18T18:58:17.482491Z,TGA_CLOSING_BALANCE,991708.0,USD millions,US Treasury FiscalData:DTS operating_cash_balance,2026-09-16T00:00:00Z,business_daily,official_record_date,OK
2026-09-18T18:00:00Z,2026-09-18T18:58:17.482491Z,US10Y,4.94,percent,US Treasury:daily_treasury_yield_curve,2026-09-17T00:00:00,daily,official_observation_date,OK
2026-09-18T18:00:00Z,2026-09-18T18:58:17.482491Z,US10Y_REAL,2.61,percent,US Treasury:daily_treasury_real_yield_curve,2026-09-17T00:00:00,daily,official_observation_date,OK
2026-09-18T18:00:00Z,2026-09-18T18:58:17.482491Z,US2Y,4.67,percent,US Treasury:daily_treasury_yield_curve,2026-09-17T00:00:00,daily,official_observation_date,OK
2026-09-18T18:00:00Z,2026-09-18T18:58:17.482491Z,US30Y,5.29,percent,US Treasury:daily_treasury_yield_curve,2026-09-17T00:00:00,daily,official_observation_date,OK
2026-09-18T18:00:00Z,2026-09-18T18:58:17.482491Z,USDC_SUPPLY,74106103197.86133,USD,DefiLlama Stablecoins,2026-09-18T18:58:19.325335Z,current,retrieval_time_proxy,OK
2026-09-18T18:00:00Z,2026-09-18T18:58:17.482491Z,USDT_SUPPLY,183384619991.2738,USD,DefiLlama Stablecoins,2026-09-18T18:58:19.325335Z,current,retrieval_time_proxy,OK
2026-09-18T19:00:00Z,2026-09-18T19:57:56.080418Z,BTC_DOMINANCE,58.38193475849569,percent,CoinGecko Global,2026-09-18T19:51:23Z,current,source_updated_at,OK
2026-09-18T19:00:00Z,2026-09-18T19:57:56.080418Z,CRYPTO_24H_VOLUME,125078229989.26375,USD,CoinGecko Global,2026-09-18T19:51:23Z,current,source_updated_at,OK
2026-09-18T19:00:00Z,2026-09-18T19:57:56.080418Z,CRYPTO_TOTAL_MCAP,2792080548574.2314,USD,CoinGecko Global,2026-09-18T19:51:23Z,current,source_updated_at,OK
2026-09-18T19:00:00Z,2026-09-18T19:57:56.080418Z,EFFR,3.88,percent,New York Fed Markets API,2026-09-17T00:00:00Z,business_daily,official_effective_date,OK
2026-09-18T19:00:00Z,2026-09-18T19:57:56.080418Z,ETH_DOMINANCE,11.532770145688648,percent,CoinGecko Global,2026-09-18T19:51:23Z,current,source_updated_at,OK
2026-09-18T19:00:00Z,2026-09-18T19:57:56.080418Z,SOFR,3.85,percent,New York Fed Markets API,2026-09-17T00:00:00Z,business_daily,official_effective_date,OK
2026-09-18T19:00:00Z,2026-09-18T19:57:56.080418Z,STABLECOIN_TOTAL_SUPPLY,311227947330.28284,USD,DefiLlama Stablecoins,2026-09-18T19:57:57.839202Z,current,retrieval_time_proxy,OK
2026-09-18T19:00:00Z,2026-09-18T19:57:56.080418Z,TGA_CLOSING_BALANCE,991708.0,USD millions,US Treasury FiscalData:DTS operating_cash_balance,2026-09-16T00:00:00Z,business_daily,official_record_date,OK
2026-09-18T19:00:00Z,2026-09-18T19:57:56.080418Z,US10Y,5.01,percent,US Treasury:daily_treasury_yield_curve,2026-09-18T00:00:00,daily,official_observation_date,OK
2026-09-18T19:00:00Z,2026-09-18T19:57:56.080418Z,US10Y_REAL,2.68,percent,US Treasury:daily_treasury_real_yield_curve,2026-09-18T00:00:00,daily,official_observation_date,OK
2026-09-18T19:00:00Z,2026-09-18T19:57:56.080418Z,US2Y,4.76,percent,US Treasury:daily_treasury_yield_curve,2026-09-18T00:00:00,daily,official_observation_date,OK
2026-09-18T19:00:00Z,2026-09-18T19:57:56.080418Z,US30Y,5.34,percent,US Treasury:daily_treasury_yield_curve,2026-09-18T00:00:00,daily,official_observation_date,OK
2026-09-18T19:00:00Z,2026-09-18T19:57:56.080418Z,USDC_SUPPLY,74098374188.8029,USD,DefiLlama Stablecoins,2026-09-18T19:57:57.839202Z,current,retrieval_time_proxy,OK
2026-09-18T19:00:00Z,2026-09-18T19:57:56.080418Z,USDT_SUPPLY,183384482870.20413,USD,DefiLlama Stablecoins,2026-09-18T19:57:57.839202Z,current,retrieval_time_proxy,OK
2026-09-18T20:00:00Z,2026-09-18T20:58:24.437664Z,BTC_DOMINANCE,58.35233207919065,percent,CoinGecko Global,2026-09-18T20:51:30Z,current,source_updated_at,OK
2026-09-18T20:00:00Z,2026-09-18T20:58:24.437664Z,CRYPTO_24H_VOLUME,127443674480.37769,USD,CoinGecko Global,2026-09-18T20:51:30Z,current,source_updated_at,OK
2026-09-18T20:00:00Z,2026-09-18T20:58:24.437664Z,CRYPTO_TOTAL_MCAP,2789268008786.2515,USD,CoinGecko Global,2026-09-18T20:51:30Z,current,source_updated_at,OK
2026-09-18T20:00:00Z,2026-09-18T20:58:24.437664Z,EFFR,3.88,percent,New York Fed Markets API,2026-09-17T00:00:00Z,business_daily,official_effective_date,OK
2026-09-18T20:00:00Z,2026-09-18T20:58:24.437664Z,ETH_DOMINANCE,11.515955840495588,percent,CoinGecko Global,2026-09-18T20:51:30Z,current,source_updated_at,OK
2026-09-18T20:00:00Z,2026-09-18T20:58:24.437664Z,SOFR,3.85,percent,New York Fed Markets API,2026-09-17T00:00:00Z,business_daily,official_effective_date,OK
2026-09-18T20:00:00Z,2026-09-18T20:58:24.437664Z,STABLECOIN_TOTAL_SUPPLY,311714388267.4833,USD,DefiLlama Stablecoins,2026-09-18T20:58:26.497973Z,current,retrieval_time_proxy,OK
2026-09-18T20:00:00Z,2026-09-18T20:58:24.437664Z,TGA_CLOSING_BALANCE,972675.0,USD millions,US Treasury FiscalData:DTS operating_cash_balance,2026-09-17T00:00:00Z,business_daily,official_record_date,OK
2026-09-18T20:00:00Z,2026-09-18T20:58:24.437664Z,US10Y,5.01,percent,US Treasury:daily_treasury_yield_curve,2026-09-18T00:00:00,daily,official_observation_date,OK
2026-09-18T20:00:00Z,2026-09-18T20:58:24.437664Z,US10Y_REAL,2.68,percent,US Treasury:daily_treasury_real_yield_curve,2026-09-18T00:00:00,daily,official_observation_date,OK
2026-09-18T20:00:00Z,2026-09-18T20:58:24.437664Z,US2Y,4.76,percent,US Treasury:daily_treasury_yield_curve,2026-09-18T00:00:00,daily,official_observation_date,OK
2026-09-18T20:00:00Z,2026-09-18T20:58:24.437664Z,US30Y,5.34,percent,US Treasury:daily_treasury_yield_curve,2026-09-18T00:00:00,daily,official_observation_date,OK
2026-09-18T20:00:00Z,2026-09-18T20:58:24.437664Z,USDC_SUPPLY,74679989096.72021,USD,DefiLlama Stablecoins,2026-09-18T20:58:26.497973Z,current,retrieval_time_proxy,OK
2026-09-18T20:00:00Z,2026-09-18T20:58:24.437664Z,USDT_SUPPLY,183380801796.42123,USD,DefiLlama Stablecoins,2026-09-18T20:58:26.497973Z,current,retrieval_time_proxy,OK
2026-09-18T21:00:00Z,2026-09-18T21:58:14.108326Z,BTC_DOMINANCE,58.39880137011978,percent,CoinGecko Global,2026-09-18T21:51:35Z,current,source_updated_at,OK
2026-09-18T21:00:00Z,2026-09-18T21:58:14.108326Z,CRYPTO_24H_VOLUME,129050620991.23105,USD,CoinGecko Global,2026-09-18T21:51:35Z,current,source_updated_at,OK
2026-09-18T21:00:00Z,2026-09-18T21:58:14.108326Z,CRYPTO_TOTAL_MCAP,2785042611597.994,USD,CoinGecko Global,2026-09-18T21:51:35Z,current,source_updated_at,OK
2026-09-18T21:00:00Z,2026-09-18T21:58:14.108326Z,EFFR,3.88,percent,New York Fed Markets API,2026-09-17T00:00:00Z,business_daily,official_effective_date,OK
2026-09-18T21:00:00Z,2026-09-18T21:58:14.108326Z,ETH_DOMINANCE,11.486442490236835,percent,CoinGecko Global,2026-09-18T21:51:35Z,current,source_updated_at,OK
2026-09-18T21:00:00Z,2026-09-18T21:58:14.108326Z,SOFR,3.85,percent,New York Fed Markets API,2026-09-17T00:00:00Z,business_daily,official_effective_date,OK
2026-09-18T21:00:00Z,2026-09-18T21:58:14.108326Z,STABLECOIN_TOTAL_SUPPLY,311180788005.6567,USD,DefiLlama Stablecoins,2026-09-18T21:58:16.188098Z,current,retrieval_time_proxy,OK
2026-09-18T21:00:00Z,2026-09-18T21:58:14.108326Z,TGA_CLOSING_BALANCE,972675.0,USD millions,US Treasury FiscalData:DTS operating_cash_balance,2026-09-17T00:00:00Z,business_daily,official_record_date,OK
2026-09-18T21:00:00Z,2026-09-18T21:58:14.108326Z,US10Y,5.01,percent,US Treasury:daily_treasury_yield_curve,2026-09-18T00:00:00,daily,official_observation_date,OK
2026-09-18T21:00:00Z,2026-09-18T21:58:14.108326Z,US10Y_REAL,2.68,percent,US Treasury:daily_treasury_real_yield_curve,2026-09-18T00:00:00,daily,official_observation_date,OK
2026-09-18T21:00:00Z,2026-09-18T21:58:14.108326Z,US2Y,4.76,percent,US Treasury:daily_treasury_yield_curve,2026-09-18T00:00:00,daily,official_observation_date,OK
2026-09-18T21:00:00Z,2026-09-18T21:58:14.108326Z,US30Y,5.34,percent,US Treasury:daily_treasury_yield_curve,2026-09-18T00:00:00,daily,official_observation_date,OK
2026-09-18T21:00:00Z,2026-09-18T21:58:14.108326Z,USDC_SUPPLY,74091039522.85881,USD,DefiLlama Stablecoins,2026-09-18T21:58:16.188098Z,current,retrieval_time_proxy,OK
2026-09-18T21:00:00Z,2026-09-18T21:58:14.108326Z,USDT_SUPPLY,183389804248.22647,USD,DefiLlama Stablecoins,2026-09-18T21:58:16.188098Z,current,retrieval_time_proxy,OK
2026-09-18T22:00:00Z,2026-09-18T22:58:17.687736Z,BTC_DOMINANCE,58.40890603289729,percent,CoinGecko Global,2026-09-18T22:51:41Z,current,source_updated_at,OK
2026-09-18T22:00:00Z,2026-09-18T22:58:17.687736Z,CRYPTO_24H_VOLUME,129515471487.2939,USD,CoinGecko Global,2026-09-18T22:51:41Z,current,source_updated_at,OK
2026-09-18T22:00:00Z,2026-09-18T22:58:17.687736Z,CRYPTO_TOTAL_MCAP,2781024660949.736,USD,CoinGecko Global,2026-09-18T22:51:41Z,current,source_updated_at,OK
2026-09-18T22:00:00Z,2026-09-18T22:58:17.687736Z,EFFR,3.88,percent,New York Fed Markets API,2026-09-17T00:00:00Z,business_daily,official_effective_date,OK
2026-09-18T22:00:00Z,2026-09-18T22:58:17.687736Z,ETH_DOMINANCE,11.461874249713738,percent,CoinGecko Global,2026-09-18T22:51:41Z,current,source_updated_at,OK
2026-09-18T22:00:00Z,2026-09-18T22:58:17.687736Z,SOFR,3.85,percent,New York Fed Markets API,2026-09-17T00:00:00Z,business_daily,official_effective_date,OK
2026-09-18T22:00:00Z,2026-09-18T22:58:17.687736Z,STABLECOIN_TOTAL_SUPPLY,311819792503.22656,USD,DefiLlama Stablecoins,2026-09-18T22:58:19.044901Z,current,retrieval_time_proxy,OK
2026-09-18T22:00:00Z,2026-09-18T22:58:17.687736Z,TGA_CLOSING_BALANCE,972675.0,USD millions,US Treasury FiscalData:DTS operating_cash_balance,2026-09-17T00:00:00Z,business_daily,official_record_date,OK
2026-09-18T22:00:00Z,2026-09-18T22:58:17.687736Z,US10Y,5.01,percent,US Treasury:daily_treasury_yield_curve,2026-09-18T00:00:00,daily,official_observation_date,OK
2026-09-18T22:00:00Z,2026-09-18T22:58:17.687736Z,US10Y_REAL,2.68,percent,US Treasury:daily_treasury_real_yield_curve,2026-09-18T00:00:00,daily,official_observation_date,OK
2026-09-18T22:00:00Z,2026-09-18T22:58:17.687736Z,US2Y,4.76,percent,US Treasury:daily_treasury_yield_curve,2026-09-18T00:00:00,daily,official_observation_date,OK
2026-09-18T22:00:00Z,2026-09-18T22:58:17.687736Z,US30Y,5.34,percent,US Treasury:daily_treasury_yield_curve,2026-09-18T00:00:00,daily,official_observation_date,OK
2026-09-18T22:00:00Z,2026-09-18T22:58:17.687736Z,USDC_SUPPLY,74273637362.23569,USD,DefiLlama Stablecoins,2026-09-18T22:58:19.044901Z,current,retrieval_time_proxy,OK
2026-09-18T22:00:00Z,2026-09-18T22:58:17.687736Z,USDT_SUPPLY,183399873955.18976,USD,DefiLlama Stablecoins,2026-09-18T22:58:19.044901Z,current,retrieval_time_proxy,OK
2026-09-18T23:00:00Z,2026-09-18T23:57:56.084654Z,BTC_DOMINANCE,58.352423693932955,percent,CoinGecko Global,2026-09-18T23:51:47Z,current,source_updated_at,OK
2026-09-18T23:00:00Z,2026-09-18T23:57:56.084654Z,CRYPTO_24H_VOLUME,130620573897.7639,USD,CoinGecko Global,2026-09-18T23:51:47Z,current,source_updated_at,OK
2026-09-18T23:00:00Z,2026-09-18T23:57:56.084654Z,CRYPTO_TOTAL_MCAP,2778468455849.5024,USD,CoinGecko Global,2026-09-18T23:51:47Z,current,source_updated_at,OK
2026-09-18T23:00:00Z,2026-09-18T23:57:56.084654Z,EFFR,3.88,percent,New York Fed Markets API,2026-09-17T00:00:00Z,business_daily,official_effective_date,OK
2026-09-18T23:00:00Z,2026-09-18T23:57:56.084654Z,ETH_DOMINANCE,11.443055215055372,percent,CoinGecko Global,2026-09-18T23:51:47Z,current,source_updated_at,OK
2026-09-18T23:00:00Z,2026-09-18T23:57:56.084654Z,SOFR,3.85,percent,New York Fed Markets API,2026-09-17T00:00:00Z,business_daily,official_effective_date,OK
2026-09-18T23:00:00Z,2026-09-18T23:57:56.084654Z,STABLECOIN_TOTAL_SUPPLY,311956771524.29724,USD,DefiLlama Stablecoins,2026-09-18T23:57:58.258127Z,current,retrieval_time_proxy,OK
2026-09-18T23:00:00Z,2026-09-18T23:57:56.084654Z,TGA_CLOSING_BALANCE,972675.0,USD millions,US Treasury FiscalData:DTS operating_cash_balance,2026-09-17T00:00:00Z,business_daily,official_record_date,OK
2026-09-18T23:00:00Z,2026-09-18T23:57:56.084654Z,US10Y,5.01,percent,US Treasury:daily_treasury_yield_curve,2026-09-18T00:00:00,daily,official_observation_date,OK
2026-09-18T23:00:00Z,2026-09-18T23:57:56.084654Z,US10Y_REAL,2.68,percent,US Treasury:daily_treasury_real_yield_curve,2026-09-18T00:00:00,daily,official_observation_date,OK
2026-09-18T23:00:00Z,2026-09-18T23:57:56.084654Z,US2Y,4.76,percent,US Treasury:daily_treasury_yield_curve,2026-09-18T00:00:00,daily,official_observation_date,OK
2026-09-18T23:00:00Z,2026-09-18T23:57:56.084654Z,US30Y,5.34,percent,US Treasury:daily_treasury_yield_curve,2026-09-18T00:00:00,daily,official_observation_date,OK
2026-09-18T23:00:00Z,2026-09-18T23:57:56.084654Z,USDC_SUPPLY,74387644509.58244,USD,DefiLlama Stablecoins,2026-09-18T23:57:58.258127Z,current,retrieval_time_proxy,OK
2026-09-18T23:00:00Z,2026-09-18T23:57:56.084654Z,USDT_SUPPLY,183392303274.82507,USD,DefiLlama Stablecoins,2026-09-18T23:57:58.258127Z,current,retrieval_time_proxy,OK
2026-09-19T00:00:00Z,2026-09-19T00:59:14.903727Z,BTC_DOMINANCE,58.37855753240171,percent,CoinGecko Global,2026-09-19T00:51:52Z,current,source_updated_at,OK
2026-09-19T00:00:00Z,2026-09-19T00:59:14.903727Z,CRYPTO_24H_VOLUME,132398629882.30643,USD,CoinGecko Global,2026-09-19T00:51:52Z,current,source_updated_at,OK
2026-09-19T00:00:00Z,2026-09-19T00:59:14.903727Z,CRYPTO_TOTAL_MCAP,2790697282345.33,USD,CoinGecko Global,2026-09-19T00:51:52Z,current,source_updated_at,OK
2026-09-19T00:00:00Z,2026-09-19T00:59:14.903727Z,EFFR,3.88,percent,New York Fed Markets API,2026-09-17T00:00:00Z,business_daily,official_effective_date,OK
2026-09-19T00:00:00Z,2026-09-19T00:59:14.903727Z,ETH_DOMINANCE,11.43307124664316,percent,CoinGecko Global,2026-09-19T00:51:52Z,current,source_updated_at,OK
2026-09-19T00:00:00Z,2026-09-19T00:59:14.903727Z,SOFR,3.85,percent,New York Fed Markets API,2026-09-17T00:00:00Z,business_daily,official_effective_date,OK
2026-09-19T00:00:00Z,2026-09-19T00:59:14.903727Z,STABLECOIN_TOTAL_SUPPLY,311964544819.03546,USD,DefiLlama Stablecoins,2026-09-19T00:59:16.833141Z,current,retrieval_time_proxy,OK
2026-09-19T00:00:00Z,2026-09-19T00:59:14.903727Z,TGA_CLOSING_BALANCE,972675.0,USD millions,US Treasury FiscalData:DTS operating_cash_balance,2026-09-17T00:00:00Z,business_daily,official_record_date,OK
2026-09-19T00:00:00Z,2026-09-19T00:59:14.903727Z,US10Y,5.01,percent,US Treasury:daily_treasury_yield_curve,2026-09-18T00:00:00,daily,official_observation_date,OK
2026-09-19T00:00:00Z,2026-09-19T00:59:14.903727Z,US10Y_REAL,2.68,percent,US Treasury:daily_treasury_real_yield_curve,2026-09-18T00:00:00,daily,official_observation_date,OK
2026-09-19T00:00:00Z,2026-09-19T00:59:14.903727Z,US2Y,4.76,percent,US Treasury:daily_treasury_yield_curve,2026-09-18T00:00:00,daily,official_observation_date,OK
2026-09-19T00:00:00Z,2026-09-19T00:59:14.903727Z,US30Y,5.34,percent,US Treasury:daily_treasury_yield_curve,2026-09-18T00:00:00,daily,official_observation_date,OK
2026-09-19T00:00:00Z,2026-09-19T00:59:14.903727Z,USDC_SUPPLY,74377842659.142,USD,DefiLlama Stablecoins,2026-09-19T00:59:16.833141Z,current,retrieval_time_proxy,OK
2026-09-19T00:00:00Z,2026-09-19T00:59:14.903727Z,USDT_SUPPLY,183391543733.67682,USD,DefiLlama Stablecoins,2026-09-19T00:59:16.833141Z,current,retrieval_time_proxy,OK
2026-09-19T01:00:00Z,2026-09-19T01:58:06.073405Z,BTC_DOMINANCE,58.38087337326824,percent,CoinGecko Global,2026-09-19T01:51:57Z,current,source_updated_at,OK
2026-09-19T01:00:00Z,2026-09-19T01:58:06.073405Z,CRYPTO_24H_VOLUME,133865917230.06125,USD,CoinGecko Global,2026-09-19T01:51:57Z,current,source_updated_at,OK
2026-09-19T01:00:00Z,2026-09-19T01:58:06.073405Z,CRYPTO_TOTAL_MCAP,2796801755879.6763,USD,CoinGecko Global,2026-09-19T01:51:57Z,current,source_updated_at,OK
2026-09-19T01:00:00Z,2026-09-19T01:58:06.073405Z,EFFR,3.88,percent,New York Fed Markets API,2026-09-17T00:00:00Z,business_daily,official_effective_date,OK
2026-09-19T01:00:00Z,2026-09-19T01:58:06.073405Z,ETH_DOMINANCE,11.419881883975414,percent,CoinGecko Global,2026-09-19T01:51:57Z,current,source_updated_at,OK
2026-09-19T01:00:00Z,2026-09-19T01:58:06.073405Z,SOFR,3.85,percent,New York Fed Markets API,2026-09-17T00:00:00Z,business_daily,official_effective_date,OK
2026-09-19T01:00:00Z,2026-09-19T01:58:06.073405Z,STABLECOIN_TOTAL_SUPPLY,311865535125.3179,USD,DefiLlama Stablecoins,2026-09-19T01:58:07.489631Z,current,retrieval_time_proxy,OK
2026-09-19T01:00:00Z,2026-09-19T01:58:06.073405Z,TGA_CLOSING_BALANCE,972675.0,USD millions,US Treasury FiscalData:DTS operating_cash_balance,2026-09-17T00:00:00Z,business_daily,official_record_date,OK
2026-09-19T01:00:00Z,2026-09-19T01:58:06.073405Z,US10Y,5.01,percent,US Treasury:daily_treasury_yield_curve,2026-09-18T00:00:00,daily,official_observation_date,OK
2026-09-19T01:00:00Z,2026-09-19T01:58:06.073405Z,US10Y_REAL,2.68,percent,US Treasury:daily_treasury_real_yield_curve,2026-09-18T00:00:00,daily,official_observation_date,OK
2026-09-19T01:00:00Z,2026-09-19T01:58:06.073405Z,US2Y,4.76,percent,US Treasury:daily_treasury_yield_curve,2026-09-18T00:00:00,daily,official_observation_date,OK
2026-09-19T01:00:00Z,2026-09-19T01:58:06.073405Z,US30Y,5.34,percent,US Treasury:daily_treasury_yield_curve,2026-09-18T00:00:00,daily,official_observation_date,OK
2026-09-19T01:00:00Z,2026-09-19T01:58:06.073405Z,USDC_SUPPLY,74425122506.47647,USD,DefiLlama Stablecoins,2026-09-19T01:58:07.489631Z,current,retrieval_time_proxy,OK
2026-09-19T01:00:00Z,2026-09-19T01:58:06.073405Z,USDT_SUPPLY,183293468098.10693,USD,DefiLlama Stablecoins,2026-09-19T01:58:07.489631Z,current,retrieval_time_proxy,OK
2026-09-19T02:00:00Z,2026-09-19T02:58:14.523431Z,BTC_DOMINANCE,58.34894095599543,percent,CoinGecko Global,2026-09-19T02:52:03Z,current,source_updated_at,OK
2026-09-19T02:00:00Z,2026-09-19T02:58:14.523431Z,CRYPTO_24H_VOLUME,133419644686.17337,USD,CoinGecko Global,2026-09-19T02:52:03Z,current,source_updated_at,OK
2026-09-19T02:00:00Z,2026-09-19T02:58:14.523431Z,CRYPTO_TOTAL_MCAP,2791219652427.3857,USD,CoinGecko Global,2026-09-19T02:52:03Z,current,source_updated_at,OK
2026-09-19T02:00:00Z,2026-09-19T02:58:14.523431Z,EFFR,3.88,percent,New York Fed Markets API,2026-09-17T00:00:00Z,business_daily,official_effective_date,OK
2026-09-19T02:00:00Z,2026-09-19T02:58:14.523431Z,ETH_DOMINANCE,11.42839141268174,percent,CoinGecko Global,2026-09-19T02:52:03Z,current,source_updated_at,OK
2026-09-19T02:00:00Z,2026-09-19T02:58:14.523431Z,SOFR,3.85,percent,New York Fed Markets API,2026-09-17T00:00:00Z,business_daily,official_effective_date,OK
2026-09-19T02:00:00Z,2026-09-19T02:58:14.523431Z,STABLECOIN_TOTAL_SUPPLY,311901428403.3074,USD,DefiLlama Stablecoins,2026-09-19T02:58:16.435147Z,current,retrieval_time_proxy,OK
2026-09-19T02:00:00Z,2026-09-19T02:58:14.523431Z,TGA_CLOSING_BALANCE,972675.0,USD millions,US Treasury FiscalData:DTS operating_cash_balance,2026-09-17T00:00:00Z,business_daily,official_record_date,OK
2026-09-19T02:00:00Z,2026-09-19T02:58:14.523431Z,US10Y,5.01,percent,US Treasury:daily_treasury_yield_curve,2026-09-18T00:00:00,daily,official_observation_date,OK
2026-09-19T02:00:00Z,2026-09-19T02:58:14.523431Z,US10Y_REAL,2.68,percent,US Treasury:daily_treasury_real_yield_curve,2026-09-18T00:00:00,daily,official_observation_date,OK
2026-09-19T02:00:00Z,2026-09-19T02:58:14.523431Z,US2Y,4.76,percent,US Treasury:daily_treasury_yield_curve,2026-09-18T00:00:00,daily,official_observation_date,OK
2026-09-19T02:00:00Z,2026-09-19T02:58:14.523431Z,US30Y,5.34,percent,US Treasury:daily_treasury_yield_curve,2026-09-18T00:00:00,daily,official_observation_date,OK
2026-09-19T02:00:00Z,2026-09-19T02:58:14.523431Z,USDC_SUPPLY,74422613783.28235,USD,DefiLlama Stablecoins,2026-09-19T02:58:16.435147Z,current,retrieval_time_proxy,OK
2026-09-19T02:00:00Z,2026-09-19T02:58:14.523431Z,USDT_SUPPLY,183300762237.08243,USD,DefiLlama Stablecoins,2026-09-19T02:58:16.435147Z,current,retrieval_time_proxy,OK
2026-09-19T03:00:00Z,2026-09-19T03:58:02.884308Z,BTC_DOMINANCE,58.34435791832227,percent,CoinGecko Global,2026-09-19T03:52:10Z,current,source_updated_at,OK
2026-09-19T03:00:00Z,2026-09-19T03:58:02.884308Z,CRYPTO_24H_VOLUME,130354406393.77719,USD,CoinGecko Global,2026-09-19T03:52:10Z,current,source_updated_at,OK
2026-09-19T03:00:00Z,2026-09-19T03:58:02.884308Z,CRYPTO_TOTAL_MCAP,2787115134817.5527,USD,CoinGecko Global,2026-09-19T03:52:10Z,current,source_updated_at,OK
2026-09-19T03:00:00Z,2026-09-19T03:58:02.884308Z,EFFR,3.88,percent,New York Fed Markets API,2026-09-17T00:00:00Z,business_daily,official_effective_date,OK
2026-09-19T03:00:00Z,2026-09-19T03:58:02.884308Z,ETH_DOMINANCE,11.45011976959337,percent,CoinGecko Global,2026-09-19T03:52:10Z,current,source_updated_at,OK
2026-09-19T03:00:00Z,2026-09-19T03:58:02.884308Z,SOFR,3.85,percent,New York Fed Markets API,2026-09-17T00:00:00Z,business_daily,official_effective_date,OK
2026-09-19T03:00:00Z,2026-09-19T03:58:02.884308Z,STABLECOIN_TOTAL_SUPPLY,311911678190.2133,USD,DefiLlama Stablecoins,2026-09-19T03:58:04.996760Z,current,retrieval_time_proxy,OK
2026-09-19T03:00:00Z,2026-09-19T03:58:02.884308Z,TGA_CLOSING_BALANCE,972675.0,USD millions,US Treasury FiscalData:DTS operating_cash_balance,2026-09-17T00:00:00Z,business_daily,official_record_date,OK
2026-09-19T03:00:00Z,2026-09-19T03:58:02.884308Z,US10Y,5.01,percent,US Treasury:daily_treasury_yield_curve,2026-09-18T00:00:00,daily,official_observation_date,OK
2026-09-19T03:00:00Z,2026-09-19T03:58:02.884308Z,US10Y_REAL,2.68,percent,US Treasury:daily_treasury_real_yield_curve,2026-09-18T00:00:00,daily,official_observation_date,OK
2026-09-19T03:00:00Z,2026-09-19T03:58:02.884308Z,US2Y,4.76,percent,US Treasury:daily_treasury_yield_curve,2026-09-18T00:00:00,daily,official_observation_date,OK
2026-09-19T03:00:00Z,2026-09-19T03:58:02.884308Z,US30Y,5.34,percent,US Treasury:daily_treasury_yield_curve,2026-09-18T00:00:00,daily,official_observation_date,OK
2026-09-19T03:00:00Z,2026-09-19T03:58:02.884308Z,USDC_SUPPLY,74443735465.59727,USD,DefiLlama Stablecoins,2026-09-19T03:58:04.996760Z,current,retrieval_time_proxy,OK
2026-09-19T03:00:00Z,2026-09-19T03:58:02.884308Z,USDT_SUPPLY,183292062723.68066,USD,DefiLlama Stablecoins,2026-09-19T03:58:04.996760Z,current,retrieval_time_proxy,OK
2026-09-19T04:00:00Z,2026-09-19T04:58:01.337802Z,BTC_DOMINANCE,58.35751913400592,percent,CoinGecko Global,2026-09-19T04:52:15Z,current,source_updated_at,OK
2026-09-19T04:00:00Z,2026-09-19T04:58:01.337802Z,CRYPTO_24H_VOLUME,128155665028.87799,USD,CoinGecko Global,2026-09-19T04:52:15Z,current,source_updated_at,OK
2026-09-19T04:00:00Z,2026-09-19T04:58:01.337802Z,CRYPTO_TOTAL_MCAP,2781028950753.5938,USD,CoinGecko Global,2026-09-19T04:52:15Z,current,source_updated_at,OK
2026-09-19T04:00:00Z,2026-09-19T04:58:01.337802Z,EFFR,3.88,percent,New York Fed Markets API,2026-09-17T00:00:00Z,business_daily,official_effective_date,OK
2026-09-19T04:00:00Z,2026-09-19T04:58:01.337802Z,ETH_DOMINANCE,11.461641126794495,percent,CoinGecko Global,2026-09-19T04:52:15Z,current,source_updated_at,OK
2026-09-19T04:00:00Z,2026-09-19T04:58:01.337802Z,SOFR,3.85,percent,New York Fed Markets API,2026-09-17T00:00:00Z,business_daily,official_effective_date,OK
2026-09-19T04:00:00Z,2026-09-19T04:58:01.337802Z,STABLECOIN_TOTAL_SUPPLY,311903582696.0069,USD,DefiLlama Stablecoins,2026-09-19T04:58:05.136901Z,current,retrieval_time_proxy,OK
2026-09-19T04:00:00Z,2026-09-19T04:58:01.337802Z,TGA_CLOSING_BALANCE,972675.0,USD millions,US Treasury FiscalData:DTS operating_cash_balance,2026-09-17T00:00:00Z,business_daily,official_record_date,OK
2026-09-19T04:00:00Z,2026-09-19T04:58:01.337802Z,US10Y,5.01,percent,US Treasury:daily_treasury_yield_curve,2026-09-18T00:00:00,daily,official_observation_date,OK
2026-09-19T04:00:00Z,2026-09-19T04:58:01.337802Z,US10Y_REAL,2.68,percent,US Treasury:daily_treasury_real_yield_curve,2026-09-18T00:00:00,daily,official_observation_date,OK
2026-09-19T04:00:00Z,2026-09-19T04:58:01.337802Z,US2Y,4.76,percent,US Treasury:daily_treasury_yield_curve,2026-09-18T00:00:00,daily,official_observation_date,OK
2026-09-19T04:00:00Z,2026-09-19T04:58:01.337802Z,US30Y,5.34,percent,US Treasury:daily_treasury_yield_curve,2026-09-18T00:00:00,daily,official_observation_date,OK
2026-09-19T04:00:00Z,2026-09-19T04:58:01.337802Z,USDC_SUPPLY,74428118896.86774,USD,DefiLlama Stablecoins,2026-09-19T04:58:05.136901Z,current,retrieval_time_proxy,OK
2026-09-19T04:00:00Z,2026-09-19T04:58:01.337802Z,USDT_SUPPLY,183295805804.66718,USD,DefiLlama Stablecoins,2026-09-19T04:58:05.136901Z,current,retrieval_time_proxy,OK
