symbol,date,bin,buy_usdt,sell_usdt,net_cvd_usdt,ncvd,buy_count,sell_count
AAVEUSDT,2026-03-04,M,616523.8315,478690.4599,137833.3716,12.58506,28,29
AAVEUSDT,2026-03-04,R1,7803430.3182,8318140.2291,-514709.9109,-3.192678,83432,70513
AAVEUSDT,2026-03-04,R2,4626783.7353,4421969.8209,204813.9144,2.263449,2462,2304
AAVEUSDT,2026-03-05,M,430618.6753,829486.108,-398867.4327,-31.653513,17,35
AAVEUSDT,2026-03-05,R1,4872705.5511,5688467.5577,-815762.0066,-7.724161,60461,52761
AAVEUSDT,2026-03-05,R2,3127191.7081,3639647.306,-512455.5979,-7.573043,1729,1949
AAVEUSDT,2026-03-05,W,0.0,229298.2268,-229298.2268,-100.0,0,2
AAVEUSDT,2026-03-06,M,857260.8715,191747.7786,665513.0929,63.442098,26,14
AAVEUSDT,2026-03-06,R1,3647760.7604,3586510.6003,61250.1601,0.846667,36721,38938
AAVEUSDT,2026-03-06,R2,2194557.3196,1724493.3823,470063.9373,11.994332,1117,906
AAVEUSDT,2026-03-06,W,223224.98,163256.301,59968.679,15.51658,2,1
AAVEUSDT,2026-03-07,M,51798.5476,115296.6579,-63498.1103,-38.001156,3,5
AAVEUSDT,2026-03-07,R1,1247703.2136,1233424.7095,14278.5041,0.575484,11713,13263
AAVEUSDT,2026-03-07,R2,450747.3536,537693.4894,-86946.1358,-8.796291,227,286
AAVEUSDT,2026-03-08,M,0.0,66543.1722,-66543.1722,-100.0,0,3
AAVEUSDT,2026-03-08,R1,2094150.0692,2639118.0244,-544967.9552,-11.513566,21765,31666
AAVEUSDT,2026-03-08,R2,967443.8561,844153.575,123290.2811,6.805611,552,469
AAVEUSDT,2026-03-09,M,212234.1392,351870.0825,-139635.9433,-24.753572,8,14
AAVEUSDT,2026-03-09,R1,3465212.0448,4249554.9857,-784342.9409,-10.166774,36127,47407
AAVEUSDT,2026-03-09,R2,1629536.0976,1770803.7513,-141267.6537,-4.154516,874,876
AAVEUSDT,2026-03-09,W,0.0,604179.5751,-604179.5751,-100.0,0,4
AAVEUSDT,2026-03-10,M,417879.9835,534782.3694,-116902.3859,-12.271125,18,24
AAVEUSDT,2026-03-10,R1,3898840.6301,4239953.0275,-341112.3974,-4.191191,47878,46169
AAVEUSDT,2026-03-10,R2,2057204.1783,2674626.8857,-617422.7074,-13.048283,1041,1211
AAVEUSDT,2026-03-10,W,109063.152,0.0,109063.152,100.0,1,0
AAVEUSDT,2026-03-11,M,232175.012,111686.6823,120488.3297,35.039765,11,7
AAVEUSDT,2026-03-11,R1,3001434.0166,2469303.336,532130.6806,9.726855,36202,28545
AAVEUSDT,2026-03-11,R2,1083363.3111,1027471.6049,55891.7062,2.647848,573,572
AAVEUSDT,2026-03-11,W,181799.0035,0.0,181799.0035,100.0,1,0
AAVEUSDT,2026-03-12,M,456009.4789,421178.6129,34830.866,3.970741,19,17
AAVEUSDT,2026-03-12,R1,3944956.976,3302224.1742,642732.8018,8.868728,38680,28582
AAVEUSDT,2026-03-12,R2,1764514.8058,1409963.2886,354551.5172,11.168813,1063,775
AAVEUSDT,2026-03-12,W,185972.7489,141084.6723,44888.0766,13.72483,1,1
AAVEUSDT,2026-03-13,M,247736.1615,312640.8133,-64904.6518,-11.58232,14,18
AAVEUSDT,2026-03-13,R1,4896828.4813,4710222.4173,186606.064,1.942387,52431,44537
AAVEUSDT,2026-03-13,R2,2730330.7524,3396279.7894,-665949.037,-10.869779,1481,1665
AAVEUSDT,2026-03-14,M,46288.3409,135369.3224,-89080.9815,-49.037833,2,7
AAVEUSDT,2026-03-14,R1,1816028.2827,2757890.6202,-941862.3375,-20.592021,22068,19361
AAVEUSDT,2026-03-14,R2,603986.6626,1200736.1491,-596749.4865,-33.065991,328,738
AAVEUSDT,2026-03-14,W,111358.16,0.0,111358.16,100.0,1,0
AAVEUSDT,2026-03-15,M,221587.2848,107107.1038,114480.181,34.82876,12,5
AAVEUSDT,2026-03-15,R1,2683596.4075,2892699.9058,-209103.4983,-3.749863,25995,26473
AAVEUSDT,2026-03-15,R2,1025256.1755,1400538.7681,-375282.5926,-15.470499,578,767
AAVEUSDT,2026-03-16,M,378362.5087,586308.4006,-207945.8919,-21.556148,19,27
AAVEUSDT,2026-03-16,R1,4676626.6308,5057043.0836,-380416.4528,-3.908253,43145,45114
AAVEUSDT,2026-03-16,R2,3287048.0434,3386565.0375,-99516.9941,-1.491201,1761,1805
AAVEUSDT,2026-03-17,M,139434.6243,414995.8136,-275561.1893,-49.70167,5,17
AAVEUSDT,2026-03-17,R1,2927761.7999,3630837.1652,-703075.3653,-10.719902,30336,35519
AAVEUSDT,2026-03-17,R2,1383257.0596,1867167.8735,-483910.8139,-14.887617,819,999
AAVEUSDT,2026-03-17,W,278936.16,0.0,278936.16,100.0,1,0
AAVEUSDT,2026-03-18,M,398564.2091,192788.1101,205776.099,34.797547,18,12
AAVEUSDT,2026-03-18,R1,2945988.8872,3092898.9492,-146910.062,-2.432734,30409,33908
AAVEUSDT,2026-03-18,R2,1939889.7588,1381678.9011,558210.8577,16.80564,999,794
AAVEUSDT,2026-03-18,W,289689.1305,0.0,289689.1305,100.0,2,0
AAVEUSDT,2026-03-19,M,244086.4748,87038.5856,157047.8892,47.428572,8,7
AAVEUSDT,2026-03-19,R1,2700513.9879,2736706.6699,-36192.682,-0.665647,29128,32264
AAVEUSDT,2026-03-19,R2,1590984.5846,1876764.1972,-285779.6126,-8.24107,859,1068
AAVEUSDT,2026-03-19,W,250577.011,0.0,250577.011,100.0,1,0
AAVEUSDT,2026-03-20,M,88724.7064,64062.4775,24662.2289,16.141556,8,3
AAVEUSDT,2026-03-20,R1,2124233.1557,1481665.3273,642567.8284,17.819909,22656,21057
AAVEUSDT,2026-03-20,R2,878886.4477,800947.6923,77938.7554,4.63967,480,420
AAVEUSDT,2026-03-21,M,12975.5209,26188.0914,-13212.5705,-33.736853,1,2
AAVEUSDT,2026-03-21,R1,710895.6149,716747.6342,-5852.0193,-0.409908,10744,8567
AAVEUSDT,2026-03-21,R2,278239.1902,315250.9274,-37011.7372,-6.236285,151,174
AAVEUSDT,2026-03-22,M,181754.3645,86327.3631,95427.0014,35.596235,10,4
AAVEUSDT,2026-03-22,R1,1414218.8555,1407739.2104,6479.6451,0.229615,18719,21697
AAVEUSDT,2026-03-22,R2,429508.4848,601724.7968,-172216.312,-16.700034,230,300
AAVEUSDT,2026-03-23,M,774233.8069,284558.2067,489675.6002,46.248517,33,16
AAVEUSDT,2026-03-23,R1,3017393.7916,2722138.0135,295255.7781,5.144248,40179,34713
AAVEUSDT,2026-03-23,R2,2015984.3391,2087298.9342,-71314.5951,-1.737989,1140,1120
AAVEUSDT,2026-03-23,W,0.0,157747.072,-157747.072,-100.0,0,1
AAVEUSDT,2026-03-24,M,626293.9538,274225.9477,352068.0061,39.096083,18,7
AAVEUSDT,2026-03-24,R1,2530267.7396,1864648.0567,665619.6829,15.14522,33457,21355
AAVEUSDT,2026-03-24,R2,949034.0859,935274.1034,13759.9825,0.730241,445,471
AAVEUSDT,2026-03-24,W,140602.3083,0.0,140602.3083,100.0,1,0
AAVEUSDT,2026-03-25,M,443050.5309,304766.4212,138284.1097,18.491706,18,12
AAVEUSDT,2026-03-25,R1,3277077.2892,2585679.2095,691398.0797,11.793055,31409,25702
AAVEUSDT,2026-03-25,R2,2029235.2627,1884602.0297,144633.233,3.695433,1121,943
AAVEUSDT,2026-03-25,W,159510.009,0.0,159510.009,100.0,1,0
AAVEUSDT,2026-03-26,M,351134.5807,346114.4657,5020.115,0.719989,24,18
AAVEUSDT,2026-03-26,R1,3016344.9705,2752351.3367,263993.6338,4.576314,22846,30020
AAVEUSDT,2026-03-26,R2,2017553.7032,1676407.0204,341146.6828,9.235255,1042,889
AAVEUSDT,2026-03-27,M,260831.4635,142422.3581,118409.1054,29.363418,13,8
AAVEUSDT,2026-03-27,R1,2453364.2723,2332619.3938,120744.8785,2.522885,23021,26007
AAVEUSDT,2026-03-27,R2,1430035.2333,1605676.3664,-175641.1331,-5.785831,776,894
AAVEUSDT,2026-03-28,M,73390.9747,207671.2161,-134280.2414,-47.775989,4,10
AAVEUSDT,2026-03-28,R1,1979329.7589,2151382.5776,-172052.8187,-4.165209,15550,24134
AAVEUSDT,2026-03-28,R2,1231591.5202,1152543.1505,79048.3697,3.3156,590,587
AAVEUSDT,2026-03-28,W,0.0,155130.5556,-155130.5556,-100.0,0,1
AAVEUSDT,2026-03-29,M,29471.4339,156079.7217,-126608.2878,-68.233629,2,11
AAVEUSDT,2026-03-29,R1,1442040.5593,1655190.674,-213150.1147,-6.881957,16202,22946
AAVEUSDT,2026-03-29,R2,688879.9563,680421.1566,8458.7997,0.617746,342,354
AAVEUSDT,2026-03-30,M,199311.4789,188692.9282,10618.5507,2.736709,7,8
AAVEUSDT,2026-03-30,R1,2418825.1069,2178047.4862,240777.6207,5.237857,28310,23433
AAVEUSDT,2026-03-30,R2,809569.7622,980648.8979,-171079.1357,-9.556326,454,489
AAVEUSDT,2026-03-30,W,246235.682,0.0,246235.682,100.0,1,0
AAVEUSDT,2026-03-31,M,100827.5443,88188.0554,12639.4889,6.687008,6,4
AAVEUSDT,2026-03-31,R1,1880808.801,1986145.8035,-105337.0025,-2.72403,23542,26102
AAVEUSDT,2026-03-31,R2,832734.7962,795928.4795,36806.3167,2.25991,401,389
AAVEUSDT,2026-04-01,M,227188.5981,288047.0677,-60858.4696,-11.811773,5,13
AAVEUSDT,2026-04-01,R1,2082960.4564,2023819.1761,59141.2803,1.440089,21032,21924
AAVEUSDT,2026-04-01,R2,1343227.0216,1362388.2826,-19161.261,-0.708203,728,731
AAVEUSDT,2026-04-02,M,120219.5346,73556.6392,46662.8954,24.080822,7,3
AAVEUSDT,2026-04-02,R1,1917664.7033,2268666.0185,-351001.3152,-8.384462,20554,26398
AAVEUSDT,2026-04-02,R2,1022096.2122,1107993.3388,-85897.1266,-4.032559,575,650
AAVEUSDT,2026-04-03,M,48524.7327,12681.6853,35843.0474,58.56093,2,1
AAVEUSDT,2026-04-03,R1,876117.2803,984848.6659,-108731.3856,-5.842739,11074,9490
AAVEUSDT,2026-04-03,R2,332138.6079,333873.4881,-1734.8802,-0.260488,180,157
AAVEUSDT,2026-04-04,M,0.0,99018.6847,-99018.6847,-100.0,0,6
AAVEUSDT,2026-04-04,R1,610319.1266,506121.1768,104197.9498,9.333052,6115,5137
AAVEUSDT,2026-04-04,R2,292202.4681,296771.1949,-4568.7268,-0.77571,126,127
AAVEUSDT,2026-04-05,M,329869.8978,421785.2044,-91915.3066,-12.228389,13,13
AAVEUSDT,2026-04-05,R1,1957785.9888,1789985.3124,167800.6764,4.477346,14498,14307
AAVEUSDT,2026-04-05,R2,975478.0327,994435.2256,-18957.1929,-0.962336,496,455
AAVEUSDT,2026-04-05,W,145430.5774,114064.82,31365.7574,12.087211,1,1
AAVEUSDT,2026-04-06,M,125574.1085,217645.3979,-92071.2894,-26.825774,9,11
AAVEUSDT,2026-04-06,R1,2546971.9934,2712862.9001,-165890.9067,-3.153919,24669,22358
AAVEUSDT,2026-04-06,R2,1367283.3216,1746273.3225,-378990.0009,-12.172253,737,923
AAVEUSDT,2026-04-07,M,649279.3236,1506758.8664,-857479.5428,-39.771074,28,70
AAVEUSDT,2026-04-07,R1,5636002.6311,6260902.278,-624899.6469,-5.252624,41008,47520
AAVEUSDT,2026-04-07,R2,4394241.087,5463118.616,-1068877.529,-10.843447,1976,2418
AAVEUSDT,2026-04-07,W,256888.506,0.0,256888.506,100.0,1,0
AAVEUSDT,2026-04-08,M,457651.6638,524969.537,-67317.8732,-6.850847,16,22
AAVEUSDT,2026-04-08,R1,2235181.2056,2682811.1488,-447629.9432,-9.101884,22120,21808
AAVEUSDT,2026-04-08,R2,2126145.519,3031252.6592,-905107.1402,-17.549685,1039,1363
AAVEUSDT,2026-04-09,M,121183.4461,298156.6898,-176973.2437,-42.202792,6,14
AAVEUSDT,2026-04-09,R1,2528558.3784,2200402.3324,328156.046,6.939285,20410,21876
AAVEUSDT,2026-04-09,R2,2342002.9313,1890201.6759,451801.2554,10.675317,1234,984
AAVEUSDT,2026-04-10,M,147186.2037,171763.725,-24577.5213,-7.705762,4,7
AAVEUSDT,2026-04-10,R1,2486707.1343,2268652.0975,218055.0368,4.585459,23410,18638
AAVEUSDT,2026-04-10,R2,1726066.1464,1692539.0862,33527.0602,0.980723,936,904
AAVEUSDT,2026-04-11,M,183133.0012,197023.6502,-13890.649,-3.653928,7,11
AAVEUSDT,2026-04-11,R1,2449244.6323,2488277.0453,-39032.413,-0.790526,22825,17491
AAVEUSDT,2026-04-11,R2,1202023.5972,2184036.1127,-982012.5155,-29.00163,680,1129
AAVEUSDT,2026-04-12,M,51524.5115,280765.0065,-229240.495,-68.988181,4,20
AAVEUSDT,2026-04-12,R1,2213532.1706,2519284.1122,-305751.9416,-6.460254,17269,25338
AAVEUSDT,2026-04-12,R2,2098734.4337,2040354.9499,58379.4838,1.410443,1049,994
AAVEUSDT,2026-04-13,M,672394.6821,390926.0886,281468.5935,26.470713,33,20
AAVEUSDT,2026-04-13,R1,5980372.8357,6121755.9533,-141383.1176,-1.16825,47156,44579
AAVEUSDT,2026-04-13,R2,6577700.4893,5056937.9306,1520762.5587,13.070991,3429,2724
AAVEUSDT,2026-04-13,W,0.0,103887.918,-103887.918,-100.0,0,1
AAVEUSDT,2026-04-14,M,558311.1892,496114.3161,62196.8731,5.89865,24,24
AAVEUSDT,2026-04-14,R1,4198572.0701,4718493.6069,-519921.5368,-5.830635,31266,30561
AAVEUSDT,2026-04-14,R2,2625394.3375,3613859.6874,-988465.3499,-15.842685,1354,1754
AAVEUSDT,2026-04-14,W,418295.25,0.0,418295.25,100.0,3,0
AAVEUSDT,2026-04-15,M,330788.0218,262238.7263,68549.2955,11.559225,19,15
AAVEUSDT,2026-04-15,R1,5788331.3882,5696545.0835,91786.3047,0.799193,43446,40545
AAVEUSDT,2026-04-15,R2,4636018.2663,4783521.35,-147503.0837,-1.565927,2476,2644
AAVEUSDT,2026-04-15,W,0.0,144684.9496,-144684.9496,-100.0,0,1
AAVEUSDT,2026-04-16,M,585626.2382,612663.3429,-27037.1047,-2.256308,27,27
AAVEUSDT,2026-04-16,R1,7872249.0977,8235728.8527,-363479.755,-2.25652,63359,60450
AAVEUSDT,2026-04-16,R2,6825716.9271,6522254.8764,303462.0507,2.273469,3552,3632
AAVEUSDT,2026-04-17,M,522949.388,605915.1472,-82965.7592,-7.349488,23,30
AAVEUSDT,2026-04-17,R1,6827237.6465,7206001.1699,-378763.5234,-2.699046,51274,50997
AAVEUSDT,2026-04-17,R2,3818042.6239,5019044.5608,-1201001.9369,-13.590473,1905,2519
AAVEUSDT,2026-04-17,W,0.0,487510.5573,-487510.5573,-100.0,0,3
AAVEUSDT,2026-04-18,M,547378.8281,916644.3856,-369265.5575,-25.222657,26,52
AAVEUSDT,2026-04-18,R1,13145482.1851,12823700.6981,321781.487,1.23909,117698,103014
AAVEUSDT,2026-04-18,R2,5427968.3885,7126788.1714,-1698819.7829,-13.531284,2872,3567
AAVEUSDT,2026-04-19,M,1834740.0318,2306152.7196,-471412.6878,-11.384325,70,117
AAVEUSDT,2026-04-19,R1,20237714.3068,18084903.122,2152811.1848,5.6176,123907,120342
AAVEUSDT,2026-04-19,R2,12282214.7095,13320251.81,-1038037.1005,-4.054442,6438,6500
AAVEUSDT,2026-04-19,W,702580.5617,223779.1648,478801.3969,51.686336,4,1
AAVEUSDT,2026-04-20,M,1551026.4845,1813672.9733,-262646.4888,-7.805942,70,102
AAVEUSDT,2026-04-20,R1,12695855.6171,12674671.5682,21184.0489,0.083499,75049,66443
AAVEUSDT,2026-04-20,R2,10765392.5068,11505307.1717,-739914.6649,-3.322368,5377,5486
AAVEUSDT,2026-04-20,W,0.0,556640.812,-556640.812,-100.0,0,2
AAVEUSDT,2026-04-21,M,849755.2672,587599.1616,262156.1056,18.238793,34,32
AAVEUSDT,2026-04-21,R1,8194401.3237,8432260.5801,-237859.2564,-1.430589,52861,47409
AAVEUSDT,2026-04-21,R2,7858478.4258,6778442.7702,1080035.6556,7.378845,4168,3526
AAVEUSDT,2026-04-21,W,197511.6717,394113.7356,-196602.0639,-33.230835,1,2
AAVEUSDT,2026-04-22,M,859307.7574,589305.3182,270002.4392,18.638686,35,21
AAVEUSDT,2026-04-22,R1,5806111.9986,5974552.5768,-168440.5782,-1.429805,37223,34730
AAVEUSDT,2026-04-22,R2,4834747.7755,4390912.7811,443834.9944,4.810875,2558,2275
AAVEUSDT,2026-04-22,W,0.0,188407.584,-188407.584,-100.0,0,1
AAVEUSDT,2026-04-23,M,348115.0895,397067.6382,-48952.5487,-6.569201,14,23
AAVEUSDT,2026-04-23,R1,6297963.3673,6342642.1932,-44678.8259,-0.353455,37497,34157
AAVEUSDT,2026-04-23,R2,3058112.8843,4122617.1526,-1064504.2683,-14.824457,1701,2215
AAVEUSDT,2026-04-23,W,279195.5,0.0,279195.5,100.0,2,0
AAVEUSDT,2026-04-24,M,529265.3348,505782.4398,23482.895,2.268774,24,22
AAVEUSDT,2026-04-24,R1,7449767.9932,7034309.0314,415458.9618,2.868384,37863,35214
AAVEUSDT,2026-04-24,R2,3744315.6389,3874441.3935,-130125.7546,-1.707966,2217,2254
AAVEUSDT,2026-04-25,M,133451.0243,373327.5735,-239876.5492,-47.333599,8,21
AAVEUSDT,2026-04-25,R1,3984891.6109,4087582.7147,-102691.1038,-1.272114,19912,19876
AAVEUSDT,2026-04-25,R2,2622751.8465,3128601.0298,-505849.1833,-8.795308,1379,1640
AAVEUSDT,2026-04-26,M,286482.1355,316092.8291,-29610.6936,-4.914027,9,12
AAVEUSDT,2026-04-26,R1,4994166.0194,3746517.7973,1247648.2221,14.274034,28916,20823
AAVEUSDT,2026-04-26,R2,2309894.2274,2177783.0734,132111.154,2.943865,1237,1202
AAVEUSDT,2026-04-27,M,731551.4972,940463.1873,-208911.6901,-12.494609,27,35
AAVEUSDT,2026-04-27,R1,7353227.1729,6069878.8593,1283348.3136,9.56074,47015,41437
AAVEUSDT,2026-04-27,R2,4673869.5988,5000239.1595,-326369.5607,-3.37364,2320,2599
AAVEUSDT,2026-04-28,M,293666.9211,157643.6251,136023.296,30.139623,15,7
AAVEUSDT,2026-04-28,R1,4292557.1347,3927790.0096,364767.1251,4.437369,24761,22255
AAVEUSDT,2026-04-28,R2,1976040.4147,2528439.1014,-552398.6867,-12.263319,1047,1377
AAVEUSDT,2026-04-29,M,100586.8552,393961.8447,-293374.9895,-59.321759,7,18
AAVEUSDT,2026-04-29,R1,5955714.6116,5467608.7003,488105.9113,4.272889,33978,34159
AAVEUSDT,2026-04-29,R2,3388076.6039,3625463.7805,-237387.1766,-3.384698,1802,1995
AAVEUSDT,2026-04-30,M,111661.8549,302924.7263,-191262.8714,-46.133397,7,9
AAVEUSDT,2026-04-30,R1,2990243.7058,2940482.83,49760.8758,0.839035,18705,19073
AAVEUSDT,2026-04-30,R2,1337092.1639,1132677.0525,204415.1114,8.276689,673,600
AAVEUSDT,2026-05-01,M,518235.2971,430427.2799,87808.0172,9.25598,23,18
AAVEUSDT,2026-05-01,R1,3932116.8549,3994811.395,-62694.5401,-0.790906,24744,26912
AAVEUSDT,2026-05-01,R2,1968472.8594,2150261.9579,-181789.0985,-4.413712,1033,1059
AAVEUSDT,2026-05-01,W,143883.8856,0.0,143883.8856,100.0,1,0
AAVEUSDT,2026-05-02,M,434898.6577,290273.41,144625.2477,19.943577,16,11
AAVEUSDT,2026-05-02,R1,2131888.3553,1757346.7724,374541.5829,9.630212,14063,8938
AAVEUSDT,2026-05-02,R2,987760.8831,1412762.5963,-425001.7132,-17.704543,541,647
AAVEUSDT,2026-05-02,W,0.0,118299.7237,-118299.7237,-100.0,0,1
AAVEUSDT,2026-05-03,M,398873.4481,341573.9743,57299.4738,7.738493,16,17
AAVEUSDT,2026-05-03,R1,3110110.6853,2820891.3167,289219.3686,4.8764,19048,14516
AAVEUSDT,2026-05-03,R2,1825674.575,1614053.8266,211620.7484,6.152252,877,835
AAVEUSDT,2026-05-03,W,100337.0644,107359.4542,-7022.3898,-3.381082,1,1
AAVEUSDT,2026-05-04,M,738401.9187,743440.5874,-5038.6687,-0.340027,26,32
AAVEUSDT,2026-05-04,R1,4874859.4925,4400267.0533,474592.4392,5.11683,31490,30350
AAVEUSDT,2026-05-04,R2,2669998.7514,2866588.483,-196589.7316,-3.550738,1307,1406
AAVEUSDT,2026-05-04,W,206560.2119,258193.0508,-51632.8389,-11.109731,2,2
AAVEUSDT,2026-05-05,M,200772.5583,342892.2372,-142119.6789,-26.141049,10,14
AAVEUSDT,2026-05-05,R1,3198447.5509,2794729.2809,403718.27,6.736298,21362,16959
AAVEUSDT,2026-05-05,R2,1357682.1221,1553257.3207,-195575.1986,-6.718628,698,787
AAVEUSDT,2026-05-06,M,415731.4063,443361.5224,-27630.1161,-3.216196,16,25
AAVEUSDT,2026-05-06,R1,4711670.8841,4872846.8421,-161175.958,-1.681628,29646,31405
AAVEUSDT,2026-05-06,R2,2512267.8044,3046933.6148,-534665.8104,-9.617673,1314,1528
AAVEUSDT,2026-05-06,W,403607.9145,300359.271,103248.6435,14.666684,2,2
AAVEUSDT,2026-05-07,M,682125.8781,524697.4519,157428.4262,13.044861,20,22
AAVEUSDT,2026-05-07,R1,4637493.8061,4229091.8218,408401.9843,4.60608,32572,32062
AAVEUSDT,2026-05-07,R2,2506780.6988,2761457.4087,-254676.7099,-4.834191,1256,1405
AAVEUSDT,2026-05-07,W,164656.6339,251185.0385,-86528.4046,-20.808017,1,2
AAVEUSDT,2026-05-08,M,434181.0818,271707.684,162473.3978,23.016856,18,13
AAVEUSDT,2026-05-08,R1,4263723.0662,3985770.0657,277953.0005,3.369334,39288,22061
AAVEUSDT,2026-05-08,R2,2435345.224,2683550.1429,-248204.9189,-4.848798,1226,1370
AAVEUSDT,2026-05-08,W,203910.074,0.0,203910.074,100.0,1,0
AAVEUSDT,2026-05-09,M,354295.0651,540482.7741,-186187.709,-20.808261,20,22
AAVEUSDT,2026-05-09,R1,4748910.6312,4303386.0802,445524.551,4.921674,29364,28106
AAVEUSDT,2026-05-09,R2,2854649.4342,2793745.0425,60904.3917,1.07826,1436,1519
AAVEUSDT,2026-05-09,W,112028.8535,0.0,112028.8535,100.0,1,0
AAVEUSDT,2026-05-10,M,1027065.7543,1295706.6957,-268640.9414,-11.56553,50,53
AAVEUSDT,2026-05-10,R1,7376333.1778,7820851.8118,-444518.634,-2.925006,50142,47443
AAVEUSDT,2026-05-10,R2,4830534.1284,5530594.3627,-700060.2343,-6.756602,2487,2913
AAVEUSDT,2026-05-10,W,307710.2369,122507.3507,185202.8862,43.048655,2,1
AAVEUSDT,2026-05-11,M,1004386.7791,837495.517,166891.2621,9.060908,29,33
AAVEUSDT,2026-05-11,R1,5558955.6346,6287438.8231,-728483.1885,-6.149409,38613,40013
AAVEUSDT,2026-05-11,R2,3523528.8038,4298301.97,-774773.1662,-9.905266,1860,2251
AAVEUSDT,2026-05-11,W,0.0,145569.9721,-145569.9721,-100.0,0,1
AAVEUSDT,2026-05-12,M,509331.5619,472627.7392,36703.8227,3.737815,21,22
AAVEUSDT,2026-05-12,R1,4305513.9837,4381627.2838,-76113.3001,-0.87616,27655,32145
AAVEUSDT,2026-05-12,R2,2837190.2608,3789524.311,-952334.0502,-14.371134,1401,1901
AAVEUSDT,2026-05-12,W,0.0,234521.1648,-234521.1648,-100.0,0,2
AAVEUSDT,2026-05-13,M,448207.9923,481814.3135,-33606.3212,-3.613496,21,24
AAVEUSDT,2026-05-13,R1,3089705.3098,4105994.1006,-1016288.7908,-14.123558,24267,29182
AAVEUSDT,2026-05-13,R2,2623947.7076,3216606.6174,-592658.9098,-10.147306,1359,1656
AAVEUSDT,2026-05-14,M,457480.2362,316146.6532,141333.583,18.268959,21,16
AAVEUSDT,2026-05-14,R1,4957271.8339,4534640.0309,422631.803,4.452547,32648,27391
AAVEUSDT,2026-05-14,R2,2360291.6521,2715440.2973,-355148.6452,-6.996994,1237,1482
AAVEUSDT,2026-05-15,M,375985.2665,417487.4876,-41502.2211,-5.230453,16,23
AAVEUSDT,2026-05-15,R1,6215814.4482,4969984.5346,1245829.9136,11.137603,35361,27478
AAVEUSDT,2026-05-15,R2,4095683.7849,3720151.9507,375531.8342,4.804756,2181,1960
AAVEUSDT,2026-05-15,W,116425.1715,0.0,116425.1715,100.0,1,0
AAVEUSDT,2026-05-16,M,84591.9378,332783.0149,-248191.0771,-59.464775,6,15
AAVEUSDT,2026-05-16,R1,3492708.1201,3365427.3853,127280.7348,1.855909,18391,18858
AAVEUSDT,2026-05-16,R2,1864643.0918,2202898.1757,-338255.0839,-8.315959,1047,1252
AAVEUSDT,2026-05-17,M,192071.1744,100806.9696,91264.2048,31.161152,9,4
AAVEUSDT,2026-05-17,R1,3795906.7411,3021443.3459,774463.3952,11.360182,20571,14344
AAVEUSDT,2026-05-17,R2,1269178.1977,1638475.9965,-369297.7988,-12.700884,822,1001
AAVEUSDT,2026-05-18,M,304464.2785,304269.0424,195.2361,0.032073,17,21
AAVEUSDT,2026-05-18,R1,5817133.4165,5076677.0815,740456.335,6.797037,36304,25166
AAVEUSDT,2026-05-18,R2,3086502.4347,3657022.888,-570520.4533,-8.46027,1693,2067
AAVEUSDT,2026-05-19,M,57427.692,104985.0232,-47557.3312,-29.281778,2,7
AAVEUSDT,2026-05-19,R1,2775404.9736,2491536.1027,283868.8709,5.389634,17816,15223
AAVEUSDT,2026-05-19,R2,1224770.2614,1396886.2355,-172115.9741,-6.565161,662,769
AAVEUSDT,2026-05-20,M,187374.3807,212670.7189,-25296.3382,-6.323372,8,9
AAVEUSDT,2026-05-20,R1,3323491.9087,3104001.3907,219490.518,3.41487,18967,17089
AAVEUSDT,2026-05-20,R2,1726521.8313,1814451.5753,-87929.744,-2.483208,961,1020
AAVEUSDT,2026-05-20,W,0.0,105439.2468,-105439.2468,-100.0,0,1
AAVEUSDT,2026-05-21,M,308875.6246,291596.3869,17279.2377,2.877609,15,14
AAVEUSDT,2026-05-21,R1,3424887.7298,2780120.628,644767.1018,10.391075,25550,17964
AAVEUSDT,2026-05-21,R2,2239162.2204,2248466.0646,-9303.8442,-0.207322,1207,1145
AAVEUSDT,2026-05-22,M,217214.5671,215608.4288,1606.1383,0.371084,10,14
AAVEUSDT,2026-05-22,R1,5335615.5958,4501214.2272,834401.3686,8.482422,29624,24782
AAVEUSDT,2026-05-22,R2,2284878.7878,2455582.1055,-170703.3177,-3.600986,1276,1428
AAVEUSDT,2026-05-22,W,0.0,211638.4375,-211638.4375,-100.0,0,1
AAVEUSDT,2026-05-23,M,346730.8411,214466.895,132263.9461,23.568154,16,14
AAVEUSDT,2026-05-23,R1,2782606.8464,2778027.2691,4579.5773,0.082357,19594,19611
AAVEUSDT,2026-05-23,R2,1462883.5585,1995061.2235,-532177.665,-15.389999,801,1026
AAVEUSDT,2026-05-24,M,63839.6544,328907.997,-265068.3426,-67.490752,5,17
AAVEUSDT,2026-05-24,R1,2146409.7977,2257487.4315,-111077.6338,-2.522258,12698,15860
AAVEUSDT,2026-05-24,R2,1333605.3487,1444945.5622,-111340.2135,-4.007132,763,778
AAVEUSDT,2026-05-25,M,169506.918,33605.956,135900.962,66.909083,9,2
AAVEUSDT,2026-05-25,R1,2038692.6159,1937784.2359,100908.38,2.537633,10566,10633
AAVEUSDT,2026-05-25,R2,1413843.3196,1353842.1923,60001.1273,2.167917,689,717
AAVEUSDT,2026-05-26,M,372609.4406,157786.5609,214822.8797,40.502357,14,9
AAVEUSDT,2026-05-26,R1,2886211.8114,2932097.3946,-45885.5832,-0.788641,18532,18614
AAVEUSDT,2026-05-26,R2,1364882.4539,1628271.6126,-263389.1587,-8.799719,745,907
AAVEUSDT,2026-05-26,W,0.0,105099.915,-105099.915,-100.0,0,1
AAVEUSDT,2026-05-27,M,272898.6531,144636.131,128262.5221,30.719003,11,8
AAVEUSDT,2026-05-27,R1,3368328.7385,3411007.6219,-42678.8834,-0.629544,19836,21464
AAVEUSDT,2026-05-27,R2,2018079.9842,1874749.9912,143329.993,3.681897,1140,1048
AAVEUSDT,2026-05-28,M,294304.409,758805.342,-464500.933,-44.107552,10,42
AAVEUSDT,2026-05-28,R1,4429148.4585,5295475.6171,-866327.1586,-8.908593,28468,31049
AAVEUSDT,2026-05-28,R2,3259021.0532,4402963.7981,-1143942.7449,-14.93011,1647,2418
AAVEUSDT,2026-05-28,W,101372.9562,0.0,101372.9562,100.0,1,0
AAVEUSDT,2026-05-29,M,259917.7007,196016.2913,63901.4094,14.015496,12,13
AAVEUSDT,2026-05-29,R1,3124909.9333,2950243.1925,174666.7408,2.8751,19693,19186
AAVEUSDT,2026-05-29,R2,1886522.6395,1837035.1961,49487.4434,1.329037,1084,1026
AAVEUSDT,2026-05-30,M,48647.7335,88511.6253,-39863.8918,-29.063924,4,6
AAVEUSDT,2026-05-30,R1,1772780.9298,1814730.0474,-41949.1176,-1.16931,11366,8990
AAVEUSDT,2026-05-30,R2,729385.8292,1095043.7305,-365657.9013,-20.042314,411,565
AAVEUSDT,2026-05-31,M,58651.984,202492.4422,-143840.4582,-55.080807,3,6
AAVEUSDT,2026-05-31,R1,1776352.5569,1787219.0555,-10866.4986,-0.304933,9028,9375
AAVEUSDT,2026-05-31,R2,684433.0375,884627.4942,-200194.4567,-12.758874,373,500
AAVEUSDT,2026-06-01,M,236172.6913,178004.8108,58167.8805,14.044191,9,7
AAVEUSDT,2026-06-01,R1,2877325.7414,2869251.036,8074.7054,0.140513,19497,20319
AAVEUSDT,2026-06-01,R2,2189066.7177,2112833.2012,76233.5165,1.772089,1159,1139
AAVEUSDT,2026-06-02,M,217037.4131,553670.6679,-336633.2548,-43.678438,9,28
AAVEUSDT,2026-06-02,R1,4094848.0244,4445204.566,-350356.5416,-4.10251,34320,36698
AAVEUSDT,2026-06-02,R2,3549472.3581,4370254.4694,-820782.1113,-10.363768,1890,2300
AAVEUSDT,2026-06-02,W,0.0,157712.4,-157712.4,-100.0,0,1
AAVEUSDT,2026-06-03,M,122128.5295,258392.5374,-136264.0079,-35.809846,7,14
AAVEUSDT,2026-06-03,R1,3960159.7009,4169557.3,-209397.5991,-2.575706,32582,28728
AAVEUSDT,2026-06-03,R2,3374236.8945,3198489.4706,175747.4239,2.673889,1624,1585
AAVEUSDT,2026-06-04,M,157951.9719,191016.9852,-33065.0133,-9.475059,10,14
AAVEUSDT,2026-06-04,R1,5235046.5412,4951409.2448,283637.2964,2.784455,45852,47342
AAVEUSDT,2026-06-04,R2,3652174.7552,4292084.5593,-639909.8041,-8.054996,1811,2140
AAVEUSDT,2026-06-05,M,702679.9066,584592.1058,118087.8008,9.173492,26,26
AAVEUSDT,2026-06-05,R1,12743827.717,11142579.4379,1601248.2791,6.703596,104131,103629
AAVEUSDT,2026-06-05,R2,8338851.9022,6334339.2265,2004512.6757,13.661055,4365,3234
AAVEUSDT,2026-06-06,M,183842.3977,26449.148,157393.2497,74.845258,12,2
AAVEUSDT,2026-06-06,R1,4071724.3946,3955435.0249,116289.3697,1.448699,36726,35814
AAVEUSDT,2026-06-06,R2,1718517.9594,1834245.3955,-115727.4361,-3.257392,913,922
AAVEUSDT,2026-06-07,M,231164.6288,338366.3191,-107201.6903,-18.822803,15,17
AAVEUSDT,2026-06-07,R1,3950873.8005,4351195.9326,-400322.1321,-4.821956,27837,30694
AAVEUSDT,2026-06-07,R2,3158015.5662,2743437.4064,414578.1598,7.025018,1555,1394
AAVEUSDT,2026-06-08,M,205182.7344,138451.4219,66731.3125,19.41929,11,9
AAVEUSDT,2026-06-08,R1,2617545.1861,2595874.9402,21670.2459,0.415663,21047,21346
AAVEUSDT,2026-06-08,R2,1753093.0586,1724874.4914,28218.5672,0.811352,910,893
AAVEUSDT,2026-06-08,W,0.0,107334.6336,-107334.6336,-100.0,0,1
AAVEUSDT,2026-06-09,M,226174.3029,171789.8704,54384.4325,13.66566,11,7
AAVEUSDT,2026-06-09,R1,2683673.174,2612144.3736,71528.8004,1.350666,24646,20988
AAVEUSDT,2026-06-09,R2,1098714.1499,1587823.9483,-489109.7984,-18.205951,573,796
AAVEUSDT,2026-06-10,M,52570.5637,61944.4234,-9373.8597,-8.185706,2,2
AAVEUSDT,2026-06-10,R1,2960322.3965,3030594.391,-70271.9945,-1.172976,26699,28918
AAVEUSDT,2026-06-10,R2,2048994.7633,1900165.8908,148828.8725,3.76862,1111,1047
AAVEUSDT,2026-06-10,W,164708.3122,0.0,164708.3122,100.0,1,0
AAVEUSDT,2026-06-11,M,66903.343,204027.9965,-137124.6535,-50.612326,2,14
AAVEUSDT,2026-06-11,R1,2434323.8138,2287691.7186,146632.0952,3.105286,19382,17914
AAVEUSDT,2026-06-11,R2,1715106.5543,1844536.6598,-129430.1055,-3.636042,965,1012
AAVEUSDT,2026-06-12,M,225917.7811,110731.5488,115186.2323,34.215494,7,7
AAVEUSDT,2026-06-12,R1,1437632.9616,1390565.6479,47067.3137,1.664215,13455,14345
AAVEUSDT,2026-06-12,R2,845291.4831,1028595.4529,-183303.9698,-9.782019,477,616
AAVEUSDT,2026-06-13,M,93034.3216,129077.041,-36042.7194,-16.227319,6,3
AAVEUSDT,2026-06-13,R1,1526639.4412,1390093.9615,136545.4797,4.681452,13348,11591
AAVEUSDT,2026-06-13,R2,1209519.0277,1138886.9821,70632.0456,3.007659,672,644
AAVEUSDT,2026-06-14,M,140588.0518,134321.0281,6267.0237,2.279671,6,6
AAVEUSDT,2026-06-14,R1,1565289.3254,1361038.3062,204251.0192,6.979773,14080,12145
AAVEUSDT,2026-06-14,R2,769979.8617,900418.2073,-130438.3456,-7.808818,395,434
AAVEUSDT,2026-06-15,M,470589.8977,412984.6071,57605.2906,6.519574,22,22
AAVEUSDT,2026-06-15,R1,5482723.3459,5164083.7328,318639.6131,2.992819,46124,39761
AAVEUSDT,2026-06-15,R2,3645218.4719,3924320.8757,-279102.4038,-3.687178,1701,1767
AAVEUSDT,2026-06-15,W,0.0,134058.6707,-134058.6707,-100.0,0,1
AAVEUSDT,2026-06-16,M,389137.5595,144043.4662,245094.0933,45.96827,20,10
AAVEUSDT,2026-06-16,R1,3841868.5888,3776209.0081,65659.5807,0.861892,32311,26852
AAVEUSDT,2026-06-16,R2,2254705.6548,2297829.0664,-43123.4116,-0.94724,1119,1168
AAVEUSDT,2026-06-17,M,166837.2492,279652.451,-112815.2018,-25.267145,11,18
AAVEUSDT,2026-06-17,R1,4725251.8242,4883397.866,-158146.0418,-1.645872,32857,33319
AAVEUSDT,2026-06-17,R2,3793230.977,4045655.6311,-252424.6541,-3.22016,1987,2084
AAVEUSDT,2026-06-18,M,168272.8531,207555.7139,-39282.8608,-10.452335,9,12
AAVEUSDT,2026-06-18,R1,3632539.9189,3221162.057,411377.8619,6.002272,34419,28163
AAVEUSDT,2026-06-18,R2,1622462.0991,1331106.863,291355.2361,9.864514,874,679
AAVEUSDT,2026-06-19,M,424146.2525,207906.8387,216239.4138,34.212223,24,13
AAVEUSDT,2026-06-19,R1,3041418.4693,2781501.1537,259917.3156,4.463694,27203,20931
AAVEUSDT,2026-06-19,R2,1793090.3184,1613023.9298,180066.3886,5.286563,805,790
AAVEUSDT,2026-06-20,M,67387.535,103097.277,-35709.742,-20.945996,3,9
AAVEUSDT,2026-06-20,R1,2630098.6437,2401879.8187,228218.825,4.53537,23685,21340
AAVEUSDT,2026-06-20,R2,965979.7446,888257.4759,77722.2687,4.191603,558,471
AAVEUSDT,2026-06-21,M,247027.3843,80255.7364,166771.6479,50.956385,9,6
AAVEUSDT,2026-06-21,R1,2364671.1528,2120592.6565,244078.4963,5.441787,16496,15168
AAVEUSDT,2026-06-21,R2,900066.9955,1160943.3909,-260876.3954,-12.657694,505,601
AAVEUSDT,2026-06-22,M,137439.0619,87497.9377,49941.1242,22.202272,5,6
AAVEUSDT,2026-06-22,R1,3486245.266,3188039.6974,298205.5686,4.467978,24799,24558
AAVEUSDT,2026-06-22,R2,1325332.6585,1373813.0323,-48480.3738,-1.796138,779,794
AAVEUSDT,2026-06-23,M,566340.3661,298336.4277,268003.9384,30.994695,21,15
AAVEUSDT,2026-06-23,R1,5017741.7683,4226445.0662,791296.7021,8.559938,39085,25258
AAVEUSDT,2026-06-23,R2,2175850.2266,2928034.9187,-752184.6921,-14.737493,1126,1435
AAVEUSDT,2026-06-24,M,1130365.9761,777183.3323,353182.6438,18.514994,44,39
AAVEUSDT,2026-06-24,R1,10582895.9546,10948074.9531,-365178.9985,-1.696064,104635,97714
AAVEUSDT,2026-06-24,R2,4946417.3645,5127171.1869,-180753.8224,-1.794334,2451,2656
AAVEUSDT,2026-06-25,M,1264611.4287,910410.5145,354200.9142,16.284935,55,46
AAVEUSDT,2026-06-25,R1,14983490.3943,14341575.3086,641915.0857,2.188964,143519,132187
AAVEUSDT,2026-06-25,R2,6615370.565,6664511.3944,-49140.8294,-0.37004,3395,3441
AAVEUSDT,2026-06-26,M,1166553.8202,1080101.8168,86452.0034,3.848031,51,41
AAVEUSDT,2026-06-26,R1,16423883.3287,16021631.0061,402252.3226,1.239778,172880,150824
AAVEUSDT,2026-06-26,R2,8166452.0496,8547448.7409,-380996.6913,-2.27952,4047,4112
AAVEUSDT,2026-06-26,W,101093.2681,0.0,101093.2681,100.0,1,0
AAVEUSDT,2026-06-27,M,527918.7558,449793.2199,78125.5359,7.990649,20,22
AAVEUSDT,2026-06-27,R1,10459457.9738,9795958.1863,663499.7875,3.275666,86823,68548
AAVEUSDT,2026-06-27,R2,4565889.5441,4341772.5894,224116.9547,2.516002,2413,2347
AAVEUSDT,2026-06-28,M,543090.0752,455035.8128,88054.2624,8.82196,23,21
AAVEUSDT,2026-06-28,R1,8687045.3812,7543322.9613,1143722.4199,7.046805,75816,51241
AAVEUSDT,2026-06-28,R2,3224432.584,4648815.7052,-1424383.1212,-18.091429,1692,2444
AAVEUSDT,2026-06-29,M,267096.1104,347129.2137,-80033.1033,-13.029926,11,15
AAVEUSDT,2026-06-29,R1,6730728.2466,7184125.4255,-453397.1789,-3.258368,61890,66424
AAVEUSDT,2026-06-29,R2,2996502.9321,3219140.7508,-222637.8187,-3.581895,1635,1733
AAVEUSDT,2026-06-30,M,265284.3198,220083.4332,45200.8866,9.312709,12,8
AAVEUSDT,2026-06-30,R1,5047266.18,4393499.9716,653766.2084,6.924927,54867,33625
AAVEUSDT,2026-06-30,R2,2025403.5449,2360448.8711,-335045.3262,-7.639229,1039,1209
AAVEUSDT,2026-07-01,M,361432.3367,173310.5069,188121.8298,35.179869,16,11
AAVEUSDT,2026-07-01,R1,6501235.9916,5036328.7709,1464907.2207,12.696849,51600,45682
AAVEUSDT,2026-07-01,R2,1964164.178,2168498.3715,-204334.1935,-4.944372,1053,1179
AAVEUSDT,2026-07-02,M,198417.7271,248523.8364,-50106.1093,-11.210886,11,10
AAVEUSDT,2026-07-02,R1,5150180.9465,4911763.5941,238417.3524,2.369496,39167,52242
AAVEUSDT,2026-07-02,R2,1889805.4443,1788274.4326,101531.0117,2.760435,1029,963
AAVEUSDT,2026-07-03,M,459684.6675,466935.7362,-7251.0687,-0.782528,20,23
AAVEUSDT,2026-07-03,R1,7956545.8744,5472095.041,2484450.8334,18.501134,58622,37438
AAVEUSDT,2026-07-03,R2,3555802.1619,3284569.8785,271232.2834,3.965169,2015,1720
AAVEUSDT,2026-07-04,M,213655.379,221922.8689,-8267.4899,-1.898049,11,13
AAVEUSDT,2026-07-04,R1,3230937.0989,3659719.2734,-428782.1745,-6.222661,25117,31508
AAVEUSDT,2026-07-04,R2,1746511.1075,1916827.1472,-170316.0397,-4.649203,905,991
AAVEUSDT,2026-07-05,M,95575.4521,79844.1105,15731.3416,8.967838,7,6
AAVEUSDT,2026-07-05,R1,2637773.4808,2619019.8363,18753.6445,0.356751,22177,19545
AAVEUSDT,2026-07-05,R2,1166943.9778,1034783.5549,132160.4229,6.002578,661,569
AAVEUSDT,2026-07-06,M,611243.1036,603279.4556,7963.648,0.655702,36,34
AAVEUSDT,2026-07-06,R1,7076383.0365,6932331.1895,144051.847,1.028302,58585,63261
AAVEUSDT,2026-07-06,R2,4084432.9299,3730386.9765,354045.9534,4.530443,2050,1886
AAVEUSDT,2026-07-07,M,320720.1808,682525.1875,-361805.0067,-36.063461,18,40
AAVEUSDT,2026-07-07,R1,7149884.3964,5721684.9401,1428199.4563,11.095768,52846,41006
AAVEUSDT,2026-07-07,R2,2879973.2063,3121570.7486,-241597.5423,-4.02559,1536,1596
AAVEUSDT,2026-07-08,M,517354.5096,268405.245,248949.2646,31.682618,20,14
AAVEUSDT,2026-07-08,R1,5926756.5726,5888801.581,37954.9916,0.321229,45093,36698
AAVEUSDT,2026-07-08,R2,3193623.6724,3052873.6903,140749.9821,2.253262,1520,1572
AAVEUSDT,2026-07-09,M,258007.0122,292112.7551,-34105.7429,-6.199694,9,13
AAVEUSDT,2026-07-09,R1,7167793.3342,5558213.487,1609579.8472,12.647957,47481,30905
AAVEUSDT,2026-07-09,R2,2898998.1042,2861520.5137,37477.5905,0.650594,1561,1632
AAVEUSDT,2026-07-10,M,444278.1183,287808.6335,156469.4848,21.37308,16,12
AAVEUSDT,2026-07-10,R1,7443834.3249,6888895.2504,554939.0745,3.871831,42929,37663
AAVEUSDT,2026-07-10,R2,3651852.2094,3674621.7246,-22769.5152,-0.310784,2016,2122
AAVEUSDT,2026-07-10,W,148449.7343,0.0,148449.7343,100.0,1,0
AAVEUSDT,2026-07-11,M,481481.3076,113600.5609,367880.7467,61.820191,25,9
AAVEUSDT,2026-07-11,R1,7049120.5735,7586984.7826,-537864.2091,-3.674913,40133,62651
AAVEUSDT,2026-07-11,R2,5352113.3654,4041926.1519,1310187.2135,13.947006,2528,2262
AAVEUSDT,2026-07-12,M,212942.9613,181529.5212,31413.4401,7.963405,10,9
AAVEUSDT,2026-07-12,R1,4884877.173,4868994.0854,15883.0876,0.162839,34238,34281
AAVEUSDT,2026-07-12,R2,2159123.9109,2260343.4127,-101219.5018,-2.29031,1184,1268
AAVEUSDT,2026-07-13,M,77614.0912,434646.5015,-357032.4103,-69.697419,4,13
AAVEUSDT,2026-07-13,R1,5215933.174,5916553.8275,-700620.6535,-6.293478,41223,47024
AAVEUSDT,2026-07-13,R2,2485586.5218,2554181.9472,-68595.4254,-1.361083,1342,1436
AAVEUSDT,2026-07-14,M,447615.1667,754553.7496,-306938.5829,-25.532068,22,33
AAVEUSDT,2026-07-14,R1,5415127.2247,5389015.4293,26111.7954,0.241683,33495,44585
AAVEUSDT,2026-07-14,R2,2430554.8239,2697124.4909,-266569.667,-5.198642,1360,1502
AAVEUSDT,2026-07-14,W,325394.3758,0.0,325394.3758,100.0,1,0
AAVEUSDT,2026-07-15,M,125282.7988,174194.7763,-48911.9775,-16.332434,5,12
AAVEUSDT,2026-07-15,R1,4922170.4269,4667435.9052,254734.5217,2.656361,31189,35383
AAVEUSDT,2026-07-15,R2,2137501.6086,2477517.659,-340016.0504,-7.367598,1208,1373
AAVEUSDT,2026-07-16,M,303159.0073,195264.4049,107894.6024,21.647178,13,14
AAVEUSDT,2026-07-16,R1,4733008.6226,4133976.3868,599032.2358,6.75576,42007,22619
AAVEUSDT,2026-07-16,R2,2076517.9422,2531355.6395,-454837.6973,-9.870881,1164,1366
AAVEUSDT,2026-07-17,M,179719.1369,357082.5162,-177363.3793,-33.040766,8,15
AAVEUSDT,2026-07-17,R1,3521142.3044,3680851.7116,-159709.4072,-2.217572,23615,21038
AAVEUSDT,2026-07-17,R2,1669017.6904,2134613.982,-465596.2916,-12.240835,897,1140
AAVEUSDT,2026-07-18,M,428750.5691,353835.257,74915.3121,9.572792,21,13
AAVEUSDT,2026-07-18,R1,2920824.0049,2328898.437,591925.5679,11.275369,20004,11950
AAVEUSDT,2026-07-18,R2,2146505.4832,2290680.0489,-144174.5657,-3.249235,1034,1139
AAVEUSDT,2026-07-18,W,100487.7412,0.0,100487.7412,100.0,1,0
AAVEUSDT,2026-07-19,M,242386.7991,164244.176,78142.6231,19.217086,7,9
AAVEUSDT,2026-07-19,R1,1807488.6959,1813640.789,-6152.0931,-0.169894,13732,11153
AAVEUSDT,2026-07-19,R2,730966.4012,1125220.1869,-394253.7857,-21.239987,410,575
AAVEUSDT,2026-07-20,M,208865.3733,195385.8234,13479.5499,3.334449,9,8
AAVEUSDT,2026-07-20,R1,3732204.092,3704860.1284,27343.9636,0.367671,23977,24477
AAVEUSDT,2026-07-20,R2,1617663.0209,1435810.3898,181852.6311,5.955599,864,777
AAVEUSDT,2026-07-21,M,551670.7481,318212.3868,233458.3613,26.837899,25,12
AAVEUSDT,2026-07-21,R1,4757603.6303,4855735.0926,-98131.4623,-1.020784,28328,32028
AAVEUSDT,2026-07-21,R2,2851557.6396,2765929.8104,85627.8292,1.524308,1456,1482
AAVEUSDT,2026-07-22,M,715587.3967,760949.617,-45362.2203,-3.072203,42,37
AAVEUSDT,2026-07-22,R1,6653323.0628,6577800.8379,75522.2249,0.570792,44771,38614
AAVEUSDT,2026-07-22,R2,4857068.6032,5781197.6044,-924129.0012,-8.686838,2338,2893
AAVEUSDT,2026-07-22,W,313069.9759,0.0,313069.9759,100.0,1,0
AAVEUSDT,2026-07-23,M,177545.623,190915.9713,-13370.3483,-3.628695,8,13
AAVEUSDT,2026-07-23,R1,2824557.9362,2938891.2898,-114333.3536,-1.983766,18201,17162
AAVEUSDT,2026-07-23,R2,1221083.6531,1626727.8847,-405644.2316,-14.244069,617,852
AAVEUSDT,2026-07-24,M,237706.0814,183970.1417,53735.9397,12.743412,11,11
AAVEUSDT,2026-07-24,R1,2757832.9228,2770879.5764,-13046.6536,-0.23598,16996,17956
AAVEUSDT,2026-07-24,R2,1466785.7247,1648736.4636,-181950.7389,-5.840136,742,859
AAVEUSDT,2026-07-25,M,335290.9529,217800.104,117490.8489,21.242587,15,15
AAVEUSDT,2026-07-25,R1,2087968.3402,1973861.3846,114106.9556,2.80925,14120,12880
AAVEUSDT,2026-07-25,R2,1580103.6463,1821048.5772,-240944.9309,-7.084215,777,873
AAVEUSDT,2026-07-25,W,0.0,117258.048,-117258.048,-100.0,0,1
AAVEUSDT,2026-07-26,M,552311.5639,376568.3588,175743.2051,18.919906,33,22
AAVEUSDT,2026-07-26,R1,6115656.5797,5550041.5356,565615.0441,4.848531,50619,32575
AAVEUSDT,2026-07-26,R2,4121430.6807,3883644.0427,237786.638,2.970449,2108,2037
AAVEUSDT,2026-07-27,M,192969.122,186338.5377,6630.5843,1.748076,7,12
AAVEUSDT,2026-07-27,R1,5855262.3789,5237155.6158,618106.7631,5.572336,59620,32873
AAVEUSDT,2026-07-27,R2,2514870.1946,2082271.8946,432598.3,9.410157,1376,1154
AAVEUSDT,2026-07-28,M,190526.9556,301749.0751,-111222.1195,-22.593446,10,16
AAVEUSDT,2026-07-28,R1,5099450.1965,4720850.1835,378600.013,3.855279,35112,29386
AAVEUSDT,2026-07-28,R2,2037284.1795,1880510.3591,156773.8204,4.001584,1096,1015
AAVEUSDT,2026-07-29,M,482553.0282,505670.2957,-23117.2675,-2.339276,25,28
AAVEUSDT,2026-07-29,R1,7528011.7558,8647004.4669,-1118992.7111,-6.918031,43623,95919
AAVEUSDT,2026-07-29,R2,4079050.4639,4694687.8612,-615637.3973,-7.01682,2244,2386
AAVEUSDT,2026-07-30,M,200269.2943,435713.2825,-235443.9882,-37.020509,13,18
AAVEUSDT,2026-07-30,R1,4578453.3006,4286018.5538,292434.7468,3.298953,34781,27507
AAVEUSDT,2026-07-30,R2,2456795.8928,2179583.2428,277212.65,5.979076,1271,1145
AAVEUSDT,2026-07-31,M,279513.6309,238071.264,41442.3669,8.006873,16,15
AAVEUSDT,2026-07-31,R1,4850354.8571,4749835.2625,100519.5946,1.047058,40525,27899
AAVEUSDT,2026-07-31,R2,2207947.3018,2761012.6552,-553065.3534,-11.130405,1129,1377
AAVEUSDT,2026-08-01,M,240650.5963,484042.7221,-243392.1258,-33.585535,17,23
AAVEUSDT,2026-08-01,R1,6493231.1461,6197739.4156,295491.7305,2.328362,72350,33471
AAVEUSDT,2026-08-01,R2,4195353.4434,5744129.4568,-1548776.0134,-15.582058,2266,3125
AAVEUSDT,2026-08-02,M,102177.3304,120907.7449,-18730.4145,-8.396086,7,6
AAVEUSDT,2026-08-02,R1,2976183.853,3129560.6324,-153376.7794,-2.512008,17001,23983
AAVEUSDT,2026-08-02,R2,1619820.5912,1571974.7354,47845.8558,1.499026,864,809
AAVEUSDT,2026-08-03,M,186091.3083,112770.2403,73321.068,24.533456,10,7
AAVEUSDT,2026-08-03,R1,2818877.5114,3093760.0072,-274882.4958,-4.649067,18743,20306
AAVEUSDT,2026-08-03,R2,1092480.5573,1209655.1843,-117174.627,-5.089823,578,657
AAVEUSDT,2026-08-04,M,146374.6862,166326.0247,-19951.3385,-6.38033,6,11
AAVEUSDT,2026-08-04,R1,2575134.4694,2433933.1823,141201.2871,2.818914,18514,22371
AAVEUSDT,2026-08-04,R2,842499.7761,970833.8173,-128334.0412,-7.077244,449,519
AAVEUSDT,2026-08-05,M,127661.5908,253222.9884,-125561.3976,-32.965734,5,14
AAVEUSDT,2026-08-05,R1,2385929.7983,2601775.1285,-215845.3302,-4.327548,18054,25638
AAVEUSDT,2026-08-05,R2,976310.1699,1173750.86,-197440.6901,-9.183027,478,617
AAVEUSDT,2026-08-06,M,568233.063,227206.873,341026.19,42.872651,19,14
AAVEUSDT,2026-08-06,R1,2683714.5981,2750397.0309,-66682.4328,-1.227108,21673,16586
AAVEUSDT,2026-08-06,R2,1105992.1623,1592487.5872,-486495.4249,-18.0285,560,804
AAVEUSDT,2026-08-07,M,250683.7899,116805.5627,133878.2272,36.430505,8,7
AAVEUSDT,2026-08-07,R1,2439645.2562,2634539.5508,-194894.2946,-3.840899,18561,18091
AAVEUSDT,2026-08-07,R2,1037018.613,1463876.5873,-426857.9743,-17.068207,515,699
AAVEUSDT,2026-08-08,M,168678.1272,20702.73,147975.3972,78.136407,7,2
AAVEUSDT,2026-08-08,R1,1358501.612,1179884.0983,178617.5137,7.036658,10122,7382
AAVEUSDT,2026-08-08,R2,650460.3308,557016.2978,93444.033,7.738786,332,293
AAVEUSDT,2026-08-09,M,118534.5503,212960.7109,-94426.1606,-28.48492,7,10
AAVEUSDT,2026-08-09,R1,1975243.563,1520672.5927,454570.9703,13.002914,18082,9786
AAVEUSDT,2026-08-09,R2,821719.424,757590.1459,64129.2781,4.060589,462,377
AAVEUSDT,2026-08-10,M,147895.5218,51254.2102,96641.3116,48.52696,5,4
AAVEUSDT,2026-08-10,R1,1947362.288,1835125.0096,112237.2784,2.967288,17454,13825
AAVEUSDT,2026-08-10,R2,590475.4823,700851.3714,-110375.8891,-8.547479,305,379
AAVEUSDT,2026-08-11,M,137073.2998,172777.7,-35704.4002,-11.523087,4,8
AAVEUSDT,2026-08-11,R1,1740049.0354,1876737.6328,-136688.5974,-3.779283,12785,18905
AAVEUSDT,2026-08-11,R2,577424.8502,915796.9834,-338372.1332,-22.66054,323,476
AAVEUSDT,2026-08-12,M,176605.8824,104640.3632,71965.5192,25.588082,7,6
AAVEUSDT,2026-08-12,R1,1951321.6157,1950021.8571,1299.7586,0.033316,15064,15348
AAVEUSDT,2026-08-12,R2,813713.7043,950152.9293,-136439.225,-7.735235,445,477
AAVEUSDT,2026-08-13,M,113085.6129,37856.6946,75228.9183,49.839518,8,3
AAVEUSDT,2026-08-13,R1,1836084.5225,1759310.7135,76773.809,2.135337,12915,12546
AAVEUSDT,2026-08-13,R2,919126.8244,881354.3787,37772.4457,2.097908,502,443
AAVEUSDT,2026-08-14,M,47531.8338,135214.1753,-87682.3415,-47.980441,3,8
AAVEUSDT,2026-08-14,R1,1758137.4384,2055231.6837,-297094.2453,-7.79086,11405,13485
AAVEUSDT,2026-08-14,R2,944360.4511,1077951.3591,-133590.908,-6.605851,518,603
AAVEUSDT,2026-08-15,M,135533.2004,87371.0269,48162.1735,21.606667,6,5
AAVEUSDT,2026-08-15,R1,888237.2073,915767.8496,-27530.6423,-1.526085,5840,5586
AAVEUSDT,2026-08-15,R2,437304.4003,399783.3048,37521.0955,4.482337,230,222
AAVEUSDT,2026-08-16,M,0.0,10407.4133,-10407.4133,-100.0,0,1
AAVEUSDT,2026-08-16,R1,933761.5629,874365.0176,59396.5453,3.284977,7302,5366
AAVEUSDT,2026-08-16,R2,210511.0827,311903.3309,-101392.2482,-19.408394,115,188
AAVEUSDT,2026-08-17,M,142702.6226,124207.4035,18495.2191,6.929383,7,5
AAVEUSDT,2026-08-17,R1,1864957.5876,1627946.7387,237010.8489,6.785495,14350,12548
AAVEUSDT,2026-08-17,R2,1175458.702,1065212.9335,110245.7685,4.920211,619,580
AAVEUSDT,2026-08-18,M,168121.0916,123242.1327,44878.9589,15.403097,8,6
AAVEUSDT,2026-08-18,R1,2077690.9101,1859976.9105,217713.9996,5.529009,16513,11139
AAVEUSDT,2026-08-18,R2,1019169.1653,1258124.5475,-238955.3822,-10.492954,569,682
AAVEUSDT,2026-08-19,M,642311.5162,371117.9258,271193.5904,26.759987,36,22
AAVEUSDT,2026-08-19,R1,4415107.6266,3861701.4454,553406.1812,6.686226,44105,27042
AAVEUSDT,2026-08-19,R2,2663192.9433,2388813.3816,274379.5617,5.431101,1285,1161
AAVEUSDT,2026-08-20,M,476147.7259,396548.1306,79599.5953,9.121115,24,24
AAVEUSDT,2026-08-20,R1,3876892.6891,3759165.7343,117726.9548,1.541724,37079,26785
AAVEUSDT,2026-08-20,R2,2494654.5877,3116870.4126,-622215.8249,-11.088177,1275,1478
AAVEUSDT,2026-08-21,M,1435789.7235,1494856.7502,-59067.0267,-2.015495,74,72
AAVEUSDT,2026-08-21,R1,16054232.8396,12591547.5325,3462685.3071,12.087942,118279,101435
AAVEUSDT,2026-08-21,R2,8821454.6477,6765604.7512,2055849.8965,13.189466,4569,3247
AAVEUSDT,2026-08-21,W,123476.835,0.0,123476.835,100.0,1,0
AAVEUSDT,2026-08-22,M,721556.0577,568908.5209,152647.5368,11.828882,36,28
AAVEUSDT,2026-08-22,R1,16303877.7505,14965864.8918,1338012.8587,4.278938,162627,152024
AAVEUSDT,2026-08-22,R2,6957568.7036,5548424.5015,1409144.2021,11.267751,3270,2684
AAVEUSDT,2026-08-23,M,1396296.4975,1040298.7826,355997.7149,14.610457,60,49
AAVEUSDT,2026-08-23,R1,15281215.1367,15289078.2035,-7863.0668,-0.025721,165315,161668
AAVEUSDT,2026-08-23,R2,7917572.4745,8004398.1976,-86825.7231,-0.54532,3895,3806
AAVEUSDT,2026-08-24,M,793928.5453,1175466.3052,-381537.7599,-19.37335,36,62
AAVEUSDT,2026-08-24,R1,15495031.6926,16149215.1422,-654183.4496,-2.067306,178385,162328
AAVEUSDT,2026-08-24,R2,8453220.3868,8077820.2866,375400.1002,2.27088,3872,4070
AAVEUSDT,2026-08-25,M,792049.9426,1212641.2871,-420591.3445,-20.980355,37,62
AAVEUSDT,2026-08-25,R1,8573287.0148,8961216.1158,-387929.101,-2.212376,82595,88123
AAVEUSDT,2026-08-25,R2,4734396.7948,5129572.2848,-395175.49,-4.006252,2018,2272
AAVEUSDT,2026-08-26,M,302894.9589,362639.1285,-59744.1696,-8.976876,16,25
AAVEUSDT,2026-08-26,R1,5051390.4725,4824128.5122,227261.9603,2.301266,49370,44323
AAVEUSDT,2026-08-26,R2,2100330.5756,2749043.9817,-648713.4061,-13.377259,1081,1224
AAVEUSDT,2026-08-26,W,106478.032,0.0,106478.032,100.0,1,0
AAVEUSDT,2026-08-27,M,597453.8916,970939.0542,-373485.1626,-23.813239,30,50
AAVEUSDT,2026-08-27,R1,6183575.201,5224741.991,958833.21,8.404686,51409,53580
AAVEUSDT,2026-08-27,R2,3598754.2006,2576963.9202,1021790.2804,16.545287,1927,1246
AAVEUSDT,2026-08-28,M,746999.3201,847445.4499,-100446.1298,-6.299756,42,53
AAVEUSDT,2026-08-28,R1,5620304.8757,5866318.843,-246013.9673,-2.141743,54056,47086
AAVEUSDT,2026-08-28,R2,3073679.254,4149438.7085,-1075759.4545,-14.893284,1696,2028
AAVEUSDT,2026-08-29,M,187202.1528,398511.484,-211309.3312,-36.077243,12,25
AAVEUSDT,2026-08-29,R1,2624605.9276,2757380.254,-132774.3264,-2.467014,21329,18759
AAVEUSDT,2026-08-29,R2,1384918.4181,1934310.9223,-549392.5042,-16.551809,718,979
AAVEUSDT,2026-08-30,M,587031.0487,839648.3783,-252617.3296,-17.706664,36,53
AAVEUSDT,2026-08-30,R1,5047803.1935,5018785.2871,29017.9064,0.28826,38816,52865
AAVEUSDT,2026-08-30,R2,2754275.7053,3001199.5214,-246923.8161,-4.290242,1362,1500
AAVEUSDT,2026-08-30,W,0.0,209371.6525,-209371.6525,-100.0,0,1
AAVEUSDT,2026-08-31,M,635021.4024,503656.8947,131364.5077,11.536578,34,28
AAVEUSDT,2026-08-31,R1,3451177.7654,4033517.2677,-582339.5023,-7.780404,32891,38691
AAVEUSDT,2026-08-31,R2,1567284.1791,1614560.7069,-47276.5278,-1.485821,731,759
AAVEUSDT,2026-08-31,W,0.0,110113.3197,-110113.3197,-100.0,0,1
AAVEUSDT,2026-09-01,M,620036.9828,802552.0766,-182515.0938,-12.829783,39,45
AAVEUSDT,2026-09-01,R1,4867081.6566,5229982.3952,-362900.7386,-3.594121,41774,52980
AAVEUSDT,2026-09-01,R2,2888494.9354,2746701.089,141793.8464,2.516219,1239,1307
AAVEUSDT,2026-09-01,W,101433.249,0.0,101433.249,100.0,1,0
AVAXUSDT,2026-03-04,M,11177056.8112,15854458.7072,-4677401.896,-17.303513,518,801
AVAXUSDT,2026-03-04,R1,2665855.5379,1823775.5922,842079.9457,18.756105,14293,8202
AVAXUSDT,2026-03-04,R2,7915458.4872,7884071.4398,31387.0474,0.198658,2300,2378
AVAXUSDT,2026-03-04,W,242995.7278,492803.569,-249807.8412,-33.950541,2,3
AVAXUSDT,2026-03-05,M,3793035.1728,3642227.3169,150807.8559,2.028279,231,192
AVAXUSDT,2026-03-05,R1,1255593.34,1404695.2937,-149101.9537,-5.604728,7097,7725
AVAXUSDT,2026-03-05,R2,4644730.1267,4622528.1152,22202.0115,0.239575,1449,1539
AVAXUSDT,2026-03-05,W,183361.5348,311651.1412,-128289.6064,-25.916429,1,2
AVAXUSDT,2026-03-06,M,5611856.6709,4119331.6989,1492524.972,15.337541,302,198
AVAXUSDT,2026-03-06,R1,1200286.1712,5025404.0423,-3825117.8711,-61.440864,6733,18162
AVAXUSDT,2026-03-06,R2,6152141.3815,5428771.7729,723369.6086,6.246223,1602,1926
AVAXUSDT,2026-03-06,W,277360.672,0.0,277360.672,100.0,2,0
AVAXUSDT,2026-03-07,M,2636984.121,1844485.5256,792498.5954,17.6839,147,97
AVAXUSDT,2026-03-07,R1,433893.1067,1455814.2927,-1021921.186,-54.078276,3197,5447
AVAXUSDT,2026-03-07,R2,2098634.3331,1571503.0745,527131.2586,14.362712,560,519
AVAXUSDT,2026-03-08,M,2777358.2469,2649267.2722,128090.9747,2.360417,167,141
AVAXUSDT,2026-03-08,R1,811826.7745,929037.5947,-117210.8202,-6.732909,4413,4416
AVAXUSDT,2026-03-08,R2,3777345.6465,3349923.3832,427422.2633,5.996999,1106,1123
AVAXUSDT,2026-03-09,M,5495634.6933,7125252.3064,-1629617.6131,-12.912069,276,381
AVAXUSDT,2026-03-09,R1,3621898.8008,1419014.3289,2202884.4719,43.700108,20770,7593
AVAXUSDT,2026-03-09,R2,5386702.1544,6149647.5184,-762945.364,-6.613404,1635,1801
AVAXUSDT,2026-03-10,M,5120739.4041,6813157.3689,-1692417.9648,-14.181604,279,387
AVAXUSDT,2026-03-10,R1,2251990.3272,1969870.2196,282120.1076,6.682364,13428,11528
AVAXUSDT,2026-03-10,R2,8082044.6606,8586332.3467,-504287.6861,-3.025416,2654,2531
AVAXUSDT,2026-03-11,M,3680469.0335,3426918.8135,253550.22,3.567418,210,206
AVAXUSDT,2026-03-11,R1,1287635.8561,1127953.6627,159682.1934,6.610485,7178,6089
AVAXUSDT,2026-03-11,R2,4577267.7747,4583713.5353,-6445.7606,-0.070361,1403,1485
AVAXUSDT,2026-03-12,M,3022479.5126,3184509.474,-162029.9614,-2.610444,178,167
AVAXUSDT,2026-03-12,R1,1051014.3609,941088.1157,109926.2452,5.518102,6383,7679
AVAXUSDT,2026-03-12,R2,3521580.4075,3330543.3962,191037.0113,2.787997,1143,1083
AVAXUSDT,2026-03-12,W,106153.987,0.0,106153.987,100.0,1,0
AVAXUSDT,2026-03-13,M,7733058.8759,8280670.4265,-547611.5506,-3.419638,388,427
AVAXUSDT,2026-03-13,R1,2103716.3208,2060593.293,43123.0278,1.035538,12818,12703
AVAXUSDT,2026-03-13,R2,8068181.8346,7556960.4742,511221.3604,3.271787,2670,2321
AVAXUSDT,2026-03-13,W,0.0,101139.822,-101139.822,-100.0,0,1
AVAXUSDT,2026-03-14,M,2535112.1952,1811859.4403,723252.7549,16.638083,140,85
AVAXUSDT,2026-03-14,R1,601049.8974,1120755.4658,-519705.5684,-30.183758,3982,8125
AVAXUSDT,2026-03-14,R2,2717519.8764,2979635.969,-262116.0926,-4.600824,815,1195
AVAXUSDT,2026-03-14,W,0.0,132474.624,-132474.624,-100.0,0,1
AVAXUSDT,2026-03-15,M,2779706.1041,2744777.7331,34928.371,0.632247,144,165
AVAXUSDT,2026-03-15,R1,897535.2196,965526.8778,-67991.6582,-3.649457,5500,6448
AVAXUSDT,2026-03-15,R2,3103060.4562,3496280.7634,-393220.3072,-5.958478,1022,1121
AVAXUSDT,2026-03-16,M,10201222.1556,10899714.4699,-698492.3143,-3.310243,537,594
AVAXUSDT,2026-03-16,R1,2994112.4067,2257880.0846,736232.3221,14.018153,16290,13027
AVAXUSDT,2026-03-16,R2,10218580.119,10234012.1543,-15432.0353,-0.075453,2898,2959
AVAXUSDT,2026-03-16,W,0.0,107640.434,-107640.434,-100.0,0,1
AVAXUSDT,2026-03-17,M,7470423.4153,6518619.9818,951803.4335,6.803921,403,348
AVAXUSDT,2026-03-17,R1,1084139.0023,1744230.8602,-660091.8579,-23.338244,5249,8464
AVAXUSDT,2026-03-17,R2,7047605.4445,6705361.3477,342244.0968,2.488511,1825,1901
AVAXUSDT,2026-03-18,M,7165359.1208,5167927.667,1997431.4538,16.195451,388,295
AVAXUSDT,2026-03-18,R1,1728231.4447,2599685.4932,-871454.0485,-20.135646,8044,12842
AVAXUSDT,2026-03-18,R2,8157796.5336,7511982.3696,645814.164,4.121399,2276,2425
AVAXUSDT,2026-03-19,M,1936321.4454,1805455.4507,130865.9947,3.497429,123,105
AVAXUSDT,2026-03-19,R1,1056279.041,901989.3999,154289.6411,7.878881,6020,5234
AVAXUSDT,2026-03-19,R2,3841037.1553,3420642.3317,420394.8236,5.789223,1133,1047
AVAXUSDT,2026-03-20,M,1991738.568,2008667.9348,-16929.3668,-0.423191,119,107
AVAXUSDT,2026-03-20,R1,1027241.658,1169064.3508,-141822.6928,-6.457328,4937,5204
AVAXUSDT,2026-03-20,R2,3435105.5325,3404916.1092,30189.4233,0.441364,1017,1025
AVAXUSDT,2026-03-21,M,1458009.634,2084856.156,-626846.522,-17.693205,81,112
AVAXUSDT,2026-03-21,R1,878199.3791,520645.4901,357553.889,25.560653,5266,2837
AVAXUSDT,2026-03-21,R2,2268460.5418,2686127.1163,-417666.5745,-8.429896,670,719
AVAXUSDT,2026-03-22,M,2021150.9143,2237185.9709,-216035.0566,-5.073226,123,120
AVAXUSDT,2026-03-22,R1,1078019.3975,1193480.3708,-115460.9733,-5.083028,5899,7123
AVAXUSDT,2026-03-22,R2,4640262.4358,3471066.3552,1169196.0806,14.414359,1317,1065
AVAXUSDT,2026-03-23,M,5052719.3269,4799080.0833,253639.2436,2.574547,276,255
AVAXUSDT,2026-03-23,R1,2129269.4772,1725917.5159,403351.9613,10.462578,11387,8861
AVAXUSDT,2026-03-23,R2,7449564.0693,7065917.1796,383646.8897,2.643019,2307,2172
AVAXUSDT,2026-03-24,M,1986153.1719,2403063.629,-416910.4571,-9.498516,118,134
AVAXUSDT,2026-03-24,R1,1259565.4385,891373.694,368191.7445,17.11772,6556,4495
AVAXUSDT,2026-03-24,R2,3760916.1094,4642766.0247,-881849.9153,-10.493613,1247,1440
AVAXUSDT,2026-03-25,M,2071187.1882,4073279.128,-2002091.9398,-32.583659,116,224
AVAXUSDT,2026-03-25,R1,1049757.6299,825650.2629,224107.367,11.949793,5179,4990
AVAXUSDT,2026-03-25,R2,4464054.1261,4981924.1938,-517870.0677,-5.48244,1274,1232
AVAXUSDT,2026-03-25,W,113353.1032,0.0,113353.1032,100.0,1,0
AVAXUSDT,2026-03-26,M,3641030.4832,2344083.8526,1296946.6306,21.669538,209,136
AVAXUSDT,2026-03-26,R1,1173843.2279,1963132.9337,-789289.7058,-25.160845,6199,8060
AVAXUSDT,2026-03-26,R2,5041479.6499,4924672.8768,116806.7731,1.172035,1343,1675
AVAXUSDT,2026-03-27,M,3150701.5935,3171386.3156,-20684.7221,-0.327182,185,165
AVAXUSDT,2026-03-27,R1,1451457.5472,1226934.7349,224522.8123,8.382746,7904,4878
AVAXUSDT,2026-03-27,R2,5155520.2553,4440444.49,715075.7653,7.451838,1420,1385
AVAXUSDT,2026-03-28,M,1337261.3778,1316492.2931,20769.0847,0.78263,74,76
AVAXUSDT,2026-03-28,R1,667417.9638,483744.5646,183673.3992,15.955471,5042,2728
AVAXUSDT,2026-03-28,R2,2322022.9788,2266596.8326,55426.1462,1.207905,663,642
AVAXUSDT,2026-03-29,M,1484954.3618,1324086.5641,160867.7977,5.726787,82,74
AVAXUSDT,2026-03-29,R1,761281.7596,602668.785,158612.9746,11.628939,4733,3657
AVAXUSDT,2026-03-29,R2,2976679.4593,2498909.6717,477769.7876,8.72545,917,753
AVAXUSDT,2026-03-30,M,2423097.9946,2959878.3415,-536780.3469,-9.971813,134,157
AVAXUSDT,2026-03-30,R1,1140240.0764,920963.1657,219276.9107,10.638296,6856,5170
AVAXUSDT,2026-03-30,R2,3395135.7337,3488383.254,-93247.5203,-1.354649,1043,1044
AVAXUSDT,2026-03-31,M,2002672.6518,2088817.1568,-86144.505,-2.105456,113,120
AVAXUSDT,2026-03-31,R1,1135395.1286,808491.6134,326903.5152,16.817004,6417,4161
AVAXUSDT,2026-03-31,R2,4440901.5536,4032772.7823,408128.7713,4.816432,1443,1272
AVAXUSDT,2026-04-01,M,5501860.1915,5928216.7459,-426356.5544,-3.730128,256,313
AVAXUSDT,2026-04-01,R1,1769233.2859,1184283.7889,584949.497,19.805184,8233,7010
AVAXUSDT,2026-04-01,R2,6486196.18,5773460.7682,712735.4118,5.813665,2050,1562
AVAXUSDT,2026-04-01,W,106361.8488,0.0,106361.8488,100.0,1,0
AVAXUSDT,2026-04-02,M,4251226.6123,3719367.4554,531859.1569,6.672767,260,205
AVAXUSDT,2026-04-02,R1,1418314.866,1479872.0222,-61557.1562,-2.123988,7100,9284
AVAXUSDT,2026-04-02,R2,6550158.9775,5378445.2087,1171713.7688,9.822723,1983,1907
AVAXUSDT,2026-04-02,W,122715.8436,0.0,122715.8436,100.0,1,0
AVAXUSDT,2026-04-03,M,2285254.1805,2889300.6597,-604046.4792,-11.6734,120,156
AVAXUSDT,2026-04-03,R1,1118425.6719,1032738.8751,85686.7968,3.983275,6588,4731
AVAXUSDT,2026-04-03,R2,2704144.5235,3746468.452,-1042323.9285,-16.158525,811,1039
AVAXUSDT,2026-04-04,M,1005906.1661,876818.4902,129087.6759,6.856429,58,56
AVAXUSDT,2026-04-04,R1,587027.7863,630267.1233,-43239.337,-3.552084,3304,3404
AVAXUSDT,2026-04-04,R2,1658885.7903,1676278.8551,-17393.0648,-0.521505,508,510
AVAXUSDT,2026-04-05,M,886882.323,1046663.5356,-159781.2126,-8.263637,60,61
AVAXUSDT,2026-04-05,R1,685710.2429,539309.0893,146401.1536,11.950926,4009,3501
AVAXUSDT,2026-04-05,R2,2380465.4897,2086376.8791,294088.6106,6.583814,708,644
AVAXUSDT,2026-04-06,M,6652563.9233,7318695.9172,-666131.9939,-4.767873,352,388
AVAXUSDT,2026-04-06,R1,2811931.1974,2488730.8719,323200.3255,6.097358,15139,14048
AVAXUSDT,2026-04-06,R2,7968856.9005,8436630.6597,-467773.7592,-2.851325,2365,2427
AVAXUSDT,2026-04-06,W,105396.7576,105535.774,-139.0164,-0.065906,1,1
AVAXUSDT,2026-04-07,M,15166210.1514,11564591.6811,3601618.4703,13.473664,766,540
AVAXUSDT,2026-04-07,R1,5422178.4328,4887221.2352,534957.1976,5.189024,27738,21746
AVAXUSDT,2026-04-07,R2,12681175.5011,10850287.6446,1830887.8565,7.780595,4183,3785
AVAXUSDT,2026-04-08,M,5897944.3318,7060370.5789,-1162426.2471,-8.970505,291,337
AVAXUSDT,2026-04-08,R1,2673858.6905,2533375.3764,140483.3141,2.697849,20215,17228
AVAXUSDT,2026-04-08,R2,6303459.281,6220194.4065,83264.8745,0.664861,2032,1830
AVAXUSDT,2026-04-09,M,5231355.0836,7043993.9334,-1812638.8498,-14.766495,266,344
AVAXUSDT,2026-04-09,R1,2239773.3974,1662140.1256,577633.2718,14.803846,13205,13982
AVAXUSDT,2026-04-09,R2,5985572.3871,4927220.0766,1058352.3105,9.698272,2036,1422
AVAXUSDT,2026-04-10,M,4076059.3784,3484660.8883,591398.4901,7.821986,227,189
AVAXUSDT,2026-04-10,R1,1265986.2262,1165035.8378,100950.3884,4.15259,6616,6445
AVAXUSDT,2026-04-10,R2,4436864.9787,4323195.2974,113669.6813,1.29759,1332,1210
AVAXUSDT,2026-04-11,M,3301546.2825,3076703.2347,224843.0478,3.525153,189,157
AVAXUSDT,2026-04-11,R1,913783.324,1040865.3406,-127082.0166,-6.501527,5925,6002
AVAXUSDT,2026-04-11,R2,3407262.9636,3241675.6352,165587.3284,2.490433,1020,954
AVAXUSDT,2026-04-11,W,0.0,403134.9493,-403134.9493,-100.0,0,2
AVAXUSDT,2026-04-12,M,5465207.5653,3863345.3822,1601862.1831,17.171604,286,187
AVAXUSDT,2026-04-12,R1,1097782.1405,1369281.5865,-271499.446,-11.004963,6149,8380
AVAXUSDT,2026-04-12,R2,4233932.4032,4317249.3325,-83316.9293,-0.974332,1240,1439
AVAXUSDT,2026-04-13,M,6510301.1103,7804565.1178,-1294264.0075,-9.041398,322,406
AVAXUSDT,2026-04-13,R1,1902397.8409,1437120.2615,465277.5794,13.932477,10136,7113
AVAXUSDT,2026-04-13,R2,6971190.3756,7156798.4699,-185608.0943,-1.313762,2079,1880
AVAXUSDT,2026-04-14,M,8727762.1386,6778631.9632,1949130.1754,12.569848,448,328
AVAXUSDT,2026-04-14,R1,1478401.2622,2015294.1408,-536892.8786,-15.367478,6936,8548
AVAXUSDT,2026-04-14,R2,6039988.7536,5519133.1534,520855.6002,4.506014,1853,1596
AVAXUSDT,2026-04-14,W,259896.6512,0.0,259896.6512,100.0,2,0
AVAXUSDT,2026-04-15,M,3805778.1359,3687681.4606,118096.6753,1.575997,186,201
AVAXUSDT,2026-04-15,R1,1013516.9195,1001720.2838,11796.6357,0.585372,5111,4944
AVAXUSDT,2026-04-15,R2,5248799.7932,5751373.2108,-502573.4176,-4.568777,1422,1547
AVAXUSDT,2026-04-16,M,6471422.8967,8832708.4446,-2361285.5479,-15.429073,359,481
AVAXUSDT,2026-04-16,R1,3152083.1437,1743056.8058,1409026.3379,28.784189,14903,8630
AVAXUSDT,2026-04-16,R2,8181364.2992,8659150.2346,-477785.9354,-2.837122,2334,2442
AVAXUSDT,2026-04-16,W,249842.047,114119.4285,135722.6185,37.29038,2,1
AVAXUSDT,2026-04-17,M,6156999.0964,6544971.4708,-387972.3744,-3.054427,331,365
AVAXUSDT,2026-04-17,R1,1716927.1152,1967657.7809,-250730.6657,-6.804855,8597,9889
AVAXUSDT,2026-04-17,R2,7881914.0309,7158096.4309,723817.6,4.812614,2144,1907
AVAXUSDT,2026-04-17,W,0.0,132716.1605,-132716.1605,-100.0,0,1
AVAXUSDT,2026-04-18,M,4086630.0868,2643486.29,1443143.7968,21.443073,246,162
AVAXUSDT,2026-04-18,R1,1017326.4423,1887456.138,-870129.6957,-29.955071,5155,10356
AVAXUSDT,2026-04-18,R2,5010898.6393,4092357.636,918541.0033,10.090247,1333,1325
AVAXUSDT,2026-04-18,W,105933.0366,0.0,105933.0366,100.0,1,0
AVAXUSDT,2026-04-19,M,5911190.664,4468665.7828,1442524.8812,13.897349,318,242
AVAXUSDT,2026-04-19,R1,1174412.3544,1468993.0688,-294580.7144,-11.143985,5645,5973
AVAXUSDT,2026-04-19,R2,6262645.4327,6262332.5096,312.9231,0.002498,1622,1917
AVAXUSDT,2026-04-20,M,7562288.0828,8587408.5673,-1025120.4845,-6.347614,369,420
AVAXUSDT,2026-04-20,R1,1505616.9291,1062336.9269,443280.0022,17.261993,6991,5261
AVAXUSDT,2026-04-20,R2,5913869.621,5650756.9691,263112.6519,2.27515,1481,1353
AVAXUSDT,2026-04-20,W,215673.1153,319974.0977,-104300.9824,-19.471955,2,3
AVAXUSDT,2026-04-21,M,4848818.9974,5508073.192,-659254.1946,-6.365367,260,292
AVAXUSDT,2026-04-21,R1,1056926.4592,1005622.8485,51303.6107,2.487388,6598,5111
AVAXUSDT,2026-04-21,R2,5474292.2916,5601081.2276,-126788.936,-1.144782,1590,1499
AVAXUSDT,2026-04-21,W,0.0,123242.9588,-123242.9588,-100.0,0,1
AVAXUSDT,2026-04-22,M,5297992.7465,6132321.874,-834329.1275,-7.299267,268,278
AVAXUSDT,2026-04-22,R1,2107782.4941,1261225.1531,846557.341,25.127795,10034,5699
AVAXUSDT,2026-04-22,R2,5014096.8181,4747836.6587,266260.1594,2.727535,1378,1298
AVAXUSDT,2026-04-22,W,112910.4024,434295.13,-321384.7276,-58.731995,1,3
AVAXUSDT,2026-04-23,M,5027228.6878,5108708.0785,-81479.3907,-0.803866,263,279
AVAXUSDT,2026-04-23,R1,963422.7131,1363294.0452,-399871.3321,-17.186077,4540,7320
AVAXUSDT,2026-04-23,R2,4867868.2828,5039225.5659,-171357.2831,-1.729642,1318,1348
AVAXUSDT,2026-04-23,W,231734.172,102158.5369,129575.6351,38.807567,2,1
AVAXUSDT,2026-04-24,M,2158019.5072,2735818.9617,-577799.4545,-11.806672,123,154
AVAXUSDT,2026-04-24,R1,891401.1708,853667.7897,37733.3811,2.162286,4323,3726
AVAXUSDT,2026-04-24,R2,2701531.6192,2745597.9946,-44066.3754,-0.808983,899,862
AVAXUSDT,2026-04-25,M,2230522.4309,1970769.9202,259752.5107,6.182681,111,97
AVAXUSDT,2026-04-25,R1,522308.0002,479762.9944,42545.0058,4.245708,2961,2619
AVAXUSDT,2026-04-25,R2,1932112.0785,1997823.6125,-65711.534,-1.672077,562,554
AVAXUSDT,2026-04-25,W,0.0,166674.972,-166674.972,-100.0,0,1
AVAXUSDT,2026-04-26,M,2827125.3289,3187882.1645,-360756.8356,-5.997612,133,152
AVAXUSDT,2026-04-26,R1,750754.2494,945402.8594,-194648.61,-11.47586,3958,4247
AVAXUSDT,2026-04-26,R2,2808692.9655,2761672.5859,47020.3796,0.844117,827,753
AVAXUSDT,2026-04-26,W,151664.1334,0.0,151664.1334,100.0,1,0
AVAXUSDT,2026-04-27,M,3090134.1152,3191541.5863,-101407.4711,-1.614338,172,177
AVAXUSDT,2026-04-27,R1,992055.0902,1891219.1313,-899164.0411,-31.185519,5654,8641
AVAXUSDT,2026-04-27,R2,4071819.9793,4960034.5371,-888214.5578,-9.834243,1116,1374
AVAXUSDT,2026-04-28,M,2312423.5939,2436565.2054,-124141.6115,-2.614064,110,131
AVAXUSDT,2026-04-28,R1,689056.3708,1335862.2182,-646805.8474,-31.942314,3466,5507
AVAXUSDT,2026-04-28,R2,2062893.7244,2530551.5476,-467657.8232,-10.180982,586,692
AVAXUSDT,2026-04-29,M,4516098.893,4791854.0833,-275755.1903,-2.962576,243,246
AVAXUSDT,2026-04-29,R1,1084504.4554,1355646.2544,-271141.799,-11.111682,6192,7131
AVAXUSDT,2026-04-29,R2,4229070.3142,4334490.5085,-105420.1943,-1.231032,1131,1212
AVAXUSDT,2026-04-29,W,0.0,276849.3772,-276849.3772,-100.0,0,2
AVAXUSDT,2026-04-30,M,1945840.0455,2391410.2464,-445570.2009,-10.273103,102,113
AVAXUSDT,2026-04-30,R1,574508.8555,547486.5424,27022.3131,2.408416,3405,4057
AVAXUSDT,2026-04-30,R2,2441493.866,2618173.3212,-176679.4552,-3.491919,656,659
AVAXUSDT,2026-04-30,W,0.0,118868.442,-118868.442,-100.0,0,1
AVAXUSDT,2026-05-01,M,2157703.1166,2365790.09,-208086.9734,-4.600139,107,115
AVAXUSDT,2026-05-01,R1,590276.0141,783605.5321,-193329.518,-14.071775,3643,4727
AVAXUSDT,2026-05-01,R2,2568710.6401,2380433.112,188277.5281,3.804244,702,726
AVAXUSDT,2026-05-02,M,1573145.8657,2036473.2777,-463327.412,-12.835909,80,92
AVAXUSDT,2026-05-02,R1,548514.9508,457700.6846,90814.2662,9.025328,3469,2517
AVAXUSDT,2026-05-02,R2,1505901.633,1367668.0574,138233.5756,4.810518,481,415
AVAXUSDT,2026-05-03,M,2604482.8045,2377009.1005,227473.704,4.566377,140,131
AVAXUSDT,2026-05-03,R1,746265.8308,988576.0387,-242310.2079,-13.967279,4137,4644
AVAXUSDT,2026-05-03,R2,2562279.0212,2534125.6893,28153.3319,0.552416,695,737
AVAXUSDT,2026-05-04,M,4845917.5168,4750975.7147,94941.8021,0.989297,250,247
AVAXUSDT,2026-05-04,R1,1771209.6485,1461873.2794,309336.3691,9.567845,8688,7215
AVAXUSDT,2026-05-04,R2,5932370.8924,5596785.7051,335585.1873,2.910752,1747,1654
AVAXUSDT,2026-05-05,M,3980517.2682,4655469.5199,-674952.2517,-7.815578,216,245
AVAXUSDT,2026-05-05,R1,1166628.6678,919492.7911,247135.8767,11.846668,5690,5309
AVAXUSDT,2026-05-05,R2,3571403.1066,3907089.3612,-335686.2546,-4.488689,1029,1032
AVAXUSDT,2026-05-06,M,6960324.2637,6575540.1609,384784.1028,2.842701,324,304
AVAXUSDT,2026-05-06,R1,1654079.1969,1088113.3471,565965.8498,20.639173,7747,5996
AVAXUSDT,2026-05-06,R2,7970488.9694,5959220.8438,2011268.1256,14.438694,2187,1473
AVAXUSDT,2026-05-07,M,4639358.3631,3939603.98,699754.3831,8.156632,263,226
AVAXUSDT,2026-05-07,R1,1144309.7524,1094459.2754,49850.477,2.226691,5840,5359
AVAXUSDT,2026-05-07,R2,5319084.3472,5249182.8281,69901.5191,0.661428,1403,1420
AVAXUSDT,2026-05-08,M,6175872.7499,5909607.7816,266264.9683,2.203181,316,311
AVAXUSDT,2026-05-08,R1,2422611.0578,1408354.418,1014256.6398,26.475223,15915,9562
AVAXUSDT,2026-05-08,R2,5670538.442,5006372.795,664165.647,6.220579,1873,1434
AVAXUSDT,2026-05-08,W,232424.2732,0.0,232424.2732,100.0,2,0
AVAXUSDT,2026-05-09,M,4118569.8164,3841456.5231,277113.2933,3.481311,208,196
AVAXUSDT,2026-05-09,R1,1046079.5502,911197.3272,134882.223,6.891321,7078,5419
AVAXUSDT,2026-05-09,R2,4314552.7929,3740412.7607,574140.0322,7.127778,1174,1029
AVAXUSDT,2026-05-09,W,233239.0323,231422.7656,1816.2667,0.390879,2,2
AVAXUSDT,2026-05-10,M,4926845.2262,5593867.5284,-667022.3022,-6.340087,268,315
AVAXUSDT,2026-05-10,R1,2395095.2544,1726346.0172,668749.2372,16.226101,12592,9713
AVAXUSDT,2026-05-10,R2,7181985.8188,6015447.2923,1166538.5265,8.839132,2219,1805
AVAXUSDT,2026-05-10,W,115971.8112,106120.6,9851.2112,4.435636,1,1
AVAXUSDT,2026-05-11,M,3310634.5846,3528486.4131,-217851.8285,-3.185378,172,188
AVAXUSDT,2026-05-11,R1,1346613.1204,1193579.9979,153033.1225,6.024468,7608,7533
AVAXUSDT,2026-05-11,R2,4581355.5781,4718913.8511,-137558.273,-1.479078,1351,1378
AVAXUSDT,2026-05-11,W,118466.69,0.0,118466.69,100.0,1,0
AVAXUSDT,2026-05-12,M,2884140.2806,4067815.7587,-1183675.4781,-17.02651,160,202
AVAXUSDT,2026-05-12,R1,1224066.9374,1410260.775,-186193.8376,-7.067983,7189,8758
AVAXUSDT,2026-05-12,R2,3771307.2162,4820316.3288,-1049009.1126,-12.209673,1053,1412
AVAXUSDT,2026-05-12,W,0.0,111529.6412,-111529.6412,-100.0,0,1
AVAXUSDT,2026-05-13,M,3101711.3875,3153309.6419,-51598.2544,-0.824909,161,180
AVAXUSDT,2026-05-13,R1,1955761.6705,1644581.6025,311180.068,8.643067,14868,8757
AVAXUSDT,2026-05-13,R2,3954691.9139,4579936.692,-625244.7781,-7.325975,1179,1488
AVAXUSDT,2026-05-14,M,3597785.8254,3770440.7597,-172654.9343,-2.343236,186,193
AVAXUSDT,2026-05-14,R1,1611640.6037,1282617.4988,329023.1049,11.368133,12097,6309
AVAXUSDT,2026-05-14,R2,4053401.4662,4525801.8517,-472400.3855,-5.506343,1153,1495
AVAXUSDT,2026-05-14,W,0.0,117693.3416,-117693.3416,-100.0,0,1
AVAXUSDT,2026-05-15,M,1774459.4394,2544717.8273,-770258.3879,-17.833452,106,145
AVAXUSDT,2026-05-15,R1,1152949.9172,2470107.7077,-1317157.7905,-36.354867,6425,14652
AVAXUSDT,2026-05-15,R2,2956204.792,3847304.6946,-891099.9026,-13.097651,920,1250
AVAXUSDT,2026-05-16,M,1438133.8516,2211825.8597,-773692.0081,-21.197275,79,114
AVAXUSDT,2026-05-16,R1,842193.0522,1115369.706,-273176.6538,-13.954937,5409,6413
AVAXUSDT,2026-05-16,R2,2130072.7708,3961468.1283,-1831395.3575,-30.064566,636,1352
AVAXUSDT,2026-05-17,M,2652640.6566,2425225.7733,227414.8833,4.478552,131,123
AVAXUSDT,2026-05-17,R1,1033259.9723,1209367.0889,-176107.1166,-7.852715,6536,6932
AVAXUSDT,2026-05-17,R2,2869942.5482,3171315.189,-301372.6408,-4.988574,841,1040
AVAXUSDT,2026-05-18,M,2071608.2354,2764066.1176,-692457.8822,-14.319779,110,133
AVAXUSDT,2026-05-18,R1,1394784.8805,1054916.0502,339868.8303,13.873891,8087,6135
AVAXUSDT,2026-05-18,R2,3414849.5812,3494041.7272,-79192.146,-1.146235,1046,1213
AVAXUSDT,2026-05-19,M,1219556.5209,1251592.063,-32035.5421,-1.296383,71,75
AVAXUSDT,2026-05-19,R1,993486.8815,604648.8193,388838.0622,24.330729,7217,3304
AVAXUSDT,2026-05-19,R2,2774370.2696,2692558.9055,81811.3641,1.496477,1004,807
AVAXUSDT,2026-05-20,M,602774.1279,405188.5729,197585.555,19.602467,35,25
AVAXUSDT,2026-05-20,R1,2352947.3415,1984199.0054,368748.3361,8.502096,15981,17057
AVAXUSDT,2026-05-20,R2,4224773.0516,3293200.2623,931572.7893,12.391276,1838,1467
AVAXUSDT,2026-05-21,M,1995461.824,2973762.3558,-978300.5318,-19.687189,116,162
AVAXUSDT,2026-05-21,R1,4734757.5943,3694754.2342,1040003.3601,12.337646,37868,29413
AVAXUSDT,2026-05-21,R2,7711822.9056,6607556.1655,1104266.7401,7.711694,2999,2458
AVAXUSDT,2026-05-22,M,635852.7182,912907.2717,-277054.5535,-17.888798,29,54
AVAXUSDT,2026-05-22,R1,4111132.9066,4598105.329,-486972.4224,-5.591447,30895,34183
AVAXUSDT,2026-05-22,R2,5118492.5271,6346266.652,-1227774.1249,-10.709114,2167,2625
AVAXUSDT,2026-05-23,M,935004.5908,1767992.902,-832988.3112,-30.817206,58,94
AVAXUSDT,2026-05-23,R1,5729882.8883,4620873.5023,1109009.386,10.714284,36315,26551
AVAXUSDT,2026-05-23,R2,7247212.985,9291166.4869,-2043953.5019,-12.35885,2973,3824
AVAXUSDT,2026-05-23,W,107696.9696,237082.027,-129385.0574,-37.526955,1,1
AVAXUSDT,2026-05-24,M,239498.0541,361778.8143,-122280.7602,-20.336848,15,25
AVAXUSDT,2026-05-24,R1,2006754.5999,2795559.9306,-788805.3307,-16.425524,14543,22599
AVAXUSDT,2026-05-24,R2,2162621.9153,3008369.6242,-845747.7089,-16.35562,900,1145
AVAXUSDT,2026-05-25,M,560242.7683,209327.7833,350914.985,45.598806,37,16
AVAXUSDT,2026-05-25,R1,2519157.5462,1905692.0504,613465.4958,13.864098,20488,13715
AVAXUSDT,2026-05-25,R2,3885999.6496,2853668.4533,1032331.1963,15.317241,1480,1053
AVAXUSDT,2026-05-26,M,345643.0738,448763.9144,-103120.8406,-12.980858,23,32
AVAXUSDT,2026-05-26,R1,3074344.2396,3781078.2967,-706734.0571,-10.309125,25839,29551
AVAXUSDT,2026-05-26,R2,3882694.1014,4395643.8834,-512949.782,-6.196289,1495,1629
AVAXUSDT,2026-05-27,M,491467.4294,828422.3326,-336954.9032,-25.529019,35,48
AVAXUSDT,2026-05-27,R1,2765842.5754,3143360.222,-377517.6466,-6.388639,24827,22507
AVAXUSDT,2026-05-27,R2,3780978.1156,3932622.0529,-151643.9373,-1.965929,1417,1520
AVAXUSDT,2026-05-28,M,637284.2683,483898.6486,153385.6197,13.680695,36,30
AVAXUSDT,2026-05-28,R1,3889451.724,3989531.6345,-100079.9105,-1.270214,34796,29399
AVAXUSDT,2026-05-28,R2,5324107.539,5694527.7545,-370420.2155,-3.361761,2096,2277
AVAXUSDT,2026-05-29,M,106289.5501,264994.2538,-158704.7037,-42.74485,8,19
AVAXUSDT,2026-05-29,R1,2745497.2888,2971748.2541,-226250.9653,-3.957342,23568,22303
AVAXUSDT,2026-05-29,R2,3615846.8513,3625923.8885,-10077.0372,-0.139152,1492,1553
AVAXUSDT,2026-05-30,M,134902.9313,288068.384,-153165.4527,-36.211782,11,17
AVAXUSDT,2026-05-30,R1,1652733.3914,1322322.3593,330411.0321,11.106045,14026,10617
AVAXUSDT,2026-05-30,R2,2751538.4935,2178962.5984,572575.8951,11.612935,1111,860
AVAXUSDT,2026-05-31,M,111321.6694,219351.4904,-108029.821,-32.669667,9,16
AVAXUSDT,2026-05-31,R1,1805886.0264,1807987.1633,-2101.1369,-0.058141,13698,12820
AVAXUSDT,2026-05-31,R2,2701350.568,2840533.178,-139182.61,-2.511468,1272,1235
AVAXUSDT,2026-06-01,M,276066.9028,435079.9357,-159013.0329,-22.360084,15,19
AVAXUSDT,2026-06-01,R1,3928469.963,3392640.4158,535829.5472,7.318966,32142,28817
AVAXUSDT,2026-06-01,R2,4466046.28,4296018.8134,170027.4666,1.940495,2114,1904
AVAXUSDT,2026-06-02,M,294617.6838,420234.1019,-125616.4181,-17.572372,14,30
AVAXUSDT,2026-06-02,R1,4675246.8067,5440889.9905,-765643.1838,-7.568533,42028,49587
AVAXUSDT,2026-06-02,R2,4953734.3331,6973757.7175,-2020023.3844,-16.93586,2361,3204
AVAXUSDT,2026-06-02,W,102445.7836,156102.84,-53657.0564,-20.753178,1,1
AVAXUSDT,2026-06-03,M,1074229.974,1176614.7064,-102384.7324,-4.548725,75,86
AVAXUSDT,2026-06-03,R1,4464221.4929,4197802.8594,266418.6335,3.075709,42454,40771
AVAXUSDT,2026-06-03,R2,9389297.7023,8724587.4303,664710.272,3.669617,3909,3559
AVAXUSDT,2026-06-04,M,559298.2379,728964.3455,-169666.1076,-13.170149,32,54
AVAXUSDT,2026-06-04,R1,6358417.3518,5961372.595,397044.7568,3.222821,59094,53819
AVAXUSDT,2026-06-04,R2,11419518.4245,12542813.9593,-1123295.5348,-4.687755,4682,5036
AVAXUSDT,2026-06-05,M,343489.3084,479766.6549,-136277.3465,-16.55346,19,27
AVAXUSDT,2026-06-05,R1,11975272.0015,11471328.5711,503943.4304,2.149324,98335,95872
AVAXUSDT,2026-06-05,R2,10411038.5152,11862359.0337,-1451320.5185,-6.515937,5341,5701
AVAXUSDT,2026-06-06,M,108268.159,164834.2012,-56566.0422,-20.712396,6,9
AVAXUSDT,2026-06-06,R1,5951001.513,5652702.1126,298299.4004,2.570726,47762,55908
AVAXUSDT,2026-06-06,R2,4131566.8582,4394598.9053,-263032.0471,-3.084998,2070,2228
AVAXUSDT,2026-06-07,M,299922.0146,340879.1236,-40957.109,-6.391547,13,22
AVAXUSDT,2026-06-07,R1,5110512.1411,4875478.1213,235034.0198,2.353638,38016,40001
AVAXUSDT,2026-06-07,R2,4534422.1116,5007747.275,-473325.1634,-4.960352,2304,2425
AVAXUSDT,2026-06-08,M,321173.8403,471249.3658,-150075.5255,-18.93881,17,24
AVAXUSDT,2026-06-08,R1,4549737.27,4302563.7149,247173.5551,2.792196,32555,36007
AVAXUSDT,2026-06-08,R2,4150202.6603,4591430.441,-441227.7807,-5.04743,2060,2171
AVAXUSDT,2026-06-09,M,455362.4067,288686.4927,166675.914,22.401204,15,17
AVAXUSDT,2026-06-09,R1,3388245.7726,3850135.4407,-461889.6681,-6.381118,26689,31132
AVAXUSDT,2026-06-09,R2,3141866.1295,4365591.6801,-1223725.5506,-16.300132,1632,2068
AVAXUSDT,2026-06-10,M,35818.7057,149532.7694,-113714.0637,-61.350504,3,11
AVAXUSDT,2026-06-10,R1,3671772.5583,4535900.9705,-864128.4122,-10.528299,34516,40836
AVAXUSDT,2026-06-10,R2,4866522.5377,5634522.3506,-767999.8129,-7.313556,2341,2711
AVAXUSDT,2026-06-11,M,253043.7646,197073.1509,55970.6137,12.434683,13,11
AVAXUSDT,2026-06-11,R1,3634192.6417,2905935.6255,728257.0162,11.13521,24232,23024
AVAXUSDT,2026-06-11,R2,4397558.4264,4249961.4751,147596.9513,1.706813,2203,2017
AVAXUSDT,2026-06-11,W,0.0,144110.135,-144110.135,-100.0,0,1
AVAXUSDT,2026-06-12,M,53082.8145,130789.5464,-77706.7319,-42.261236,3,7
AVAXUSDT,2026-06-12,R1,1917071.5597,2063163.8408,-146092.2811,-3.670443,15904,17807
AVAXUSDT,2026-06-12,R2,2443104.7799,2668065.9622,-224961.1823,-4.401363,1305,1403
AVAXUSDT,2026-06-13,M,86739.4364,105105.877,-18366.4406,-9.573568,6,6
AVAXUSDT,2026-06-13,R1,1603988.687,1295960.037,308028.65,10.621865,11442,11543
AVAXUSDT,2026-06-13,R2,1827467.573,1422583.5388,404884.0342,12.457774,782,695
AVAXUSDT,2026-06-14,M,359430.2037,329561.8785,29868.3252,4.335075,22,16
AVAXUSDT,2026-06-14,R1,2677312.5325,3112184.5946,-434872.0621,-7.511396,19618,20479
AVAXUSDT,2026-06-14,R2,2638212.955,3022610.128,-384397.173,-6.790482,1175,1384
AVAXUSDT,2026-06-15,M,683502.6478,814945.9259,-131443.2781,-8.771958,40,37
AVAXUSDT,2026-06-15,R1,3981447.2171,3742354.5032,239092.7139,3.095531,27208,27223
AVAXUSDT,2026-06-15,R2,5340243.7255,4728203.7722,612039.9533,6.078792,2454,2126
AVAXUSDT,2026-06-15,W,0.0,102210.1622,-102210.1622,-100.0,0,1
AVAXUSDT,2026-06-16,M,416104.5141,228849.8349,187254.6792,29.033788,22,14
AVAXUSDT,2026-06-16,R1,2392751.8936,2391261.0617,1490.8319,0.031163,21433,20530
AVAXUSDT,2026-06-16,R2,3992259.1868,4569765.9467,-577506.7599,-6.744979,1865,2023
AVAXUSDT,2026-06-17,M,332217.2373,417061.688,-84844.4507,-11.32348,24,27
AVAXUSDT,2026-06-17,R1,3250171.0654,3487505.9307,-237334.8653,-3.522503,30187,36062
AVAXUSDT,2026-06-17,R2,5855449.6168,6179918.0688,-324468.452,-2.695958,2651,2630
AVAXUSDT,2026-06-18,M,534700.357,784173.9468,-249473.5898,-18.915646,25,43
AVAXUSDT,2026-06-18,R1,4399847.0738,5263987.7722,-864140.6984,-8.942006,34375,37872
AVAXUSDT,2026-06-18,R2,6293635.6723,6277344.7345,16290.9378,0.129592,3033,2915
AVAXUSDT,2026-06-19,M,532453.7508,1489701.6514,-957247.9006,-47.337999,39,90
AVAXUSDT,2026-06-19,R1,8614619.9999,11657867.7344,-3043247.7345,-15.011713,52043,65008
AVAXUSDT,2026-06-19,R2,12887470.3335,11779925.4183,1107544.9152,4.489914,6186,5482
AVAXUSDT,2026-06-19,W,0.0,323890.7593,-323890.7593,-100.0,0,2
AVAXUSDT,2026-06-20,M,2149926.0857,1128816.5538,1021109.5319,31.143327,91,68
AVAXUSDT,2026-06-20,R1,9028840.4094,6624104.0698,2404736.3396,15.362837,58048,39439
AVAXUSDT,2026-06-20,R2,9669307.0809,11926666.6537,-2257359.5728,-10.452687,4366,5003
AVAXUSDT,2026-06-20,W,558075.456,0.0,558075.456,100.0,5,0
AVAXUSDT,2026-06-21,M,215145.3876,209057.3051,6088.0825,1.435182,16,11
AVAXUSDT,2026-06-21,R1,3192627.3244,3038495.4331,154131.8913,2.473581,21949,26502
AVAXUSDT,2026-06-21,R2,3517118.9913,3615889.783,-98770.7917,-1.3847,1675,1723
AVAXUSDT,2026-06-22,M,283781.6783,322724.1422,-38942.4639,-6.42079,16,23
AVAXUSDT,2026-06-22,R1,4297028.4663,3014428.6333,1282599.833,17.542329,32915,31001
AVAXUSDT,2026-06-22,R2,4705631.0106,3566270.0847,1139360.9259,13.77387,2278,1713
AVAXUSDT,2026-06-23,M,972189.5789,611429.8793,360759.6996,22.780706,45,42
AVAXUSDT,2026-06-23,R1,6170029.4241,4603122.2039,1566907.2202,14.544557,43485,37967
AVAXUSDT,2026-06-23,R2,8041958.4745,7019614.5527,1022343.9218,6.787763,3745,3088
AVAXUSDT,2026-06-24,M,65858.9221,289566.0294,-223707.1073,-62.940744,5,20
AVAXUSDT,2026-06-24,R1,5245746.613,4569272.0816,676474.5314,6.892239,36660,38976
AVAXUSDT,2026-06-24,R2,5875131.6185,6357170.1297,-482038.5112,-3.940702,2962,2916
AVAXUSDT,2026-06-25,M,243919.8905,606483.3657,-362563.4752,-42.6343,15,41
AVAXUSDT,2026-06-25,R1,5392085.0862,5243210.9736,148874.1126,1.399812,45899,66869
AVAXUSDT,2026-06-25,R2,6880427.7417,6818560.6719,61867.0698,0.451618,3310,3073
AVAXUSDT,2026-06-26,M,287135.6775,120857.3213,166278.3562,40.755198,19,9
AVAXUSDT,2026-06-26,R1,5191452.7074,4682260.7604,509191.947,5.157046,59522,53032
AVAXUSDT,2026-06-26,R2,5099024.4808,5481842.198,-382817.7172,-3.618019,2518,2696
AVAXUSDT,2026-06-27,M,152493.235,186981.4324,-34488.1974,-10.159285,9,13
AVAXUSDT,2026-06-27,R1,3611328.6084,3231589.1711,379739.4373,5.549379,28254,25454
AVAXUSDT,2026-06-27,R2,4299073.5842,4012541.6743,286531.9099,3.447367,2043,2009
AVAXUSDT,2026-06-28,M,174770.0368,107734.3482,67035.6886,23.729079,9,9
AVAXUSDT,2026-06-28,R1,2039849.9132,2095730.1742,-55880.261,-1.351207,19699,25616
AVAXUSDT,2026-06-28,R2,2587108.515,2243033.3494,344075.1656,7.1235,1207,1052
AVAXUSDT,2026-06-29,M,367326.4875,374918.1222,-7591.6347,-1.022794,23,22
AVAXUSDT,2026-06-29,R1,4876496.7463,4666726.0298,209770.7165,2.198112,43988,53305
AVAXUSDT,2026-06-29,R2,5442586.5513,5117694.5642,324891.9871,3.076547,2654,2438
AVAXUSDT,2026-06-30,M,268527.9818,181870.4131,86657.5687,19.240204,12,12
AVAXUSDT,2026-06-30,R1,2338714.2951,2781997.6759,-443283.3808,-8.656675,21238,31067
AVAXUSDT,2026-06-30,R2,2600943.6264,2723358.1086,-122414.4822,-2.299165,1221,1241
AVAXUSDT,2026-07-01,M,207510.481,253701.4692,-46190.9882,-10.015133,13,13
AVAXUSDT,2026-07-01,R1,3512112.4748,3922989.7143,-410877.2395,-5.526181,30858,30472
AVAXUSDT,2026-07-01,R2,3662841.7377,3009662.2959,653179.4418,9.78912,1772,1472
AVAXUSDT,2026-07-02,M,176938.6998,151493.482,25445.2178,7.74748,11,10
AVAXUSDT,2026-07-02,R1,3014062.6392,4139635.9876,-1125573.3484,-15.734145,20209,31731
AVAXUSDT,2026-07-02,R2,3424903.9346,3176712.5961,248191.3385,3.759554,1706,1487
AVAXUSDT,2026-07-03,M,282510.9682,365962.5212,-83451.553,-12.868923,19,24
AVAXUSDT,2026-07-03,R1,2814412.8305,4236973.1492,-1422560.3187,-20.174194,20537,20952
AVAXUSDT,2026-07-03,R2,3607438.9801,3199324.0397,408114.9404,5.995727,1643,1494
AVAXUSDT,2026-07-04,M,118911.1573,87882.8067,31028.3506,15.004476,10,7
AVAXUSDT,2026-07-04,R1,1775309.1496,2464599.441,-689290.2914,-16.257197,13490,18084
AVAXUSDT,2026-07-04,R2,1823323.0502,2142606.744,-319283.6938,-8.050664,893,920
AVAXUSDT,2026-07-05,M,196599.8972,401880.605,-205280.7078,-34.300317,15,23
AVAXUSDT,2026-07-05,R1,2116141.9035,2606734.0326,-490592.1291,-10.387572,16404,20510
AVAXUSDT,2026-07-05,R2,2231979.2143,2525165.2524,-293186.0381,-6.163068,1070,1158
AVAXUSDT,2026-07-06,M,277027.9141,361121.5594,-84093.6453,-13.177735,15,30
AVAXUSDT,2026-07-06,R1,3095837.8585,2646920.5034,448917.3551,7.817103,24518,28044
AVAXUSDT,2026-07-06,R2,2854363.2845,3869409.8694,-1015046.5849,-15.096384,1439,1619
AVAXUSDT,2026-07-07,M,590497.4258,550144.667,40352.7588,3.537723,27,33
AVAXUSDT,2026-07-07,R1,2279634.9596,2547763.8603,-268128.9007,-5.554314,18852,25209
AVAXUSDT,2026-07-07,R2,2593796.9155,3048777.3277,-454980.4122,-8.063348,1152,1313
AVAXUSDT,2026-07-07,W,131523.5475,109775.157,21748.3905,9.013057,1,1
AVAXUSDT,2026-07-08,M,207513.6064,580299.784,-372786.1776,-47.319096,13,29
AVAXUSDT,2026-07-08,R1,2938387.193,3127014.5323,-188627.3393,-3.10989,24159,44607
AVAXUSDT,2026-07-08,R2,2783961.803,3129343.7835,-345381.9805,-5.84076,1466,1495
AVAXUSDT,2026-07-09,M,676149.1956,567611.8199,108537.3757,8.726546,32,34
AVAXUSDT,2026-07-09,R1,2897164.8625,2374109.0836,523055.7789,9.922758,34481,19149
AVAXUSDT,2026-07-09,R2,2838562.859,3408485.3215,-569922.4625,-9.123068,1360,1495
AVAXUSDT,2026-07-10,M,180558.4546,94887.0831,85671.3715,31.102835,11,6
AVAXUSDT,2026-07-10,R1,1692378.1697,1464839.4236,227538.7461,7.206939,15510,12757
AVAXUSDT,2026-07-10,R2,1696850.1933,1661105.4998,35744.6935,1.064478,784,749
AVAXUSDT,2026-07-10,W,102199.3945,0.0,102199.3945,100.0,1,0
AVAXUSDT,2026-07-11,M,94264.4544,159733.0376,-65468.5832,-25.775287,7,12
AVAXUSDT,2026-07-11,R1,1067978.8188,1250323.6997,-182344.8809,-7.865448,9027,9344
AVAXUSDT,2026-07-11,R2,1503930.2518,1644216.6205,-140286.3687,-4.456157,686,720
AVAXUSDT,2026-07-12,M,115934.014,281689.5343,-165755.5203,-41.686545,9,17
AVAXUSDT,2026-07-12,R1,2492376.9805,2928596.6213,-436219.6408,-8.046887,17193,41465
AVAXUSDT,2026-07-12,R2,3253756.1217,2993558.1073,260198.0144,4.164958,1546,1321
AVAXUSDT,2026-07-13,M,168642.0589,183786.6735,-15144.6146,-4.297213,11,12
AVAXUSDT,2026-07-13,R1,3298783.4535,3166641.6971,132141.7564,2.043822,38365,26596
AVAXUSDT,2026-07-13,R2,4009770.211,4584062.2817,-574292.0707,-6.682607,1908,2116
AVAXUSDT,2026-07-14,M,104943.8085,281389.8084,-176445.9999,-45.671925,8,18
AVAXUSDT,2026-07-14,R1,2362593.2231,2098483.8898,264109.3333,5.920304,29632,17870
AVAXUSDT,2026-07-14,R2,2944763.4553,2763534.2156,181229.2397,3.174839,1325,1258
AVAXUSDT,2026-07-15,M,163832.276,350810.3445,-186978.0685,-36.331633,10,17
AVAXUSDT,2026-07-15,R1,1975326.7522,1571467.5493,403859.2029,11.386598,15230,12911
AVAXUSDT,2026-07-15,R2,2479179.1498,2354300.6252,124878.5246,2.583615,1147,1101
AVAXUSDT,2026-07-16,M,286532.2401,225279.3174,61252.9227,11.967866,19,15
AVAXUSDT,2026-07-16,R1,1629072.2889,1931221.1,-302148.8111,-8.486627,12632,13661
AVAXUSDT,2026-07-16,R2,2115408.5705,2203292.1489,-87883.5784,-2.034954,995,1023
AVAXUSDT,2026-07-16,W,293916.8379,0.0,293916.8379,100.0,2,0
AVAXUSDT,2026-07-17,M,346869.9492,122791.9842,224077.965,47.71048,17,7
AVAXUSDT,2026-07-17,R1,1885001.1078,1764686.9461,120314.1617,3.29656,15959,17574
AVAXUSDT,2026-07-17,R2,1887473.0536,2161722.1607,-274249.1071,-6.772929,937,1002
AVAXUSDT,2026-07-18,M,115635.8333,195688.0229,-80052.1896,-25.713477,8,13
AVAXUSDT,2026-07-18,R1,1012334.1841,835343.6306,176990.5535,9.579081,8601,6747
AVAXUSDT,2026-07-18,R2,1134815.9102,1226486.2688,-91670.3586,-3.882195,505,532
AVAXUSDT,2026-07-19,M,121334.4918,215435.318,-94100.8262,-27.94218,9,12
AVAXUSDT,2026-07-19,R1,1218338.5646,1663700.3304,-445361.7658,-15.45301,10207,18516
AVAXUSDT,2026-07-19,R2,1728215.6727,1394699.858,333515.8147,10.67963,760,644
AVAXUSDT,2026-07-20,M,248066.0786,171649.635,76416.4436,18.206715,13,10
AVAXUSDT,2026-07-20,R1,2070643.5667,2039586.2767,31057.29,0.75561,26215,23142
AVAXUSDT,2026-07-20,R2,1956034.3499,2397176.8285,-441142.4786,-10.133726,933,1082
AVAXUSDT,2026-07-21,M,216150.6473,190080.6254,26070.0219,6.417532,10,11
AVAXUSDT,2026-07-21,R1,1528829.0728,1405528.0627,123301.0101,4.201977,13492,12929
AVAXUSDT,2026-07-21,R2,1979883.6945,1908839.571,71044.1235,1.826927,860,813
AVAXUSDT,2026-07-22,M,209078.6123,319468.8832,-110390.2709,-20.885592,15,15
AVAXUSDT,2026-07-22,R1,1516926.3986,1407547.8172,109378.5814,3.740111,14397,17629
AVAXUSDT,2026-07-22,R2,1855301.3153,1830625.7866,24675.5287,0.669452,805,813
AVAXUSDT,2026-07-23,M,188333.7895,455586.9835,-267253.194,-41.504049,10,26
AVAXUSDT,2026-07-23,R1,1943931.2456,2501673.008,-557741.7624,-12.545916,15215,20079
AVAXUSDT,2026-07-23,R2,2838173.223,2708516.6052,129656.6178,2.337549,1293,1258
AVAXUSDT,2026-07-24,M,310272.7786,406536.1579,-96263.3793,-13.429433,16,25
AVAXUSDT,2026-07-24,R1,1841175.4086,3044133.2018,-1202957.7932,-24.623988,14288,23002
AVAXUSDT,2026-07-24,R2,2078409.9416,2288932.9515,-210523.0099,-4.820391,927,985
AVAXUSDT,2026-07-24,W,0.0,160699.5761,-160699.5761,-100.0,0,1
AVAXUSDT,2026-07-25,M,1157283.7554,716525.2847,440758.4707,23.522059,67,43
AVAXUSDT,2026-07-25,R1,6740024.6818,4062536.0165,2677488.6653,24.785685,87064,25440
AVAXUSDT,2026-07-25,R2,6395797.8481,6327605.0296,68192.8185,0.535964,2784,2777
AVAXUSDT,2026-07-25,W,0.0,131329.486,-131329.486,-100.0,0,1
AVAXUSDT,2026-07-26,M,163845.5909,189578.7471,-25733.1562,-7.281093,12,16
AVAXUSDT,2026-07-26,R1,2650378.1423,2269906.5064,380471.6359,7.732716,23213,15144
AVAXUSDT,2026-07-26,R2,2924517.3242,2793513.69,131003.6342,2.291062,1413,1274
AVAXUSDT,2026-07-27,M,150284.0165,245597.2723,-95313.2558,-24.076221,11,17
AVAXUSDT,2026-07-27,R1,2119225.78,4118353.1792,-1999127.3992,-32.049733,17279,34735
AVAXUSDT,2026-07-27,R2,2996244.1389,3258567.7335,-262323.5946,-4.193949,1288,1413
AVAXUSDT,2026-07-28,M,91442.9573,32929.1315,58513.8258,47.047393,7,3
AVAXUSDT,2026-07-28,R1,1509427.8017,1725459.6278,-216031.8261,-6.678187,12341,19556
AVAXUSDT,2026-07-28,R2,1770925.1435,2125298.6125,-354373.469,-9.095306,808,932
AVAXUSDT,2026-07-29,M,77385.6149,178063.3067,-100677.6918,-39.412064,7,9
AVAXUSDT,2026-07-29,R1,1727588.2087,2254569.0997,-526980.891,-13.233553,14005,34843
AVAXUSDT,2026-07-29,R2,1938824.8621,2119729.1479,-180904.2858,-4.457358,964,998
AVAXUSDT,2026-07-30,M,218794.4191,170265.5412,48528.8779,12.473367,16,9
AVAXUSDT,2026-07-30,R1,1064075.0275,975152.2845,88922.743,4.36061,8422,10910
AVAXUSDT,2026-07-30,R2,1137339.2615,1428122.2566,-290782.9951,-11.33453,545,650
AVAXUSDT,2026-07-31,M,82232.6281,55976.5945,26256.0336,18.997309,5,4
AVAXUSDT,2026-07-31,R1,1118322.8287,1340718.3061,-222395.4774,-9.043992,10745,17218
AVAXUSDT,2026-07-31,R2,1215554.1784,1462438.147,-246883.9686,-9.218995,578,691
AVAXUSDT,2026-08-01,M,52563.1178,170330.1911,-117767.0733,-52.835625,3,11
AVAXUSDT,2026-08-01,R1,1823416.013,2207498.9874,-384082.9744,-9.528431,14065,41748
AVAXUSDT,2026-08-01,R2,1613474.1109,1403244.6212,210229.4897,6.968813,781,603
AVAXUSDT,2026-08-02,M,271625.8703,128754.7449,142871.1254,35.683827,15,11
AVAXUSDT,2026-08-02,R1,4953199.3453,3587810.1055,1365389.2398,15.986275,61690,23318
AVAXUSDT,2026-08-02,R2,3481302.9878,4101506.9194,-620203.9316,-8.179078,1642,1928
AVAXUSDT,2026-08-03,M,44867.567,179151.6314,-134284.0644,-59.943105,3,13
AVAXUSDT,2026-08-03,R1,1946587.5727,2123046.3782,-176458.8055,-4.335987,16445,17267
AVAXUSDT,2026-08-03,R2,1940609.0378,1990828.8161,-50219.7783,-1.27739,927,938
AVAXUSDT,2026-08-04,M,313704.0964,248358.0223,65346.0741,11.62613,19,17
AVAXUSDT,2026-08-04,R1,5417375.8688,4358228.5601,1059147.3087,10.834597,83056,30368
AVAXUSDT,2026-08-04,R2,4248592.1762,3983143.384,265448.7922,3.2247,1908,1886
AVAXUSDT,2026-08-05,M,38145.9184,118229.3631,-80083.4447,-51.212342,2,9
AVAXUSDT,2026-08-05,R1,1861223.4384,2245288.8088,-384065.3704,-9.352593,12715,17195
AVAXUSDT,2026-08-05,R2,2129464.579,2396605.8151,-267141.2361,-5.902278,980,1094
AVAXUSDT,2026-08-06,M,99820.2486,278105.5734,-178285.3248,-47.174687,6,18
AVAXUSDT,2026-08-06,R1,2726577.0993,4482633.2182,-1756056.1189,-24.358509,16133,58149
AVAXUSDT,2026-08-06,R2,3197234.2344,3049668.8846,147565.3498,2.362216,1451,1423
AVAXUSDT,2026-08-07,M,107142.6622,203783.1907,-96640.5285,-31.081535,7,15
AVAXUSDT,2026-08-07,R1,1458411.8436,1372200.8484,86210.9952,3.045666,10581,16812
AVAXUSDT,2026-08-07,R2,1634413.1952,1693345.5368,-58932.3416,-1.770932,839,796
AVAXUSDT,2026-08-08,M,0.0,34108.2548,-34108.2548,-100.0,0,3
AVAXUSDT,2026-08-08,R1,1195155.5455,1138760.9701,56394.5754,2.416306,10057,10184
AVAXUSDT,2026-08-08,R2,1504985.3849,1711748.7674,-206763.3825,-6.427742,733,787
AVAXUSDT,2026-08-09,M,190861.8256,34071.6547,156790.1709,69.705128,9,3
AVAXUSDT,2026-08-09,R1,1080412.6067,1289893.2272,-209480.6205,-8.837704,8541,9052
AVAXUSDT,2026-08-09,R2,1470561.6461,2052761.0899,-582199.4438,-16.524159,704,918
AVAXUSDT,2026-08-10,M,66979.6515,100059.3024,-33079.6509,-19.803555,6,8
AVAXUSDT,2026-08-10,R1,1539575.4909,1364751.9871,174823.5038,6.019414,14192,12696
AVAXUSDT,2026-08-10,R2,1273071.0696,1363226.161,-90155.0914,-3.419762,649,653
AVAXUSDT,2026-08-11,M,17655.9676,280454.1554,-262798.1878,-88.154735,1,14
AVAXUSDT,2026-08-11,R1,2751384.1336,3501544.2858,-750160.1522,-11.996941,18887,68538
AVAXUSDT,2026-08-11,R2,3282711.4267,2559860.6583,722850.7684,12.372133,1647,1268
AVAXUSDT,2026-08-12,M,290462.7176,282928.5379,7534.1797,1.313968,15,15
AVAXUSDT,2026-08-12,R1,2891016.4999,2975354.5401,-84338.0402,-1.437653,26519,21663
AVAXUSDT,2026-08-12,R2,3416238.5662,3940321.85,-524083.2838,-7.124026,1707,1934
AVAXUSDT,2026-08-13,M,128223.1773,67978.9038,60244.2735,30.705216,9,4
AVAXUSDT,2026-08-13,R1,3362657.0579,2180338.8105,1182318.2474,21.32995,24807,14478
AVAXUSDT,2026-08-13,R2,3116359.232,2991898.0079,124461.2241,2.03759,1495,1538
AVAXUSDT,2026-08-14,M,77510.1345,101841.271,-24331.1365,-13.566181,6,7
AVAXUSDT,2026-08-14,R1,1027985.1266,1082007.8742,-54022.7476,-2.560328,7390,7618
AVAXUSDT,2026-08-14,R2,1372520.683,1515615.8292,-143095.1462,-4.954584,686,712
AVAXUSDT,2026-08-15,M,287517.8204,229463.2938,58054.5266,11.229526,20,13
AVAXUSDT,2026-08-15,R1,4791150.327,5919130.4531,-1127980.1261,-10.531751,45140,33047
AVAXUSDT,2026-08-15,R2,4532881.6486,4906354.3376,-373472.689,-3.956599,2286,2438
AVAXUSDT,2026-08-16,M,107071.3096,142181.667,-35110.3574,-14.086234,9,9
AVAXUSDT,2026-08-16,R1,1678343.259,2473773.5061,-795430.2471,-19.157222,10733,20007
AVAXUSDT,2026-08-16,R2,2670260.6314,2007665.0076,662595.6238,14.164304,1190,930
AVAXUSDT,2026-08-17,M,187678.6882,121338.7666,66339.9216,21.468018,13,7
AVAXUSDT,2026-08-17,R1,1357406.8879,1692657.3355,-335250.4476,-10.991587,8737,11801
AVAXUSDT,2026-08-17,R2,1894150.8059,1565667.3123,328483.4936,9.494242,930,726
AVAXUSDT,2026-08-18,M,132970.0744,294156.6723,-161186.5979,-37.737416,9,18
AVAXUSDT,2026-08-18,R1,1258958.2145,1806779.2875,-547821.073,-17.869145,9031,12478
AVAXUSDT,2026-08-18,R2,1760572.36,2398892.7359,-638320.3759,-15.346213,840,1064
AVAXUSDT,2026-08-19,M,907780.1467,520465.1714,387314.9753,27.118239,43,24
AVAXUSDT,2026-08-19,R1,6506920.6325,5710284.4003,796636.2322,6.52061,61949,42782
AVAXUSDT,2026-08-19,R2,5673088.0879,5788165.3181,-115077.2302,-1.004054,2716,2846
AVAXUSDT,2026-08-20,M,886476.6844,692880.5648,193596.1196,12.257906,55,38
AVAXUSDT,2026-08-20,R1,6867818.6663,5584019.2357,1283799.4306,10.31012,59333,42585
AVAXUSDT,2026-08-20,R2,7986697.5987,6371995.7722,1614701.8265,11.245465,3585,3107
AVAXUSDT,2026-08-20,W,101187.1,0.0,101187.1,100.0,1,0
AVAXUSDT,2026-08-21,M,1746382.6871,1447396.3054,298986.3817,9.361524,107,84
AVAXUSDT,2026-08-21,R1,8963299.3844,8463700.1536,499599.2308,2.866812,66245,67518
AVAXUSDT,2026-08-21,R2,11189468.7299,9744893.5135,1444575.2164,6.900498,4913,4493
AVAXUSDT,2026-08-21,W,0.0,281127.6706,-281127.6706,-100.0,0,2
AVAXUSDT,2026-08-22,M,798169.9099,1034294.4861,-236124.5762,-12.88563,38,59
AVAXUSDT,2026-08-22,R1,9972389.7696,10865880.061,-893490.2914,-4.287737,83198,85102
AVAXUSDT,2026-08-22,R2,9833160.0406,10760315.0123,-927154.9717,-4.502178,4956,5142
AVAXUSDT,2026-08-22,W,890893.7152,0.0,890893.7152,100.0,4,0
AVAXUSDT,2026-08-23,M,297597.1982,412558.2838,-114961.0856,-16.188157,16,23
AVAXUSDT,2026-08-23,R1,4884594.2783,4816017.6168,68576.6615,0.706931,34353,37515
AVAXUSDT,2026-08-23,R2,5072196.8103,4885455.718,186741.0923,1.875353,2609,2452
AVAXUSDT,2026-08-24,M,574031.2797,777965.4491,-203934.1694,-15.083925,30,42
AVAXUSDT,2026-08-24,R1,4720979.3446,4367598.9208,353380.4238,3.888182,33961,40424
AVAXUSDT,2026-08-24,R2,5434400.0044,5881241.6375,-446841.6331,-3.948885,2679,2758
AVAXUSDT,2026-08-25,M,602123.6475,635317.1606,-33193.5131,-2.682432,23,33
AVAXUSDT,2026-08-25,R1,3565759.7481,4271849.2782,-706089.5301,-9.008991,26440,36555
AVAXUSDT,2026-08-25,R2,3571065.5848,6399659.5389,-2828593.9541,-28.368989,1892,3017
AVAXUSDT,2026-08-26,M,499370.0039,189273.4779,310096.526,45.030053,21,11
AVAXUSDT,2026-08-26,R1,2434235.3699,2416178.0446,18057.3253,0.372284,19005,23397
AVAXUSDT,2026-08-26,R2,2401958.3137,2883232.1836,-481273.8699,-9.106084,1306,1385
AVAXUSDT,2026-08-26,W,156060.5761,0.0,156060.5761,100.0,1,0
AVAXUSDT,2026-08-27,M,425998.0085,563358.7669,-137360.7584,-13.883845,25,30
AVAXUSDT,2026-08-27,R1,3115306.0424,2734074.1487,381231.8937,6.517475,21178,22959
AVAXUSDT,2026-08-27,R2,3984023.5075,3680277.6791,303745.8284,3.963125,1896,1700
AVAXUSDT,2026-08-27,W,199060.7119,0.0,199060.7119,100.0,1,0
AVAXUSDT,2026-08-28,M,196657.3126,469496.8355,-272839.5229,-40.957416,14,29
AVAXUSDT,2026-08-28,R1,2921817.4518,4153010.5894,-1231193.1376,-17.402446,20227,35672
AVAXUSDT,2026-08-28,R2,3750479.2411,5716602.4861,-1966123.245,-20.767997,1774,2422
AVAXUSDT,2026-08-28,W,0.0,126304.2071,-126304.2071,-100.0,0,1
AVAXUSDT,2026-08-29,M,163384.5207,179189.4354,-15804.9147,-4.613577,9,14
AVAXUSDT,2026-08-29,R1,978378.055,1015459.589,-37081.534,-1.859807,7576,7430
AVAXUSDT,2026-08-29,R2,1600364.9694,1594758.8545,5606.1149,0.175458,758,770
AVAXUSDT,2026-08-30,M,144473.4965,233052.8409,-88579.3444,-23.46309,12,16
AVAXUSDT,2026-08-30,R1,2620135.2712,3198197.273,-578062.0018,-9.935183,16723,29951
AVAXUSDT,2026-08-30,R2,2977011.7865,3104521.3049,-127509.5184,-2.096667,1409,1353
AVAXUSDT,2026-08-31,M,231631.7877,182276.9369,49354.8508,11.92409,14,12
AVAXUSDT,2026-08-31,R1,1997147.0551,2321253.1523,-324106.0972,-7.505235,13816,16885
AVAXUSDT,2026-08-31,R2,2291268.2984,2540852.6032,-249584.3048,-5.165109,1122,1136
AVAXUSDT,2026-09-01,M,429426.5577,539509.4209,-110082.8632,-11.361211,25,34
AVAXUSDT,2026-09-01,R1,3333365.2676,2320794.5714,1012570.6962,17.90842,22828,16448
AVAXUSDT,2026-09-01,R2,4372403.8467,4043736.195,328667.6517,3.905207,2134,1835
CAKEUSDT,2026-03-04,M,213075.3685,416561.3532,-203485.9847,-32.317998,16,26
CAKEUSDT,2026-03-04,R1,1223034.7733,994457.3794,228577.3939,10.307923,8926,5556
CAKEUSDT,2026-03-04,R2,1663669.1084,2017974.8495,-354305.7411,-9.623574,796,926
CAKEUSDT,2026-03-05,M,123160.0214,111491.2768,11668.7446,4.972802,8,8
CAKEUSDT,2026-03-05,R1,643612.8964,736123.5121,-92510.6157,-6.704949,3760,6011
CAKEUSDT,2026-03-05,R2,1198334.7715,984113.1885,214221.583,9.815656,565,476
CAKEUSDT,2026-03-06,M,73500.8019,141904.7296,-68403.9277,-31.755883,6,11
CAKEUSDT,2026-03-06,R1,724700.2656,675769.6221,48930.6435,3.493873,4796,4519
CAKEUSDT,2026-03-06,R2,427257.8576,531197.3825,-103939.5249,-10.844484,219,247
CAKEUSDT,2026-03-07,M,102575.378,86010.5175,16564.8605,8.783722,5,7
CAKEUSDT,2026-03-07,R1,616256.4357,378639.7133,237616.7224,23.88357,5604,2332
CAKEUSDT,2026-03-07,R2,402708.9248,396511.3657,6197.5591,0.775451,225,184
CAKEUSDT,2026-03-08,M,22739.1749,10099.5794,12639.5955,38.489875,2,1
CAKEUSDT,2026-03-08,R1,687944.743,428267.132,259677.611,23.264186,7007,2744
CAKEUSDT,2026-03-08,R2,524596.8179,521681.5388,2915.2791,0.278633,321,285
CAKEUSDT,2026-03-09,M,88132.731,91913.2343,-3780.5033,-2.099743,5,6
CAKEUSDT,2026-03-09,R1,1004171.422,838762.0483,165409.3737,8.975331,9583,5096
CAKEUSDT,2026-03-09,R2,1300403.5045,1264913.3398,35490.1647,1.383461,604,581
CAKEUSDT,2026-03-10,M,55518.1136,18965.7687,36552.3449,49.074167,4,1
CAKEUSDT,2026-03-10,R1,843236.5458,522294.3736,320942.1722,23.503105,5789,3549
CAKEUSDT,2026-03-10,R2,918894.7525,890717.5481,28177.2044,1.557085,495,449
CAKEUSDT,2026-03-11,M,21274.7291,72430.5653,-51155.8362,-54.592258,2,4
CAKEUSDT,2026-03-11,R1,483184.0256,511470.7767,-28286.7511,-2.843876,3560,2732
CAKEUSDT,2026-03-11,R2,701911.8353,662969.4103,38942.425,2.853173,385,360
CAKEUSDT,2026-03-12,M,54279.2033,26596.1235,27683.0798,34.229327,3,2
CAKEUSDT,2026-03-12,R1,761684.2883,524789.3745,236894.9138,18.414284,5606,2825
CAKEUSDT,2026-03-12,R2,625691.308,672086.2256,-46394.9176,-3.574952,332,358
CAKEUSDT,2026-03-13,M,168420.5295,124513.6153,43906.9142,14.988664,11,9
CAKEUSDT,2026-03-13,R1,839912.4389,724469.8005,115442.6384,7.379439,5094,5751
CAKEUSDT,2026-03-13,R2,813440.9378,704942.7955,108498.1423,7.145634,394,374
CAKEUSDT,2026-03-14,M,53785.7106,158604.8569,-104819.1463,-49.352072,3,8
CAKEUSDT,2026-03-14,R1,386339.7548,320933.5917,65406.1631,9.24765,2282,2744
CAKEUSDT,2026-03-14,R2,464960.3954,435558.0805,29402.3149,3.265043,261,233
CAKEUSDT,2026-03-15,M,786672.8339,811799.9445,-25127.1106,-1.571945,48,55
CAKEUSDT,2026-03-15,R1,3823137.0165,4695467.8616,-872330.8451,-10.240302,19579,26917
CAKEUSDT,2026-03-15,R2,8035073.6878,6255518.5852,1779555.1026,12.452634,3791,3103
CAKEUSDT,2026-03-16,M,177943.1295,174879.7422,3063.3873,0.868251,13,13
CAKEUSDT,2026-03-16,R1,1738550.1004,1430037.1535,308512.9469,9.736609,8458,7326
CAKEUSDT,2026-03-16,R2,1460265.6707,1612070.5706,-151804.8999,-4.941025,770,807
CAKEUSDT,2026-03-17,M,427011.9321,331994.5985,95017.3336,12.518645,20,16
CAKEUSDT,2026-03-17,R1,1555808.0787,900251.192,655556.8867,26.691412,9853,5600
CAKEUSDT,2026-03-17,R2,1325909.8249,1197101.7587,128808.0662,5.10533,617,514
CAKEUSDT,2026-03-18,M,117497.8342,114817.4818,2680.3524,1.153756,8,7
CAKEUSDT,2026-03-18,R1,905630.6442,785878.8801,119751.7641,7.07958,7169,5840
CAKEUSDT,2026-03-18,R2,575600.6332,638236.7103,-62636.0771,-5.160171,292,320
CAKEUSDT,2026-03-19,M,67389.6679,59012.9514,8376.7165,6.627012,4,5
CAKEUSDT,2026-03-19,R1,795211.1309,592178.0589,203033.072,14.634183,6504,4442
CAKEUSDT,2026-03-19,R2,420487.2844,655883.9385,-235396.6541,-21.869467,231,280
CAKEUSDT,2026-03-20,M,23990.2646,49767.5259,-25777.2613,-34.948527,2,3
CAKEUSDT,2026-03-20,R1,661329.1512,561915.991,99413.1602,8.127002,6216,3103
CAKEUSDT,2026-03-20,R2,382424.7093,376374.7956,6049.9137,0.797301,193,207
CAKEUSDT,2026-03-21,M,34617.5514,72199.4465,-37581.8951,-35.183441,3,4
CAKEUSDT,2026-03-21,R1,596322.5643,484715.9094,111606.6549,10.324022,5910,2848
CAKEUSDT,2026-03-21,R2,365254.6828,463781.476,-98526.7932,-11.884499,211,249
CAKEUSDT,2026-03-22,M,199037.8153,408302.9809,-209265.1656,-34.455971,11,19
CAKEUSDT,2026-03-22,R1,1230441.6124,1099276.7782,131164.8342,5.630072,7961,7298
CAKEUSDT,2026-03-22,R2,1189398.8798,1158475.3591,30923.5207,1.317086,522,623
CAKEUSDT,2026-03-23,M,89152.0223,88283.4711,868.5512,0.489503,6,6
CAKEUSDT,2026-03-23,R1,1516037.5891,1155557.2475,360480.3416,13.493077,9796,6317
CAKEUSDT,2026-03-23,R2,667169.7998,573522.4367,93647.3631,7.547993,387,335
CAKEUSDT,2026-03-24,M,53552.1774,23969.3395,29582.8379,38.160809,4,2
CAKEUSDT,2026-03-24,R1,737857.5266,621685.2152,116172.3114,8.544955,7228,3336
CAKEUSDT,2026-03-24,R2,263940.6145,313940.8067,-50000.1922,-8.652327,122,165
CAKEUSDT,2026-03-25,M,71467.6281,13420.2788,58047.3493,68.381176,3,1
CAKEUSDT,2026-03-25,R1,609199.3845,516996.277,92203.1075,8.18713,6406,3379
CAKEUSDT,2026-03-25,R2,224623.1804,254370.9439,-29747.7635,-6.210465,117,123
CAKEUSDT,2026-03-26,M,42421.4382,23490.4115,18931.0267,28.721735,3,2
CAKEUSDT,2026-03-26,R1,724528.8847,615437.6059,109091.2788,8.141344,6283,4268
CAKEUSDT,2026-03-26,R2,248317.1749,289962.3689,-41645.194,-7.736722,122,163
CAKEUSDT,2026-03-27,M,12541.0338,80358.0082,-67816.9744,-73.000725,1,5
CAKEUSDT,2026-03-27,R1,914491.8856,967653.899,-53162.0134,-2.824543,6888,5854
CAKEUSDT,2026-03-27,R2,285661.0417,493328.0982,-207667.0565,-26.65853,161,280
CAKEUSDT,2026-03-28,M,25616.6778,19208.7312,6407.9466,14.295344,1,1
CAKEUSDT,2026-03-28,R1,461190.9626,412508.0639,48682.8987,5.572045,5625,2586
CAKEUSDT,2026-03-28,R2,288837.6572,292142.7357,-3305.0785,-0.56888,144,152
CAKEUSDT,2026-03-29,M,26946.2906,62530.2937,-35584.0031,-39.769067,1,5
CAKEUSDT,2026-03-29,R1,826875.0874,742107.063,84768.0244,5.40274,6556,9418
CAKEUSDT,2026-03-29,R2,275336.8775,258464.7996,16872.0779,3.160739,152,145
CAKEUSDT,2026-03-30,M,23341.9874,132794.6202,-109452.6328,-70.100558,2,8
CAKEUSDT,2026-03-30,R1,925293.5241,720200.864,205092.6601,12.463893,8713,4923
CAKEUSDT,2026-03-30,R2,307748.811,392256.4779,-84507.6669,-12.072433,187,197
CAKEUSDT,2026-03-31,M,15468.4343,70239.847,-54771.4127,-63.904458,1,5
CAKEUSDT,2026-03-31,R1,1016412.0369,964664.392,51747.6449,2.612097,8999,7863
CAKEUSDT,2026-03-31,R2,195499.5946,265791.9989,-70292.4043,-15.238172,122,137
CAKEUSDT,2026-04-01,M,110247.8966,44558.1943,65689.7023,42.433539,6,3
CAKEUSDT,2026-04-01,R1,640179.3501,550958.4787,89220.8714,7.49039,6694,4201
CAKEUSDT,2026-04-01,R2,255153.6537,306209.7369,-51056.0832,-9.095015,128,154
CAKEUSDT,2026-04-02,M,113122.289,85047.2202,28075.0688,14.167199,7,4
CAKEUSDT,2026-04-02,R1,1350016.0735,988684.2475,361331.826,15.450112,8346,9351
CAKEUSDT,2026-04-02,R2,601486.4313,922923.0645,-321436.6332,-21.085977,309,444
CAKEUSDT,2026-04-03,M,76074.3017,84392.3676,-8318.0659,-5.183672,5,6
CAKEUSDT,2026-04-03,R1,507573.8985,427143.7905,80430.108,8.604749,5242,3057
CAKEUSDT,2026-04-03,R2,174152.7591,244619.7893,-70467.0302,-16.827041,88,147
CAKEUSDT,2026-04-04,M,62006.2879,177719.5041,-115713.2162,-48.268989,5,11
CAKEUSDT,2026-04-04,R1,892824.1972,867719.5562,25104.641,1.42596,7767,4757
CAKEUSDT,2026-04-04,R2,707755.9938,798896.3658,-91140.372,-6.049197,361,432
CAKEUSDT,2026-04-05,M,95993.2119,95600.1695,393.0424,0.205144,4,5
CAKEUSDT,2026-04-05,R1,594936.3734,430780.0411,164156.3323,16.004066,6546,3002
CAKEUSDT,2026-04-05,R2,349021.2113,307650.5965,41370.6148,6.300044,169,162
CAKEUSDT,2026-04-06,M,61915.9085,88305.7666,-26389.8581,-17.567277,3,7
CAKEUSDT,2026-04-06,R1,718331.3716,502673.1954,215658.1762,17.662356,7391,3184
CAKEUSDT,2026-04-06,R2,316089.9069,371252.907,-55163.0001,-8.025544,168,208
CAKEUSDT,2026-04-07,M,133667.6103,168770.2088,-35102.5985,-11.606551,8,8
CAKEUSDT,2026-04-07,R1,1372135.0261,1056508.9634,315626.0627,12.995979,10672,5898
CAKEUSDT,2026-04-07,R2,683439.7919,577137.787,106302.0049,8.432801,368,308
CAKEUSDT,2026-04-08,M,63578.8256,135577.1089,-71998.2833,-36.151714,3,9
CAKEUSDT,2026-04-08,R1,680001.7854,500154.8804,179846.905,15.23924,4821,2472
CAKEUSDT,2026-04-08,R2,298586.588,510315.1434,-211728.5554,-26.174818,168,224
CAKEUSDT,2026-04-09,M,109992.6557,275655.1665,-165662.5108,-42.956942,7,16
CAKEUSDT,2026-04-09,R1,739953.7309,829371.9332,-89418.2023,-5.697874,7427,5396
CAKEUSDT,2026-04-09,R2,463236.4451,491623.0983,-28386.6532,-2.972862,209,247
CAKEUSDT,2026-04-10,M,111063.7568,43261.9785,67801.7783,43.934201,6,2
CAKEUSDT,2026-04-10,R1,516580.9268,430099.7678,86481.159,9.135198,4422,2836
CAKEUSDT,2026-04-10,R2,281491.7829,269952.7471,11539.0358,2.092511,158,155
CAKEUSDT,2026-04-11,M,20992.7812,71030.7292,-50037.948,-54.375178,2,5
CAKEUSDT,2026-04-11,R1,538063.6369,389017.9848,149045.6521,16.076864,4568,2834
CAKEUSDT,2026-04-11,R2,284286.3285,328291.1716,-44004.8431,-7.183555,147,190
CAKEUSDT,2026-04-12,M,105868.0733,39164.1746,66703.8987,45.99246,8,3
CAKEUSDT,2026-04-12,R1,482842.7599,455807.198,27035.5619,2.88026,5292,3463
CAKEUSDT,2026-04-12,R2,182939.2983,256809.6687,-73870.3704,-16.798304,89,143
CAKEUSDT,2026-04-13,M,208472.3283,251000.6748,-42528.3465,-9.255897,10,18
CAKEUSDT,2026-04-13,R1,1852029.0238,1801024.6364,51004.3874,1.396212,11020,8378
CAKEUSDT,2026-04-13,R2,1610861.8597,2095039.2411,-484177.3814,-13.065038,830,1015
CAKEUSDT,2026-04-14,M,242098.6041,328539.5061,-86440.902,-15.148112,16,19
CAKEUSDT,2026-04-14,R1,1644708.0263,1468035.0724,176672.9539,5.675796,7927,6805
CAKEUSDT,2026-04-14,R2,1780429.68,1980922.4244,-200492.7444,-5.330337,904,1005
CAKEUSDT,2026-04-15,M,172348.5812,272370.9934,-100022.4122,-22.49112,12,16
CAKEUSDT,2026-04-15,R1,1027802.7524,1104594.3253,-76791.5729,-3.601185,5366,4907
CAKEUSDT,2026-04-15,R2,1033823.1691,1112624.7318,-78801.5627,-3.671254,521,602
CAKEUSDT,2026-04-16,M,128495.1315,188337.2426,-59842.1111,-18.887625,7,12
CAKEUSDT,2026-04-16,R1,1370719.0347,1232849.1617,137869.873,5.29542,6714,6230
CAKEUSDT,2026-04-16,R2,900879.5971,908998.9469,-8119.3498,-0.448613,458,512
CAKEUSDT,2026-04-17,M,509327.0681,314704.7761,194622.292,23.618297,23,20
CAKEUSDT,2026-04-17,R1,1840733.9059,1179496.4761,661237.4298,21.893609,9336,6744
CAKEUSDT,2026-04-17,R2,2191244.0613,1637786.1793,553457.882,14.454257,1070,821
CAKEUSDT,2026-04-18,M,129088.7822,89916.9447,39171.8375,17.886216,6,6
CAKEUSDT,2026-04-18,R1,1100117.4694,1038503.8511,61613.6183,2.880997,5046,10342
CAKEUSDT,2026-04-18,R2,1307032.9427,1076370.5991,230662.3436,9.677855,620,523
CAKEUSDT,2026-04-19,M,67858.7783,0.0,67858.7783,100.0,2,0
CAKEUSDT,2026-04-19,R1,744121.2097,658987.6076,85133.6021,6.067498,3578,4802
CAKEUSDT,2026-04-19,R2,499339.7345,589021.3623,-89681.6278,-8.240062,279,310
CAKEUSDT,2026-04-20,M,10572.6121,14688.7789,-4116.1668,-16.2943,1,1
CAKEUSDT,2026-04-20,R1,583052.8799,569681.5627,13371.3172,1.159965,3836,3631
CAKEUSDT,2026-04-20,R2,537558.5405,386715.7344,150842.8061,16.320135,282,231
CAKEUSDT,2026-04-21,M,33158.772,10841.985,22316.787,50.719098,1,1
CAKEUSDT,2026-04-21,R1,595288.0296,516739.2373,78548.7923,7.063567,3340,3508
CAKEUSDT,2026-04-21,R2,363291.3004,427065.5944,-63774.294,-8.06905,211,256
CAKEUSDT,2026-04-22,M,111115.2014,155931.8388,-44816.6374,-16.782301,5,11
CAKEUSDT,2026-04-22,R1,1620411.6037,1762544.5293,-142132.9256,-4.201442,9126,5979
CAKEUSDT,2026-04-22,R2,1572201.0566,1600907.574,-28706.5174,-0.904681,905,1025
CAKEUSDT,2026-04-23,R1,569672.1683,596838.5676,-27166.3993,-2.32886,3639,5171
CAKEUSDT,2026-04-23,R2,484099.4526,486040.4786,-1941.026,-0.200077,255,284
CAKEUSDT,2026-04-24,M,34992.0353,16197.423,18794.6123,36.715787,3,1
CAKEUSDT,2026-04-24,R1,369553.0562,377992.0697,-8439.0135,-1.128897,1900,3171
CAKEUSDT,2026-04-24,R2,256896.4192,291846.7372,-34950.318,-6.369158,141,169
CAKEUSDT,2026-04-25,M,10761.0427,23886.545,-13125.5023,-37.882875,1,2
CAKEUSDT,2026-04-25,R1,312173.3225,307549.8937,4623.4288,0.746047,2149,2453
CAKEUSDT,2026-04-25,R2,237109.9922,203469.4133,33640.5789,7.635531,136,125
CAKEUSDT,2026-04-26,M,0.0,38782.8889,-38782.8889,-100.0,0,2
CAKEUSDT,2026-04-26,R1,332553.357,313459.0866,19094.2704,2.955712,1985,2041
CAKEUSDT,2026-04-26,R2,259431.9155,235019.8525,24412.063,4.937198,138,126
CAKEUSDT,2026-04-27,M,12525.312,49065.6371,-36540.3251,-59.327427,1,3
CAKEUSDT,2026-04-27,R1,494829.5459,456395.866,38433.6799,4.040439,3396,4067
CAKEUSDT,2026-04-27,R2,418023.1895,324244.475,93778.7145,12.634083,197,177
CAKEUSDT,2026-04-28,M,47246.1743,16290.54,30955.6343,48.720861,4,1
CAKEUSDT,2026-04-28,R1,422547.3684,512593.8074,-90046.439,-9.629181,4023,3359
CAKEUSDT,2026-04-28,R2,313383.6679,289842.2681,23541.3998,3.902584,197,160
CAKEUSDT,2026-04-29,M,61291.7719,10372.6508,50919.1211,71.052161,5,1
CAKEUSDT,2026-04-29,R1,716064.3954,699468.9167,16595.4787,1.172383,4802,3927
CAKEUSDT,2026-04-29,R2,388811.4415,609350.0362,-220538.5947,-22.094481,239,337
CAKEUSDT,2026-04-30,M,61195.5702,96769.0293,-35573.4591,-22.519893,5,6
CAKEUSDT,2026-04-30,R1,888188.7165,611947.001,276241.7155,18.414448,6878,5803
CAKEUSDT,2026-04-30,R2,445264.8049,477440.5716,-32175.7667,-3.487112,212,263
CAKEUSDT,2026-05-01,M,10297.5916,27881.6833,-17584.0917,-46.056641,1,2
CAKEUSDT,2026-05-01,R1,701303.6798,813222.0034,-111918.3236,-7.389662,6174,15455
CAKEUSDT,2026-05-01,R2,311381.7308,265712.7345,45668.9963,7.913608,188,175
CAKEUSDT,2026-05-02,M,32626.3721,74798.3834,-42172.0113,-39.257256,3,5
CAKEUSDT,2026-05-02,R1,326407.4455,233008.8572,93398.5883,16.695722,5168,1598
CAKEUSDT,2026-05-02,R2,218232.9034,228418.1934,-10185.29,-2.280368,110,136
CAKEUSDT,2026-05-03,M,87340.9246,119947.645,-32606.7204,-15.73011,2,7
CAKEUSDT,2026-05-03,R1,472271.8748,490613.7338,-18341.859,-1.904885,4734,3187
CAKEUSDT,2026-05-03,R2,590959.1269,544522.6973,46436.4296,4.089579,285,301
CAKEUSDT,2026-05-04,M,73401.8242,73081.1635,320.6607,0.218906,6,4
CAKEUSDT,2026-05-04,R1,636788.7979,559333.9388,77454.8591,6.475494,4836,3111
CAKEUSDT,2026-05-04,R2,454566.2643,554101.287,-99535.0227,-9.867971,242,280
CAKEUSDT,2026-05-05,M,124760.1832,110659.3136,14100.8696,5.989678,4,6
CAKEUSDT,2026-05-05,R1,529671.4195,397273.3821,132398.0374,14.283271,3222,2782
CAKEUSDT,2026-05-05,R2,367216.6472,440459.8732,-73243.226,-9.068386,191,202
CAKEUSDT,2026-05-06,M,202434.5688,289179.6289,-86745.0601,-17.644946,14,17
CAKEUSDT,2026-05-06,R1,742557.3385,844228.6751,-101671.3366,-6.407375,4910,4411
CAKEUSDT,2026-05-06,R2,833617.6217,963635.697,-130018.0753,-7.234265,423,498
CAKEUSDT,2026-05-07,M,258191.7162,207845.2936,50346.4226,10.803095,11,14
CAKEUSDT,2026-05-07,R1,920418.1714,678194.7119,242223.4595,15.152102,5054,3720
CAKEUSDT,2026-05-07,R2,914976.6199,759530.7542,155445.8657,9.28308,469,397
CAKEUSDT,2026-05-08,M,104698.8028,277804.6087,-173105.8059,-45.256016,7,11
CAKEUSDT,2026-05-08,R1,680137.9098,588219.4427,91918.4671,7.247048,3619,3943
CAKEUSDT,2026-05-08,R2,692343.3141,630296.9001,62046.414,4.691103,320,309
CAKEUSDT,2026-05-09,M,173397.7533,71091.2468,102306.5065,41.845035,10,5
CAKEUSDT,2026-05-09,R1,530396.9034,470260.8884,60136.015,6.009648,3200,2316
CAKEUSDT,2026-05-09,R2,629910.7763,704803.4522,-74892.6759,-5.611139,314,347
CAKEUSDT,2026-05-10,M,11746.0487,21721.8661,-9975.8174,-29.807108,1,2
CAKEUSDT,2026-05-10,R1,1263361.6761,1124257.0735,139104.6026,5.826081,7466,6813
CAKEUSDT,2026-05-10,R2,1198387.9573,1074373.1874,124014.7699,5.456569,602,630
CAKEUSDT,2026-05-11,M,131027.0724,84123.0382,46904.0342,21.800609,9,7
CAKEUSDT,2026-05-11,R1,1018705.4617,807192.8813,211512.5804,11.584028,6039,4244
CAKEUSDT,2026-05-11,R2,963679.2949,835606.9266,128072.3683,7.117954,498,411
CAKEUSDT,2026-05-12,M,101795.5396,67002.0589,34793.4807,20.612545,5,5
CAKEUSDT,2026-05-12,R1,660640.6819,635531.1635,25109.5184,1.937206,3552,6002
CAKEUSDT,2026-05-12,R2,465995.789,454422.2875,11573.5015,1.257418,246,245
CAKEUSDT,2026-05-13,M,56300.9221,100801.2942,-44500.3721,-28.325744,4,8
CAKEUSDT,2026-05-13,R1,753853.2741,554915.1892,198938.0849,15.200403,4160,3834
CAKEUSDT,2026-05-13,R2,546915.5849,539155.0457,7760.5392,0.714552,299,264
CAKEUSDT,2026-05-14,M,0.0,137488.0683,-137488.0683,-100.0,0,8
CAKEUSDT,2026-05-14,R1,537408.5293,393671.4538,143737.0755,15.437672,2846,2843
CAKEUSDT,2026-05-14,R2,248993.2763,388640.1038,-139646.8275,-21.900803,136,179
CAKEUSDT,2026-05-15,M,37781.2186,25628.805,12152.4136,19.164815,3,1
CAKEUSDT,2026-05-15,R1,822471.7253,690926.8402,131544.8851,8.692019,4939,7439
CAKEUSDT,2026-05-15,R2,341339.4257,443710.0863,-102370.6606,-13.040026,194,211
CAKEUSDT,2026-05-16,M,73149.7514,92122.7538,-18973.0024,-11.47983,5,5
CAKEUSDT,2026-05-16,R1,591390.9464,384161.2765,207229.6699,21.242294,6563,2978
CAKEUSDT,2026-05-16,R2,228159.7632,295479.8451,-67320.0819,-12.856186,111,147
CAKEUSDT,2026-05-17,M,151599.5444,397872.4676,-246272.9232,-44.819921,9,25
CAKEUSDT,2026-05-17,R1,1123723.3156,928159.2019,195564.1137,9.530961,8359,5446
CAKEUSDT,2026-05-17,R2,889916.0602,1043714.9196,-153798.8594,-7.953889,480,445
CAKEUSDT,2026-05-18,M,65885.8649,101716.0544,-35830.1895,-21.37815,5,7
CAKEUSDT,2026-05-18,R1,1433395.313,1013661.9426,419733.3704,17.152577,8906,6283
CAKEUSDT,2026-05-18,R2,544609.333,546360.4964,-1751.1634,-0.160514,266,311
CAKEUSDT,2026-05-19,M,23698.5503,22239.9269,1458.6234,3.175167,1,2
CAKEUSDT,2026-05-19,R1,522138.2016,366053.4663,156084.7353,17.573317,4240,2787
CAKEUSDT,2026-05-19,R2,169277.7419,207993.3743,-38715.6324,-10.262019,91,109
CAKEUSDT,2026-05-20,M,0.0,14641.7507,-14641.7507,-100.0,0,1
CAKEUSDT,2026-05-20,R1,714167.2676,603713.8575,110453.4101,8.381136,5844,3764
CAKEUSDT,2026-05-20,R2,422751.1189,429472.0709,-6720.952,-0.788638,228,221
CAKEUSDT,2026-05-21,M,12568.0243,97440.6657,-84872.6414,-77.150852,1,7
CAKEUSDT,2026-05-21,R1,435553.1924,355182.2468,80370.9456,10.164075,3681,2202
CAKEUSDT,2026-05-21,R2,332601.3109,259393.3651,73207.9458,12.366318,161,137
CAKEUSDT,2026-05-22,M,11130.8664,122776.2193,-111645.3529,-83.375239,1,8
CAKEUSDT,2026-05-22,R1,615269.6535,516941.4952,98328.1583,8.684613,3455,3905
CAKEUSDT,2026-05-22,R2,694543.347,433042.4291,261500.9179,23.191222,296,232
CAKEUSDT,2026-05-23,M,121804.8324,54793.6028,67011.2296,37.94554,4,5
CAKEUSDT,2026-05-23,R1,695725.2356,527767.393,167957.8426,13.727736,3822,4210
CAKEUSDT,2026-05-23,R2,705594.9335,579380.1795,126214.754,9.82235,314,311
CAKEUSDT,2026-05-24,M,24506.9883,55637.6674,-31130.6791,-38.843113,2,3
CAKEUSDT,2026-05-24,R1,540240.6855,325833.0558,214407.6297,24.756279,2909,2115
CAKEUSDT,2026-05-24,R2,253443.746,325595.5602,-72151.8142,-12.460607,147,169
CAKEUSDT,2026-05-25,M,25947.4661,77694.7192,-51747.2531,-49.928755,2,5
CAKEUSDT,2026-05-25,R1,469986.8354,548819.6421,-78832.8067,-7.737761,2450,4004
CAKEUSDT,2026-05-25,R2,479953.8044,501806.924,-21853.1196,-2.225911,268,264
CAKEUSDT,2026-05-26,M,81643.2726,60244.0845,21399.1881,15.081815,6,5
CAKEUSDT,2026-05-26,R1,500829.4522,470212.0752,30617.377,3.153045,3562,3281
CAKEUSDT,2026-05-26,R2,301779.1084,351584.4786,-49805.3702,-7.622918,161,176
CAKEUSDT,2026-05-27,M,15054.6128,0.0,15054.6128,100.0,1,0
CAKEUSDT,2026-05-27,R1,455398.9939,410748.692,44650.3019,5.155045,3289,3984
CAKEUSDT,2026-05-27,R2,152869.0376,218944.0784,-66075.0408,-17.771035,83,109
CAKEUSDT,2026-05-28,M,91258.7453,0.0,91258.7453,100.0,6,0
CAKEUSDT,2026-05-28,R1,1132782.2927,880898.2245,251884.0682,12.508641,6735,6980
CAKEUSDT,2026-05-28,R2,762747.9288,551817.2892,210930.6396,16.045658,399,283
CAKEUSDT,2026-05-29,M,0.0,49089.806,-49089.806,-100.0,0,3
CAKEUSDT,2026-05-29,R1,505743.3387,342361.9275,163381.4112,19.264284,3502,2670
CAKEUSDT,2026-05-29,R2,249428.9828,283814.5541,-34385.5713,-6.44838,112,138
CAKEUSDT,2026-05-30,M,117516.2481,109071.1612,8445.0869,3.727077,7,8
CAKEUSDT,2026-05-30,R1,1539624.251,1595053.2568,-55429.0058,-1.768252,9986,8683
CAKEUSDT,2026-05-30,R2,1433834.0495,1391739.9495,42094.1,1.489754,688,761
CAKEUSDT,2026-05-31,M,210989.0872,562056.2917,-351067.2045,-45.413531,15,27
CAKEUSDT,2026-05-31,R1,1582388.6943,1570217.5291,12171.1652,0.386067,9963,8654
CAKEUSDT,2026-05-31,R2,1372754.7482,1453432.7878,-80678.0396,-2.85466,653,679
CAKEUSDT,2026-06-01,M,143551.3161,197408.1758,-53856.8597,-15.795677,9,12
CAKEUSDT,2026-06-01,R1,1131178.6783,941256.8426,189921.8357,9.164186,7710,5776
CAKEUSDT,2026-06-01,R2,857745.8895,910675.4859,-52929.5964,-2.993042,388,415
CAKEUSDT,2026-06-02,M,10506.1534,165930.449,-155424.2956,-88.090733,1,11
CAKEUSDT,2026-06-02,R1,1083449.4999,928193.4388,155256.0611,7.717874,7179,8315
CAKEUSDT,2026-06-02,R2,594413.2786,723708.3765,-129295.0979,-9.809041,295,297
CAKEUSDT,2026-06-03,M,22263.2274,129465.5343,-107202.3069,-70.653913,1,8
CAKEUSDT,2026-06-03,R1,1110973.7374,961881.7702,149091.9672,7.192589,8723,11434
CAKEUSDT,2026-06-03,R2,471363.6297,562405.4315,-91041.8018,-8.806783,206,236
CAKEUSDT,2026-06-04,M,52515.3614,106795.8111,-54280.4497,-34.071967,4,6
CAKEUSDT,2026-06-04,R1,1470157.5432,1479790.7277,-9633.1845,-0.326554,11437,15542
CAKEUSDT,2026-06-04,R2,629925.4987,628307.121,1618.3777,0.128623,291,280
CAKEUSDT,2026-06-05,M,20227.128,166714.25,-146487.122,-78.359924,1,11
CAKEUSDT,2026-06-05,R1,1816415.3209,1399660.7444,416754.5765,12.95848,15528,10739
CAKEUSDT,2026-06-05,R2,724726.811,660701.3208,64025.4902,4.621351,308,286
CAKEUSDT,2026-06-06,M,10528.1874,25921.5154,-15393.328,-42.231697,1,1
CAKEUSDT,2026-06-06,R1,958172.0864,774668.2881,183503.7983,10.589769,9631,6090
CAKEUSDT,2026-06-06,R2,549022.0307,463561.256,85460.7747,8.439876,243,190
CAKEUSDT,2026-06-07,M,10462.4226,120245.5681,-109783.1455,-83.991151,1,8
CAKEUSDT,2026-06-07,R1,830687.8686,681509.534,149178.3346,9.865004,8175,4927
CAKEUSDT,2026-06-07,R2,461044.6652,557565.709,-96521.0438,-9.475757,217,259
CAKEUSDT,2026-06-08,M,63643.5784,63689.4515,-45.8731,-0.036026,3,4
CAKEUSDT,2026-06-08,R1,1074415.4903,926454.9891,147960.5012,7.394807,11594,7225
CAKEUSDT,2026-06-08,R2,551223.5162,598833.8277,-47610.3115,-4.139821,249,252
CAKEUSDT,2026-06-09,M,23759.9584,54834.4216,-31074.4632,-39.537767,2,4
CAKEUSDT,2026-06-09,R1,904422.5392,693072.3665,211350.1727,13.2301,8964,5246
CAKEUSDT,2026-06-09,R2,381780.1852,520616.9823,-138836.7971,-15.385332,177,224
CAKEUSDT,2026-06-10,M,0.0,33373.2287,-33373.2287,-100.0,0,2
CAKEUSDT,2026-06-10,R1,738209.9277,553229.9246,184980.0031,14.323548,9845,4107
CAKEUSDT,2026-06-10,R2,258002.801,341968.1879,-83965.3869,-13.994908,113,134
CAKEUSDT,2026-06-11,M,0.0,158623.3014,-158623.3014,-100.0,0,11
CAKEUSDT,2026-06-11,R1,862383.8166,548188.4181,314195.3985,22.274322,8877,3339
CAKEUSDT,2026-06-11,R2,328872.8518,567860.8188,-238987.967,-26.650942,155,214
CAKEUSDT,2026-06-12,M,11003.5156,51988.9557,-40985.4401,-65.064029,1,4
CAKEUSDT,2026-06-12,R1,518692.4979,479122.921,39569.5769,3.965621,5985,3560
CAKEUSDT,2026-06-12,R2,225827.1254,244940.1703,-19113.0449,-4.059977,103,104
CAKEUSDT,2026-06-13,M,0.0,50222.8434,-50222.8434,-100.0,0,2
CAKEUSDT,2026-06-13,R1,326351.3669,343331.0885,-16979.7216,-2.535488,4863,3249
CAKEUSDT,2026-06-13,R2,257236.6709,190045.2074,67191.4635,15.022174,111,91
CAKEUSDT,2026-06-14,M,10870.2207,69322.1379,-58451.9172,-72.889635,1,5
CAKEUSDT,2026-06-14,R1,562477.337,518318.5324,44158.8046,4.085767,5087,4527
CAKEUSDT,2026-06-14,R2,311663.3887,309478.876,2184.5127,0.351693,140,150
CAKEUSDT,2026-06-15,M,12060.864,55464.5908,-43403.7268,-64.277578,1,4
CAKEUSDT,2026-06-15,R1,496796.0674,490146.8558,6649.2116,0.673718,4099,3375
CAKEUSDT,2026-06-15,R2,313700.111,395678.9266,-81978.8156,-11.556419,135,173
CAKEUSDT,2026-06-16,M,0.0,72586.0468,-72586.0468,-100.0,0,6
CAKEUSDT,2026-06-16,R1,428585.0412,467194.1401,-38609.0989,-4.310113,5013,4030
CAKEUSDT,2026-06-16,R2,199424.7235,246483.7262,-47059.0027,-10.553512,92,106
CAKEUSDT,2026-06-17,M,19005.314,0.0,19005.314,100.0,1,0
CAKEUSDT,2026-06-17,R1,752546.4417,762276.5878,-9730.1461,-0.642329,7238,8234
CAKEUSDT,2026-06-17,R2,265735.555,376743.4108,-111007.8558,-17.278053,136,157
CAKEUSDT,2026-06-18,M,0.0,12737.6124,-12737.6124,-100.0,0,1
CAKEUSDT,2026-06-18,R1,615748.1402,542294.8967,73453.2435,6.342877,6450,6791
CAKEUSDT,2026-06-18,R2,190248.3039,188859.9866,1388.3173,0.366206,89,76
CAKEUSDT,2026-06-19,R1,639969.3523,611854.8767,28114.4756,2.24588,7151,4711
CAKEUSDT,2026-06-19,R2,374884.4653,349581.212,25303.2533,3.492678,146,161
CAKEUSDT,2026-06-20,M,10517.7325,25799.0865,-15281.354,-42.077898,1,1
CAKEUSDT,2026-06-20,R1,368615.2137,301624.7702,66990.4435,9.994994,2779,3172
CAKEUSDT,2026-06-20,R2,201108.1061,184429.6622,16678.4439,4.326021,88,70
CAKEUSDT,2026-06-21,R1,323747.4586,264081.3436,59666.115,10.150254,3004,3205
CAKEUSDT,2026-06-21,R2,115486.6484,184445.2065,-68958.5581,-22.991409,57,86
CAKEUSDT,2026-06-22,M,31475.0617,19210.3999,12264.6618,24.197593,2,1
CAKEUSDT,2026-06-22,R1,455543.0687,399552.6364,55990.4323,6.547856,3825,4152
CAKEUSDT,2026-06-22,R2,192880.8723,200983.4903,-8102.618,-2.05721,90,90
CAKEUSDT,2026-06-23,M,40757.7003,15563.6775,25194.0228,44.732611,3,1
CAKEUSDT,2026-06-23,R1,634654.4699,510568.6258,124085.8441,10.83508,7004,5351
CAKEUSDT,2026-06-23,R2,232310.0369,369221.2247,-136911.1878,-22.760444,116,155
CAKEUSDT,2026-06-24,M,41488.4637,38983.2512,2505.2125,3.113159,1,3
CAKEUSDT,2026-06-24,R1,966766.1269,913244.1488,53521.9781,2.846898,9978,7680
CAKEUSDT,2026-06-24,R2,463712.229,423828.552,39883.677,4.493729,217,193
CAKEUSDT,2026-06-25,M,0.0,59866.0785,-59866.0785,-100.0,0,4
CAKEUSDT,2026-06-25,R1,980969.2145,944840.2797,36128.9348,1.876039,10084,7079
CAKEUSDT,2026-06-25,R2,366616.7591,296133.0555,70483.7036,10.635039,193,164
CAKEUSDT,2026-06-26,M,35081.0464,59483.4553,-24402.4089,-25.805041,3,5
CAKEUSDT,2026-06-26,R1,592807.1377,544293.0461,48514.0916,4.266475,7680,4824
CAKEUSDT,2026-06-26,R2,208884.402,276317.4136,-67433.0116,-13.897931,112,130
CAKEUSDT,2026-06-27,R1,430556.9786,338359.2075,92197.7711,11.990614,6112,2813
CAKEUSDT,2026-06-27,R2,111940.242,175341.8437,-63401.6017,-22.069459,70,77
CAKEUSDT,2026-06-28,M,55899.2132,47922.6326,7976.5806,7.68295,3,3
CAKEUSDT,2026-06-28,R1,490976.3767,458193.896,32782.4807,3.453804,6407,4097
CAKEUSDT,2026-06-28,R2,237205.1122,244077.0971,-6871.9849,-1.427849,112,117
CAKEUSDT,2026-06-29,M,94258.6666,11038.9188,83219.7478,79.032912,8,1
CAKEUSDT,2026-06-29,R1,727451.543,691098.5429,36353.0001,2.562687,7654,6950
CAKEUSDT,2026-06-29,R2,318087.1689,245884.2202,72202.9487,12.802591,162,126
CAKEUSDT,2026-06-30,M,0.0,10410.4445,-10410.4445,-100.0,0,1
CAKEUSDT,2026-06-30,R1,623374.4824,560053.5494,63320.933,5.350637,6654,6251
CAKEUSDT,2026-06-30,R2,178863.39,240494.2803,-61630.8903,-14.696498,91,123
CAKEUSDT,2026-07-01,M,29170.4528,20602.1351,8568.3177,17.214933,2,2
CAKEUSDT,2026-07-01,R1,642183.6753,544449.9278,97733.7475,8.236219,7141,4328
CAKEUSDT,2026-07-01,R2,201114.5588,194101.9607,7012.5981,1.774369,109,104
CAKEUSDT,2026-07-02,R1,466168.2879,449384.3432,16783.9447,1.833204,5002,3576
CAKEUSDT,2026-07-02,R2,324195.3781,238772.3017,85423.0764,15.173709,144,122
CAKEUSDT,2026-07-03,M,0.0,15506.7374,-15506.7374,-100.0,0,1
CAKEUSDT,2026-07-03,R1,432411.7465,365132.5421,67279.2044,8.435795,3482,2609
CAKEUSDT,2026-07-03,R2,175736.6351,233551.8737,-57815.2386,-14.125791,83,125
CAKEUSDT,2026-07-04,M,0.0,15299.5572,-15299.5572,-100.0,0,1
CAKEUSDT,2026-07-04,R1,566990.3315,521010.3324,45979.9991,4.2261,3423,3448
CAKEUSDT,2026-07-04,R2,287430.6287,247892.7456,39537.8831,7.385794,156,123
CAKEUSDT,2026-07-05,M,36519.8052,77732.3125,-41212.5073,-36.071548,3,5
CAKEUSDT,2026-07-05,R1,1292383.2738,1116549.2319,175834.0419,7.299251,8341,7842
CAKEUSDT,2026-07-05,R2,642909.1016,625245.085,17664.0166,1.392892,332,338
CAKEUSDT,2026-07-06,M,36087.348,118811.2811,-82723.9331,-53.405207,3,8
CAKEUSDT,2026-07-06,R1,907691.1026,791606.5441,116084.5585,6.831326,6442,5252
CAKEUSDT,2026-07-06,R2,434331.6687,563028.8654,-128697.1967,-12.903779,241,275
CAKEUSDT,2026-07-07,M,43416.5542,21154.1598,22262.3944,34.477541,2,2
CAKEUSDT,2026-07-07,R1,648300.1277,667386.9597,-19086.832,-1.450712,4800,6874
CAKEUSDT,2026-07-07,R2,313787.6864,253239.2977,60548.3887,10.67822,166,113
CAKEUSDT,2026-07-08,M,0.0,24467.7496,-24467.7496,-100.0,0,2
CAKEUSDT,2026-07-08,R1,545453.5054,512722.4236,32731.0818,3.093161,4047,6278
CAKEUSDT,2026-07-08,R2,238480.2693,278562.6012,-40082.3319,-7.752226,141,133
CAKEUSDT,2026-07-09,M,18227.0247,22064.8175,-3837.7928,-9.524987,1,1
CAKEUSDT,2026-07-09,R1,384002.8951,415463.1935,-31460.2984,-3.935164,3150,4552
CAKEUSDT,2026-07-09,R2,228481.9588,221675.0803,6806.8785,1.512112,112,112
CAKEUSDT,2026-07-10,R1,443615.4525,449488.399,-5872.9465,-0.657588,3278,4467
CAKEUSDT,2026-07-10,R2,260850.1654,263112.0615,-2261.8961,-0.431691,132,135
CAKEUSDT,2026-07-11,M,0.0,10573.9457,-10573.9457,-100.0,0,1
CAKEUSDT,2026-07-11,R1,427940.7088,467851.2546,-39910.5458,-4.455336,5514,4075
CAKEUSDT,2026-07-11,R2,323021.0284,356976.212,-33955.1836,-4.99343,161,192
CAKEUSDT,2026-07-12,M,65693.4205,51914.7772,13778.6433,11.715717,3,2
CAKEUSDT,2026-07-12,R1,529750.6485,413786.8815,115963.767,12.290318,4665,3350
CAKEUSDT,2026-07-12,R2,247502.0292,273520.1869,-26018.1577,-4.993675,128,131
CAKEUSDT,2026-07-13,M,14011.4272,62061.9299,-48050.5027,-63.163379,1,5
CAKEUSDT,2026-07-13,R1,471505.4708,443644.0059,27861.4649,3.044471,3818,5687
CAKEUSDT,2026-07-13,R2,237716.6029,285124.0695,-47407.4666,-9.067287,123,137
CAKEUSDT,2026-07-14,M,53187.8781,55239.5762,-2051.6981,-1.892231,3,3
CAKEUSDT,2026-07-14,R1,409882.5666,361231.6307,48650.9359,6.309174,5486,3541
CAKEUSDT,2026-07-14,R2,215336.7872,162656.9144,52679.8728,13.936707,121,92
CAKEUSDT,2026-07-15,M,17450.1177,95253.292,-77803.1743,-69.033559,1,5
CAKEUSDT,2026-07-15,R1,471083.5053,437123.731,33959.7743,3.73921,4423,3389
CAKEUSDT,2026-07-15,R2,285702.8686,281603.7616,4099.107,0.722556,146,141
CAKEUSDT,2026-07-16,M,31872.1476,10368.8451,21503.3025,50.906243,1,1
CAKEUSDT,2026-07-16,R1,425936.8503,325474.4895,100462.3608,13.369822,3468,2436
CAKEUSDT,2026-07-16,R2,169877.9349,207789.2203,-37911.2854,-10.03828,93,102
CAKEUSDT,2026-07-17,M,26789.9129,0.0,26789.9129,100.0,2,0
CAKEUSDT,2026-07-17,R1,428899.256,402650.0696,26249.1864,3.15666,4471,4179
CAKEUSDT,2026-07-17,R2,142004.6549,242537.3349,-100532.68,-26.143486,76,113
CAKEUSDT,2026-07-18,R1,244606.6257,191495.9016,53110.7241,12.178495,2322,1928
CAKEUSDT,2026-07-18,R2,74513.5918,99711.0826,-25197.4908,-14.462642,44,61
CAKEUSDT,2026-07-19,R1,231431.7997,167878.0655,63553.7342,15.915894,3495,1696
CAKEUSDT,2026-07-19,R2,61969.9705,69611.4095,-7641.439,-5.807386,34,38
CAKEUSDT,2026-07-20,M,10433.2912,27961.1757,-17527.8845,-45.652111,1,2
CAKEUSDT,2026-07-20,R1,390881.6154,313775.8858,77105.7296,10.942299,5227,3202
CAKEUSDT,2026-07-20,R2,117545.0225,161238.5373,-43693.5148,-15.672917,54,88
CAKEUSDT,2026-07-21,M,16189.0282,11244.3836,4944.6446,18.024169,1,1
CAKEUSDT,2026-07-21,R1,352952.6867,277731.3151,75221.3716,11.926951,3250,2007
CAKEUSDT,2026-07-21,R2,207311.068,178856.985,28454.083,7.368316,104,92
CAKEUSDT,2026-07-22,M,11466.5358,0.0,11466.5358,100.0,1,0
CAKEUSDT,2026-07-22,R1,285189.4453,282540.7929,2648.6524,0.466534,3383,2266
CAKEUSDT,2026-07-22,R2,141639.9138,168651.4579,-27011.5441,-8.705219,74,82
CAKEUSDT,2026-07-23,R1,436872.6594,302012.0804,134860.579,18.25191,5788,3200
CAKEUSDT,2026-07-23,R2,178514.9626,217142.2835,-38627.3209,-9.762824,115,117
CAKEUSDT,2026-07-24,M,36745.2573,0.0,36745.2573,100.0,2,0
CAKEUSDT,2026-07-24,R1,291592.6572,278845.9784,12746.6788,2.23454,5269,2124
CAKEUSDT,2026-07-24,R2,130123.5357,203245.4941,-73121.9584,-21.934239,66,103
CAKEUSDT,2026-07-25,R1,162979.3541,157636.9196,5342.4345,1.666302,2878,1468
CAKEUSDT,2026-07-25,R2,85105.6607,74721.4063,10384.2544,6.497181,50,36
CAKEUSDT,2026-07-26,M,25635.134,36185.2148,-10550.0808,-17.065709,2,2
CAKEUSDT,2026-07-26,R1,305745.9683,184425.0976,121320.8707,24.750721,2988,1437
CAKEUSDT,2026-07-26,R2,192700.814,241544.4812,-48843.6672,-11.247944,86,104
CAKEUSDT,2026-07-27,M,10823.0741,25548.1143,-14725.0402,-40.485452,1,1
CAKEUSDT,2026-07-27,R1,463110.1951,291010.6569,172099.5382,22.821215,5347,2328
CAKEUSDT,2026-07-27,R2,138736.3025,339184.7067,-200448.4042,-41.941744,76,153
CAKEUSDT,2026-07-28,M,34388.1658,37816.6875,-3428.5217,-4.748326,3,2
CAKEUSDT,2026-07-28,R1,532392.4,390532.8179,141859.5821,15.370648,6452,4353
CAKEUSDT,2026-07-28,R2,227589.1635,202475.0199,25114.1436,5.839627,113,106
CAKEUSDT,2026-07-29,M,25129.215,27337.6858,-2208.4708,-4.209265,2,2
CAKEUSDT,2026-07-29,R1,572183.2625,376900.9288,195282.3337,20.57587,6923,3117
CAKEUSDT,2026-07-29,R2,269805.2506,297767.8256,-27962.575,-4.926692,130,135
CAKEUSDT,2026-07-30,M,59765.0848,110075.3566,-50310.2718,-29.62208,4,4
CAKEUSDT,2026-07-30,R1,818432.1825,780552.167,37880.0155,2.369005,7655,5936
CAKEUSDT,2026-07-30,R2,756562.3437,672701.9778,83860.3659,5.86738,327,327
CAKEUSDT,2026-07-31,M,17200.2045,71680.8538,-54480.6493,-61.29613,1,5
CAKEUSDT,2026-07-31,R1,663267.8398,727770.0891,-64502.2493,-4.636987,5058,5403
CAKEUSDT,2026-07-31,R2,469225.3053,674233.3559,-205008.0506,-17.928768,218,299
CAKEUSDT,2026-08-01,M,12499.9944,24526.0951,-12026.1007,-32.480072,1,2
CAKEUSDT,2026-08-01,R1,496681.0398,412724.8295,83956.2103,9.231985,3515,3286
CAKEUSDT,2026-08-01,R2,370991.377,297958.2913,73033.0857,10.917576,189,138
CAKEUSDT,2026-08-02,R1,330248.814,271440.3989,58808.4151,9.773886,2617,2527
CAKEUSDT,2026-08-02,R2,137653.4311,158409.8901,-20756.459,-7.010817,75,83
CAKEUSDT,2026-08-03,M,23355.2079,19487.0438,3868.1641,9.028853,1,1
CAKEUSDT,2026-08-03,R1,245074.8517,238146.1272,6928.7245,1.433863,2141,2045
CAKEUSDT,2026-08-03,R2,84912.5679,168094.3106,-83181.7427,-32.877265,53,83
CAKEUSDT,2026-08-04,M,34732.7906,11039.0227,23693.7679,51.764975,2,1
CAKEUSDT,2026-08-04,R1,461777.8435,321652.2366,140125.6069,17.886166,3288,1999
CAKEUSDT,2026-08-04,R2,214489.8971,168601.0933,45888.8038,11.978565,119,84
CAKEUSDT,2026-08-05,M,52341.9343,50535.0738,1806.8605,1.756331,3,3
CAKEUSDT,2026-08-05,R1,536596.6509,459533.5322,77063.1187,7.73625,3512,3638
CAKEUSDT,2026-08-05,R2,285978.5943,491891.937,-205913.3427,-26.471416,148,199
CAKEUSDT,2026-08-06,R1,279926.0002,293241.9383,-13315.9381,-2.323218,2981,3876
CAKEUSDT,2026-08-06,R2,115646.2949,129067.6263,-13421.3314,-5.484499,61,63
CAKEUSDT,2026-08-07,M,10859.9076,0.0,10859.9076,100.0,1,0
CAKEUSDT,2026-08-07,R1,232194.4194,230383.3777,1811.0417,0.391511,2646,2451
CAKEUSDT,2026-08-07,R2,137704.9374,151275.7458,-13570.8084,-4.696095,72,76
CAKEUSDT,2026-08-08,M,59920.5381,10929.3506,48991.1875,69.147868,4,1
CAKEUSDT,2026-08-08,R1,395795.2,265143.6055,130651.5945,19.767578,2778,2032
CAKEUSDT,2026-08-08,R2,226945.6912,212904.5027,14041.1885,3.192266,126,108
CAKEUSDT,2026-08-09,M,14050.8398,25878.8376,-11827.9978,-29.622072,1,2
CAKEUSDT,2026-08-09,R1,250472.1293,226908.1605,23563.9688,4.9361,1889,1550
CAKEUSDT,2026-08-09,R2,216672.9437,247949.572,-31276.6283,-6.731621,108,107
CAKEUSDT,2026-08-10,M,10965.8567,0.0,10965.8567,100.0,1,0
CAKEUSDT,2026-08-10,R1,385730.4737,233475.1282,152255.3455,24.588819,5493,1671
CAKEUSDT,2026-08-10,R2,224465.4676,222813.2395,1652.2281,0.369396,118,117
CAKEUSDT,2026-08-11,M,11484.6815,11861.9615,-377.28,-1.615993,1,1
CAKEUSDT,2026-08-11,R1,454672.6792,320981.5712,133691.108,17.235915,4194,2325
CAKEUSDT,2026-08-11,R2,335114.5853,245389.7868,89724.7985,15.456352,153,115
CAKEUSDT,2026-08-12,M,17074.1261,12908.1326,4165.9935,13.894862,1,1
CAKEUSDT,2026-08-12,R1,353011.3315,294026.8973,58984.4342,9.116066,3149,2223
CAKEUSDT,2026-08-12,R2,166544.0003,210982.8382,-44438.8379,-11.771041,81,94
CAKEUSDT,2026-08-13,M,0.0,39728.8875,-39728.8875,-100.0,0,2
CAKEUSDT,2026-08-13,R1,261105.3886,288451.1653,-27345.7767,-4.975971,3567,1671
CAKEUSDT,2026-08-13,R2,247188.6356,221021.6421,26166.9935,5.588727,110,110
CAKEUSDT,2026-08-14,M,0.0,13796.9555,-13796.9555,-100.0,0,1
CAKEUSDT,2026-08-14,R1,347067.5254,234749.5374,112317.988,19.304691,4072,1995
CAKEUSDT,2026-08-14,R2,159644.4635,196233.2458,-36588.7823,-10.28128,79,96
CAKEUSDT,2026-08-15,R1,144593.2982,128360.0255,16233.2727,5.947271,2838,1284
CAKEUSDT,2026-08-15,R2,85682.3882,73209.7639,12472.6243,7.849742,41,39
CAKEUSDT,2026-08-16,M,85632.2628,32151.7887,53480.4741,45.405531,5,2
CAKEUSDT,2026-08-16,R1,324159.6552,332530.3368,-8370.6816,-1.274678,4921,2699
CAKEUSDT,2026-08-16,R2,228383.1727,267041.5272,-38658.3545,-7.803074,113,133
CAKEUSDT,2026-08-17,M,10078.9289,10064.6489,14.28,0.070891,1,1
CAKEUSDT,2026-08-17,R1,205328.8623,226489.9481,-21161.0858,-4.900455,2225,1852
CAKEUSDT,2026-08-17,R2,343020.6777,131640.287,211380.3907,44.532921,156,72
CAKEUSDT,2026-08-18,M,0.0,33287.2375,-33287.2375,-100.0,0,2
CAKEUSDT,2026-08-18,R1,504900.3125,651158.0146,-146257.7021,-12.651412,4159,5202
CAKEUSDT,2026-08-18,R2,538018.4781,467974.9861,70043.492,6.962619,241,230
CAKEUSDT,2026-08-19,M,48299.5963,35493.4963,12806.1,15.283002,2,3
CAKEUSDT,2026-08-19,R1,1033158.125,1236292.1705,-203134.0455,-8.950804,8277,8555
CAKEUSDT,2026-08-19,R2,1058559.3719,841983.3343,216576.0376,11.395484,484,430
CAKEUSDT,2026-08-20,M,51600.823,26103.3133,25497.5097,32.813581,3,2
CAKEUSDT,2026-08-20,R1,930691.2045,663629.5624,267061.6421,16.75081,6957,5535
CAKEUSDT,2026-08-20,R2,673127.961,540490.937,132637.024,10.929051,328,254
CAKEUSDT,2026-08-21,M,247652.4817,192334.9714,55317.5103,12.57252,11,11
CAKEUSDT,2026-08-21,R1,1824560.6509,1761684.4103,62876.2406,1.753261,13924,13664
CAKEUSDT,2026-08-21,R2,943186.9262,1284744.2168,-341557.2906,-15.330693,461,631
CAKEUSDT,2026-08-22,M,90792.2202,207709.8701,-116917.6499,-39.168118,7,10
CAKEUSDT,2026-08-22,R1,1941284.6789,1635518.4575,305766.2214,8.54859,14660,11303
CAKEUSDT,2026-08-22,R2,897082.4219,843376.7888,53705.6331,3.085716,464,436
CAKEUSDT,2026-08-23,M,177938.8146,171705.4832,6233.3314,1.782764,8,10
CAKEUSDT,2026-08-23,R1,854288.4443,887372.8341,-33084.3898,-1.899588,6108,6206
CAKEUSDT,2026-08-23,R2,628986.0924,546480.5826,82505.5098,7.018958,331,266
CAKEUSDT,2026-08-24,M,24757.7614,164551.3815,-139793.6201,-73.844093,2,5
CAKEUSDT,2026-08-24,R1,644188.2263,748892.515,-104704.2887,-7.516024,6846,5696
CAKEUSDT,2026-08-24,R2,396708.3928,365212.8927,31495.5001,4.133695,194,181
CAKEUSDT,2026-08-25,M,83801.3986,68657.8326,15143.566,9.932863,2,5
CAKEUSDT,2026-08-25,R1,690036.7645,583713.3969,106323.3676,8.34727,6069,4104
CAKEUSDT,2026-08-25,R2,361217.5054,422770.1843,-61552.6789,-7.85123,190,211
CAKEUSDT,2026-08-26,M,23561.6167,0.0,23561.6167,100.0,2,0
CAKEUSDT,2026-08-26,R1,623037.8425,442096.6508,180941.1917,16.987638,5235,3705
CAKEUSDT,2026-08-26,R2,399069.233,288994.3797,110074.8533,15.997773,211,143
CAKEUSDT,2026-08-27,M,42431.5825,37528.0824,4903.5001,6.132467,3,3
CAKEUSDT,2026-08-27,R1,447914.2226,422277.4209,25636.8017,2.94611,3689,3182
CAKEUSDT,2026-08-27,R2,277666.6369,419561.3627,-141894.7258,-20.351266,140,200
CAKEUSDT,2026-08-28,M,22004.2906,61323.415,-39319.1244,-47.186136,1,4
CAKEUSDT,2026-08-28,R1,808758.8217,581583.2468,227175.5749,16.339546,6704,5237
CAKEUSDT,2026-08-28,R2,350993.2036,435837.0154,-84843.8118,-10.782988,186,215
CAKEUSDT,2026-08-29,M,12329.2772,0.0,12329.2772,100.0,1,0
CAKEUSDT,2026-08-29,R1,199397.8229,180316.9821,19080.8408,5.025045,1386,1400
CAKEUSDT,2026-08-29,R2,165008.2267,104867.8682,60140.3585,22.284433,86,59
CAKEUSDT,2026-08-30,M,204639.9208,300091.5376,-95451.6168,-18.911367,14,13
CAKEUSDT,2026-08-30,R1,2125287.8996,2464077.5846,-338789.685,-7.382059,18510,14304
CAKEUSDT,2026-08-30,R2,1849688.5099,2021717.5612,-172029.0513,-4.443581,907,1056
CAKEUSDT,2026-08-31,M,60822.7651,90511.9889,-29689.2238,-19.618246,4,5
CAKEUSDT,2026-08-31,R1,1230822.2269,1438845.9865,-208023.7596,-7.79212,7263,8748
CAKEUSDT,2026-08-31,R2,1461165.3926,1085048.1128,376117.2798,14.771632,660,511
CAKEUSDT,2026-09-01,M,80477.8936,78156.3617,2321.5319,1.463449,6,5
CAKEUSDT,2026-09-01,R1,1443158.9254,1185430.4293,257728.4961,9.804822,8542,9244
CAKEUSDT,2026-09-01,R2,989915.974,1134641.1577,-144725.1837,-6.812017,496,515
ENAUSDT,2026-03-04,M,3670462.2293,4308704.9666,-638242.7373,-7.998864,180,215
ENAUSDT,2026-03-04,R1,2684591.6019,2987108.0896,-302516.4877,-5.333789,20252,19128
ENAUSDT,2026-03-04,R2,6260113.7911,6810743.1026,-550629.3115,-4.212649,2502,2768
ENAUSDT,2026-03-05,M,570637.4255,1218105.9692,-647468.5437,-36.196838,35,71
ENAUSDT,2026-03-05,R1,2010590.613,1905341.9102,105248.7028,2.687705,19399,14152
ENAUSDT,2026-03-05,R2,4055220.4969,4224184.9536,-168964.4567,-2.04078,1629,1636
ENAUSDT,2026-03-06,M,1046606.2405,789431.3328,257174.9077,14.007061,59,50
ENAUSDT,2026-03-06,R1,1823398.1826,1736192.7117,87205.4709,2.449873,19038,14522
ENAUSDT,2026-03-06,R2,4226263.0436,4112131.6281,114131.4155,1.368746,1582,1566
ENAUSDT,2026-03-07,M,207613.4501,546367.8391,-338754.389,-44.928753,14,29
ENAUSDT,2026-03-07,R1,1209887.3169,2141780.7812,-931893.4643,-27.803871,9371,11623
ENAUSDT,2026-03-07,R2,2460745.96,2530947.3305,-70201.3705,-1.406364,989,1026
ENAUSDT,2026-03-08,M,552485.4286,379773.7247,172711.7039,18.526147,27,21
ENAUSDT,2026-03-08,R1,1046772.2447,1439411.0979,-392638.8532,-15.792836,9664,9875
ENAUSDT,2026-03-08,R2,2036132.871,2332713.7733,-296580.9023,-6.78854,802,947
ENAUSDT,2026-03-09,M,884621.5124,534612.0265,350009.4859,24.661867,48,32
ENAUSDT,2026-03-09,R1,1434091.5278,1318001.7017,116089.8261,4.218237,13746,12863
ENAUSDT,2026-03-09,R2,2881886.7755,2862196.8322,19689.9433,0.342787,1101,1103
ENAUSDT,2026-03-10,M,897344.147,617218.9647,280125.1823,18.495445,58,38
ENAUSDT,2026-03-10,R1,1342355.0449,1890381.4966,-548026.4517,-16.952401,13234,16164
ENAUSDT,2026-03-10,R2,4032817.8614,4023058.6756,9759.1858,0.121144,1352,1459
ENAUSDT,2026-03-11,M,440647.8518,597395.6033,-156747.7515,-15.100307,25,40
ENAUSDT,2026-03-11,R1,1218073.5961,1592791.6052,-374718.0091,-13.331056,10289,12799
ENAUSDT,2026-03-11,R2,3067470.7786,3427106.3808,-359635.6022,-5.537475,1100,1268
ENAUSDT,2026-03-12,M,535022.7844,711579.5598,-176556.7754,-14.163039,33,48
ENAUSDT,2026-03-12,R1,1207081.1471,1470310.2237,-263229.0766,-9.83155,10052,11010
ENAUSDT,2026-03-12,R2,3256004.8496,3404414.6155,-148409.7659,-2.228235,1236,1400
ENAUSDT,2026-03-13,M,896765.2697,1626065.3387,-729300.069,-28.908008,54,82
ENAUSDT,2026-03-13,R1,1850165.3152,1841379.1579,8786.1573,0.238008,16909,14496
ENAUSDT,2026-03-13,R2,4994712.7344,4975799.32,18913.4144,0.189694,1849,1878
ENAUSDT,2026-03-14,M,330581.3544,335510.9131,-4929.5587,-0.740071,22,24
ENAUSDT,2026-03-14,R1,648666.8158,646677.971,1988.8448,0.153538,5659,6293
ENAUSDT,2026-03-14,R2,1783625.6116,1814381.688,-30756.0764,-0.854809,628,632
ENAUSDT,2026-03-15,M,499188.9691,275146.5782,224042.3909,28.933502,27,20
ENAUSDT,2026-03-15,R1,900585.1869,948502.7119,-47917.525,-2.591414,7359,7556
ENAUSDT,2026-03-15,R2,2634386.6346,2297946.8987,336439.7359,6.821107,952,916
ENAUSDT,2026-03-16,M,1338410.1007,1254181.257,84228.8437,3.248828,90,72
ENAUSDT,2026-03-16,R1,1945252.0615,1902939.4232,42312.6383,1.099546,16054,15460
ENAUSDT,2026-03-16,R2,7201178.982,5993392.4234,1207786.5586,9.153663,2593,2156
ENAUSDT,2026-03-17,M,641602.6118,980653.0686,-339050.4568,-20.89994,39,62
ENAUSDT,2026-03-17,R1,1220980.7403,1330015.1735,-109034.4332,-4.274191,10825,10710
ENAUSDT,2026-03-17,R2,4242901.5786,4264140.7394,-21239.1608,-0.249666,1635,1621
ENAUSDT,2026-03-18,M,1053953.3355,1341787.3712,-287834.0357,-12.014407,65,78
ENAUSDT,2026-03-18,R1,1213923.9194,1298619.1563,-84695.2369,-3.370897,9461,12396
ENAUSDT,2026-03-18,R2,4841628.7131,5183340.9268,-341712.2137,-3.408611,1676,1775
ENAUSDT,2026-03-19,M,565207.5015,660415.5152,-95208.0137,-7.768132,36,41
ENAUSDT,2026-03-19,R1,1065151.9532,1182914.6707,-117762.7175,-5.2384,7275,9946
ENAUSDT,2026-03-19,R2,3612136.7124,3471080.7921,141055.9203,1.99141,1332,1323
ENAUSDT,2026-03-20,M,654359.7852,757134.4363,-102774.6511,-7.281266,41,42
ENAUSDT,2026-03-20,R1,1058129.6268,918158.3147,139971.3121,7.082536,8819,8324
ENAUSDT,2026-03-20,R2,3559815.3608,3221056.7834,338758.5774,4.995797,1188,1020
ENAUSDT,2026-03-21,M,394358.6611,580998.4463,-186639.7852,-19.135533,26,32
ENAUSDT,2026-03-21,R1,518542.651,581431.554,-62888.903,-5.717307,4275,4282
ENAUSDT,2026-03-21,R2,2257039.8931,2089230.0346,167809.8585,3.861009,717,728
ENAUSDT,2026-03-22,M,387352.6716,736475.3535,-349122.6819,-31.06549,25,45
ENAUSDT,2026-03-22,R1,1023560.0615,1077446.4276,-53886.3661,-2.564788,7324,9695
ENAUSDT,2026-03-22,R2,2822904.6912,2937106.4076,-114201.7164,-1.982665,972,1001
ENAUSDT,2026-03-22,W,103253.0632,0.0,103253.0632,100.0,1,0
ENAUSDT,2026-03-23,M,1499724.0759,1571752.4435,-72028.3676,-2.345073,91,97
ENAUSDT,2026-03-23,R1,2298212.9384,2454378.1487,-156165.2103,-3.285896,16219,16592
ENAUSDT,2026-03-23,R2,8177718.2752,7869831.1944,307887.0808,1.918593,2677,2852
ENAUSDT,2026-03-24,M,1182613.8277,1542153.9543,-359540.1266,-13.195258,79,95
ENAUSDT,2026-03-24,R1,1773414.0283,1712231.31,61182.7183,1.755277,10268,10540
ENAUSDT,2026-03-24,R2,5333218.2385,5204060.7444,129157.4941,1.22572,1835,1745
ENAUSDT,2026-03-25,M,2160424.1268,2473655.0927,-313230.9659,-6.759292,144,161
ENAUSDT,2026-03-25,R1,1704667.894,1740747.9816,-36080.0876,-1.047191,12313,11695
ENAUSDT,2026-03-25,R2,7710557.7386,7382628.0582,327929.6804,2.1727,2244,2139
ENAUSDT,2026-03-26,M,1660519.9035,2355277.3176,-694757.4141,-17.30061,96,142
ENAUSDT,2026-03-26,R1,1939062.272,2042680.4537,-103618.1817,-2.602332,11458,11681
ENAUSDT,2026-03-26,R2,8687133.8548,8874044.0604,-186910.2056,-1.064338,2987,3105
ENAUSDT,2026-03-27,M,759200.5933,1398037.6835,-638837.0902,-29.613655,48,71
ENAUSDT,2026-03-27,R1,1761325.2677,1767689.3322,-6364.0645,-0.180335,10175,9683
ENAUSDT,2026-03-27,R2,3903256.5889,3666617.5055,236639.0834,3.126064,1480,1498
ENAUSDT,2026-03-28,M,698318.7438,978125.8884,-279807.1446,-16.690509,37,50
ENAUSDT,2026-03-28,R1,1204691.4861,1156465.0777,48226.4084,2.042491,20160,19615
ENAUSDT,2026-03-28,R2,3055755.153,2993104.5232,62650.6298,1.035743,1121,1111
ENAUSDT,2026-03-29,M,380377.2832,587678.1287,-207300.8455,-21.414151,23,33
ENAUSDT,2026-03-29,R1,965716.9121,898937.2715,66779.6406,3.581342,6791,5826
ENAUSDT,2026-03-29,R2,1618555.3325,1609341.0685,9214.264,0.285457,566,579
ENAUSDT,2026-03-30,M,505767.3921,511517.7003,-5750.3082,-0.56526,29,29
ENAUSDT,2026-03-30,R1,1458424.5249,1406029.7444,52394.7805,1.829137,41473,40154
ENAUSDT,2026-03-30,R2,2325932.9235,2615654.0569,-289721.1334,-5.862917,930,1047
ENAUSDT,2026-03-31,M,338912.5121,582254.457,-243341.9449,-26.416703,23,37
ENAUSDT,2026-03-31,R1,1189425.5291,1305612.606,-116187.0769,-4.656725,29526,28534
ENAUSDT,2026-03-31,R2,3017285.1299,2921560.204,95724.9259,1.611844,1211,1184
ENAUSDT,2026-04-01,M,1127476.1517,1577742.3276,-450266.1759,-16.644355,68,78
ENAUSDT,2026-04-01,R1,1303709.5423,1111709.3525,192000.1898,7.94894,8150,6150
ENAUSDT,2026-04-01,R2,4063327.3676,4030912.4335,32414.9341,0.400469,1414,1369
ENAUSDT,2026-04-01,W,291374.19,0.0,291374.19,100.0,1,0
ENAUSDT,2026-04-02,M,1724512.3072,2047087.9463,-322575.6391,-8.552753,105,123
ENAUSDT,2026-04-02,R1,2060242.4377,2025716.6409,34525.7968,0.844986,12524,15860
ENAUSDT,2026-04-02,R2,6345042.593,6124073.7106,220968.8824,1.772129,2263,2280
ENAUSDT,2026-04-03,M,758328.7431,658993.0144,99335.7287,7.008693,42,41
ENAUSDT,2026-04-03,R1,746866.7861,703392.2539,43474.5322,2.997708,5528,10373
ENAUSDT,2026-04-03,R2,2421903.1465,2656703.8512,-234800.7047,-4.623329,854,962
ENAUSDT,2026-04-04,M,334478.8731,369397.6415,-34918.7684,-4.960923,22,20
ENAUSDT,2026-04-04,R1,556180.5396,668834.2208,-112653.6812,-9.196108,22824,29248
ENAUSDT,2026-04-04,R2,1466719.4942,1470262.6847,-3543.1905,-0.120641,482,514
ENAUSDT,2026-04-05,M,860193.9948,829447.0426,30746.9522,1.819733,50,45
ENAUSDT,2026-04-05,R1,1019261.5531,924159.5832,95101.9699,4.893534,40627,39909
ENAUSDT,2026-04-05,R2,2697915.4317,2870628.3686,-172712.9369,-3.101582,896,1033
ENAUSDT,2026-04-06,M,1269820.8636,1466714.2329,-196893.3693,-7.194988,90,92
ENAUSDT,2026-04-06,R1,1126743.879,1353421.1113,-226677.2323,-9.139603,7624,10483
ENAUSDT,2026-04-06,R2,4370793.2549,4775645.2917,-404852.0368,-4.426335,1511,1559
ENAUSDT,2026-04-07,M,997327.8513,1006991.0213,-9663.17,-0.482117,71,68
ENAUSDT,2026-04-07,R1,1395168.3224,1831067.0795,-435898.7571,-13.511065,8698,9247
ENAUSDT,2026-04-07,R2,5402455.8362,5326847.1446,75608.6916,0.704693,1875,1778
ENAUSDT,2026-04-08,M,1415752.7509,2291308.6206,-875555.8697,-23.618597,98,134
ENAUSDT,2026-04-08,R1,1555376.549,2194062.9437,-638686.3947,-17.034183,9147,9683
ENAUSDT,2026-04-08,R2,6274903.5801,5982583.3624,292320.2177,2.38483,2166,1961
ENAUSDT,2026-04-09,M,670771.9029,640210.8596,30561.0433,2.331155,43,40
ENAUSDT,2026-04-09,R1,1271412.5164,1243986.4201,27426.0963,1.090328,6705,6914
ENAUSDT,2026-04-09,R2,4948733.264,3885370.9761,1063362.2879,12.037013,2091,1513
ENAUSDT,2026-04-10,M,2900594.985,3565482.1458,-664887.1608,-10.282698,199,216
ENAUSDT,2026-04-10,R1,1911989.0868,1762572.2752,149416.8116,4.066249,11027,9013
ENAUSDT,2026-04-10,R2,8537132.4502,8368196.3757,168936.0745,0.999307,2875,2708
ENAUSDT,2026-04-11,M,875785.6656,1051707.2101,-175921.5445,-9.126962,51,61
ENAUSDT,2026-04-11,R1,1218347.7062,1084931.5449,133416.1613,5.792444,6614,6101
ENAUSDT,2026-04-11,R2,4188246.2033,4563442.3318,-375196.1285,-4.287128,1452,1543
ENAUSDT,2026-04-12,M,390670.8976,653800.8683,-263129.9707,-25.192636,24,34
ENAUSDT,2026-04-12,R1,1351813.6388,1307867.1326,43946.5062,1.652323,6992,6455
ENAUSDT,2026-04-12,R2,2656040.3875,3081153.2195,-425112.832,-7.40977,1104,1208
ENAUSDT,2026-04-13,M,778462.3204,801267.151,-22804.8306,-1.443591,52,47
ENAUSDT,2026-04-13,R1,2522820.8223,2591287.3427,-68466.5204,-1.338777,26824,25284
ENAUSDT,2026-04-13,R2,5245634.6057,5485746.979,-240112.3733,-2.237479,2213,2265
ENAUSDT,2026-04-14,M,1269605.4971,1162864.3257,106741.1714,4.388181,71,62
ENAUSDT,2026-04-14,R1,1307737.8067,1628586.1711,-320848.3644,-10.926872,20936,23911
ENAUSDT,2026-04-14,R2,4159241.6497,4660847.1031,-501605.4534,-5.687079,1753,2033
ENAUSDT,2026-04-15,M,471069.3745,755127.9588,-284058.5843,-23.165813,30,43
ENAUSDT,2026-04-15,R1,1570282.465,1411463.106,158819.359,5.326389,28797,25598
ENAUSDT,2026-04-15,R2,3990516.7098,4197769.9014,-207253.1916,-2.531094,1651,1710
ENAUSDT,2026-04-16,M,1842907.6972,1934847.151,-91939.4538,-2.433706,121,113
ENAUSDT,2026-04-16,R1,2418621.1617,2422529.1162,-3907.9545,-0.080724,44273,41757
ENAUSDT,2026-04-16,R2,7274228.8394,7479830.6519,-205601.8125,-1.393527,2430,2627
ENAUSDT,2026-04-16,W,131133.0885,0.0,131133.0885,100.0,1,0
ENAUSDT,2026-04-17,M,2576905.9003,3174552.4508,-597646.5505,-10.391218,144,184
ENAUSDT,2026-04-17,R1,4322987.0485,4039797.7216,283189.3269,3.386304,35148,29399
ENAUSDT,2026-04-17,R2,11308897.1342,11419065.2242,-110168.09,-0.484725,4428,4277
ENAUSDT,2026-04-18,M,1371471.8967,1850261.2013,-478789.3046,-14.861234,78,103
ENAUSDT,2026-04-18,R1,2589847.3566,2826204.4434,-236357.0868,-4.364011,18694,13693
ENAUSDT,2026-04-18,R2,5099989.4538,6729743.5812,-1629754.1274,-13.776762,1917,2450
ENAUSDT,2026-04-18,W,112266.6384,0.0,112266.6384,100.0,1,0
ENAUSDT,2026-04-19,M,1379329.0704,1190301.3437,189027.7267,7.356222,78,71
ENAUSDT,2026-04-19,R1,2519083.0781,2539887.9107,-20804.8326,-0.411246,14413,14534
ENAUSDT,2026-04-19,R2,4747324.2354,4912046.6325,-164722.3971,-1.705312,1781,1856
ENAUSDT,2026-04-19,W,123188.7538,124105.6416,-916.8878,-0.370768,1,1
ENAUSDT,2026-04-20,M,636679.0897,637948.6762,-1269.5865,-0.099604,41,30
ENAUSDT,2026-04-20,R1,2143346.7854,1831096.3685,312250.4169,7.856457,11035,11011
ENAUSDT,2026-04-20,R2,3136735.9347,2855392.7759,281343.1588,4.695212,1236,1304
ENAUSDT,2026-04-21,M,751876.3655,1039498.1698,-287621.8043,-16.055928,47,63
ENAUSDT,2026-04-21,R1,1388591.9853,1376123.8937,12468.0916,0.450972,8622,9727
ENAUSDT,2026-04-21,R2,4007184.5929,3749461.0315,257723.5614,3.322616,1478,1414
ENAUSDT,2026-04-22,M,618164.8422,826226.4113,-208061.5691,-14.404793,39,50
ENAUSDT,2026-04-22,R1,1521281.7859,2030963.2341,-509681.4482,-14.34815,9505,11025
ENAUSDT,2026-04-22,R2,4735748.7012,4274931.5356,460817.1656,5.114122,1739,1616
ENAUSDT,2026-04-23,M,762582.2624,1097927.6699,-335345.4075,-18.024381,42,54
ENAUSDT,2026-04-23,R1,1482569.4384,1345372.5177,137196.9207,4.851476,11839,7533
ENAUSDT,2026-04-23,R2,3099565.5833,3276744.8559,-177179.2726,-2.778712,1379,1338
ENAUSDT,2026-04-24,M,453702.1397,404939.0172,48763.1225,5.679104,26,24
ENAUSDT,2026-04-24,R1,764189.391,834648.9869,-70459.5959,-4.406924,5392,5244
ENAUSDT,2026-04-24,R2,2208625.2811,2280442.0473,-71816.7662,-1.599815,854,931
ENAUSDT,2026-04-25,M,288755.8642,283805.19,4950.6742,0.864654,18,18
ENAUSDT,2026-04-25,R1,507577.9893,626315.0109,-118737.0216,-10.471625,4154,3952
ENAUSDT,2026-04-25,R2,1625658.0287,1862459.4291,-236801.4004,-6.788802,596,751
ENAUSDT,2026-04-26,M,1079573.0903,828468.1989,251104.8914,13.160349,50,45
ENAUSDT,2026-04-26,R1,805983.8769,730541.1849,75442.692,4.909955,5594,4046
ENAUSDT,2026-04-26,R2,2798158.6872,2700106.5272,98052.16,1.783329,1016,946
ENAUSDT,2026-04-26,W,105086.7195,0.0,105086.7195,100.0,1,0
ENAUSDT,2026-04-27,M,2507490.6868,1645568.6699,861922.0169,20.753906,96,85
ENAUSDT,2026-04-27,R1,1408364.4941,1334808.5757,73555.9184,2.681417,8701,9248
ENAUSDT,2026-04-27,R2,3709339.549,4076278.5118,-366938.9628,-4.713036,1411,1627
ENAUSDT,2026-04-27,W,104397.4663,0.0,104397.4663,100.0,1,0
ENAUSDT,2026-04-28,M,450694.1218,560280.0399,-109585.9181,-10.839636,18,26
ENAUSDT,2026-04-28,R1,682386.6862,769399.6322,-87012.946,-5.993509,5086,4278
ENAUSDT,2026-04-28,R2,1622850.0913,1793178.2987,-170328.2074,-4.986147,654,700
ENAUSDT,2026-04-29,M,572699.7693,509597.5211,63102.2482,5.830399,38,33
ENAUSDT,2026-04-29,R1,1093961.4443,1109273.1217,-15311.6774,-0.694964,6859,7023
ENAUSDT,2026-04-29,R2,3085553.5756,3849906.9582,-764353.3826,-11.020946,1127,1394
ENAUSDT,2026-04-30,M,314595.8219,340883.5979,-26287.776,-4.010466,20,20
ENAUSDT,2026-04-30,R1,656884.8871,578078.1667,78806.7204,6.381302,6272,3537
ENAUSDT,2026-04-30,R2,1759010.8563,1855875.0339,-96864.1776,-2.679592,669,679
ENAUSDT,2026-05-01,M,1303087.4639,862279.26,440808.2039,20.357208,51,40
ENAUSDT,2026-05-01,R1,833656.3416,753161.8856,80494.456,5.072695,5351,4519
ENAUSDT,2026-05-01,R2,2370881.335,2534852.0552,-163970.7202,-3.34243,948,963
ENAUSDT,2026-05-01,W,112655.5903,0.0,112655.5903,100.0,1,0
ENAUSDT,2026-05-02,M,2073463.8722,1169438.7591,904025.1131,27.877035,102,57
ENAUSDT,2026-05-02,R1,775136.6935,691265.1992,83871.4943,5.719544,5088,5050
ENAUSDT,2026-05-02,R2,2367355.5035,2170130.803,197224.7005,4.346563,945,854
ENAUSDT,2026-05-02,W,473190.2187,0.0,473190.2187,100.0,4,0
ENAUSDT,2026-05-03,M,1461674.0911,1358685.3421,102988.749,3.651618,68,58
ENAUSDT,2026-05-03,R1,930432.956,820124.6737,110308.2823,6.301323,6107,6005
ENAUSDT,2026-05-03,R2,2738153.0461,2861682.2199,-123529.1738,-2.205943,1066,1141
ENAUSDT,2026-05-03,W,139045.0273,122685.7353,16359.292,6.250428,1,1
ENAUSDT,2026-05-04,M,3393433.8104,3681292.1483,-287858.3379,-4.068827,173,202
ENAUSDT,2026-05-04,R1,2540681.4393,2513836.7515,26844.6878,0.531103,17120,19609
ENAUSDT,2026-05-04,R2,7555273.1261,7932353.0618,-377079.9357,-2.434717,2577,2657
ENAUSDT,2026-05-05,M,2651649.77,2605444.1232,46205.6468,0.87892,130,125
ENAUSDT,2026-05-05,R1,3738673.3466,2741585.4251,997087.9215,15.386545,26066,15745
ENAUSDT,2026-05-05,R2,8060402.8304,8163392.8861,-102990.0557,-0.634809,3309,3226
ENAUSDT,2026-05-05,W,102095.233,0.0,102095.233,100.0,1,0
ENAUSDT,2026-05-06,M,1935685.6059,3970246.7149,-2034561.109,-34.449448,122,213
ENAUSDT,2026-05-06,R1,4015218.4655,3016168.7723,999049.6932,14.208429,28982,18359
ENAUSDT,2026-05-06,R2,8549851.755,8942386.5501,-392534.7951,-2.244051,3232,3188
ENAUSDT,2026-05-07,M,2458657.3513,2339872.3233,118785.028,2.475446,159,147
ENAUSDT,2026-05-07,R1,3024037.9736,2924571.0374,99466.9362,1.672104,17436,16495
ENAUSDT,2026-05-07,R2,7504431.687,7407320.2742,97111.4128,0.651241,2958,2893
ENAUSDT,2026-05-08,M,4546643.6826,4506070.5146,40573.168,0.448188,273,252
ENAUSDT,2026-05-08,R1,3228249.0695,2782297.0821,445951.9874,7.419492,18707,16191
ENAUSDT,2026-05-08,R2,9444399.6563,9628821.7454,-184422.0891,-0.966916,2997,3151
ENAUSDT,2026-05-09,M,1314337.69,1143820.6061,170517.0839,6.936782,68,63
ENAUSDT,2026-05-09,R1,1691156.5469,1820472.1016,-129315.5547,-3.682495,10636,10524
ENAUSDT,2026-05-09,R2,4418783.5446,4864633.665,-445850.1204,-4.802651,1780,1970
ENAUSDT,2026-05-10,M,1273731.9555,1424678.385,-150946.4295,-5.593902,79,76
ENAUSDT,2026-05-10,R1,2261926.2785,2329911.7819,-67985.5034,-1.480573,13329,13210
ENAUSDT,2026-05-10,R2,6467631.5394,6360488.0106,107143.5288,0.835224,2304,2278
ENAUSDT,2026-05-11,M,1299645.8234,2391568.7834,-1091922.96,-29.581671,71,123
ENAUSDT,2026-05-11,R1,1859596.1678,1688459.9461,171136.2217,4.82338,11560,9000
ENAUSDT,2026-05-11,R2,4926772.575,5551389.7016,-624617.1266,-5.961132,1674,1932
ENAUSDT,2026-05-12,M,1167115.3433,1594083.9385,-426968.5952,-15.463158,77,97
ENAUSDT,2026-05-12,R1,1459198.2466,1653955.5883,-194757.3417,-6.25595,9715,9181
ENAUSDT,2026-05-12,R2,3010629.2085,3710506.1487,-699876.9402,-10.413076,1086,1272
ENAUSDT,2026-05-13,M,1689471.2505,2483799.151,-794327.9005,-19.033703,91,139
ENAUSDT,2026-05-13,R1,1358745.2848,1142328.1359,216417.1489,8.652971,7875,8475
ENAUSDT,2026-05-13,R2,3684157.0315,3750823.7088,-66666.6773,-0.896662,1271,1295
ENAUSDT,2026-05-14,M,911412.3116,1098963.4548,-187551.1432,-9.329159,55,72
ENAUSDT,2026-05-14,R1,1194681.3448,1330373.9532,-135692.6084,-5.373847,7637,8093
ENAUSDT,2026-05-14,R2,3258786.4828,3417031.8004,-158245.3176,-2.370426,1053,1118
ENAUSDT,2026-05-15,M,1007287.1655,1257053.8317,-249766.6662,-11.030435,60,62
ENAUSDT,2026-05-15,R1,1337895.3418,1596089.9256,-258194.5838,-8.800132,8284,11066
ENAUSDT,2026-05-15,R2,3067181.4496,3163617.0245,-96435.5749,-1.547724,1067,1039
ENAUSDT,2026-05-16,M,2609028.5567,2340412.7903,268615.7664,5.427194,115,119
ENAUSDT,2026-05-16,R1,1302374.6811,1077958.9753,224415.7058,9.42791,10505,8313
ENAUSDT,2026-05-16,R2,2254139.2057,2299944.5876,-45805.3819,-1.005809,805,788
ENAUSDT,2026-05-17,M,480002.9608,490663.7363,-10660.7755,-1.098294,27,32
ENAUSDT,2026-05-17,R1,1026042.8469,888031.1519,138011.695,7.210364,6373,5320
ENAUSDT,2026-05-17,R2,2453087.3099,2259706.1077,193381.2022,4.103324,835,866
ENAUSDT,2026-05-18,M,1381683.0838,1830054.3584,-448371.2746,-13.960396,72,95
ENAUSDT,2026-05-18,R1,998089.0771,1138138.6545,-140049.5774,-6.555929,7206,6267
ENAUSDT,2026-05-18,R2,2568697.6531,2722786.6375,-154088.9844,-2.912018,889,959
ENAUSDT,2026-05-19,M,767377.578,802009.2057,-34631.6277,-2.206698,50,52
ENAUSDT,2026-05-19,R1,736082.6506,799503.5202,-63420.8696,-4.130076,4232,5473
ENAUSDT,2026-05-19,R2,2668362.561,2023569.4449,644793.1161,13.742593,918,709
ENAUSDT,2026-05-20,M,2184854.6765,1165303.8994,1019550.7771,30.432911,116,73
ENAUSDT,2026-05-20,R1,914381.8676,1010152.8426,-95770.975,-4.976318,5239,8773
ENAUSDT,2026-05-20,R2,2235674.1791,2300119.76,-64445.5809,-1.420823,866,821
ENAUSDT,2026-05-21,M,1370765.7285,1477597.4299,-106831.7014,-3.750635,97,106
ENAUSDT,2026-05-21,R1,1163044.5361,1106690.6735,56353.8626,2.482839,7571,10934
ENAUSDT,2026-05-21,R2,2805322.6556,2729897.6039,75425.0517,1.362639,950,936
ENAUSDT,2026-05-22,M,1411181.9965,1387625.4374,23556.5591,0.841664,86,86
ENAUSDT,2026-05-22,R1,1271387.672,1531632.412,-260244.74,-9.284441,9653,15303
ENAUSDT,2026-05-22,R2,3551291.0995,4003554.1786,-452263.0791,-5.986398,1206,1391
ENAUSDT,2026-05-23,M,1684206.6208,1977252.8939,-293046.2731,-8.003537,112,118
ENAUSDT,2026-05-23,R1,1506971.1593,1741325.8125,-234354.6532,-7.214693,10151,14632
ENAUSDT,2026-05-23,R2,4220564.0763,3888667.0089,331897.0674,4.09283,1419,1305
ENAUSDT,2026-05-24,M,637598.6804,788006.9938,-150408.3134,-10.550485,44,53
ENAUSDT,2026-05-24,R1,679298.4679,778577.1209,-99278.653,-6.809817,5118,8999
ENAUSDT,2026-05-24,R2,1568617.7218,1722092.3166,-153474.5948,-4.663875,506,571
ENAUSDT,2026-05-25,M,877348.0938,897522.4933,-20174.3995,-1.136669,61,66
ENAUSDT,2026-05-25,R1,1045266.0393,769074.2274,276191.8119,15.222713,7115,7579
ENAUSDT,2026-05-25,R2,2408050.9189,2005319.3124,402731.6065,9.125262,819,785
ENAUSDT,2026-05-26,M,2527670.5036,2529212.3421,-1541.8385,-0.03049,168,166
ENAUSDT,2026-05-26,R1,1326208.7392,1456266.2234,-130057.4842,-4.674165,8156,9323
ENAUSDT,2026-05-26,R2,3905710.3616,3539235.6116,366474.75,4.922464,1285,1244
ENAUSDT,2026-05-27,M,704700.2369,770908.7793,-66208.5424,-4.486862,45,46
ENAUSDT,2026-05-27,R1,1494804.637,1506448.3009,-11643.6639,-0.38796,8170,10582
ENAUSDT,2026-05-27,R2,3077907.9575,3207566.8165,-129658.859,-2.062833,1140,1165
ENAUSDT,2026-05-28,M,1670736.4001,1788386.5811,-117650.181,-3.401156,103,118
ENAUSDT,2026-05-28,R1,1864682.4349,1513773.42,350909.0149,10.386669,12252,8586
ENAUSDT,2026-05-28,R2,4072071.9191,3979161.2153,92910.7038,1.153993,1379,1474
ENAUSDT,2026-05-29,M,1421351.0636,2074527.9488,-653176.8852,-18.684196,90,108
ENAUSDT,2026-05-29,R1,1454038.6308,1450035.217,4003.4138,0.137855,9615,8130
ENAUSDT,2026-05-29,R2,2871807.0563,2850624.9416,21182.1147,0.370159,1089,1003
ENAUSDT,2026-05-30,M,678000.1248,655988.9963,22011.1285,1.650023,43,41
ENAUSDT,2026-05-30,R1,696558.194,1084400.6647,-387842.4707,-21.777172,4162,5629
ENAUSDT,2026-05-30,R2,1942493.2434,1783273.1824,159220.061,4.273485,651,700
ENAUSDT,2026-05-31,M,1476981.292,1556842.6144,-79861.3224,-2.632365,86,87
ENAUSDT,2026-05-31,R1,1031436.5811,1496579.3388,-465142.7577,-18.399519,5951,9905
ENAUSDT,2026-05-31,R2,3712048.5322,3386744.8626,325303.6696,4.582521,1264,1195
ENAUSDT,2026-06-01,M,1194749.3571,1239989.1622,-45239.8051,-1.858097,81,90
ENAUSDT,2026-06-01,R1,1362599.1642,1231367.52,131231.6442,5.059111,9218,7059
ENAUSDT,2026-06-01,R2,3635259.2242,3618926.9132,16332.311,0.225143,1281,1252
ENAUSDT,2026-06-02,M,8129996.0493,8057927.3255,72068.7238,0.445201,576,560
ENAUSDT,2026-06-02,R1,3470569.6626,3735040.3062,-264470.6436,-3.670344,21336,22212
ENAUSDT,2026-06-02,R2,13059708.0809,12991622.4715,68085.6094,0.261352,4064,4139
ENAUSDT,2026-06-03,M,20919492.1309,17813271.8107,3106220.3202,8.01962,1263,1019
ENAUSDT,2026-06-03,R1,8151674.6913,8625972.5423,-474297.851,-2.826963,49588,47189
ENAUSDT,2026-06-03,R2,23343466.6999,24294681.6701,-951214.9702,-1.996751,7890,8752
ENAUSDT,2026-06-03,W,0.0,304025.435,-304025.435,-100.0,0,2
ENAUSDT,2026-06-04,M,6574566.0478,7687485.9911,-1112919.9433,-7.803365,420,447
ENAUSDT,2026-06-04,R1,6948443.5394,7513582.1143,-565138.5749,-3.907741,42364,45975
ENAUSDT,2026-06-04,R2,23676567.4256,23902522.6621,-225955.2365,-0.474904,8408,9865
ENAUSDT,2026-06-04,W,107385.1063,0.0,107385.1063,100.0,1,0
ENAUSDT,2026-06-05,M,4188197.7327,3897197.1527,291000.58,3.599089,275,242
ENAUSDT,2026-06-05,R1,5882403.9362,6324123.2315,-441719.2953,-3.618714,40028,37719
ENAUSDT,2026-06-05,R2,15474824.753,16854586.0854,-1379761.3324,-4.267821,5597,6867
ENAUSDT,2026-06-06,M,4310534.1114,4018527.6926,292006.4188,3.505874,275,226
ENAUSDT,2026-06-06,R1,3673373.5721,4671521.0188,-998147.4467,-11.961175,24398,25829
ENAUSDT,2026-06-06,R2,10411220.7663,11208732.0984,-797511.3321,-3.688775,3855,4906
ENAUSDT,2026-06-07,M,3096439.7793,3071863.7475,24576.0318,0.398424,193,168
ENAUSDT,2026-06-07,R1,2495875.0895,2801534.2624,-305659.1729,-5.769975,18202,14974
ENAUSDT,2026-06-07,R2,7318363.2653,8284763.9128,-966400.6475,-6.193634,2612,3089
ENAUSDT,2026-06-08,M,5068388.3374,4407444.047,660944.2904,6.975053,304,248
ENAUSDT,2026-06-08,R1,2808320.5183,2687692.2156,120628.3027,2.194833,18823,14833
ENAUSDT,2026-06-08,R2,7053652.215,8597732.5061,-1544080.2911,-9.865455,2441,2940
ENAUSDT,2026-06-09,M,6290723.6594,6395978.2641,-105254.6047,-0.829645,381,377
ENAUSDT,2026-06-09,R1,3289230.4131,2895404.5696,393825.8435,6.367811,18953,17578
ENAUSDT,2026-06-09,R2,10907578.1346,10870390.3139,37187.8207,0.170759,3708,3853
ENAUSDT,2026-06-10,M,3238066.6061,2626790.8396,611275.7665,10.422688,225,182
ENAUSDT,2026-06-10,R1,2268862.9,2159769.4926,109093.4074,2.463366,14604,10709
ENAUSDT,2026-06-10,R2,7704503.3574,10279038.6952,-2574535.3378,-14.316064,2581,3631
ENAUSDT,2026-06-11,M,3345938.2708,3321867.2416,24071.0292,0.361004,238,224
ENAUSDT,2026-06-11,R1,2021744.1248,1969295.5824,52448.5424,1.314157,14080,10158
ENAUSDT,2026-06-11,R2,8027057.1889,8012661.0306,14396.1583,0.089753,2448,2547
ENAUSDT,2026-06-12,M,3412772.9747,3305382.2489,107390.7258,1.598515,233,220
ENAUSDT,2026-06-12,R1,1668522.0716,2136130.9598,-467608.8882,-12.290448,11054,13566
ENAUSDT,2026-06-12,R2,8048284.1652,8700408.9203,-652124.7551,-3.893586,2327,2536
ENAUSDT,2026-06-12,W,0.0,104501.6082,-104501.6082,-100.0,0,1
ENAUSDT,2026-06-13,M,2893449.228,2942593.0477,-49143.8197,-0.842074,183,192
ENAUSDT,2026-06-13,R1,1450252.2034,1391567.6864,58684.517,2.065033,10058,7402
ENAUSDT,2026-06-13,R2,6142925.2181,6656469.7166,-513544.4985,-4.012256,1759,1979
ENAUSDT,2026-06-14,M,2522402.4802,2632412.9557,-110010.4755,-2.13413,151,153
ENAUSDT,2026-06-14,R1,1094210.9152,1030239.8731,63971.0421,3.01118,7367,6499
ENAUSDT,2026-06-14,R2,4502524.8467,4747497.4415,-244972.5948,-2.648346,1422,1502
ENAUSDT,2026-06-14,W,105151.8466,0.0,105151.8466,100.0,1,0
ENAUSDT,2026-06-15,M,3557016.9781,2906769.9254,650247.0527,10.059847,208,185
ENAUSDT,2026-06-15,R1,1876959.735,1839542.2607,37417.4743,1.006793,14328,10705
ENAUSDT,2026-06-15,R2,8394064.4609,7907262.4035,486802.0574,2.986273,2642,2487
ENAUSDT,2026-06-16,M,3202962.9395,3260221.1977,-57258.2582,-0.885914,209,217
ENAUSDT,2026-06-16,R1,1494432.2916,1378051.5637,116380.7279,4.051571,9449,8346
ENAUSDT,2026-06-16,R2,5952346.0673,6173057.0833,-220711.016,-1.820237,1810,1913
ENAUSDT,2026-06-17,M,6993106.7978,6639757.1932,353349.6046,2.591896,430,391
ENAUSDT,2026-06-17,R1,3102653.2285,3207102.7498,-104449.5213,-1.655365,25806,20751
ENAUSDT,2026-06-17,R2,10618608.8451,11796678.2976,-1178069.4525,-5.255652,3413,3776
ENAUSDT,2026-06-18,M,2768645.5044,2655733.6342,112911.8702,2.081563,170,167
ENAUSDT,2026-06-18,R1,3480347.0155,3164723.5449,315623.4706,4.749738,21612,16732
ENAUSDT,2026-06-18,R2,9868511.4842,10604711.7637,-736200.2795,-3.595918,3343,3673
ENAUSDT,2026-06-19,M,1538326.0278,1951361.5228,-413035.495,-11.835888,94,125
ENAUSDT,2026-06-19,R1,1510281.3062,2233204.2716,-722922.9654,-19.311493,8734,14853
ENAUSDT,2026-06-19,R2,4893224.5871,4842324.8861,50899.701,0.522823,1645,1627
ENAUSDT,2026-06-20,M,1598655.7175,1937954.8262,-339299.1087,-9.593906,106,123
ENAUSDT,2026-06-20,R1,1116383.0906,1126326.2913,-9943.2007,-0.443357,6755,7847
ENAUSDT,2026-06-20,R2,3700855.925,4037200.1591,-336344.2341,-4.346624,1229,1341
ENAUSDT,2026-06-21,M,1527916.5276,1803302.2349,-275385.7073,-8.266815,97,117
ENAUSDT,2026-06-21,R1,1619529.0316,1328783.6887,290745.3429,9.861415,11731,6894
ENAUSDT,2026-06-21,R2,4564324.8668,4865616.8144,-301291.9476,-3.195056,1337,1515
ENAUSDT,2026-06-22,M,4825674.1288,5161711.0224,-336036.8936,-3.364613,334,328
ENAUSDT,2026-06-22,R1,2675635.4989,2305821.7137,369813.7852,7.423807,20514,12718
ENAUSDT,2026-06-22,R2,8345053.4904,10187092.3597,-1842038.8693,-9.939696,2804,3368
ENAUSDT,2026-06-23,M,2519217.8429,2663247.1863,-144029.3434,-2.779167,159,173
ENAUSDT,2026-06-23,R1,1745157.1398,2281133.2668,-535976.127,-13.311909,8929,17447
ENAUSDT,2026-06-23,R2,4561621.8162,4672565.9015,-110944.0853,-1.201449,1604,1607
ENAUSDT,2026-06-24,M,1108407.4938,1746980.6432,-638573.1494,-22.363795,83,119
ENAUSDT,2026-06-24,R1,1591581.193,1682897.6238,-91316.4308,-2.788732,9686,12208
ENAUSDT,2026-06-24,R2,5393221.7535,5516483.1153,-123261.3618,-1.129832,1874,1971
ENAUSDT,2026-06-25,M,3445220.6453,2693384.3956,751836.2497,12.247673,224,178
ENAUSDT,2026-06-25,R1,1800004.4338,1579879.728,220124.7058,6.512788,10276,9004
ENAUSDT,2026-06-25,R2,6789514.8665,7261009.5574,-471494.6909,-3.355709,2328,2501
ENAUSDT,2026-06-26,M,2706243.793,3493741.225,-787497.432,-12.701602,199,239
ENAUSDT,2026-06-26,R1,3215905.3832,2684957.9846,530947.3986,8.997792,25925,12758
ENAUSDT,2026-06-26,R2,7949879.1108,7989036.9332,-39157.8224,-0.245674,2799,2957
ENAUSDT,2026-06-27,M,1152418.4233,1213907.6166,-61489.1933,-2.598509,83,80
ENAUSDT,2026-06-27,R1,754218.1158,1040335.6347,-286117.5189,-15.943658,4570,8545
ENAUSDT,2026-06-27,R2,3001861.4036,2881750.5599,120110.8437,2.041447,1002,1005
ENAUSDT,2026-06-28,M,746616.7387,1128664.916,-382048.1773,-20.372842,57,83
ENAUSDT,2026-06-28,R1,889823.2706,1014332.064,-124508.7934,-6.538794,5517,7937
ENAUSDT,2026-06-28,R2,2601641.8691,2663808.7556,-62166.8865,-1.180657,887,913
ENAUSDT,2026-06-29,M,3028270.7885,2388854.9309,639415.8576,11.8036,197,163
ENAUSDT,2026-06-29,R1,2827002.3927,2867029.0609,-40026.6682,-0.702958,20726,23612
ENAUSDT,2026-06-29,R2,10149355.6485,9319272.1774,830083.4711,4.263698,3234,3018
ENAUSDT,2026-06-30,M,4881137.4632,4292216.2407,588921.2225,6.419912,282,254
ENAUSDT,2026-06-30,R1,2292679.1827,2500777.0209,-208097.8382,-4.34129,11519,13615
ENAUSDT,2026-06-30,R2,7752626.2854,6478207.4081,1274418.8773,8.955335,2665,2386
ENAUSDT,2026-07-01,M,1472340.8145,1523911.2207,-51570.4062,-1.721164,107,101
ENAUSDT,2026-07-01,R1,1442578.5111,1342662.7513,99915.7598,3.587329,8496,10295
ENAUSDT,2026-07-01,R2,5110530.225,4807004.8647,303525.3603,3.060492,1880,1690
ENAUSDT,2026-07-02,M,6323077.7705,6275064.2012,48013.5693,0.381116,402,390
ENAUSDT,2026-07-02,R1,2792353.0453,2125257.9492,667095.0961,13.56543,21548,13071
ENAUSDT,2026-07-02,R2,7572916.9443,7705899.4767,-132982.5324,-0.870372,2763,2619
ENAUSDT,2026-07-02,W,117521.2868,0.0,117521.2868,100.0,1,0
ENAUSDT,2026-07-03,M,1658470.864,1068907.1842,589563.6798,21.6165,112,70
ENAUSDT,2026-07-03,R1,773952.9765,1056427.5702,-282474.5937,-15.432561,5167,7314
ENAUSDT,2026-07-03,R2,3288039.079,3099442.5986,188596.4804,2.952595,1135,1099
ENAUSDT,2026-07-04,M,1489419.5692,1416490.4038,72929.1654,2.509684,100,87
ENAUSDT,2026-07-04,R1,630465.929,766753.7807,-136287.8517,-9.754218,5365,5493
ENAUSDT,2026-07-04,R2,2382454.4726,2994474.8192,-612020.3466,-11.382339,781,1025
ENAUSDT,2026-07-05,M,734625.0656,762968.4133,-28343.3477,-1.892593,47,44
ENAUSDT,2026-07-05,R1,704154.8204,940078.2885,-235923.4681,-14.348541,5492,7509
ENAUSDT,2026-07-05,R2,2396423.794,2307938.6441,88485.1499,1.880917,843,866
ENAUSDT,2026-07-06,M,1187867.7506,1566714.8526,-378847.102,-13.75334,76,99
ENAUSDT,2026-07-06,R1,993923.1713,1179189.6726,-185266.5013,-8.525397,7963,8576
ENAUSDT,2026-07-06,R2,3963241.6042,3984055.906,-20814.3018,-0.261904,1370,1456
ENAUSDT,2026-07-07,M,2256132.7726,1924051.3131,332081.4595,7.944183,135,116
ENAUSDT,2026-07-07,R1,996412.4557,1067288.2491,-70875.7934,-3.434403,6438,8612
ENAUSDT,2026-07-07,R2,3050455.0818,3435710.9944,-385255.9126,-5.939655,1055,1232
ENAUSDT,2026-07-08,M,1185839.2195,1489789.7981,-303950.5786,-11.359967,80,94
ENAUSDT,2026-07-08,R1,969056.782,824157.3108,144899.4712,8.080433,6724,5718
ENAUSDT,2026-07-08,R2,3590417.3306,3534975.0351,55442.2955,0.778095,1222,1172
ENAUSDT,2026-07-09,M,1442185.7769,1492185.6391,-49999.8622,-1.703938,99,99
ENAUSDT,2026-07-09,R1,855511.8036,687732.3644,167779.4392,10.871866,7519,4926
ENAUSDT,2026-07-09,R2,2534101.2018,2575830.7336,-41729.5318,-0.816636,811,913
ENAUSDT,2026-07-10,M,1158979.0637,1155879.4339,3099.6298,0.133901,80,71
ENAUSDT,2026-07-10,R1,1440194.1525,1040657.7239,399536.4286,16.104808,11577,6011
ENAUSDT,2026-07-10,R2,3313861.3049,3600209.5669,-286348.262,-4.141529,1078,1293
ENAUSDT,2026-07-11,M,2085187.4112,1879614.6192,205572.792,5.184945,125,115
ENAUSDT,2026-07-11,R1,1648481.9456,1083856.2072,564625.7384,20.664563,7996,6565
ENAUSDT,2026-07-11,R2,3031300.3202,3216419.6468,-185119.3266,-2.96299,937,1045
ENAUSDT,2026-07-12,M,377127.3825,540735.7762,-163608.3937,-17.824922,25,33
ENAUSDT,2026-07-12,R1,516687.7071,638122.3337,-121434.6266,-10.51555,3699,4277
ENAUSDT,2026-07-12,R2,1880909.8982,2025409.7495,-144499.8513,-3.69913,626,710
ENAUSDT,2026-07-13,M,547135.1066,745842.2201,-198707.1135,-15.368182,36,49
ENAUSDT,2026-07-13,R1,694100.0776,699801.0737,-5700.9961,-0.408996,4956,4883
ENAUSDT,2026-07-13,R2,2113022.2593,2499319.4536,-386297.1943,-8.375294,759,856
ENAUSDT,2026-07-14,M,1359482.8916,1346153.8982,13328.9934,0.492638,81,87
ENAUSDT,2026-07-14,R1,1453368.4577,1125724.8423,327643.6154,12.703829,10673,6703
ENAUSDT,2026-07-14,R2,3828220.6841,4264892.1338,-436671.4497,-5.395593,1433,1560
ENAUSDT,2026-07-15,M,758176.8468,981864.4737,-223687.6269,-12.855305,51,54
ENAUSDT,2026-07-15,R1,888074.1223,980254.7756,-92180.6533,-4.933856,5492,4562
ENAUSDT,2026-07-15,R2,2865101.8471,3309315.3886,-444213.5415,-7.194421,998,1222
ENAUSDT,2026-07-16,M,1930884.3521,1940854.8335,-9970.4814,-0.257519,112,112
ENAUSDT,2026-07-16,R1,1207761.8544,1257476.3911,-49714.5367,-2.016622,9151,7705
ENAUSDT,2026-07-16,R2,4097151.2193,4529506.2432,-432355.0239,-5.011849,1505,1658
ENAUSDT,2026-07-17,M,983603.2599,1609429.8139,-625826.554,-24.134924,62,89
ENAUSDT,2026-07-17,R1,869126.3645,1034374.5089,-165248.1444,-8.681275,5249,7844
ENAUSDT,2026-07-17,R2,3521732.0667,3733927.2885,-212195.2218,-2.924548,1186,1298
ENAUSDT,2026-07-18,M,642349.3279,474317.2873,168032.0406,15.047646,41,31
ENAUSDT,2026-07-18,R1,478320.4533,485856.8993,-7536.446,-0.781645,3070,3435
ENAUSDT,2026-07-18,R2,1469759.6044,1561617.0558,-91857.4514,-3.030222,609,601
ENAUSDT,2026-07-19,M,281939.0582,235888.5016,46050.5566,8.893029,17,17
ENAUSDT,2026-07-19,R1,345655.4909,369098.3171,-23442.8262,-3.279846,2500,2989
ENAUSDT,2026-07-19,R2,1393823.9595,1372336.4752,21487.4843,0.776798,493,541
ENAUSDT,2026-07-20,M,1228702.0306,1497642.6635,-268940.6329,-9.864513,89,98
ENAUSDT,2026-07-20,R1,767158.8954,939928.9704,-172770.075,-10.120749,5779,5818
ENAUSDT,2026-07-20,R2,2656403.3112,3304358.8405,-647955.5293,-10.870347,931,1214
ENAUSDT,2026-07-21,M,1105050.4044,975060.4234,129989.981,6.249185,69,62
ENAUSDT,2026-07-21,R1,945629.8588,995951.8138,-50321.955,-2.591802,8886,6376
ENAUSDT,2026-07-21,R2,3239024.7332,3990629.7604,-751605.0272,-10.39614,1134,1410
ENAUSDT,2026-07-22,M,2355476.0986,2152697.1605,202778.9381,4.498029,140,119
ENAUSDT,2026-07-22,R1,1430914.757,1318828.3921,112086.3649,4.076249,11270,7782
ENAUSDT,2026-07-22,R2,4820592.3009,5386924.4875,-566332.1866,-5.548188,1676,1952
ENAUSDT,2026-07-22,W,0.0,186550.4338,-186550.4338,-100.0,0,1
ENAUSDT,2026-07-23,M,1843852.0425,2963940.8826,-1120088.8401,-23.29736,113,152
ENAUSDT,2026-07-23,R1,1173688.7296,1230072.2109,-56383.4813,-2.345636,7641,6653
ENAUSDT,2026-07-23,R2,4100646.2248,4528323.267,-427677.0422,-4.956293,1557,1752
ENAUSDT,2026-07-23,W,583593.7098,0.0,583593.7098,100.0,1,0
ENAUSDT,2026-07-24,M,962011.9567,875726.5708,86285.3859,4.695194,53,54
ENAUSDT,2026-07-24,R1,782090.7247,1038189.4046,-256098.6799,-14.069191,4269,10857
ENAUSDT,2026-07-24,R2,2448099.221,2651124.9595,-203025.7385,-3.981503,851,982
ENAUSDT,2026-07-25,M,191691.6488,747782.578,-556090.9292,-59.191717,12,35
ENAUSDT,2026-07-25,R1,639288.1252,504416.9023,134871.2229,11.792483,3036,2631
ENAUSDT,2026-07-25,R2,1034629.5267,1095471.3845,-60841.8578,-2.85629,405,415
ENAUSDT,2026-07-26,M,967770.5437,1003582.2822,-35811.7385,-1.816607,53,60
ENAUSDT,2026-07-26,R1,924685.9587,658088.4545,266597.5042,16.843683,4655,4735
ENAUSDT,2026-07-26,R2,2397963.707,2330770.6418,67193.0652,1.420952,833,786
ENAUSDT,2026-07-27,M,1448812.4978,1559826.5815,-111014.0837,-3.689844,90,93
ENAUSDT,2026-07-27,R1,1507675.9153,1771927.6654,-264251.7501,-8.05743,9821,12384
ENAUSDT,2026-07-27,R2,5109865.6166,4585155.7483,524709.8683,5.412158,1702,1569
ENAUSDT,2026-07-28,M,765697.7918,868860.0975,-103162.3057,-6.311328,49,47
ENAUSDT,2026-07-28,R1,754112.5362,1597297.7435,-843185.2073,-35.858702,5049,8088
ENAUSDT,2026-07-28,R2,2646754.5306,2699523.7692,-52769.2386,-0.987028,984,967
ENAUSDT,2026-07-29,M,1083603.5779,1691495.8226,-607892.2447,-21.905242,74,97
ENAUSDT,2026-07-29,R1,1174753.8498,1594639.0568,-419885.207,-15.161634,10866,7359
ENAUSDT,2026-07-29,R2,3590251.08,3245967.6717,344283.4083,5.036167,1197,1190
ENAUSDT,2026-07-30,M,1523965.4024,1203494.6815,320470.7209,11.749786,110,83
ENAUSDT,2026-07-30,R1,1291342.1496,1367880.4162,-76538.2666,-2.87822,15496,5583
ENAUSDT,2026-07-30,R2,2746840.7637,2559669.8015,187170.9622,3.527195,871,905
ENAUSDT,2026-07-31,M,818907.2349,664914.1577,153993.0772,10.378141,47,41
ENAUSDT,2026-07-31,R1,1196396.9811,877519.767,318877.2141,15.375603,9973,4009
ENAUSDT,2026-07-31,R2,2790520.8932,2882204.9818,-91684.0886,-1.616226,935,1029
ENAUSDT,2026-08-01,M,793740.5726,1104088.6882,-310348.1156,-16.352794,55,71
ENAUSDT,2026-08-01,R1,1037552.3619,925422.2163,112130.1456,5.712257,9813,5013
ENAUSDT,2026-08-01,R2,2400629.3962,2458815.7065,-58186.3103,-1.197386,794,831
ENAUSDT,2026-08-02,M,2961766.757,2404285.9858,557480.7712,10.389029,192,151
ENAUSDT,2026-08-02,R1,2109451.7972,1494632.1977,614819.5995,17.05897,18015,8440
ENAUSDT,2026-08-02,R2,5325904.007,5128938.9732,196965.0338,1.88396,1749,1784
ENAUSDT,2026-08-03,M,2385204.197,2098348.1832,286856.0138,6.397963,137,110
ENAUSDT,2026-08-03,R1,1459890.7487,1346192.0228,113698.7259,4.051866,8089,6667
ENAUSDT,2026-08-03,R2,4780557.6435,4913825.5447,-133267.9012,-1.374692,1633,1743
ENAUSDT,2026-08-04,M,793822.6902,805194.489,-11371.7988,-0.711174,50,44
ENAUSDT,2026-08-04,R1,1219778.6194,1012037.3171,207741.3023,9.308174,8068,5327
ENAUSDT,2026-08-04,R2,2902523.8004,3361873.8318,-459350.0314,-7.332709,1056,1202
ENAUSDT,2026-08-05,M,838286.4055,864766.9679,-26480.5624,-1.554887,53,53
ENAUSDT,2026-08-05,R1,1456779.6253,988562.3682,468217.2571,19.147312,8730,5870
ENAUSDT,2026-08-05,R2,3601968.3547,2976042.8011,625925.5536,9.515423,1205,1092
ENAUSDT,2026-08-06,M,1254693.9387,1043888.3151,210805.6236,9.171115,76,70
ENAUSDT,2026-08-06,R1,980433.8952,889232.7148,91201.1804,4.877938,5366,5607
ENAUSDT,2026-08-06,R2,3059297.2196,3307622.613,-248325.3934,-3.900244,1080,1156
ENAUSDT,2026-08-07,M,1482397.0936,1351333.1263,131063.9673,4.625139,85,76
ENAUSDT,2026-08-07,R1,1562964.4149,1523591.1628,39373.2521,1.275637,9794,9180
ENAUSDT,2026-08-07,R2,4400741.1155,4331436.9019,69304.2136,0.793665,1706,1758
ENAUSDT,2026-08-08,M,648102.7872,498127.0053,149975.7819,13.084268,41,27
ENAUSDT,2026-08-08,R1,722544.6249,787241.0454,-64696.4205,-4.285139,4371,5030
ENAUSDT,2026-08-08,R2,1573162.4584,1554303.8252,18858.6332,0.603,649,610
ENAUSDT,2026-08-09,M,500268.0015,602897.2695,-102629.268,-9.303163,29,37
ENAUSDT,2026-08-09,R1,763710.2637,904424.9123,-140714.6486,-8.435446,4679,5159
ENAUSDT,2026-08-09,R2,1678933.8842,1694716.1676,-15782.2834,-0.46781,647,663
ENAUSDT,2026-08-10,M,666030.1901,524389.6732,141640.5169,11.898366,43,34
ENAUSDT,2026-08-10,R1,855232.5534,1000563.9528,-145331.3994,-7.831214,5540,5713
ENAUSDT,2026-08-10,R2,2693797.5552,2863874.2267,-170076.6715,-3.060214,1058,1111
ENAUSDT,2026-08-11,M,1281543.058,1013545.7178,267997.3402,11.676992,79,63
ENAUSDT,2026-08-11,R1,838480.95,958993.2741,-120512.3241,-6.704537,5034,6220
ENAUSDT,2026-08-11,R2,3394020.8444,3126931.7324,267089.112,4.09586,1154,1090
ENAUSDT,2026-08-12,M,179015.3909,725403.7705,-546388.3796,-60.41318,13,40
ENAUSDT,2026-08-12,R1,539888.958,756257.0555,-216368.0975,-16.693189,3266,4870
ENAUSDT,2026-08-12,R2,2008986.1848,2169031.1144,-160044.9296,-3.830643,774,832
ENAUSDT,2026-08-13,M,540164.3619,585361.6945,-45197.3326,-4.015663,33,31
ENAUSDT,2026-08-13,R1,480621.3518,659361.7004,-178740.3486,-15.679211,2785,4791
ENAUSDT,2026-08-13,R2,2215674.709,1787684.5063,427990.2027,10.690777,725,624
ENAUSDT,2026-08-14,M,304755.0976,556339.0645,-251583.9669,-29.216778,17,32
ENAUSDT,2026-08-14,R1,449211.014,622414.6826,-173203.6686,-16.162702,2476,4795
ENAUSDT,2026-08-14,R2,1623968.8606,1511064.1711,112904.6895,3.601388,574,587
ENAUSDT,2026-08-15,M,286419.4355,246151.5515,40267.884,7.561036,15,12
ENAUSDT,2026-08-15,R1,247845.0139,357085.8775,-109240.8636,-18.058404,1386,2042
ENAUSDT,2026-08-15,R2,846581.6811,924357.2808,-77775.5997,-4.391772,310,327
ENAUSDT,2026-08-16,M,283673.4493,628135.7572,-344462.3079,-37.777893,16,28
ENAUSDT,2026-08-16,R1,296498.6593,510853.2721,-214354.6128,-26.550331,2061,2791
ENAUSDT,2026-08-16,R2,864113.1637,853917.4956,10195.6681,0.593451,315,331
ENAUSDT,2026-08-17,M,206678.2836,286349.2126,-79670.929,-16.159531,15,17
ENAUSDT,2026-08-17,R1,382254.4089,456831.9441,-74577.5352,-8.887945,2861,2761
ENAUSDT,2026-08-17,R2,1389106.6527,1078503.544,310603.1087,12.587203,481,422
ENAUSDT,2026-08-18,M,193649.9833,392695.1157,-199045.1324,-33.946755,14,20
ENAUSDT,2026-08-18,R1,364901.8795,408298.3097,-43396.4302,-5.612574,2876,3093
ENAUSDT,2026-08-18,R2,1400391.5646,1315491.9503,84899.6143,3.12604,516,464
ENAUSDT,2026-08-19,M,1116111.5691,871409.0022,244702.5669,12.311951,64,53
ENAUSDT,2026-08-19,R1,1935950.9955,1715764.1759,220186.8196,6.029682,15090,10893
ENAUSDT,2026-08-19,R2,4453711.464,4373147.6833,80563.7807,0.912712,1588,1562
ENAUSDT,2026-08-20,M,3755416.0147,4185399.9667,-429983.952,-5.414859,264,290
ENAUSDT,2026-08-20,R1,3453782.9329,3642916.5471,-189133.6142,-2.665093,29637,19448
ENAUSDT,2026-08-20,R2,10268532.2086,10972599.2808,-704067.0722,-3.31464,3413,3799
ENAUSDT,2026-08-21,M,13023816.9291,12800181.6128,223635.3163,0.865998,826,811
ENAUSDT,2026-08-21,R1,18325113.8132,16885892.8215,1439220.9917,4.087418,127286,97114
ENAUSDT,2026-08-21,R2,47777638.5752,48685737.808,-908099.2328,-0.941393,16889,17342
ENAUSDT,2026-08-21,W,762488.6752,596976.7022,165511.973,12.174784,5,4
ENAUSDT,2026-08-22,M,7090707.2057,5601775.7461,1488931.4596,11.730813,412,345
ENAUSDT,2026-08-22,R1,17892552.1124,14036655.7115,3855896.4009,12.076392,102930,74950
ENAUSDT,2026-08-22,R2,36866121.3338,36649937.9874,216183.3464,0.294063,15219,15129
ENAUSDT,2026-08-22,W,845627.8306,179423.4533,666204.3773,64.992297,6,1
ENAUSDT,2026-08-23,M,8170143.02,8956669.5471,-786526.5271,-4.59237,499,532
ENAUSDT,2026-08-23,R1,13253066.7838,11426742.7092,1826324.0746,7.400074,82147,69295
ENAUSDT,2026-08-23,R2,29791154.5322,31133225.6504,-1342071.1182,-2.202847,11159,11887
ENAUSDT,2026-08-23,W,299527.8244,196591.7862,102936.0382,20.74823,2,1
ENAUSDT,2026-08-24,M,5623191.0844,5013990.6864,609200.398,5.727085,355,302
ENAUSDT,2026-08-24,R1,8253829.1592,8853368.1806,-599539.0214,-3.504601,48950,59831
ENAUSDT,2026-08-24,R2,18029241.7018,19856743.9571,-1827502.2553,-4.823689,6919,7900
ENAUSDT,2026-08-24,W,260282.9287,209766.5048,50516.4239,10.747045,2,2
ENAUSDT,2026-08-25,M,4426181.1444,4071133.1896,355047.9548,4.178355,247,234
ENAUSDT,2026-08-25,R1,4796740.6339,5030575.188,-233834.5541,-2.379435,31939,27465
ENAUSDT,2026-08-25,R2,9332930.8732,9265927.88,67002.9932,0.360253,3759,3951
ENAUSDT,2026-08-25,W,416211.306,121252.037,294959.269,54.879886,2,1
ENAUSDT,2026-08-26,M,3022392.6032,4638837.8021,-1616445.1989,-21.099029,178,264
ENAUSDT,2026-08-26,R1,3723448.1868,2976891.7097,746556.4771,11.142069,26524,17315
ENAUSDT,2026-08-26,R2,8758660.738,8683216.993,75443.745,0.432544,3446,3372
ENAUSDT,2026-08-26,W,125786.1942,0.0,125786.1942,100.0,1,0
ENAUSDT,2026-08-27,M,12868413.9739,9399412.8464,3469001.1275,15.578535,768,584
ENAUSDT,2026-08-27,R1,14140000.7128,15715616.737,-1575616.0242,-5.277452,73024,84534
ENAUSDT,2026-08-27,R2,44110712.1301,39950489.543,4160222.5871,4.94904,14190,13897
ENAUSDT,2026-08-27,W,699023.3179,385469.1476,313554.1703,28.912526,3,2
ENAUSDT,2026-08-28,M,8313114.0731,8080913.5656,232200.5075,1.416373,557,541
ENAUSDT,2026-08-28,R1,12892326.8428,14093915.7053,-1201588.8625,-4.452598,73070,80243
ENAUSDT,2026-08-28,R2,39409994.987,38587426.1966,822568.7904,1.05461,13615,13548
ENAUSDT,2026-08-28,W,227967.955,109910.5339,118057.4211,34.940792,2,1
ENAUSDT,2026-08-29,M,2205622.4324,3537936.4061,-1332313.9737,-23.196663,140,215
ENAUSDT,2026-08-29,R1,3215569.5369,4175339.3303,-959769.7934,-12.985816,21797,32918
ENAUSDT,2026-08-29,R2,6739949.0238,6934364.0301,-194415.0063,-1.421753,2681,2728
ENAUSDT,2026-08-30,M,3108307.3005,3649972.1951,-541664.8946,-8.014834,183,192
ENAUSDT,2026-08-30,R1,3194664.4062,4581237.8615,-1386573.4553,-17.831673,17954,37595
ENAUSDT,2026-08-30,R2,8613522.0026,10287432.5613,-1673910.5587,-8.856222,3336,3987
ENAUSDT,2026-08-31,M,1300886.4693,2386786.4125,-1085899.9432,-29.446753,81,145
ENAUSDT,2026-08-31,R1,2568220.0505,3138294.0746,-570074.0241,-9.989882,20158,30042
ENAUSDT,2026-08-31,R2,7479202.8014,7904698.953,-425496.1516,-2.765853,2617,2821
ENAUSDT,2026-09-01,M,5191638.8455,4178114.3753,1013524.4702,10.816981,315,252
ENAUSDT,2026-09-01,R1,4514712.2323,5473018.2293,-958305.997,-9.594832,28945,39658
ENAUSDT,2026-09-01,R2,16414948.6908,16041502.8835,373445.8073,1.150606,5720,5611
ENAUSDT,2026-09-01,W,0.0,102243.0957,-102243.0957,-100.0,0,1
ETHUSDT,2026-03-04,M,297736510.0797,335884742.0402,-38148231.9605,-6.020668,13863,16259
ETHUSDT,2026-03-04,MW,0.0,3407167.6518,-3407167.6518,-100.0,0,2
ETHUSDT,2026-03-04,R1,86321661.9267,80309061.4045,6012600.5222,3.608338,869499,836564
ETHUSDT,2026-03-04,R2,336074040.3173,328324901.9463,7749138.371,1.166338,106060,99989
ETHUSDT,2026-03-04,W,47581411.792,22351556.8456,25229854.9464,36.077197,271,147
ETHUSDT,2026-03-05,M,157727327.8223,174997543.4617,-17270215.6394,-5.190539,7262,8248
ETHUSDT,2026-03-05,MW,0.0,3451226.7041,-3451226.7041,-100.0,0,3
ETHUSDT,2026-03-05,R1,63989610.0863,63359514.7809,630095.3054,0.494778,608999,620533
ETHUSDT,2026-03-05,R2,197392511.084,215881927.4463,-18489416.3623,-4.473883,66754,67965
ETHUSDT,2026-03-05,W,13533199.355,19245992.2484,-5712792.8934,-17.428108,85,113
ETHUSDT,2026-03-06,M,145776691.5439,168804218.4638,-23027526.9199,-7.320065,6990,8080
ETHUSDT,2026-03-06,MW,2523446.5659,0.0,2523446.5659,100.0,2,0
ETHUSDT,2026-03-06,R1,57967606.1574,59468538.4808,-1500932.3234,-1.278084,520281,505268
ETHUSDT,2026-03-06,R2,181537621.8703,186133278.36,-4595656.4897,-1.249938,58374,58704
ETHUSDT,2026-03-06,W,11349720.9337,18355946.2555,-7006225.3218,-23.585484,67,116
ETHUSDT,2026-03-07,M,68663596.5163,67582957.2516,1080639.2647,0.79315,2964,3306
ETHUSDT,2026-03-07,MW,0.0,1014418.559,-1014418.559,-100.0,0,1
ETHUSDT,2026-03-07,R1,25491993.2216,26079996.4135,-588003.1919,-1.14016,173527,183201
ETHUSDT,2026-03-07,R2,71432040.4606,78420272.766,-6988232.3054,-4.663413,22546,24341
ETHUSDT,2026-03-07,W,10879430.3047,14964529.2945,-4085098.9898,-15.806784,66,83
ETHUSDT,2026-03-08,M,137735140.9775,137665533.1312,69607.8463,0.025275,6271,6363
ETHUSDT,2026-03-08,MW,3543761.0914,5159027.705,-1615266.6136,-18.560333,3,2
ETHUSDT,2026-03-08,R1,50136969.6979,45646991.1865,4489978.5114,4.68761,359597,353995
ETHUSDT,2026-03-08,R2,145822853.8249,153383332.4087,-7560478.5838,-2.526846,46173,47974
ETHUSDT,2026-03-08,W,34666850.3706,47675060.8507,-13008210.4801,-15.7978,190,245
ETHUSDT,2026-03-09,M,231072717.586,223442172.5515,7630545.0345,1.678833,10735,10268
ETHUSDT,2026-03-09,MW,10394732.387,1978020.0118,8416712.3752,68.026193,6,1
ETHUSDT,2026-03-09,R1,64031747.8717,61032366.0842,2999381.7875,2.398275,606329,587955
ETHUSDT,2026-03-09,R2,222757342.7968,215784591.0635,6972751.7333,1.589985,68630,66753
ETHUSDT,2026-03-09,W,38097435.8115,34292226.119,3805209.6925,5.256565,215,179
ETHUSDT,2026-03-10,M,208103694.6904,190126482.1335,17977212.5569,4.514277,9366,9336
ETHUSDT,2026-03-10,MW,5799355.3816,1251189.0116,4548166.37,64.508017,4,1
ETHUSDT,2026-03-10,R1,54123830.986,54101147.8824,22683.1036,0.020959,529354,542624
ETHUSDT,2026-03-10,R2,195613115.3304,192859504.5365,2753610.7939,0.70883,59631,60430
ETHUSDT,2026-03-10,W,27486380.2926,19044556.7812,8441823.5114,18.142389,168,133
ETHUSDT,2026-03-11,M,144630198.7624,141011519.6914,3618679.071,1.266859,6990,6925
ETHUSDT,2026-03-11,R1,42995329.246,49714884.9782,-6719555.7322,-7.247913,440373,450766
ETHUSDT,2026-03-11,R2,148087250.5675,156302710.9757,-8215460.4082,-2.698992,46685,56815
ETHUSDT,2026-03-11,W,17927709.3271,16363353.6577,1564355.6694,4.561992,100,94
ETHUSDT,2026-03-12,M,167607253.5738,159147505.3704,8459748.2034,2.589021,7963,7746
ETHUSDT,2026-03-12,MW,4941647.3142,0.0,4941647.3142,100.0,4,0
ETHUSDT,2026-03-12,R1,45397420.1086,47321210.259,-1923790.1504,-2.074869,433378,433018
ETHUSDT,2026-03-12,R2,159708332.8186,193009811.5444,-33301478.7258,-9.441385,48225,63138
ETHUSDT,2026-03-12,W,27198174.2257,20126896.9119,7071277.3138,14.941926,149,125
ETHUSDT,2026-03-13,M,275729676.3867,284320046.7553,-8590370.3686,-1.533859,12563,12935
ETHUSDT,2026-03-13,MW,0.0,3277322.2357,-3277322.2357,-100.0,0,2
ETHUSDT,2026-03-13,R1,68261064.524,69184854.8268,-923790.3028,-0.672112,615469,606872
ETHUSDT,2026-03-13,R2,248847783.8463,249331802.9322,-484019.0859,-0.097158,77189,78739
ETHUSDT,2026-03-13,W,48305933.2655,32144695.721,16161237.5445,20.088392,286,189
ETHUSDT,2026-03-14,M,64034704.3853,65666638.7734,-1631934.3881,-1.258225,2869,3035
ETHUSDT,2026-03-14,MW,4951005.598,0.0,4951005.598,100.0,1,0
ETHUSDT,2026-03-14,R1,18107770.8032,21902106.0276,-3794335.2244,-9.483496,147485,155198
ETHUSDT,2026-03-14,R2,57573139.4816,70605005.947,-13031866.4654,-10.166996,18519,25878
ETHUSDT,2026-03-14,W,8263442.2567,6544770.5672,1718671.6895,11.606206,60,43
ETHUSDT,2026-03-15,M,130906373.0883,120554749.8316,10351623.2567,4.11659,5847,5870
ETHUSDT,2026-03-15,MW,0.0,1936815.5585,-1936815.5585,-100.0,0,1
ETHUSDT,2026-03-15,R1,35667793.6559,34264222.301,1403571.3549,2.007051,313806,284689
ETHUSDT,2026-03-15,R2,121327283.6884,115332341.9475,5994941.7409,2.533149,42751,36402
ETHUSDT,2026-03-15,W,23859089.7014,14962571.5284,8896518.173,22.916377,140,104
ETHUSDT,2026-03-16,M,434216998.9273,411202409.8278,23014589.0995,2.722269,20028,18927
ETHUSDT,2026-03-16,MW,0.0,4102778.9444,-4102778.9444,-100.0,0,3
ETHUSDT,2026-03-16,R1,92806906.0157,88759240.167,4047665.8487,2.229306,748057,750881
ETHUSDT,2026-03-16,R2,404514176.5082,340258199.2656,64255977.2426,8.627599,127697,108170
ETHUSDT,2026-03-16,W,85565513.4184,68610931.4064,16954582.012,10.996869,485,385
ETHUSDT,2026-03-17,M,255524488.251,225084624.5653,30439863.6857,6.333601,11767,10719
ETHUSDT,2026-03-17,MW,5971641.3418,1094637.3624,4877003.9794,69.017996,4,1
ETHUSDT,2026-03-17,R1,58774885.411,66732628.9072,-7957743.4962,-6.340452,544002,549815
ETHUSDT,2026-03-17,R2,210076809.7457,270358435.8813,-60281626.1356,-12.547295,62035,97323
ETHUSDT,2026-03-17,W,30241859.0027,28233997.2001,2007861.8026,3.43366,162,155
ETHUSDT,2026-03-18,M,241599963.234,256278589.2406,-14678626.0066,-2.948234,10432,11086
ETHUSDT,2026-03-18,MW,1581257.2347,0.0,1581257.2347,100.0,1,0
ETHUSDT,2026-03-18,R1,59160767.8775,58295590.6474,865177.2301,0.736595,548823,552626
ETHUSDT,2026-03-18,R2,186557630.6708,219869044.2221,-33311413.5513,-8.196168,58441,66169
ETHUSDT,2026-03-18,W,30315258.9851,37364802.991,-7049544.0059,-10.415983,197,222
ETHUSDT,2026-03-19,M,216778785.7156,263040162.5476,-46261376.832,-9.641423,10107,11790
ETHUSDT,2026-03-19,MW,4499999.9191,1136511.9378,3363487.9813,59.673218,3,1
ETHUSDT,2026-03-19,R1,61206192.3317,64551002.3283,-3344809.9966,-2.659736,575545,574122
ETHUSDT,2026-03-19,R2,194468197.6776,189625337.3072,4842860.3704,1.260854,57574,59312
ETHUSDT,2026-03-19,W,29430088.5004,30670783.3924,-1240694.892,-2.064354,172,176
ETHUSDT,2026-03-20,M,151884737.6944,120502712.9313,31382024.7631,11.521098,7140,5948
ETHUSDT,2026-03-20,MW,0.0,1070217.3716,-1070217.3716,-100.0,0,1
ETHUSDT,2026-03-20,R1,45868108.7443,44690227.445,1177881.2993,1.300688,438599,405321
ETHUSDT,2026-03-20,R2,137186094.318,118723185.353,18462908.965,7.214631,44256,37015
ETHUSDT,2026-03-20,W,12623245.8401,10446998.4329,2176247.4072,9.433136,85,63
ETHUSDT,2026-03-21,M,56769059.0797,63017805.7996,-6248746.7199,-5.216554,2651,2899
ETHUSDT,2026-03-21,R1,15301928.0324,16151762.2974,-849834.265,-2.701859,148960,140932
ETHUSDT,2026-03-21,R2,53597324.1448,56084870.1458,-2487546.001,-2.267958,16325,17051
ETHUSDT,2026-03-21,W,9556322.978,12665538.2392,-3109215.2612,-13.991696,54,65
ETHUSDT,2026-03-22,M,138402134.7561,132938756.6713,5463378.0848,2.013474,6462,6221
ETHUSDT,2026-03-22,R1,39509722.6142,44554199.7336,-5044477.1194,-6.000763,383752,394541
ETHUSDT,2026-03-22,R2,131290954.5434,130329863.8905,961090.6529,0.36736,38991,43874
ETHUSDT,2026-03-22,W,11739072.812,21920071.6377,-10180998.8257,-30.247349,80,117
ETHUSDT,2026-03-23,M,266703619.3487,272568885.2182,-5865265.8695,-1.087626,12170,12640
ETHUSDT,2026-03-23,R1,90675733.2148,82840722.0746,7835011.1402,4.515428,807943,767645
ETHUSDT,2026-03-23,R2,278524684.1427,271870559.5044,6654124.6383,1.208972,87951,84319
ETHUSDT,2026-03-23,W,24877996.9945,20837602.5186,4040394.4759,8.838109,146,134
ETHUSDT,2026-03-24,M,144030265.447,150929448.7533,-6899183.3063,-2.339026,6794,7032
ETHUSDT,2026-03-24,R1,43920046.0563,44713560.6523,-793514.596,-0.895275,420570,441609
ETHUSDT,2026-03-24,R2,125767517.3224,142658428.8705,-16890911.5481,-6.292578,37513,44183
ETHUSDT,2026-03-24,W,12461598.217,13624781.4915,-1163183.2745,-4.458968,77,82
ETHUSDT,2026-03-25,M,137854367.8167,135821308.4799,2033059.3368,0.742872,6225,6158
ETHUSDT,2026-03-25,MW,1499999.904,0.0,1499999.904,100.0,1,0
ETHUSDT,2026-03-25,R1,33836756.4576,33097129.0661,739627.3915,1.105012,322376,324285
ETHUSDT,2026-03-25,R2,109682309.9714,112689751.1506,-3007441.1792,-1.352437,32707,33747
ETHUSDT,2026-03-25,W,19285642.3366,15251415.9848,4034226.3518,11.680863,113,93
ETHUSDT,2026-03-26,M,147449402.6647,134414313.9382,13035088.7265,4.624607,7065,6216
ETHUSDT,2026-03-26,MW,1499999.9223,0.0,1499999.9223,100.0,1,0
ETHUSDT,2026-03-26,R1,41737027.5561,40189409.3936,1547618.1625,1.889034,377663,364194
ETHUSDT,2026-03-26,R2,154687865.4175,151046975.171,3640890.2465,1.190865,46849,45530
ETHUSDT,2026-03-26,W,12272460.5928,22199306.3147,-9926845.7219,-28.797032,70,126
ETHUSDT,2026-03-27,M,202335337.3228,151833986.7685,50501350.5543,14.259098,9564,6720
ETHUSDT,2026-03-27,MW,1500000.0644,0.0,1500000.0644,100.0,1,0
ETHUSDT,2026-03-27,R1,39976940.9433,47093910.3057,-7116969.3624,-8.173768,366962,371176
ETHUSDT,2026-03-27,R2,155527490.9016,155765908.1329,-238417.2313,-0.076589,45978,50510
ETHUSDT,2026-03-27,W,15414789.7593,24660264.8086,-9245475.0493,-23.070399,86,131
ETHUSDT,2026-03-28,M,75215574.3084,56028883.6519,19186690.6565,14.619048,3273,2553
ETHUSDT,2026-03-28,R1,17197706.6128,17019762.4191,177944.1937,0.520039,159834,153588
ETHUSDT,2026-03-28,R2,71016102.1996,57482017.384,13534084.8156,10.532516,20949,18540
ETHUSDT,2026-03-28,W,10243764.3635,7124241.208,3119523.1555,17.961321,62,41
ETHUSDT,2026-03-29,M,71769788.4873,58052298.3256,13717490.1617,10.566376,3481,2840
ETHUSDT,2026-03-29,R1,21280899.9948,20853264.293,427635.7018,1.014938,208515,189045
ETHUSDT,2026-03-29,R2,78160213.4033,70814214.9556,7345998.4477,4.931047,24314,22101
ETHUSDT,2026-03-29,W,3034342.9715,7284631.5986,-4250288.6271,-41.18906,21,42
ETHUSDT,2026-03-30,M,153697271.6751,146365103.2321,7332168.443,2.443548,7338,6947
ETHUSDT,2026-03-30,R1,45185563.829,41068918.7783,4116645.0507,4.772674,392596,371572
ETHUSDT,2026-03-30,R2,142026722.7134,138198598.8796,3828123.8338,1.366088,44598,46043
ETHUSDT,2026-03-30,W,15014684.0733,10409501.9016,4605182.1717,18.113391,101,73
ETHUSDT,2026-03-31,M,194688367.8566,171823909.4232,22864458.4334,6.238388,8933,7882
ETHUSDT,2026-03-31,R1,51900405.0463,51564885.2687,335519.7776,0.324282,473361,471789
ETHUSDT,2026-03-31,R2,185780289.8605,182022712.8461,3757577.0144,1.021628,56650,57064
ETHUSDT,2026-03-31,W,20497471.3636,16109178.5412,4388292.8224,11.987693,137,110
ETHUSDT,2026-04-01,M,196895851.0548,195318277.3466,1577573.7082,0.402223,8731,8819
ETHUSDT,2026-04-01,R1,41377025.4168,39595899.8669,1781125.5499,2.199656,383420,369073
ETHUSDT,2026-04-01,R2,155465981.9054,158292682.8459,-2826700.9405,-0.900916,53157,49050
ETHUSDT,2026-04-01,W,41141984.3355,23929557.1068,17212427.2287,26.451544,232,150
ETHUSDT,2026-04-02,M,135310337.4733,142911456.975,-7601119.5017,-2.732036,6513,6785
ETHUSDT,2026-04-02,MW,0.0,1219583.3538,-1219583.3538,-100.0,0,1
ETHUSDT,2026-04-02,R1,42061970.6606,56953691.02,-14891720.3594,-15.039763,401589,439410
ETHUSDT,2026-04-02,R2,147170638.0193,160780516.937,-13609878.9177,-4.419493,45768,57690
ETHUSDT,2026-04-02,W,8350789.43,21789540.7969,-13438751.3669,-44.587273,52,118
ETHUSDT,2026-04-03,M,49840665.7469,53986059.4869,-4145393.74,-3.992608,2375,2558
ETHUSDT,2026-04-03,MW,2801918.1368,0.0,2801918.1368,100.0,2,0
ETHUSDT,2026-04-03,R1,16348466.839,16170409.0601,178057.7789,0.547552,169884,158803
ETHUSDT,2026-04-03,R2,55816393.4771,68340772.5362,-12524379.0591,-10.08752,16772,20974
ETHUSDT,2026-04-03,W,8531595.0526,8304281.7774,227313.2752,1.350172,47,49
ETHUSDT,2026-04-04,M,34673312.5619,30662400.7061,4010911.8558,6.138927,1527,1408
ETHUSDT,2026-04-04,R1,14762391.9706,11188691.4676,3573700.503,13.770911,274166,143810
ETHUSDT,2026-04-04,R2,31423184.6039,41785674.7515,-10362490.1476,-14.154694,10217,12483
ETHUSDT,2026-04-04,W,7241541.6733,6317136.2619,924405.4114,6.817814,46,40
ETHUSDT,2026-04-05,M,61889843.6141,62116677.9881,-226834.374,-0.182921,2909,2841
ETHUSDT,2026-04-05,R1,24827597.9305,23201336.4929,1626261.4376,3.386004,411908,353674
ETHUSDT,2026-04-05,R2,67599154.0349,67210721.1922,388432.8427,0.288134,21184,22219
ETHUSDT,2026-04-05,W,7438219.9656,10443873.0941,-3005653.1285,-16.808173,44,60
ETHUSDT,2026-04-06,M,164830687.5181,164424605.118,406082.4001,0.123334,7485,7355
ETHUSDT,2026-04-06,R1,49328932.6962,45334381.8508,3994550.8454,4.219745,773889,648790
ETHUSDT,2026-04-06,R2,154591866.7343,148677648.4022,5914218.3321,1.950153,49055,49163
ETHUSDT,2026-04-06,W,17062175.2826,17140940.0692,-78764.7866,-0.230285,109,119
ETHUSDT,2026-04-07,M,229772724.2351,216594579.8426,13178144.3925,2.95231,9894,9640
ETHUSDT,2026-04-07,MW,1234182.775,0.0,1234182.775,100.0,1,0
ETHUSDT,2026-04-07,R1,57913086.0018,50233625.7546,7679460.2472,7.100965,576515,545627
ETHUSDT,2026-04-07,R2,186676282.7817,180708772.7741,5967510.0076,1.62432,61716,55222
ETHUSDT,2026-04-07,W,37481239.7441,25596712.87,11884526.8741,18.841016,209,155
ETHUSDT,2026-04-08,M,191977288.8312,226574110.2123,-34596821.3811,-8.265848,8405,9641
ETHUSDT,2026-04-08,MW,4500000.1274,3754740.437,745259.6904,9.028263,3,2
ETHUSDT,2026-04-08,R1,47361408.046,43274395.116,4087012.93,4.50927,422425,391238
ETHUSDT,2026-04-08,R2,159836644.7289,176295985.1396,-16459340.4107,-4.89668,59477,58937
ETHUSDT,2026-04-08,W,22433672.4961,26912676.6152,-4479004.1191,-9.076668,150,188
ETHUSDT,2026-04-09,M,135539578.2844,142012463.7041,-6472885.4197,-2.332134,6422,6339
ETHUSDT,2026-04-09,MW,0.0,1499999.9935,-1499999.9935,-100.0,0,1
ETHUSDT,2026-04-09,R1,32095493.3085,35817894.9321,-3722401.6236,-5.481101,347451,358449
ETHUSDT,2026-04-09,R2,115400460.3775,115100515.7022,299944.6753,0.130127,35045,38355
ETHUSDT,2026-04-09,W,14697193.5953,12244702.7678,2452490.8275,9.102889,102,78
ETHUSDT,2026-04-10,M,142887267.3394,130062747.1156,12824520.2238,4.698487,6525,5883
ETHUSDT,2026-04-10,MW,0.0,1456944.291,-1456944.291,-100.0,0,1
ETHUSDT,2026-04-10,R1,26433478.4431,28007952.9325,-1574474.4894,-2.892052,263897,272298
ETHUSDT,2026-04-10,R2,109221338.0578,136136692.7525,-26915354.6947,-10.969828,33337,38546
ETHUSDT,2026-04-10,W,14992423.188,16793455.9562,-1801032.7682,-5.666141,99,115
ETHUSDT,2026-04-11,M,116043656.6911,118080727.4883,-2037070.7972,-0.870081,5195,5273
ETHUSDT,2026-04-11,R1,21759773.9361,20268141.0645,1491632.8716,3.549148,196191,186785
ETHUSDT,2026-04-11,R2,90550500.1991,92552874.7235,-2002374.5244,-1.093576,27736,27721
ETHUSDT,2026-04-11,W,15564160.0787,13551158.9657,2013001.113,6.91389,97,82
ETHUSDT,2026-04-12,M,126107489.4189,146351659.0111,-20244169.5922,-7.430167,5524,6457
ETHUSDT,2026-04-12,MW,3000000.135,1438051.849,1561948.286,35.194457,2,1
ETHUSDT,2026-04-12,R1,25645655.7431,26652016.2539,-1006360.5108,-1.924293,253994,247625
ETHUSDT,2026-04-12,R2,101975737.7732,96865941.7613,5109796.0119,2.569781,31157,28682
ETHUSDT,2026-04-12,W,21433694.0389,22050592.8575,-616898.8186,-1.418671,108,117
ETHUSDT,2026-04-13,M,229840398.7172,233498894.9523,-3658496.2351,-0.789593,10516,10759
ETHUSDT,2026-04-13,MW,1500000.065,0.0,1500000.065,100.0,1,0
ETHUSDT,2026-04-13,R1,49950405.4844,47227402.9584,2723002.526,2.802083,432454,410370
ETHUSDT,2026-04-13,R2,219248299.6031,195171989.6456,24076309.9575,5.809636,72637,59392
ETHUSDT,2026-04-13,W,31304227.862,21511396.2982,9792831.5638,18.541543,183,131
ETHUSDT,2026-04-14,M,228755914.8909,263935940.1975,-35180025.3066,-7.140371,10041,11211
ETHUSDT,2026-04-14,MW,1499999.924,0.0,1499999.924,100.0,1,0
ETHUSDT,2026-04-14,R1,51924728.6656,51040172.4818,884556.1838,0.859085,437339,434015
ETHUSDT,2026-04-14,R2,224311385.1391,200237362.5764,24074022.5627,5.670497,74081,72750
ETHUSDT,2026-04-14,W,28466908.6647,37527236.534,-9060327.8693,-13.728987,172,232
ETHUSDT,2026-04-15,M,136116090.1693,149099780.4712,-12983690.3019,-4.552233,6227,6782
ETHUSDT,2026-04-15,MW,2899317.9626,0.0,2899317.9626,100.0,2,0
ETHUSDT,2026-04-15,R1,32419157.2754,39496237.6931,-7077080.4177,-9.840842,315539,366735
ETHUSDT,2026-04-15,R2,108617435.2696,131925484.4268,-23308049.1572,-9.689767,36314,50370
ETHUSDT,2026-04-15,W,15930409.172,11337432.039,4592977.133,16.843934,94,73
ETHUSDT,2026-04-16,M,173859265.1158,167660958.0672,6198307.0486,1.814917,7697,7431
ETHUSDT,2026-04-16,MW,1039538.3876,1499999.952,-460461.5644,-18.131704,1,1
ETHUSDT,2026-04-16,R1,35606799.612,41115640.5011,-5508840.8891,-7.180221,363470,397272
ETHUSDT,2026-04-16,R2,134542833.868,173445141.6845,-38902307.8165,-12.631113,40728,53914
ETHUSDT,2026-04-16,W,18945770.0478,20166778.6573,-1221008.6095,-3.121782,127,126
ETHUSDT,2026-04-17,M,297563013.7799,280692888.7418,16870125.0381,2.917415,12724,12714
ETHUSDT,2026-04-17,MW,1500000.0675,0.0,1500000.0675,100.0,1,0
ETHUSDT,2026-04-17,R1,42228371.2561,45000420.8329,-2772049.5768,-3.177907,435520,458381
ETHUSDT,2026-04-17,R2,190238777.9686,217447134.1226,-27208356.154,-6.673852,54455,64210
ETHUSDT,2026-04-17,W,76255795.727,31540990.1098,44714805.6172,41.480648,397,202
ETHUSDT,2026-04-18,M,100599041.727,126337633.7241,-25738591.9971,-11.341751,4809,5475
ETHUSDT,2026-04-18,R1,24064066.1204,31938672.9637,-7874606.8433,-14.06111,221265,255401
ETHUSDT,2026-04-18,R2,97155092.9885,110382100.389,-13227007.4005,-6.373319,28581,34013
ETHUSDT,2026-04-18,W,12343267.775,23199491.0874,-10856223.3124,-30.544121,72,135
ETHUSDT,2026-04-19,M,121564757.9574,141915029.9601,-20350272.0027,-7.723656,5828,6118
ETHUSDT,2026-04-19,MW,0.0,1031164.0521,-1031164.0521,-100.0,0,1
ETHUSDT,2026-04-19,R1,27749747.9835,33552173.9277,-5802425.9442,-9.465325,284599,310216
ETHUSDT,2026-04-19,R2,112835893.2367,111808477.5687,1027415.668,0.457352,34185,34802
ETHUSDT,2026-04-19,W,14484607.7114,26166660.6954,-11682052.984,-28.737241,81,156
ETHUSDT,2026-04-20,M,157206975.7537,137896974.3484,19310001.4053,6.543457,7660,6323
ETHUSDT,2026-04-20,R1,37347917.1935,40649927.2505,-3302010.057,-4.233463,355105,356947
ETHUSDT,2026-04-20,R2,136898947.5516,153314949.104,-16416001.5524,-5.656518,40849,45791
ETHUSDT,2026-04-20,W,12218192.0921,18518314.6848,-6300122.5927,-20.497198,75,103
ETHUSDT,2026-04-21,M,111783899.0499,109180107.5601,2603791.4898,1.178378,5322,5158
ETHUSDT,2026-04-21,R1,31224201.4099,32681509.1593,-1457307.7494,-2.280403,305435,312970
ETHUSDT,2026-04-21,R2,102365371.6394,121463647.9875,-19098276.3481,-8.532529,31522,36942
ETHUSDT,2026-04-21,W,5913031.7468,9575181.0868,-3662149.34,-23.644751,45,57
ETHUSDT,2026-04-22,M,187557150.9676,211835354.4915,-24278203.5239,-6.078783,8453,9363
ETHUSDT,2026-04-22,MW,4846578.9315,1239893.37,3606685.5615,59.257405,4,1
ETHUSDT,2026-04-22,R1,63463701.0762,44391752.5614,19071948.5148,17.682878,478725,388615
ETHUSDT,2026-04-22,R2,166107165.5791,160361925.8362,5745239.7429,1.759811,61681,49264
ETHUSDT,2026-04-22,W,36022326.9392,31160079.448,4862247.4912,7.237382,199,195
ETHUSDT,2026-04-23,M,187810055.2973,181124028.6238,6686026.6735,1.812255,8471,8098
ETHUSDT,2026-04-23,R1,43228054.3442,51468567.1789,-8240512.8347,-8.702014,374843,400925
ETHUSDT,2026-04-23,R2,144999892.274,171628910.7238,-26629018.4498,-8.410169,47652,66749
ETHUSDT,2026-04-23,W,19750709.7181,31602128.5211,-11851418.803,-23.07841,125,189
ETHUSDT,2026-04-24,M,87921359.4899,92780337.933,-4858978.4431,-2.68895,4368,4427
ETHUSDT,2026-04-24,MW,1500000.0548,0.0,1500000.0548,100.0,1,0
ETHUSDT,2026-04-24,R1,23094180.286,28694612.915,-5600432.629,-10.813986,231016,255778
ETHUSDT,2026-04-24,R2,84383369.9798,89203473.8471,-4820103.8673,-2.776768,24863,26863
ETHUSDT,2026-04-24,W,7425083.0732,11082408.6389,-3657325.5657,-19.761325,41,64
ETHUSDT,2026-04-25,M,31885157.2674,35637223.2718,-3752066.0044,-5.556774,1454,1605
ETHUSDT,2026-04-25,MW,1073042.3913,0.0,1073042.3913,100.0,1,0
ETHUSDT,2026-04-25,R1,10301094.6224,8627465.4937,1673629.1287,8.84182,86932,78865
ETHUSDT,2026-04-25,R2,30214550.6486,29182749.2065,1031801.4421,1.737118,9304,8846
ETHUSDT,2026-04-25,W,4253286.0643,6499018.5725,-2245732.5082,-20.886057,21,36
ETHUSDT,2026-04-26,M,90553693.9231,88360463.3263,2193230.5968,1.225856,4070,4069
ETHUSDT,2026-04-26,R1,16118898.5498,17946874.499,-1827975.9492,-5.366019,157725,156280
ETHUSDT,2026-04-26,R2,58840529.8882,64367483.8061,-5526953.9179,-4.485872,17033,19342
ETHUSDT,2026-04-26,W,15066204.9938,11785068.9544,3281136.0394,12.219666,85,74
ETHUSDT,2026-04-27,M,152664290.7809,170129578.6861,-17465287.9052,-5.410663,7436,7801
ETHUSDT,2026-04-27,MW,2813546.2224,0.0,2813546.2224,100.0,2,0
ETHUSDT,2026-04-27,R1,36343003.381,39902219.144,-3559215.763,-4.668116,315024,325029
ETHUSDT,2026-04-27,R2,126985338.1647,127132537.6429,-147199.4782,-0.057926,38233,39244
ETHUSDT,2026-04-27,W,15484563.4793,26198465.5994,-10713902.1201,-25.703271,100,162
ETHUSDT,2026-04-28,M,92607097.9607,87094102.8043,5512995.1564,3.067868,4418,4131
ETHUSDT,2026-04-28,R1,27506735.8531,26029956.7667,1476779.0864,2.758443,225980,218642
ETHUSDT,2026-04-28,R2,82745222.0195,87352196.7271,-4606974.7076,-2.708433,25363,26769
ETHUSDT,2026-04-28,W,13089299.9115,12670018.4661,419281.4454,1.627688,79,74
ETHUSDT,2026-04-29,M,187995749.7371,182990517.2503,5005232.4868,1.349169,8667,8124
ETHUSDT,2026-04-29,MW,1163694.726,0.0,1163694.726,100.0,1,0
ETHUSDT,2026-04-29,R1,44593086.4295,38469411.4952,6123674.9343,7.37237,363556,336013
ETHUSDT,2026-04-29,R2,149068452.3176,155179686.0864,-6111233.7688,-2.008635,50584,52033
ETHUSDT,2026-04-29,W,26480761.1325,25613884.353,866876.7795,1.664042,160,170
ETHUSDT,2026-04-30,M,83604195.3895,80547318.4648,3056876.9247,1.862229,4003,3767
ETHUSDT,2026-04-30,R1,26843867.9305,28165061.5403,-1321193.6098,-2.40178,249248,246047
ETHUSDT,2026-04-30,R2,70185517.331,70551357.5939,-365840.2629,-0.259946,22653,23557
ETHUSDT,2026-04-30,W,9105173.967,8555397.4547,549776.5123,3.113017,64,55
ETHUSDT,2026-05-01,M,85606031.887,95862717.8187,-10256685.9317,-5.65204,4069,4568
ETHUSDT,2026-05-01,MW,2641125.2162,3726024.687,-1084899.4708,-17.039013,2,2
ETHUSDT,2026-05-01,R1,24034838.9553,22985429.4904,1049409.4649,2.231824,191397,188434
ETHUSDT,2026-05-01,R2,83560884.3041,100390766.7135,-16829882.4094,-9.149079,27280,31541
ETHUSDT,2026-05-01,W,9737575.1664,10205861.5894,-468286.423,-2.348073,48,55
ETHUSDT,2026-05-02,M,46077953.2275,39357644.1062,6720309.1213,7.865936,1961,1846
ETHUSDT,2026-05-02,R1,11786793.4036,10571159.1242,1215634.2794,5.437145,88797,84664
ETHUSDT,2026-05-02,R2,41525139.482,37404600.1624,4120539.3196,5.220516,13535,12413
ETHUSDT,2026-05-02,W,6260093.6368,4931113.7951,1328979.8417,11.875214,41,33
ETHUSDT,2026-05-03,M,73091493.1675,81040189.2926,-7948696.1251,-5.157081,3369,3857
ETHUSDT,2026-05-03,MW,3986639.051,0.0,3986639.051,100.0,2,0
ETHUSDT,2026-05-03,R1,16411737.0849,16217313.0259,194424.059,0.595862,138202,139907
ETHUSDT,2026-05-03,R2,69651980.0845,72976179.5356,-3324199.4511,-2.330675,21956,22452
ETHUSDT,2026-05-03,W,10162158.8866,7832309.8896,2329848.997,12.947584,62,48
ETHUSDT,2026-05-04,M,231506410.3021,251306519.6791,-19800109.377,-4.10099,10774,11993
ETHUSDT,2026-05-04,MW,4079174.5297,1299083.578,2780090.9517,51.691289,3,1
ETHUSDT,2026-05-04,R1,44236804.1541,46765812.5214,-2529008.3673,-2.77905,425583,436413
ETHUSDT,2026-05-04,R2,209146661.1015,218223766.3714,-9077105.2699,-2.123943,71247,71988
ETHUSDT,2026-05-04,W,31006800.9417,30419716.8875,587084.0542,0.95575,170,187
ETHUSDT,2026-05-05,M,152043828.3312,149015863.9547,3027964.3765,1.005769,6930,6914
ETHUSDT,2026-05-05,MW,0.0,2710369.9941,-2710369.9941,-100.0,0,2
ETHUSDT,2026-05-05,R1,29619768.1674,32732474.1113,-3112705.9439,-4.992132,247211,255146
ETHUSDT,2026-05-05,R2,129565225.1311,142053351.0017,-12488125.8706,-4.59767,37131,46146
ETHUSDT,2026-05-05,W,20078423.1485,23661245.2706,-3582822.1221,-8.191242,113,139
ETHUSDT,2026-05-06,M,204047982.4623,224910197.0457,-20862214.5834,-4.863461,9346,10794
ETHUSDT,2026-05-06,MW,4001526.7853,3583438.545,418088.2403,5.512065,3,2
ETHUSDT,2026-05-06,R1,42018050.6291,36481187.8938,5536862.7353,7.053397,314988,297206
ETHUSDT,2026-05-06,R2,169466030.5033,236136467.9498,-66670437.4465,-16.437383,49690,71468
ETHUSDT,2026-05-06,W,39489372.5882,39307374.0129,181998.5753,0.230972,218,227
ETHUSDT,2026-05-07,M,151578380.9544,228171464.0638,-76593083.1094,-20.169352,7116,12316
ETHUSDT,2026-05-07,MW,1266534.8795,2277540.804,-1011005.9245,-28.526646,1,1
ETHUSDT,2026-05-07,R1,53544783.5981,31040892.0111,22503891.587,26.604849,322563,264735
ETHUSDT,2026-05-07,R2,189763676.8288,387084468.8938,-197320792.065,-34.206713,59957,109935
ETHUSDT,2026-05-07,W,14152519.9188,25840676.654,-11688156.7352,-29.225363,90,138
ETHUSDT,2026-05-08,M,162450484.6108,185994575.7179,-23544091.1071,-6.756902,7721,10385
ETHUSDT,2026-05-08,R1,45179459.8749,25348041.255,19831418.6199,28.118703,260465,207120
ETHUSDT,2026-05-08,R2,155732748.0587,355736052.5456,-200003304.4869,-39.103715,47945,96859
ETHUSDT,2026-05-08,W,13924990.1868,20173649.3923,-6248659.2055,-18.325245,90,119
ETHUSDT,2026-05-09,M,79505603.2988,106986079.1563,-27480475.8575,-14.735497,3549,5894
ETHUSDT,2026-05-09,R1,22666938.5793,14588587.2138,8078351.3655,21.683633,140003,107619
ETHUSDT,2026-05-09,R2,87862869.0801,187191717.5593,-99328848.4792,-36.112413,32958,48661
ETHUSDT,2026-05-09,W,20943024.0093,14696905.1989,6246118.8104,17.525621,126,89
ETHUSDT,2026-05-10,M,162819702.1386,141360123.5232,21459578.6154,7.054899,7058,6554
ETHUSDT,2026-05-10,MW,41516897.4744,0.0,41516897.4744,100.0,24,0
ETHUSDT,2026-05-10,R1,42283206.1482,26799398.8292,15483807.319,22.413468,279049,200019
ETHUSDT,2026-05-10,R2,196917773.4565,229460475.7112,-32542702.2547,-7.632355,74143,62861
ETHUSDT,2026-05-10,W,70758721.9797,21361955.1667,49396766.813,53.621802,308,136
ETHUSDT,2026-05-11,M,96309953.4554,128377656.8972,-32067703.4418,-14.272128,4692,5922
ETHUSDT,2026-05-11,R1,25470634.3846,31082143.4145,-5611509.0299,-9.922605,233664,240884
ETHUSDT,2026-05-11,R2,106131485.963,138183003.3821,-32051517.4191,-13.118959,34812,47685
ETHUSDT,2026-05-11,W,13826166.1071,14047020.649,-220854.5419,-0.792355,86,97
ETHUSDT,2026-05-12,M,107476085.895,137210560.6591,-29734474.7641,-12.152063,4911,5986
ETHUSDT,2026-05-12,MW,2583196.006,0.0,2583196.006,100.0,2,0
ETHUSDT,2026-05-12,R1,25935650.0548,28106923.2228,-2171273.168,-4.017709,244573,247061
ETHUSDT,2026-05-12,R2,106513966.0297,125533131.6452,-19019165.6155,-8.196252,36536,47026
ETHUSDT,2026-05-12,W,15239644.8966,30605801.3884,-15366156.4918,-33.517302,93,173
ETHUSDT,2026-05-13,M,124560617.5464,134825267.8254,-10264650.279,-3.957289,6063,6189
ETHUSDT,2026-05-13,R1,22386527.0388,25363753.0606,-2977226.0218,-6.234992,208019,220717
ETHUSDT,2026-05-13,R2,118433194.5737,127754752.5248,-9321557.9511,-3.786358,36525,43176
ETHUSDT,2026-05-13,W,17291313.4747,17379276.3776,-87962.9029,-0.25371,101,117
ETHUSDT,2026-05-14,M,128557975.1589,122495533.1291,6062442.0298,2.414801,5854,5776
ETHUSDT,2026-05-14,R1,26601693.0369,33428050.0303,-6826356.9934,-11.371625,239070,269769
ETHUSDT,2026-05-14,R2,120920690.4078,125200910.4088,-4280220.001,-1.739067,37373,44421
ETHUSDT,2026-05-14,W,15348971.4283,12814884.9974,2534086.4309,8.997654,95,86
ETHUSDT,2026-05-15,M,125662393.4299,188213111.8705,-62550718.4406,-19.928512,5830,8698
ETHUSDT,2026-05-15,R1,29127448.6121,35808428.6063,-6680979.9942,-10.28858,258469,293856
ETHUSDT,2026-05-15,R2,109982736.0334,129524887.1878,-19542151.1544,-8.159302,36144,41091
ETHUSDT,2026-05-15,W,11368217.733,17746649.4394,-6378431.7064,-21.907817,74,104
ETHUSDT,2026-05-16,M,79859900.3345,107656338.8805,-27796438.546,-14.823483,3568,5360
ETHUSDT,2026-05-16,R1,23555156.0208,19097778.9298,4457377.091,10.450341,173058,151132
ETHUSDT,2026-05-16,R2,88414794.9291,95953006.7925,-7538211.8634,-4.088681,32754,29106
ETHUSDT,2026-05-16,W,8787734.7672,12363236.4129,-3575501.6457,-16.904669,57,75
ETHUSDT,2026-05-17,M,71271612.6721,76200971.0147,-4929358.3426,-3.342559,3381,3521
ETHUSDT,2026-05-17,R1,20806067.6076,21359519.1675,-553451.5599,-1.312567,166321,170992
ETHUSDT,2026-05-17,R2,78422844.8419,88204301.6627,-9781456.8208,-5.870266,25784,30036
ETHUSDT,2026-05-17,W,10735586.4151,11576584.1461,-840997.731,-3.769233,61,72
ETHUSDT,2026-05-18,M,166916045.4163,183871683.8904,-16955638.4741,-4.833589,7905,8562
ETHUSDT,2026-05-18,R1,48179276.6132,37424310.8388,10754965.7744,12.563686,379294,344800
ETHUSDT,2026-05-18,R2,154944074.7892,176133174.9653,-21189100.1761,-6.400047,54349,58138
ETHUSDT,2026-05-18,W,19305402.3053,21615873.6457,-2310471.3404,-5.646137,121,145
ETHUSDT,2026-05-19,M,63544994.7036,77884899.9901,-14339905.2865,-10.139232,3111,3742
ETHUSDT,2026-05-19,R1,30889873.8777,23349691.3991,7540182.4786,13.901628,239985,214985
ETHUSDT,2026-05-19,R2,83939681.5333,105519218.8056,-21579537.2723,-11.390089,31323,38535
ETHUSDT,2026-05-19,W,4206404.0535,7003571.4924,-2797167.4389,-24.952485,25,49
ETHUSDT,2026-05-20,M,81306342.5985,81581284.2663,-274941.6678,-0.168792,3811,3659
ETHUSDT,2026-05-20,R1,29641424.0256,21859089.1254,7782334.9002,15.111179,221966,193156
ETHUSDT,2026-05-20,R2,79465502.6287,91126949.6975,-11661447.0688,-6.835852,28976,29595
ETHUSDT,2026-05-20,W,9540055.7688,8056126.1297,1483929.6391,8.433248,61,52
ETHUSDT,2026-05-21,M,104796554.5169,98607863.1446,6188691.3723,3.042555,4884,4401
ETHUSDT,2026-05-21,R1,33082682.5041,23255403.6222,9827278.8819,17.443402,231661,204195
ETHUSDT,2026-05-21,R2,104857275.1419,107864147.7513,-3006872.6094,-1.413526,37866,38602
ETHUSDT,2026-05-21,W,10781013.0433,13079025.2201,-2298012.1768,-9.631217,65,86
ETHUSDT,2026-05-22,M,92892998.8133,103864763.8772,-10971765.0639,-5.576281,4479,4602
ETHUSDT,2026-05-22,R1,28422766.1169,22318763.7582,6104002.3587,12.029599,214409,197735
ETHUSDT,2026-05-22,R2,99916358.7362,91755959.5856,8160399.1506,4.257474,34749,30762
ETHUSDT,2026-05-22,W,10516344.8877,17329296.7655,-6812951.8778,-24.466852,66,112
ETHUSDT,2026-05-23,M,163969017.5354,163964325.45,4692.0854,0.001431,7866,7576
ETHUSDT,2026-05-23,R1,47902656.4854,28580532.7503,19322123.7351,25.26323,319819,242750
ETHUSDT,2026-05-23,R2,154305172.967,127869240.5907,26435932.3763,9.36865,55357,39741
ETHUSDT,2026-05-23,W,18998602.1749,20564150.6242,-1565548.4493,-3.957127,121,133
ETHUSDT,2026-05-24,M,84117351.5363,95054577.1533,-10937225.617,-6.104319,3829,4229
ETHUSDT,2026-05-24,R1,22500149.5772,21254295.075,1245854.5022,2.847378,181778,173257
ETHUSDT,2026-05-24,R2,78291180.8329,81274867.9125,-2983687.0796,-1.869876,28173,28061
ETHUSDT,2026-05-24,W,17316759.4834,16723602.1547,593157.3287,1.742512,103,106
ETHUSDT,2026-05-25,M,70460484.4926,72796378.9979,-2335894.5053,-1.630564,3207,3612
ETHUSDT,2026-05-25,R1,21330873.1841,17929471.4819,3401401.7022,8.663708,168250,152737
ETHUSDT,2026-05-25,R2,82387304.8187,71253200.1907,11134104.628,7.246855,29795,23476
ETHUSDT,2026-05-25,W,8269022.4711,7490132.3555,778890.1156,4.942461,59,54
ETHUSDT,2026-05-26,M,111790442.1892,137017108.5392,-25226666.35,-10.139028,5140,6269
ETHUSDT,2026-05-26,R1,31353706.3543,38397763.5473,-7044057.193,-10.098794,268428,280486
ETHUSDT,2026-05-26,R2,107823239.1378,137767171.4548,-29943932.317,-12.192631,36560,51565
ETHUSDT,2026-05-26,W,11941642.6809,16687292.4866,-4745649.8057,-16.57641,67,103
ETHUSDT,2026-05-27,M,97866971.738,124789941.9969,-26922970.2589,-12.091684,4731,5523
ETHUSDT,2026-05-27,R1,40633171.6445,30106388.2531,10526783.3914,14.881042,311726,266140
ETHUSDT,2026-05-27,R2,101988622.2183,126999981.1308,-25011358.9125,-10.922534,36459,45718
ETHUSDT,2026-05-27,W,10213353.2048,19606332.2321,-9392979.0273,-31.499256,65,126
ETHUSDT,2026-05-28,M,147162144.2095,158267421.7309,-11105277.5214,-3.635954,7087,7069
ETHUSDT,2026-05-28,R1,43660833.8802,37687234.5145,5973599.3657,7.343259,354509,324287
ETHUSDT,2026-05-28,R2,142954343.2548,158418874.8708,-15464531.616,-5.131356,46791,54800
ETHUSDT,2026-05-28,W,17618488.0845,20336007.2781,-2717519.1936,-7.15994,114,124
ETHUSDT,2026-05-29,M,123948043.0731,130710674.3916,-6762631.3185,-2.655566,5623,5693
ETHUSDT,2026-05-29,R1,34264460.3412,27337699.887,6926760.4542,11.244347,279164,258687
ETHUSDT,2026-05-29,R2,113925454.9445,108389685.2234,5535769.7211,2.490055,40219,35941
ETHUSDT,2026-05-29,W,14327228.0047,17786639.9834,-3459411.9787,-10.77233,86,100
ETHUSDT,2026-05-30,M,42363396.932,37658632.1966,4704764.7354,5.879337,1934,1698
ETHUSDT,2026-05-30,R1,12074792.7966,10610649.3608,1464143.4358,6.45411,102655,94743
ETHUSDT,2026-05-30,R2,43341886.8615,39000754.3756,4341132.4859,5.272035,15581,13572
ETHUSDT,2026-05-30,W,6442643.0144,6504369.3229,-61726.3085,-0.476761,36,43
ETHUSDT,2026-05-31,M,56444273.4338,55707152.2343,737121.1995,0.657255,2478,2607
ETHUSDT,2026-05-31,R1,19070529.9573,15726670.7652,3343859.1921,9.609564,156851,132132
ETHUSDT,2026-05-31,R2,55841075.5985,110651326.6585,-54810251.06,-32.920572,20646,47016
ETHUSDT,2026-05-31,W,9503325.9647,6777491.2837,2725834.681,16.742616,59,46
ETHUSDT,2026-06-01,M,142063479.9996,154932581.2075,-12869101.2079,-4.333088,6839,6819
ETHUSDT,2026-06-01,R1,61236548.914,31327517.7499,29909031.1641,32.311708,455543,343684
ETHUSDT,2026-06-01,R2,159132880.2506,155915483.2507,3217396.9999,1.021239,57442,54319
ETHUSDT,2026-06-01,W,15229527.8723,24936462.0217,-9706934.1494,-24.167048,83,136
ETHUSDT,2026-06-02,M,223686770.6355,247742066.9148,-24055296.2793,-5.102636,10653,11552
ETHUSDT,2026-06-02,MW,1657805.408,4016165.4752,-2358360.0672,-41.564543,1,3
ETHUSDT,2026-06-02,R1,68424224.4588,58088663.5402,10335560.9186,8.169572,637845,581605
ETHUSDT,2026-06-02,R2,187919702.2875,224035522.3483,-36115820.0608,-8.766929,60906,77652
ETHUSDT,2026-06-02,W,24636748.635,33600480.4187,-8963731.7837,-15.391755,145,183
ETHUSDT,2026-06-03,M,231682713.9451,235484828.5793,-3802114.6342,-0.813865,11018,11245
ETHUSDT,2026-06-03,R1,70684650.1281,55834782.7563,14849867.3718,11.737223,734136,650311
ETHUSDT,2026-06-03,R2,214714717.0203,226922888.4802,-12208171.4599,-2.764296,73531,82771
ETHUSDT,2026-06-03,W,20442675.0132,21844343.9763,-1401668.9631,-3.314655,134,137
ETHUSDT,2026-06-04,M,204732292.1807,213895837.7426,-9163545.5619,-2.188946,10220,10726
ETHUSDT,2026-06-04,MW,0.0,2489767.3023,-2489767.3023,-100.0,0,2
ETHUSDT,2026-06-04,R1,86011437.2414,84185939.449,1825497.7924,1.072577,887810,861177
ETHUSDT,2026-06-04,R2,254582145.8777,283066594.1463,-28484448.2686,-5.297966,86236,105500
ETHUSDT,2026-06-04,W,9486282.5007,9211396.9005,274885.6002,1.470159,65,62
ETHUSDT,2026-06-05,M,382533697.9157,419859650.3618,-37325952.4461,-4.651827,19339,21280
ETHUSDT,2026-06-05,R1,133961945.1871,182036079.3044,-48074134.1173,-15.213429,1319488,1591135
ETHUSDT,2026-06-05,R2,454171845.5138,441049923.8786,13121921.6352,1.465773,146363,145738
ETHUSDT,2026-06-05,W,18453136.886,23053616.1294,-4600479.2434,-11.083689,119,131
ETHUSDT,2026-06-06,M,154737851.6296,163406604.0344,-8668752.4048,-2.724785,7955,8325
ETHUSDT,2026-06-06,R1,62474421.7035,62018764.843,455656.8605,0.366009,609541,621993
ETHUSDT,2026-06-06,R2,191726869.1286,216699235.5835,-24972366.4549,-6.114292,62379,67020
ETHUSDT,2026-06-06,W,8492712.0918,11389952.0859,-2897239.9941,-14.571689,59,77
ETHUSDT,2026-06-07,M,133999295.0464,125201519.3393,8797775.7071,3.394193,6635,6314
ETHUSDT,2026-06-07,MW,1909634.4182,0.0,1909634.4182,100.0,1,0
ETHUSDT,2026-06-07,R1,53652456.0712,54025784.2168,-373328.1456,-0.346707,503531,512268
ETHUSDT,2026-06-07,R2,170290846.3589,188069306.8266,-17778460.4677,-4.96106,54168,63677
ETHUSDT,2026-06-07,W,12587046.8897,5940312.717,6646734.1727,35.875237,69,39
ETHUSDT,2026-06-08,M,170530911.5341,145499957.9018,25030953.6323,7.920414,8278,7630
ETHUSDT,2026-06-08,R1,51653819.5695,56598677.8623,-4944858.2928,-4.567893,538493,557123
ETHUSDT,2026-06-08,R2,174286274.4329,185133249.8619,-10846975.429,-3.017915,52923,55325
ETHUSDT,2026-06-08,W,17120189.7937,7136821.8319,9983367.9618,41.156628,105,48
ETHUSDT,2026-06-09,M,97411801.9694,135826443.0888,-38414641.1194,-16.47013,5210,7165
ETHUSDT,2026-06-09,R1,47895289.9442,43504717.7216,4390572.2226,4.803689,459770,461592
ETHUSDT,2026-06-09,R2,140674322.3042,163115339.1312,-22441016.827,-7.387025,45260,48835
ETHUSDT,2026-06-09,W,3557978.3191,5614579.9426,-2056601.6235,-22.421244,27,35
ETHUSDT,2026-06-10,M,72768386.426,81631952.1828,-8863565.7568,-5.740639,3802,4180
ETHUSDT,2026-06-10,R1,39777039.7619,41085465.0799,-1308425.318,-1.618087,489777,518153
ETHUSDT,2026-06-10,R2,117735235.8542,111556247.1691,6178988.6851,2.694818,37431,35974
ETHUSDT,2026-06-10,W,5646389.9583,4441482.0963,1204907.862,11.944123,32,27
ETHUSDT,2026-06-11,M,91308635.7819,85236751.1696,6071884.6123,3.439277,4643,4389
ETHUSDT,2026-06-11,R1,32492767.2532,29993042.3974,2499724.8558,4.000468,382903,381537
ETHUSDT,2026-06-11,R2,112863961.6336,100027655.6558,12836305.9778,6.029503,35487,31426
ETHUSDT,2026-06-11,W,7056324.1031,3526676.2951,3529647.808,33.352052,46,24
ETHUSDT,2026-06-12,M,63580634.7033,59110267.9011,4470366.8022,3.643601,3198,2975
ETHUSDT,2026-06-12,R1,25420118.1426,27649388.5983,-2229270.4557,-4.200662,304711,319685
ETHUSDT,2026-06-12,R2,79714855.278,72943337.2336,6771518.0444,4.435738,25822,24103
ETHUSDT,2026-06-12,W,4767617.2736,4071942.5284,695674.7452,7.870016,30,28
ETHUSDT,2026-06-13,M,32671393.2958,26770851.2786,5900542.0172,9.926513,1638,1330
ETHUSDT,2026-06-13,R1,14727797.6952,16353951.0229,-1626153.3277,-5.231859,129761,130930
ETHUSDT,2026-06-13,R2,46685115.6125,36525193.8282,10159921.7843,12.209932,15958,12168
ETHUSDT,2026-06-13,W,2656902.5482,2507977.4219,148925.1263,2.883419,17,15
ETHUSDT,2026-06-14,M,51738796.1729,50316666.2654,1422129.9075,1.393487,2499,2477
ETHUSDT,2026-06-14,R1,20721274.1375,22857099.5029,-2135825.3654,-4.901113,208267,204861
ETHUSDT,2026-06-14,R2,78421935.6438,72565273.2614,5856662.3824,3.878913,29938,24717
ETHUSDT,2026-06-14,W,3032544.9009,1750712.886,1281832.0149,26.798305,22,13
ETHUSDT,2026-06-15,M,162617556.3883,164808711.9974,-2191155.6091,-0.669206,7825,8138
ETHUSDT,2026-06-15,R1,42328008.5954,40944334.38,1383674.2154,1.661625,395323,396179
ETHUSDT,2026-06-15,R2,183669922.3594,203742502.429,-20072580.0696,-5.181192,59539,70158
ETHUSDT,2026-06-15,W,16445155.414,13549310.412,2895845.002,9.654598,101,88
ETHUSDT,2026-06-16,M,116285178.7269,110675282.3313,5609896.3956,2.471751,5867,5692
ETHUSDT,2026-06-16,R1,35139689.3742,38108826.0198,-2969136.6456,-4.053511,384028,394076
ETHUSDT,2026-06-16,R2,155897100.3192,163535658.6281,-7638558.3089,-2.391288,54045,52970
ETHUSDT,2026-06-16,W,7784434.6569,5429694.5369,2354740.12,17.819866,52,34
ETHUSDT,2026-06-17,M,88584221.8418,111024151.1919,-22439929.3501,-11.241978,4556,5618
ETHUSDT,2026-06-17,R1,40335669.8281,43600430.5665,-3264760.7384,-3.889579,502670,510381
ETHUSDT,2026-06-17,R2,140208796.6635,152812918.6561,-12604121.9926,-4.301429,47387,48482
ETHUSDT,2026-06-17,W,6395322.5014,7390585.0933,-995262.5919,-7.21942,43,52
ETHUSDT,2026-06-18,M,81714936.3711,98642080.7768,-16927144.4057,-9.385354,4116,4633
ETHUSDT,2026-06-18,MW,0.0,2482704.9585,-2482704.9585,-100.0,0,1
ETHUSDT,2026-06-18,R1,34344440.7507,34753320.9093,-408880.1586,-0.591742,424285,432956
ETHUSDT,2026-06-18,R2,137309271.5632,130081062.0558,7228209.5074,2.703243,41603,39602
ETHUSDT,2026-06-18,W,6394658.5438,12233024.0618,-5838365.518,-31.342415,38,68
ETHUSDT,2026-06-19,M,51923018.7208,45202192.4695,6720826.2513,6.919755,2697,2342
ETHUSDT,2026-06-19,R1,20473055.3807,20836661.3286,-363605.9479,-0.880195,293628,287863
ETHUSDT,2026-06-19,R2,71706205.957,64870319.7197,6835886.2373,5.005169,22075,20211
ETHUSDT,2026-06-19,W,2981725.136,2497193.6824,484531.4536,8.84356,22,18
ETHUSDT,2026-06-20,M,58226834.4311,49396135.3445,8830699.0866,8.205218,2846,2496
ETHUSDT,2026-06-20,R1,18369581.9424,16280117.1402,2089464.8022,6.030254,253159,237651
ETHUSDT,2026-06-20,R2,67053317.0723,59679459.3937,7373857.6786,5.81843,21287,18462
ETHUSDT,2026-06-20,W,4069469.0004,3137744.7274,931724.273,12.927663,25,19
ETHUSDT,2026-06-21,M,42994537.7947,40754704.7655,2239833.0292,2.674452,1940,1906
ETHUSDT,2026-06-21,R1,13815960.1805,17667212.0739,-3851251.8934,-12.232731,206250,220174
ETHUSDT,2026-06-21,R2,44314774.9016,49227924.7177,-4913149.8161,-5.252307,13375,15708
ETHUSDT,2026-06-21,W,2717106.7562,2147363.8662,569742.89,11.712331,17,17
ETHUSDT,2026-06-22,M,81975649.1579,82361430.7316,-385781.5737,-0.23475,4146,4193
ETHUSDT,2026-06-22,R1,32098614.5978,31657504.1369,441110.4609,0.691872,372148,374045
ETHUSDT,2026-06-22,R2,111869970.9088,109621069.2683,2248901.6405,1.015347,36711,35742
ETHUSDT,2026-06-22,W,4577592.0808,4339087.9072,238504.1736,2.674809,31,33
ETHUSDT,2026-06-23,M,72892364.5544,79308573.8411,-6416209.2867,-4.215617,3751,4000
ETHUSDT,2026-06-23,R1,32725474.2058,33515016.8325,-789542.6267,-1.191934,428968,428921
ETHUSDT,2026-06-23,R2,92597154.0106,93488602.647,-891448.6364,-0.479053,30473,30261
ETHUSDT,2026-06-23,W,3513273.5959,7176628.3567,-3663354.7608,-34.269302,21,47
ETHUSDT,2026-06-24,M,93522214.9995,96036534.3672,-2514319.3677,-1.326406,4788,4698
ETHUSDT,2026-06-24,R1,53794711.4474,54820586.6948,-1025875.2474,-0.944503,663555,683771
ETHUSDT,2026-06-24,R2,136800111.6164,132865799.355,3934312.2614,1.458958,46725,49762
ETHUSDT,2026-06-24,W,3815818.146,6210531.3189,-2394713.1729,-23.884198,27,36
ETHUSDT,2026-06-25,M,121926568.3782,97366484.4641,24560083.9141,11.199663,6374,5082
ETHUSDT,2026-06-25,R1,58714830.1934,55550430.2869,3164399.9065,2.769346,524528,545855
ETHUSDT,2026-06-25,R2,185489931.2821,164660470.1853,20829461.0968,5.948718,60846,53916
ETHUSDT,2026-06-25,W,10165663.2385,7490580.5223,2675082.7162,15.150916,58,46
ETHUSDT,2026-06-26,M,120681663.9053,105970761.522,14710902.3833,6.490512,6147,5192
ETHUSDT,2026-06-26,R1,54123511.3006,48503323.4136,5620187.887,5.476334,554901,514373
ETHUSDT,2026-06-26,R2,160497586.9789,156858266.5715,3639320.4074,1.146763,54359,53641
ETHUSDT,2026-06-26,W,6792175.7025,7542784.4562,-750608.7537,-5.236211,41,41
ETHUSDT,2026-06-27,M,40106008.0359,32236219.952,7869788.0839,10.878554,1841,1608
ETHUSDT,2026-06-27,R1,16536283.0115,17764866.4828,-1228583.4713,-3.581756,153018,162806
ETHUSDT,2026-06-27,R2,46722857.6734,49425567.086,-2702709.4126,-2.810976,15345,16720
ETHUSDT,2026-06-27,W,3589341.4949,2386495.9161,1202845.5788,20.128486,25,15
ETHUSDT,2026-06-28,M,37268985.9282,37444759.0843,-175773.1561,-0.235262,1850,1656
ETHUSDT,2026-06-28,R1,18845671.2079,22061678.2321,-3216007.0242,-7.861685,194695,212636
ETHUSDT,2026-06-28,R2,52054019.2786,48358911.8702,3695107.4084,3.679912,18200,17166
ETHUSDT,2026-06-28,W,2084914.888,2425693.0337,-340778.1457,-7.555038,10,14
ETHUSDT,2026-06-29,M,75650419.382,70014482.6893,5635936.6927,3.869111,3877,3634
ETHUSDT,2026-06-29,R1,43598136.1103,42178116.3666,1420019.7437,1.655493,372686,396515
ETHUSDT,2026-06-29,R2,121549151.4468,127812829.7239,-6263678.2771,-2.511882,42959,44522
ETHUSDT,2026-06-29,W,5578172.8536,6486161.9648,-907989.1112,-7.526226,31,36
ETHUSDT,2026-06-30,M,55205692.1632,64085299.0349,-8879606.8717,-7.443653,2864,3214
ETHUSDT,2026-06-30,R1,28676693.3456,28792001.7792,-115308.4336,-0.200646,304053,296369
ETHUSDT,2026-06-30,R2,77396480.6704,89376964.4929,-11980483.8225,-7.183688,26721,30920
ETHUSDT,2026-06-30,W,3353432.1426,3283717.2515,69714.8911,1.050374,18,23
ETHUSDT,2026-07-01,M,87754729.8707,86436717.6742,1318012.1965,0.756646,4271,4283
ETHUSDT,2026-07-01,R1,34972333.3965,32250237.5148,2722095.8817,4.049378,324246,317188
ETHUSDT,2026-07-01,R2,118592249.1197,113652039.4963,4940209.6234,2.127161,40992,38777
ETHUSDT,2026-07-01,W,8886139.6097,8016219.9908,869919.6189,5.146735,52,41
ETHUSDT,2026-07-02,M,125645961.8547,107795205.8617,17850755.993,7.64679,5790,5014
ETHUSDT,2026-07-02,MW,1564405.1948,0.0,1564405.1948,100.0,1,0
ETHUSDT,2026-07-02,R1,43618228.8273,38636727.1472,4981501.6801,6.056172,384569,365293
ETHUSDT,2026-07-02,R2,151931330.9758,132433096.5866,19498234.3892,6.856777,57336,46391
ETHUSDT,2026-07-02,W,10685295.6223,10953629.0481,-268333.4258,-1.24005,66,56
ETHUSDT,2026-07-03,M,83756896.4843,78366612.3717,5390284.1126,3.324801,3855,3749
ETHUSDT,2026-07-03,R1,30343876.7515,29713945.8868,629930.8647,1.048874,336426,321915
ETHUSDT,2026-07-03,R2,102852413.6979,83346761.8526,19505651.8453,10.475692,37280,27612
ETHUSDT,2026-07-03,W,8334457.6021,7276287.7995,1058169.8026,6.778471,48,45
ETHUSDT,2026-07-04,M,68173634.1781,64662581.0269,3511053.1512,2.643145,3126,2976
ETHUSDT,2026-07-04,R1,25423323.8638,24628390.3842,794933.4796,1.588224,365721,359547
ETHUSDT,2026-07-04,R2,75192727.2177,69029539.7622,6163187.4555,4.273395,26592,21488
ETHUSDT,2026-07-04,W,6910950.6307,4953184.8862,1957765.7445,16.501546,44,28
ETHUSDT,2026-07-05,M,108655698.3456,119425914.3378,-10770215.9922,-4.722089,5263,5736
ETHUSDT,2026-07-05,R1,67053284.852,83786991.9979,-16733707.1459,-11.09366,462845,515902
ETHUSDT,2026-07-05,R2,142870323.2019,146736181.6793,-3865858.4774,-1.334866,53701,55065
ETHUSDT,2026-07-05,W,10397214.7265,9647509.3552,749705.3713,3.740163,67,68
ETHUSDT,2026-07-06,M,105315014.2999,104468392.4189,846621.881,0.40357,5000,4956
ETHUSDT,2026-07-06,R1,31259508.4202,32311419.2425,-1051910.8223,-1.654704,357830,358469
ETHUSDT,2026-07-06,R2,128340773.9596,120422804.2293,7917969.7303,3.18293,41502,39832
ETHUSDT,2026-07-06,W,13109257.1722,8566288.3078,4542968.8644,20.95896,75,53
ETHUSDT,2026-07-07,M,86939690.716,86430712.1461,508978.5699,0.293579,4090,4029
ETHUSDT,2026-07-07,R1,25025459.4405,31185067.6638,-6159608.2233,-10.958104,305193,328979
ETHUSDT,2026-07-07,R2,86907879.1172,96343720.4625,-9435841.3453,-5.149118,29204,36500
ETHUSDT,2026-07-07,W,10107354.5445,7595894.121,2511460.4235,14.186438,55,51
ETHUSDT,2026-07-08,M,69016411.0727,80296702.5888,-11280291.5161,-7.55479,3310,3694
ETHUSDT,2026-07-08,R1,29232490.8143,31078996.4465,-1846505.6322,-3.061615,317728,319416
ETHUSDT,2026-07-08,R2,80806220.8308,87210767.1539,-6404546.3231,-3.811845,27356,34028
ETHUSDT,2026-07-08,W,8186938.1195,6615213.9748,1571724.1447,10.618214,47,39
ETHUSDT,2026-07-09,M,58044915.2053,54448894.6507,3596020.5546,3.196639,2711,2641
ETHUSDT,2026-07-09,R1,21311655.9225,22978998.7881,-1667342.8656,-3.764548,244885,251032
ETHUSDT,2026-07-09,R2,66343278.6978,66539705.3442,-196426.6464,-0.147819,22032,24513
ETHUSDT,2026-07-09,W,6579465.5144,6852883.5221,-273418.0077,-2.035519,31,41
ETHUSDT,2026-07-10,M,79215532.7882,76364011.9801,2851520.8081,1.832838,3716,3670
ETHUSDT,2026-07-10,R1,23191243.5836,21618655.5401,1572588.0435,3.509466,243263,238539
ETHUSDT,2026-07-10,R2,86978803.1624,83426435.6131,3552367.5493,2.084659,28033,27755
ETHUSDT,2026-07-10,W,9765854.925,4395097.2782,5370757.6468,37.926529,58,33
ETHUSDT,2026-07-11,M,66572706.7409,70580419.0837,-4007712.3428,-2.922071,3002,3190
ETHUSDT,2026-07-11,MW,1481281.02,0.0,1481281.02,100.0,1,0
ETHUSDT,2026-07-11,R1,16105691.0155,18121687.6007,-2015996.5852,-5.890012,165701,168287
ETHUSDT,2026-07-11,R2,55160371.2939,71640252.2687,-16479880.9748,-12.996688,17345,25541
ETHUSDT,2026-07-11,W,10642422.1222,13153578.1996,-2511156.0774,-10.552849,56,74
ETHUSDT,2026-07-12,M,53579381.7609,56395033.4705,-2815651.7096,-2.560279,2496,2522
ETHUSDT,2026-07-12,R1,14026331.4259,15969743.8505,-1943412.4246,-6.478889,160779,166138
ETHUSDT,2026-07-12,R2,46973868.9267,53397560.7989,-6423691.8722,-6.399921,14975,19309
ETHUSDT,2026-07-12,W,7660196.7284,7196730.0313,463466.6971,3.119533,44,39
ETHUSDT,2026-07-13,M,103495345.9597,110138521.5446,-6643175.5849,-3.109608,5028,5289
ETHUSDT,2026-07-13,R1,30200324.4124,31860176.1783,-1659851.7659,-2.67457,377302,370358
ETHUSDT,2026-07-13,R2,104860330.5352,126445357.6561,-21585027.1209,-9.331819,33539,39165
ETHUSDT,2026-07-13,W,9886576.2405,10048417.5635,-161841.323,-0.811845,63,65
ETHUSDT,2026-07-14,M,160453735.1671,129450110.227,31003624.9401,10.694451,7459,6061
ETHUSDT,2026-07-14,MW,2228558.1921,0.0,2228558.1921,100.0,1,0
ETHUSDT,2026-07-14,R1,41589027.8851,34216143.0958,7372884.7893,9.726097,444810,417515
ETHUSDT,2026-07-14,R2,148132139.6978,129358339.94,18773799.7578,6.765565,50144,41194
ETHUSDT,2026-07-14,W,20046724.2737,14498726.791,5547997.4827,16.059994,126,84
ETHUSDT,2026-07-15,M,111782688.582,118792711.1191,-7010022.5371,-3.04023,5150,5455
ETHUSDT,2026-07-15,R1,38490738.6867,36638455.065,1852283.6217,2.465465,413174,403990
ETHUSDT,2026-07-15,R2,152852434.049,131046601.4738,21805832.5752,7.680841,51957,44713
ETHUSDT,2026-07-15,W,11015622.2265,9849998.4406,1165623.7859,5.586337,65,67
ETHUSDT,2026-07-16,M,83319008.4236,121715538.0188,-38396529.5952,-18.726859,3948,5571
ETHUSDT,2026-07-16,R1,31065904.5853,38051953.2399,-6986048.6546,-10.107444,406113,405601
ETHUSDT,2026-07-16,R2,110506049.0243,104925512.0848,5580536.9395,2.590399,35410,37599
ETHUSDT,2026-07-16,W,9569939.0373,14076801.327,-4506862.2897,-19.059127,55,88
ETHUSDT,2026-07-17,M,82442611.2164,95061853.4282,-12619242.2118,-7.109253,3958,4400
ETHUSDT,2026-07-17,MW,1303499.0128,0.0,1303499.0128,100.0,1,0
ETHUSDT,2026-07-17,R1,29042929.3488,30894307.144,-1851377.7952,-3.088861,411678,414902
ETHUSDT,2026-07-17,R2,114147466.7433,96034220.3144,18113246.4289,8.617899,36871,34078
ETHUSDT,2026-07-17,W,6186581.2104,9246893.1784,-3060311.968,-19.829054,37,63
ETHUSDT,2026-07-18,M,39969924.5439,31483903.254,8486021.2899,11.87623,1731,1425
ETHUSDT,2026-07-18,R1,8793994.6777,10807042.4825,-2013047.8048,-10.270109,129289,129334
ETHUSDT,2026-07-18,R2,40182970.1167,33928865.8295,6254104.2872,8.438739,15953,13169
ETHUSDT,2026-07-18,W,2955172.9178,3142006.2157,-186833.2979,-3.064258,21,19
ETHUSDT,2026-07-19,M,54528045.2333,58511034.2031,-3982988.9698,-3.52355,2495,2734
ETHUSDT,2026-07-19,R1,13633932.3285,13626774.4409,7157.8876,0.026257,178740,174532
ETHUSDT,2026-07-19,R2,60325170.2468,56706130.7619,3619039.4849,3.092369,21962,18777
ETHUSDT,2026-07-19,W,6915046.0451,4584068.366,2330977.6791,20.270932,41,28
ETHUSDT,2026-07-20,M,105164348.3927,97587996.5176,7576351.8751,3.736752,5119,4686
ETHUSDT,2026-07-20,R1,31362247.78,31936960.7514,-574712.9714,-0.907931,422618,423202
ETHUSDT,2026-07-20,R2,117175291.4892,110124991.9686,7050299.5206,3.101756,40240,37382
ETHUSDT,2026-07-20,W,9601485.6721,7257711.2504,2343774.4217,13.902053,63,49
ETHUSDT,2026-07-21,M,129191215.5481,121017717.8188,8173497.7293,3.266669,5749,5477
ETHUSDT,2026-07-21,R1,41905336.8075,41580066.8115,325269.996,0.389613,329422,327861
ETHUSDT,2026-07-21,R2,134391444.4848,107505494.8381,26885949.6467,11.11463,42177,37895
ETHUSDT,2026-07-21,W,39894380.4486,15902508.3492,23991872.0994,42.998584,222,94
ETHUSDT,2026-07-22,M,84445203.3215,99882483.5307,-15437280.2092,-8.374911,3863,4547
ETHUSDT,2026-07-22,R1,37221050.3078,38196334.992,-975284.6842,-1.293183,305393,319571
ETHUSDT,2026-07-22,R2,103633266.4608,95161022.7476,8472243.7132,4.261814,34168,34356
ETHUSDT,2026-07-22,W,14267908.5498,12388817.3333,1879091.2165,7.04922,72,76
ETHUSDT,2026-07-23,M,68896369.7019,97422061.2089,-28525691.507,-17.151251,3278,4521
ETHUSDT,2026-07-23,R1,22405558.5778,25140316.8612,-2734758.2834,-5.751831,241509,257320
ETHUSDT,2026-07-23,R2,92831051.2181,94100091.5949,-1269040.3768,-0.678881,30530,40554
ETHUSDT,2026-07-23,W,5834178.0389,11921199.2148,-6087021.1759,-34.282691,37,73
ETHUSDT,2026-07-24,M,73331705.7819,84072419.6239,-10740713.842,-6.823655,3499,3852
ETHUSDT,2026-07-24,R1,24706666.5177,24073819.3079,632847.2098,1.297337,264901,263149
ETHUSDT,2026-07-24,R2,85833230.4369,70496100.5472,15337129.8897,9.810782,27818,22988
ETHUSDT,2026-07-24,W,7182942.138,6007172.1275,1175770.0105,8.914024,39,43
ETHUSDT,2026-07-25,M,35878469.5718,34385778.2927,1492691.2791,2.124397,1510,1531
ETHUSDT,2026-07-25,R1,9479311.2124,9798400.6307,-319089.4183,-1.655225,92160,90726
ETHUSDT,2026-07-25,R2,35244116.1677,32799598.7433,2444517.4244,3.592569,12611,10862
ETHUSDT,2026-07-25,W,3881237.501,3378013.5467,503223.9543,6.932175,28,22
ETHUSDT,2026-07-26,M,63644364.8683,55507400.5423,8136964.326,6.829076,2916,2637
ETHUSDT,2026-07-26,R1,18745099.756,17291624.3752,1453475.3808,4.033317,190235,178241
ETHUSDT,2026-07-26,R2,67745696.7654,62144283.6005,5601413.1649,4.312429,24135,21106
ETHUSDT,2026-07-26,W,4565673.8066,4012632.1647,553041.6419,6.44698,32,28
ETHUSDT,2026-07-27,M,128082110.5501,156600317.531,-28518206.9809,-10.017551,5787,7050
ETHUSDT,2026-07-27,R1,38186227.9229,41951163.751,-3764935.8281,-4.698101,383536,369387
ETHUSDT,2026-07-27,R2,136612891.918,134752838.796,1860053.122,0.685441,49036,47834
ETHUSDT,2026-07-27,W,13330638.5469,16596448.1228,-3265809.5759,-10.912554,85,107
ETHUSDT,2026-07-28,M,123553692.0154,117283981.2962,6269710.7192,2.603293,5445,5450
ETHUSDT,2026-07-28,R1,28321930.2715,32564400.5866,-4242470.3151,-6.967853,277317,304695
ETHUSDT,2026-07-28,R2,108474423.2979,115669605.7171,-7195182.4192,-3.210071,36243,39418
ETHUSDT,2026-07-28,W,8857708.897,12842905.281,-3985196.384,-18.364441,62,77
ETHUSDT,2026-07-29,M,103601204.4051,115389810.7107,-11788606.3056,-5.383146,4857,5370
ETHUSDT,2026-07-29,R1,39232882.3851,37248325.8177,1984556.5674,2.594829,349387,356686
ETHUSDT,2026-07-29,R2,128344266.3736,127324716.2148,1019550.1588,0.398777,43282,43993
ETHUSDT,2026-07-29,W,8511504.0687,9280299.7148,-768795.6461,-4.321066,56,63
ETHUSDT,2026-07-30,M,64512921.101,68674281.9398,-4161360.8388,-3.124445,2948,3457
ETHUSDT,2026-07-30,R1,28281799.9255,25377911.8222,2903888.1033,5.411673,267679,262553
ETHUSDT,2026-07-30,R2,70153213.3016,68439272.6486,1713940.653,1.236676,24673,23652
ETHUSDT,2026-07-30,W,6954491.1233,6005869.837,948621.2863,7.319405,43,41
ETHUSDT,2026-07-31,M,83828032.9307,97114530.581,-13286497.6503,-7.342937,4204,4670
ETHUSDT,2026-07-31,MW,0.0,1141538.188,-1141538.188,-100.0,0,1
ETHUSDT,2026-07-31,R1,23793560.8091,27597102.0801,-3803541.271,-7.40123,234998,239258
ETHUSDT,2026-07-31,R2,84316511.1826,120287788.4051,-35971277.2225,-17.5809,26827,40472
ETHUSDT,2026-07-31,W,5948024.2048,12793211.2539,-6845187.0491,-36.524737,40,77
ETHUSDT,2026-08-01,M,37282602.26,45554116.0796,-8271513.8196,-9.985323,1713,2076
ETHUSDT,2026-08-01,R1,12346636.2497,12015993.6209,330642.6288,1.357171,104592,101753
ETHUSDT,2026-08-01,R2,34934671.861,49913270.7491,-14978598.8881,-17.653462,11796,15572
ETHUSDT,2026-08-01,W,4489832.265,5355390.7194,-865558.4544,-8.791659,30,27
ETHUSDT,2026-08-02,M,49369743.6642,43870262.0477,5499481.6165,5.8982,2268,2008
ETHUSDT,2026-08-02,R1,16969918.9283,12971631.0441,3998287.8842,13.353644,152172,134131
ETHUSDT,2026-08-02,R2,49075273.0577,50706215.8574,-1630942.7997,-1.634514,16936,16474
ETHUSDT,2026-08-02,W,5417711.7271,3188552.0348,2229159.6923,25.901596,35,20
ETHUSDT,2026-08-03,M,62620583.9157,68539253.9187,-5918670.003,-4.512563,3043,3188
ETHUSDT,2026-08-03,R1,20914999.4789,20904301.8693,10697.6096,0.025581,199469,197348
ETHUSDT,2026-08-03,R2,68827443.8369,74339406.9631,-5511963.1262,-3.850027,22605,23671
ETHUSDT,2026-08-03,W,5050109.9809,4880375.0044,169734.9765,1.709231,28,36
ETHUSDT,2026-08-04,M,73545704.2596,70350511.7608,3195192.4988,2.220484,3327,3248
ETHUSDT,2026-08-04,R1,23131476.7078,17479961.0609,5651515.6469,13.916069,211790,190166
ETHUSDT,2026-08-04,R2,69408529.091,76402724.1736,-6994195.0826,-4.796746,23697,22576
ETHUSDT,2026-08-04,W,9411559.5419,6278444.0375,3133115.5044,19.968864,62,46
ETHUSDT,2026-08-05,M,99691288.2842,92306509.3592,7384778.925,3.846283,4563,4206
ETHUSDT,2026-08-05,R1,26073593.1677,24714912.8562,1358680.3115,2.675173,214651,205976
ETHUSDT,2026-08-05,R2,97915241.7551,85304269.6694,12610972.0857,6.882985,31418,27978
ETHUSDT,2026-08-05,W,11084485.2994,12515972.6607,-1431487.3613,-6.065507,71,81
ETHUSDT,2026-08-06,M,49509268.5333,68179351.7445,-18670083.2112,-15.863966,2406,3227
ETHUSDT,2026-08-06,R1,21825193.8354,23920430.4894,-2095236.654,-4.58019,157770,165543
ETHUSDT,2026-08-06,R2,78900334.7984,85657399.5422,-6757064.7438,-4.106197,26538,29244
ETHUSDT,2026-08-06,W,4628568.2089,6077739.0742,-1449170.8653,-13.535674,33,40
ETHUSDT,2026-08-07,M,68271526.6096,99618263.0277,-31346736.4181,-18.67102,3064,4889
ETHUSDT,2026-08-07,R1,17422101.9886,20988056.9319,-3565954.9433,-9.283885,168970,176192
ETHUSDT,2026-08-07,R2,88862109.6499,90769066.8068,-1906957.1569,-1.061596,28212,29926
ETHUSDT,2026-08-07,W,7573337.0599,9309277.9332,-1735940.8733,-10.282417,51,64
ETHUSDT,2026-08-08,M,21885598.1806,22197320.5045,-311722.3239,-0.707127,875,990
ETHUSDT,2026-08-08,R1,5635438.994,5933053.3363,-297614.3423,-2.572629,42126,42526
ETHUSDT,2026-08-08,R2,23551436.205,26038932.7044,-2487496.4994,-5.016088,10027,8728
ETHUSDT,2026-08-08,W,1823813.8374,2101544.5323,-277730.6949,-7.075295,12,16
ETHUSDT,2026-08-09,M,32511347.038,37901364.3994,-5390017.3614,-7.654892,1427,1788
ETHUSDT,2026-08-09,R1,9814616.8416,8353263.5515,1461353.2901,8.043609,68305,67018
ETHUSDT,2026-08-09,R2,34568231.9318,36741044.8864,-2172812.9546,-3.047027,12929,12596
ETHUSDT,2026-08-09,W,5146340.6932,3672285.0778,1474055.6154,16.715253,36,24
ETHUSDT,2026-08-10,M,72321530.9905,92718414.1104,-20396883.1199,-12.358755,3519,4202
ETHUSDT,2026-08-10,R1,19589537.7838,23685747.4579,-4096209.6741,-9.465471,168020,182310
ETHUSDT,2026-08-10,R2,78047218.3926,93771857.6996,-15724639.307,-9.151859,26078,30842
ETHUSDT,2026-08-10,W,6517097.0434,11723215.3249,-5206118.2815,-28.541826,46,84
ETHUSDT,2026-08-11,M,66569965.8047,87075852.2867,-20505886.482,-13.346205,3132,3947
ETHUSDT,2026-08-11,R1,18152116.7271,15360027.9632,2792088.7639,8.331573,151975,140047
ETHUSDT,2026-08-11,R2,73801470.912,82051471.3161,-8250000.4041,-5.293452,24512,27316
ETHUSDT,2026-08-11,W,9436152.487,10396446.441,-960293.954,-4.841998,59,69
ETHUSDT,2026-08-12,M,58102795.5697,65811506.2528,-7708710.6831,-6.221002,2840,3142
ETHUSDT,2026-08-12,R1,18186301.7605,17366634.7486,819667.0119,2.305483,171558,169149
ETHUSDT,2026-08-12,R2,74390987.137,73723621.4785,667365.6585,0.450574,24416,24398
ETHUSDT,2026-08-12,W,8772826.7611,8368049.8331,404776.928,2.361472,54,59
ETHUSDT,2026-08-13,M,54533054.9719,54277261.1584,255793.8135,0.235082,2675,2610
ETHUSDT,2026-08-13,R1,17491669.6194,17237497.3277,254172.2917,0.73187,147831,141465
ETHUSDT,2026-08-13,R2,71928473.0022,63962020.4265,7966452.5757,5.862406,27987,22107
ETHUSDT,2026-08-13,W,5655503.6512,5525814.516,129689.1352,1.159873,36,46
ETHUSDT,2026-08-14,M,30021758.37,39139839.856,-9118081.486,-13.183734,1530,1873
ETHUSDT,2026-08-14,R1,12851725.947,17273809.9397,-4422083.9927,-14.678856,121316,126270
ETHUSDT,2026-08-14,R2,56241603.685,43082158.1635,13159445.5215,13.249041,18588,15981
ETHUSDT,2026-08-14,W,1895877.4246,2523914.0779,-628036.6533,-14.209644,15,19
ETHUSDT,2026-08-15,M,18818098.0791,19369695.2502,-551597.1711,-1.444433,807,903
ETHUSDT,2026-08-15,R1,5146045.684,6358690.8211,-1212645.1371,-10.540399,44509,48557
ETHUSDT,2026-08-15,R2,16338713.4593,19398780.7308,-3060067.2715,-8.562624,5839,7121
ETHUSDT,2026-08-15,W,3022758.6241,2293460.5732,729298.0509,13.718359,21,16
ETHUSDT,2026-08-16,M,28480673.749,29166971.5559,-686297.8069,-1.190504,1343,1395
ETHUSDT,2026-08-16,R1,6047942.2123,7513886.4665,-1465944.2542,-10.809341,54324,63419
ETHUSDT,2026-08-16,R2,26663283.5737,25937936.8077,725346.766,1.378954,10635,9084
ETHUSDT,2026-08-16,W,2969869.3767,2235298.1892,734571.1875,14.112345,21,17
ETHUSDT,2026-08-17,M,63895824.4493,66295419.7706,-2399595.3213,-1.843131,3024,3026
ETHUSDT,2026-08-17,R1,15013045.7967,16943917.8364,-1930872.0397,-6.042101,133214,134193
ETHUSDT,2026-08-17,R2,81746538.8853,72971865.6247,8774673.2606,5.671383,26649,24623
ETHUSDT,2026-08-17,W,8425233.39,9056018.2805,-630784.8905,-3.608351,59,60
ETHUSDT,2026-08-18,M,49954275.9038,58566667.6676,-8612391.7638,-7.936156,2111,2606
ETHUSDT,2026-08-18,R1,12910504.0298,16788457.845,-3877953.8152,-13.05754,143140,139238
ETHUSDT,2026-08-18,R2,60217300.8944,61635007.93,-1417707.0356,-1.163463,18251,19796
ETHUSDT,2026-08-18,W,6410848.1334,8835208.7269,-2424360.5935,-15.901558,43,69
ETHUSDT,2026-08-19,M,396490127.6208,372707021.9972,23783105.6236,3.091939,18639,17892
ETHUSDT,2026-08-19,MW,1987282.4,0.0,1987282.4,100.0,1,0
ETHUSDT,2026-08-19,R1,84559866.8004,72792685.5453,11767181.2551,7.478227,812932,703711
ETHUSDT,2026-08-19,R2,339538290.2797,315386493.2656,24151797.0141,3.687721,106706,93297
ETHUSDT,2026-08-19,W,53080418.7848,42871545.1806,10208873.6042,10.639567,346,253
ETHUSDT,2026-08-20,M,344702137.5881,319228168.4759,25473969.1122,3.836844,17087,16044
ETHUSDT,2026-08-20,MW,0.0,1824148.7245,-1824148.7245,-100.0,0,1
ETHUSDT,2026-08-20,R1,72044860.9246,69267650.2521,2777210.6725,1.965297,731557,650281
ETHUSDT,2026-08-20,R2,316986509.5931,286293947.7467,30692561.8464,5.087611,97372,86033
ETHUSDT,2026-08-20,W,40670979.3196,34670714.3968,6000264.9228,7.96407,248,237
ETHUSDT,2026-08-21,M,428347331.5672,374502631.9026,53844699.6646,6.706695,19907,16938
ETHUSDT,2026-08-21,MW,2873935.0455,0.0,2873935.0455,100.0,2,0
ETHUSDT,2026-08-21,R1,90584901.098,83674425.4044,6910475.6936,3.965627,991946,871892
ETHUSDT,2026-08-21,R2,397022866.5697,322136368.0836,74886498.4861,10.413062,126888,96177
ETHUSDT,2026-08-21,W,51986302.9972,35456113.6195,16530189.3777,18.904086,320,216
ETHUSDT,2026-08-22,M,254858862.7295,272932603.1549,-18073740.4254,-3.424409,11468,12212
ETHUSDT,2026-08-22,R1,49954326.107,48241054.604,1713271.503,1.744758,600078,544432
ETHUSDT,2026-08-22,R2,262100504.8897,232515840.5106,29584664.3791,5.981336,82777,69148
ETHUSDT,2026-08-22,W,31194836.32,35698543.4177,-4503707.0977,-6.732665,201,244
ETHUSDT,2026-08-23,M,171891828.0887,167719098.693,4172729.3957,1.228679,8321,8016
ETHUSDT,2026-08-23,R1,46629212.0447,43200075.7805,3429136.2642,3.817392,484093,443546
ETHUSDT,2026-08-23,R2,262709711.3159,201175196.4891,61534514.8268,13.265039,89717,62498
ETHUSDT,2026-08-23,W,16277820.6146,10791892.624,5485927.9906,20.265926,96,72
ETHUSDT,2026-08-24,M,214352631.6293,227963951.796,-13611320.1667,-3.07728,10587,11100
ETHUSDT,2026-08-24,R1,62048881.0485,63931703.7312,-1882822.6827,-1.494534,565609,553463
ETHUSDT,2026-08-24,R2,298251664.6672,257677453.7997,40574210.8675,7.29845,97387,82409
ETHUSDT,2026-08-24,W,17900914.2367,16323424.4786,1577489.7581,4.609263,128,124
ETHUSDT,2026-08-25,M,162663065.587,199267931.4076,-36604865.8206,-10.113769,7636,9348
ETHUSDT,2026-08-25,MW,0.0,1478301.3039,-1478301.3039,-100.0,0,1
ETHUSDT,2026-08-25,R1,52028726.6585,60811273.0295,-8782546.371,-7.783185,438170,445936
ETHUSDT,2026-08-25,R2,160023142.7923,178803334.7794,-18780191.9871,-5.542717,54246,62148
ETHUSDT,2026-08-25,W,12544901.2424,18374874.3131,-5829973.0707,-18.85516,90,131
ETHUSDT,2026-08-26,M,141682074.7639,133953526.2698,7728548.4941,2.803901,6346,5953
ETHUSDT,2026-08-26,R1,48949443.9913,44587448.7081,4361995.2832,4.663396,355127,328975
ETHUSDT,2026-08-26,R2,109003126.6497,109356337.9234,-353211.2737,-0.161757,39821,38233
ETHUSDT,2026-08-26,W,16662947.0943,13642273.5868,3020673.5075,9.967502,113,98
ETHUSDT,2026-08-27,M,182613299.137,197750822.5097,-15137523.3727,-3.979745,7929,8591
ETHUSDT,2026-08-27,R1,62342234.8038,58975877.3342,3366357.4696,2.774819,447236,424518
ETHUSDT,2026-08-27,R2,142463452.5775,153397396.5535,-10933943.976,-3.695637,50280,52989
ETHUSDT,2026-08-27,W,24466681.6365,24461077.9093,5603.7272,0.011453,166,164
ETHUSDT,2026-08-28,M,175851971.9692,210175243.0039,-34323271.0347,-8.891412,7804,9180
ETHUSDT,2026-08-28,R1,54784901.9929,58584646.0879,-3799744.095,-3.351644,428787,423572
ETHUSDT,2026-08-28,R2,161543540.2877,181659369.5622,-20115829.2745,-5.861206,54244,61470
ETHUSDT,2026-08-28,W,21563003.0844,29035574.5797,-7472571.4953,-14.768343,134,178
ETHUSDT,2026-08-29,M,61233153.6915,54463754.3839,6769399.3076,5.850977,2387,2144
ETHUSDT,2026-08-29,R1,15229733.0181,12787845.7405,2441887.2776,8.715554,107954,91923
ETHUSDT,2026-08-29,R2,48317587.2721,38280984.013,10036603.2591,11.589802,18597,12606
ETHUSDT,2026-08-29,W,7593556.7272,15124596.8217,-7531040.0945,-33.149878,56,99
ETHUSDT,2026-08-30,M,137027764.141,162796879.3909,-25769115.2499,-8.594729,5999,6933
ETHUSDT,2026-08-30,R1,41839445.4101,40334135.5666,1505309.8435,1.831866,310628,293094
ETHUSDT,2026-08-30,R2,117327818.5336,123300085.6691,-5972267.1355,-2.481951,43757,44094
ETHUSDT,2026-08-30,W,16487950.3163,23535758.7586,-7047808.4423,-17.609084,120,159
ETHUSDT,2026-08-31,M,126395834.5266,130238423.0279,-3842588.5013,-1.497301,6005,6179
ETHUSDT,2026-08-31,R1,51377180.284,55254530.873,-3877350.589,-3.636208,357717,365921
ETHUSDT,2026-08-31,R2,133112168.1632,128910210.8189,4201957.3443,1.603664,42900,47790
ETHUSDT,2026-08-31,W,12557475.2416,11693016.1968,864459.0448,3.564707,84,88
ETHUSDT,2026-09-01,M,144563182.0295,149221204.2102,-4658022.1807,-1.585524,6919,6851
ETHUSDT,2026-09-01,R1,43264657.6574,43067669.6926,196987.9648,0.228174,314091,296829
ETHUSDT,2026-09-01,R2,129774242.5158,135539819.8528,-5765577.337,-2.173114,44319,51637
ETHUSDT,2026-09-01,W,10375210.4784,19044758.2767,-8669547.7983,-29.468243,71,131
HBARUSDT,2026-03-04,M,405952.0808,302932.5294,103019.5514,14.532626,20,14
HBARUSDT,2026-03-04,R1,4784689.3357,4205511.7852,579177.5505,6.44232,47507,37544
HBARUSDT,2026-03-04,R2,1656927.2256,1657158.6739,-231.4483,-0.006984,883,881
HBARUSDT,2026-03-05,M,293289.4551,358754.2485,-65464.7934,-10.03994,12,14
HBARUSDT,2026-03-05,R1,2614028.2716,2800888.6349,-186860.3633,-3.450845,23598,24110
HBARUSDT,2026-03-05,R2,845705.5686,1180218.5767,-334513.0081,-16.511626,448,632
HBARUSDT,2026-03-06,M,461045.7727,590588.011,-129542.2383,-12.318189,21,22
HBARUSDT,2026-03-06,R1,2066242.9456,2215831.4368,-149588.4912,-3.493365,17002,19878
HBARUSDT,2026-03-06,R2,932767.0886,1495834.4926,-563067.404,-23.184841,463,737
HBARUSDT,2026-03-06,W,126667.3962,0.0,126667.3962,100.0,1,0
HBARUSDT,2026-03-07,M,49241.778,68714.62,-19472.842,-16.508509,4,5
HBARUSDT,2026-03-07,R1,955950.2884,1140011.9816,-184061.6932,-8.781727,8044,7920
HBARUSDT,2026-03-07,R2,474680.4028,522681.1541,-48000.7513,-4.812773,226,262
HBARUSDT,2026-03-08,M,297159.195,163529.5798,133629.6152,29.006484,12,9
HBARUSDT,2026-03-08,R1,1700996.5723,2039810.6867,-338814.1144,-9.057246,13661,15095
HBARUSDT,2026-03-08,R2,765809.0586,871339.5853,-105530.5267,-6.445995,341,440
HBARUSDT,2026-03-08,W,196843.4231,0.0,196843.4231,100.0,1,0
HBARUSDT,2026-03-09,M,282464.3248,365659.014,-83194.6892,-12.836243,14,17
HBARUSDT,2026-03-09,R1,3036982.7452,2672076.129,364906.6162,6.391712,23905,21756
HBARUSDT,2026-03-09,R2,1304005.7381,1393030.5552,-89024.8171,-3.300839,637,646
HBARUSDT,2026-03-10,M,527691.8912,498677.8027,29014.0885,2.826865,24,22
HBARUSDT,2026-03-10,R1,3275811.1638,2962999.8811,312811.2827,5.013957,28320,25058
HBARUSDT,2026-03-10,R2,1350338.2048,1635784.564,-285446.3592,-9.559097,681,791
HBARUSDT,2026-03-11,M,194475.9246,251470.6362,-56994.7116,-12.780615,9,11
HBARUSDT,2026-03-11,R1,2555237.235,3221165.5098,-665928.2748,-11.528425,17971,22594
HBARUSDT,2026-03-11,R2,1017867.0373,1165589.0315,-147721.9942,-6.765513,555,665
HBARUSDT,2026-03-12,M,224728.4254,259663.3029,-34934.8775,-7.212113,7,9
HBARUSDT,2026-03-12,R1,1883824.6027,1830579.9453,53244.6574,1.433464,14932,13971
HBARUSDT,2026-03-12,R2,886118.8314,662111.1662,224007.6652,14.46863,454,329
HBARUSDT,2026-03-13,M,249521.3982,310973.7282,-61452.33,-10.963937,12,14
HBARUSDT,2026-03-13,R1,3797188.9664,3930216.8293,-133027.8629,-1.721507,30223,29335
HBARUSDT,2026-03-13,R2,1947476.3775,2053557.8659,-106081.4884,-2.651352,992,1002
HBARUSDT,2026-03-14,M,90496.4415,300446.7848,-209950.3433,-53.703538,6,17
HBARUSDT,2026-03-14,R1,2479063.4474,3386454.6136,-907391.1662,-15.469924,13978,31144
HBARUSDT,2026-03-14,R2,1274886.0491,1367103.3602,-92217.3111,-3.49045,719,702
HBARUSDT,2026-03-14,W,0.0,125207.317,-125207.317,-100.0,0,1
HBARUSDT,2026-03-15,M,473462.2332,413895.4592,59566.774,6.712826,26,16
HBARUSDT,2026-03-15,R1,3314797.1802,3015340.732,299456.4482,4.730647,23233,21121
HBARUSDT,2026-03-15,R2,1547482.2532,2423359.4477,-875877.1945,-22.057721,809,1142
HBARUSDT,2026-03-16,M,660327.4275,620725.2356,39602.1919,3.091379,36,32
HBARUSDT,2026-03-16,R1,5725686.6786,4856208.1118,869478.5668,8.216662,43299,94298
HBARUSDT,2026-03-16,R2,2947765.8897,3024874.5522,-77108.6625,-1.291031,1459,1441
HBARUSDT,2026-03-16,W,249085.005,0.0,249085.005,100.0,1,0
HBARUSDT,2026-03-17,M,561452.9818,413148.5292,148304.4526,15.216932,19,16
HBARUSDT,2026-03-17,R1,3135013.1507,3416967.7347,-281954.584,-4.303349,26772,46778
HBARUSDT,2026-03-17,R2,1294455.3478,1700481.3186,-406025.9708,-13.55708,655,830
HBARUSDT,2026-03-18,M,468446.7038,549390.2085,-80943.5047,-7.952502,16,24
HBARUSDT,2026-03-18,R1,2465824.6197,3118951.8482,-653127.2285,-11.694778,22262,41440
HBARUSDT,2026-03-18,R2,1367278.0558,1875073.4993,-507795.4435,-15.661332,634,890
HBARUSDT,2026-03-19,M,300530.8616,285576.6444,14954.2172,2.551446,10,12
HBARUSDT,2026-03-19,R1,2235863.0981,2823490.8789,-587627.7808,-11.61468,15883,17960
HBARUSDT,2026-03-19,R2,1216709.3436,1144796.664,71912.6796,3.045204,624,591
HBARUSDT,2026-03-20,M,147543.7751,234726.1719,-87182.3968,-22.8065,8,12
HBARUSDT,2026-03-20,R1,1420224.56,1313775.8818,106448.6782,3.893514,12410,11241
HBARUSDT,2026-03-20,R2,561470.7521,617081.7413,-55610.9892,-4.718584,288,311
HBARUSDT,2026-03-21,M,187272.7738,225209.0329,-37936.2591,-9.197075,8,16
HBARUSDT,2026-03-21,R1,933739.4298,1062548.2196,-128808.7898,-6.452416,7637,7133
HBARUSDT,2026-03-21,R2,782076.7403,977150.71,-195073.9697,-11.088616,327,429
HBARUSDT,2026-03-22,M,139308.4585,264764.8345,-125456.376,-31.047926,9,13
HBARUSDT,2026-03-22,R1,2048008.8516,2500462.018,-452453.1664,-9.947369,14300,16866
HBARUSDT,2026-03-22,R2,1109019.748,1127108.9888,-18089.2408,-0.808953,533,592
HBARUSDT,2026-03-23,M,418972.6829,258621.6785,160351.0044,23.664749,22,11
HBARUSDT,2026-03-23,R1,4527346.4796,4499564.9608,27781.5188,0.307763,31289,27217
HBARUSDT,2026-03-23,R2,2175137.8724,2346617.9461,-171480.0737,-3.792334,1095,1337
HBARUSDT,2026-03-24,M,258181.7834,238555.9451,19625.8383,3.950946,16,13
HBARUSDT,2026-03-24,R1,2585890.3133,2239546.3412,346343.9721,7.177464,21637,14838
HBARUSDT,2026-03-24,R2,1344767.9763,1419610.7234,-74842.7471,-2.707398,707,715
HBARUSDT,2026-03-25,M,188784.8149,158803.1607,29981.6542,8.62563,10,7
HBARUSDT,2026-03-25,R1,3007244.0765,1813852.181,1193391.8955,24.753538,23001,12856
HBARUSDT,2026-03-25,R2,1078394.2644,953981.8,124412.4644,6.121528,537,448
HBARUSDT,2026-03-26,M,54254.1352,177596.8739,-123342.7387,-53.199138,4,10
HBARUSDT,2026-03-26,R1,1967827.6424,2026539.3773,-58711.7349,-1.469863,12262,17697
HBARUSDT,2026-03-26,R2,797450.2932,1056972.5318,-259522.2386,-13.994772,416,508
HBARUSDT,2026-03-26,W,102195.5265,0.0,102195.5265,100.0,1,0
HBARUSDT,2026-03-27,M,106705.6119,171340.4799,-64634.868,-23.246098,7,10
HBARUSDT,2026-03-27,R1,1832603.1359,1959838.3162,-127235.1803,-3.354968,11967,14250
HBARUSDT,2026-03-27,R2,684611.0546,948636.6616,-264025.607,-16.16568,359,501
HBARUSDT,2026-03-27,W,255342.0195,0.0,255342.0195,100.0,1,0
HBARUSDT,2026-03-28,M,130815.8515,115186.9539,15628.8976,6.353138,8,8
HBARUSDT,2026-03-28,R1,1312579.566,1218206.8475,94372.7185,3.728988,11414,8432
HBARUSDT,2026-03-28,R2,674285.1422,811441.1027,-137155.9605,-9.231577,320,395
HBARUSDT,2026-03-29,M,11813.8925,72316.0439,-60502.1514,-71.915128,1,4
HBARUSDT,2026-03-29,R1,1412250.5595,1343025.2529,69225.3066,2.512464,11725,11742
HBARUSDT,2026-03-29,R2,785130.633,744494.0194,40636.6136,2.65664,418,371
HBARUSDT,2026-03-30,M,120425.0206,157521.0513,-37096.0307,-13.346485,5,9
HBARUSDT,2026-03-30,R1,1825399.934,1774109.4903,51290.4437,1.424929,15449,13831
HBARUSDT,2026-03-30,R2,1049802.7236,1065202.3426,-15399.619,-0.728113,505,469
HBARUSDT,2026-03-31,M,33094.1134,167480.4255,-134386.3121,-67.000684,3,6
HBARUSDT,2026-03-31,R1,3184293.7385,4359670.1709,-1175376.4324,-15.580356,23853,33703
HBARUSDT,2026-03-31,R2,1506371.8044,1523769.93,-17398.1256,-0.574169,785,832
HBARUSDT,2026-03-31,W,217504.6962,0.0,217504.6962,100.0,1,0
HBARUSDT,2026-04-01,M,59967.0596,164904.1212,-104937.0616,-46.665411,4,9
HBARUSDT,2026-04-01,R1,3069136.667,2684212.8366,384923.8304,6.69043,23592,17613
HBARUSDT,2026-04-01,R2,1428221.74,1740815.7385,-312593.9985,-9.864004,767,904
HBARUSDT,2026-04-02,M,96256.591,12410.9172,83845.6738,77.157998,6,1
HBARUSDT,2026-04-02,R1,1937043.4908,2230686.7632,-293643.2724,-7.04564,15593,16792
HBARUSDT,2026-04-02,R2,962169.7555,899641.0107,62528.7448,3.358491,468,451
HBARUSDT,2026-04-03,M,114706.3085,57432.0828,57274.2257,33.272198,5,3
HBARUSDT,2026-04-03,R1,1907231.3402,1673996.3179,233235.0223,6.512711,16064,10302
HBARUSDT,2026-04-03,R2,1091902.5366,877710.8082,214191.7284,10.874811,525,461
HBARUSDT,2026-04-04,M,43050.8185,37207.3702,5843.4483,7.280813,2,2
HBARUSDT,2026-04-04,R1,883122.1574,947640.2104,-64518.053,-3.524109,6190,7801
HBARUSDT,2026-04-04,R2,412322.4419,422203.7995,-9881.3576,-1.184068,226,237
HBARUSDT,2026-04-05,M,88170.5522,97098.1466,-8927.5944,-4.818728,4,5
HBARUSDT,2026-04-05,R1,1331619.7307,1366256.4931,-34636.7624,-1.283853,9316,10189
HBARUSDT,2026-04-05,R2,643638.9346,661647.8174,-18008.8828,-1.379688,338,389
HBARUSDT,2026-04-06,M,264932.8464,343406.3871,-78473.5407,-12.899635,17,16
HBARUSDT,2026-04-06,R1,2235410.7231,2130330.7967,105079.9264,2.40692,20071,13697
HBARUSDT,2026-04-06,R2,1261701.6477,1576026.3937,-314324.746,-11.076634,627,695
HBARUSDT,2026-04-07,M,201554.179,134524.8821,67029.2969,19.944503,11,9
HBARUSDT,2026-04-07,R1,2848552.1131,2420882.5405,427669.5726,8.116043,21700,15465
HBARUSDT,2026-04-07,R2,1331519.2194,1363467.8228,-31948.6034,-1.185483,743,714
HBARUSDT,2026-04-08,M,407834.9133,445529.576,-37694.6627,-4.417182,22,24
HBARUSDT,2026-04-08,R1,4781050.0597,5096580.7035,-315530.6438,-3.194396,36074,27923
HBARUSDT,2026-04-08,R2,2664159.1668,2968208.8507,-304049.6839,-5.398257,1389,1559
HBARUSDT,2026-04-08,W,115170.2057,0.0,115170.2057,100.0,1,0
HBARUSDT,2026-04-09,M,528829.9176,277730.5176,251099.4,31.132125,26,11
HBARUSDT,2026-04-09,R1,2421365.944,2824569.7817,-403203.8377,-7.686023,16243,21355
HBARUSDT,2026-04-09,R2,1714973.2855,1532702.3428,182270.9427,5.612351,781,741
HBARUSDT,2026-04-09,W,111045.7253,0.0,111045.7253,100.0,1,0
HBARUSDT,2026-04-10,M,196704.861,306193.8741,-109489.0131,-21.771583,7,15
HBARUSDT,2026-04-10,R1,2873689.023,2449388.6834,424300.3396,7.970959,19546,17064
HBARUSDT,2026-04-10,R2,1351373.1104,1738358.0985,-386984.9881,-12.524876,716,886
HBARUSDT,2026-04-11,M,89176.7792,140859.6608,-51682.8816,-22.467258,6,9
HBARUSDT,2026-04-11,R1,1657705.3541,2230548.7651,-572843.411,-14.732664,11220,28952
HBARUSDT,2026-04-11,R2,799443.3327,1054336.3714,-254893.0387,-13.74991,420,552
HBARUSDT,2026-04-12,M,221740.7319,153190.1606,68550.5713,18.283522,8,8
HBARUSDT,2026-04-12,R1,1663076.6597,2500207.0253,-837130.3656,-20.107454,11685,80799
HBARUSDT,2026-04-12,R2,1012661.5561,1343423.5704,-330762.0143,-14.038627,508,692
HBARUSDT,2026-04-13,M,174746.5381,189219.6863,-14473.1482,-3.976509,8,8
HBARUSDT,2026-04-13,R1,2706970.8775,3196826.0252,-489855.1477,-8.29729,17698,92173
HBARUSDT,2026-04-13,R2,1944513.6751,1611605.4257,332908.2494,9.361561,965,820
HBARUSDT,2026-04-13,W,204869.0232,0.0,204869.0232,100.0,1,0
HBARUSDT,2026-04-14,M,107791.95,102951.9139,4840.0361,2.296644,5,6
HBARUSDT,2026-04-14,R1,2179248.6906,2599367.7089,-420119.0183,-8.791646,14719,78274
HBARUSDT,2026-04-14,R2,1309971.5239,1490940.7687,-180969.2448,-6.461082,682,762
HBARUSDT,2026-04-15,M,106493.0138,192420.4798,-85927.466,-28.7466,6,6
HBARUSDT,2026-04-15,R1,1858477.93,2360901.7411,-502423.8111,-11.907528,14225,83244
HBARUSDT,2026-04-15,R2,1257496.722,1340507.4087,-83010.6867,-3.195171,674,673
HBARUSDT,2026-04-16,M,674386.6241,355078.3688,319308.2553,31.016912,35,18
HBARUSDT,2026-04-16,R1,3733275.6867,3156258.7977,577016.889,8.375267,24213,18436
HBARUSDT,2026-04-16,R2,2395239.8073,2169776.7075,225463.0998,4.938933,1254,1160
HBARUSDT,2026-04-16,W,152026.7681,0.0,152026.7681,100.0,1,0
HBARUSDT,2026-04-17,M,415546.0355,326548.7074,88997.3281,11.992718,21,14
HBARUSDT,2026-04-17,R1,4170533.7351,4053593.2434,116940.4917,1.42192,25339,26226
HBARUSDT,2026-04-17,R2,2189633.3652,2643986.2298,-454352.8646,-9.399847,1193,1487
HBARUSDT,2026-04-17,W,0.0,131846.858,-131846.858,-100.0,0,1
HBARUSDT,2026-04-18,M,216986.2457,134910.4322,82075.8135,23.323839,8,8
HBARUSDT,2026-04-18,R1,2020993.8859,1979234.378,41759.5079,1.043928,13102,13373
HBARUSDT,2026-04-18,R2,1258120.2665,1287238.2176,-29117.9511,-1.143963,672,668
HBARUSDT,2026-04-19,M,178956.7138,160077.4753,18879.2385,5.568535,6,6
HBARUSDT,2026-04-19,R1,2313611.2077,2057291.8107,256319.397,5.864221,15159,12899
HBARUSDT,2026-04-19,R2,768519.8177,1111978.823,-343459.0053,-18.264252,466,644
HBARUSDT,2026-04-20,M,230908.1305,123545.9057,107362.2248,30.289463,13,8
HBARUSDT,2026-04-20,R1,3449612.2705,2444969.7997,1004642.4708,17.043489,21045,12289
HBARUSDT,2026-04-20,R2,1715360.3653,1544455.1225,170905.2428,5.242789,908,892
HBARUSDT,2026-04-21,M,165295.5045,168460.626,-3165.1215,-0.948334,12,12
HBARUSDT,2026-04-21,R1,2511405.2388,2189875.0273,321530.2115,6.839205,14656,13387
HBARUSDT,2026-04-21,R2,1036498.3201,1060483.9049,-23985.5848,-1.143814,568,565
HBARUSDT,2026-04-22,M,297447.963,236155.7634,61292.1996,11.486464,14,12
HBARUSDT,2026-04-22,R1,3293788.8671,2678275.8579,615513.0092,10.306536,19353,14232
HBARUSDT,2026-04-22,R2,1886158.8475,2344334.1073,-458175.2598,-10.830304,1040,1211
HBARUSDT,2026-04-23,M,54221.0504,71074.3134,-16853.263,-13.450827,3,5
HBARUSDT,2026-04-23,R1,2120225.5262,2055486.0874,64739.4388,1.550381,13023,12370
HBARUSDT,2026-04-23,R2,802124.1097,1112274.0498,-310149.9401,-16.200911,504,630
HBARUSDT,2026-04-24,M,245724.4512,19355.9259,226368.5253,85.396184,8,1
HBARUSDT,2026-04-24,R1,1694386.6035,1559439.4281,134947.1754,4.147338,12057,9641
HBARUSDT,2026-04-24,R2,733986.8567,911618.4883,-177631.6316,-10.794303,436,528
HBARUSDT,2026-04-25,M,28761.2156,57363.3818,-28602.1662,-33.210218,1,3
HBARUSDT,2026-04-25,R1,1385590.3581,1253190.3401,132400.018,5.01747,9939,8358
HBARUSDT,2026-04-25,R2,675104.1312,758100.33,-82996.1988,-5.790953,420,429
HBARUSDT,2026-04-26,M,227494.5301,64400.5265,163094.0036,55.874192,10,4
HBARUSDT,2026-04-26,R1,2374853.7571,1601582.2501,773271.507,19.446346,15557,9892
HBARUSDT,2026-04-26,R2,962621.4564,1113434.9672,-150813.5108,-7.264423,550,626
HBARUSDT,2026-04-27,M,156793.4682,256015.3787,-99221.9105,-24.0358,9,18
HBARUSDT,2026-04-27,R1,2339373.5379,2348639.0211,-9265.4832,-0.197642,13907,14986
HBARUSDT,2026-04-27,R2,1341499.2022,1454396.416,-112897.2138,-4.037962,751,782
HBARUSDT,2026-04-28,M,58743.5679,84726.2725,-25982.7046,-18.110221,3,5
HBARUSDT,2026-04-28,R1,1419035.3621,1327407.3553,91628.0068,3.336243,9102,9817
HBARUSDT,2026-04-28,R2,540218.273,681570.2239,-141351.9509,-11.569265,320,393
HBARUSDT,2026-04-29,M,153404.6088,91908.3366,61496.2722,25.068499,8,6
HBARUSDT,2026-04-29,R1,2526682.8465,2122179.8827,404502.9638,8.701117,22776,13658
HBARUSDT,2026-04-29,R2,925150.2398,1206468.5483,-281318.3085,-13.197402,524,647
HBARUSDT,2026-04-30,M,118510.8169,38781.6801,79729.1368,50.688455,4,3
HBARUSDT,2026-04-30,R1,1236015.167,1416707.5963,-180692.4293,-6.811584,8048,12324
HBARUSDT,2026-04-30,R2,707729.2768,583724.5909,124004.6859,9.601945,384,309
HBARUSDT,2026-05-01,M,92111.6794,440229.6902,-348118.0108,-65.393755,6,18
HBARUSDT,2026-05-01,R1,1377335.4793,1427232.8812,-49897.4019,-1.779147,8042,8116
HBARUSDT,2026-05-01,R2,817345.8763,1141292.4777,-323946.6014,-16.539378,431,589
HBARUSDT,2026-05-02,M,27302.9683,33905.8238,-6602.8555,-10.78743,2,3
HBARUSDT,2026-05-02,R1,894356.3045,818025.2998,76331.0047,4.457593,7583,5768
HBARUSDT,2026-05-02,R2,498121.6616,388881.8486,109239.813,12.315601,277,231
HBARUSDT,2026-05-03,M,40913.1708,18752.4102,22160.7606,37.141615,2,1
HBARUSDT,2026-05-03,R1,859862.2986,872705.0708,-12842.7722,-0.741257,6172,6003
HBARUSDT,2026-05-03,R2,411337.9291,609860.5707,-198522.6416,-19.440162,227,332
HBARUSDT,2026-05-04,M,98256.6112,98056.0597,200.5515,0.102159,5,6
HBARUSDT,2026-05-04,R1,2331835.2229,2177631.321,154203.9019,3.41956,13921,14337
HBARUSDT,2026-05-04,R2,1017779.0991,1153068.3304,-135289.2313,-6.232093,607,679
HBARUSDT,2026-05-05,M,451662.1395,248761.0915,202901.048,28.968349,16,15
HBARUSDT,2026-05-05,R1,2494776.5243,2185474.7683,309301.756,6.608657,23821,12307
HBARUSDT,2026-05-05,R2,1533376.537,1684333.6753,-150957.1383,-4.691446,770,890
HBARUSDT,2026-05-06,M,550240.1497,439872.4984,110367.6513,11.146979,17,20
HBARUSDT,2026-05-06,R1,2730604.6966,2580255.6915,150349.0051,2.830973,18198,21877
HBARUSDT,2026-05-06,R2,1888013.6035,2005084.6258,-117071.0223,-3.007143,927,984
HBARUSDT,2026-05-07,M,225418.6323,214948.6526,10469.9797,2.377556,9,15
HBARUSDT,2026-05-07,R1,2464158.1659,2515982.7671,-51824.6012,-1.040625,15766,32686
HBARUSDT,2026-05-07,R2,1156637.8933,1399194.6014,-242556.7081,-9.490321,643,754
HBARUSDT,2026-05-08,M,129570.3069,202239.2919,-72668.985,-21.900809,7,13
HBARUSDT,2026-05-08,R1,2567095.0613,2452853.26,114241.8013,2.275757,19683,30440
HBARUSDT,2026-05-08,R2,1162751.1803,1597608.2222,-434857.0419,-15.753639,640,801
HBARUSDT,2026-05-09,M,57831.1402,199347.3977,-141516.2575,-55.026465,3,11
HBARUSDT,2026-05-09,R1,1833043.2871,2051993.4946,-218950.2075,-5.635731,11876,30325
HBARUSDT,2026-05-09,R2,1133799.1416,1442459.8329,-308660.6913,-11.980965,595,697
HBARUSDT,2026-05-10,M,382459.9674,103102.133,279357.8344,57.532875,24,7
HBARUSDT,2026-05-10,R1,5039475.2377,4680426.7371,359048.5006,3.693952,29813,48683
HBARUSDT,2026-05-10,R2,2560041.691,2713423.8232,-153382.1322,-2.908564,1393,1400
HBARUSDT,2026-05-11,M,330377.3411,270103.3159,60274.0252,10.03763,15,12
HBARUSDT,2026-05-11,R1,4226211.2294,3961547.1574,264664.072,3.232436,32125,52018
HBARUSDT,2026-05-11,R2,2000778.4294,3204122.7227,-1203344.2933,-23.119446,1050,1681
HBARUSDT,2026-05-12,M,565119.2294,442078.7236,123040.5058,12.21612,18,22
HBARUSDT,2026-05-12,R1,3238474.119,3915311.2963,-676837.1773,-9.461245,22991,50884
HBARUSDT,2026-05-12,R2,1512708.9546,2057658.7432,-544949.7886,-15.263128,795,1066
HBARUSDT,2026-05-12,W,132143.235,0.0,132143.235,100.0,1,0
HBARUSDT,2026-05-13,M,555755.8901,337741.4819,218014.4082,24.400117,24,16
HBARUSDT,2026-05-13,R1,2785703.1277,3516826.2205,-731123.0928,-11.600471,17809,62761
HBARUSDT,2026-05-13,R2,1773775.0705,2943151.8236,-1169376.7531,-24.791072,918,1430
HBARUSDT,2026-05-14,M,865386.2302,844242.6144,21143.6158,1.236737,29,32
HBARUSDT,2026-05-14,R1,3658944.9187,3890062.4345,-231117.5158,-3.061562,22715,71032
HBARUSDT,2026-05-14,R2,2167843.0641,2747956.9311,-580113.867,-11.801006,1121,1358
HBARUSDT,2026-05-14,W,405431.904,0.0,405431.904,100.0,1,0
HBARUSDT,2026-05-15,M,213213.7015,359831.2215,-146617.52,-25.585694,13,12
HBARUSDT,2026-05-15,R1,2691462.2327,3324640.67,-633178.4373,-10.524728,19946,36188
HBARUSDT,2026-05-15,R2,1094692.8995,1617462.3004,-522769.4009,-19.275055,611,890
HBARUSDT,2026-05-16,M,356556.0599,506398.4445,-149842.3846,-17.36388,9,16
HBARUSDT,2026-05-16,R1,1581898.8312,2066699.9135,-484801.0823,-13.287323,10439,18166
HBARUSDT,2026-05-16,R2,767467.2448,1311867.3093,-544400.0645,-26.181456,421,696
HBARUSDT,2026-05-16,W,171096.907,0.0,171096.907,100.0,1,0
HBARUSDT,2026-05-17,M,164520.222,128028.8315,36491.3905,12.473597,5,5
HBARUSDT,2026-05-17,R1,1571976.9328,1740817.7813,-168840.8485,-5.096629,9403,13656
HBARUSDT,2026-05-17,R2,770998.188,1194598.5343,-423600.3463,-21.550725,430,627
HBARUSDT,2026-05-18,M,281159.174,283204.2658,-2045.0918,-0.362371,7,9
HBARUSDT,2026-05-18,R1,2133395.5274,2350155.8627,-216760.3353,-4.834568,13616,17027
HBARUSDT,2026-05-18,R2,1093380.6599,1343090.6898,-249710.0299,-10.248839,590,760
HBARUSDT,2026-05-19,M,87797.2296,103451.8052,-15654.5756,-8.18544,4,3
HBARUSDT,2026-05-19,R1,1877115.7209,1950591.4257,-73475.7048,-1.919575,11656,15663
HBARUSDT,2026-05-19,R2,903429.4095,1120349.8216,-216920.4121,-10.718581,500,644
HBARUSDT,2026-05-20,M,117543.1188,12296.4125,105246.7063,81.059062,4,1
HBARUSDT,2026-05-20,R1,1557821.0761,1643732.9456,-85911.8695,-2.683443,8725,12043
HBARUSDT,2026-05-20,R2,972013.7771,1014197.0484,-42183.2713,-2.123806,526,549
HBARUSDT,2026-05-21,M,29417.4268,155605.0371,-126187.6103,-68.201238,2,9
HBARUSDT,2026-05-21,R1,2092341.2738,2419208.6207,-326867.3469,-7.245123,12453,16856
HBARUSDT,2026-05-21,R2,1257010.1468,1550681.1644,-293671.0176,-10.459519,679,795
HBARUSDT,2026-05-22,M,373088.2881,332437.0891,40651.199,5.761834,25,19
HBARUSDT,2026-05-22,R1,3462503.4401,3437807.237,24696.2031,0.3579,19115,20947
HBARUSDT,2026-05-22,R2,2402465.2769,2670622.5492,-268157.2723,-5.285879,1140,1333
HBARUSDT,2026-05-22,W,0.0,205682.8929,-205682.8929,-100.0,0,1
HBARUSDT,2026-05-23,M,244524.3371,260952.2349,-16427.8978,-3.249982,16,17
HBARUSDT,2026-05-23,R1,3089870.4065,3250955.2466,-161084.8401,-2.54044,18271,17801
HBARUSDT,2026-05-23,R2,2025705.8308,2322204.4773,-296498.6465,-6.819337,988,1171
HBARUSDT,2026-05-24,M,189806.9117,226605.7795,-36798.8678,-8.837115,10,17
HBARUSDT,2026-05-24,R1,1426587.1454,1477049.3069,-50462.1615,-1.737895,8251,10136
HBARUSDT,2026-05-24,R2,856750.0474,1232143.5531,-375393.5057,-17.970925,448,610
HBARUSDT,2026-05-25,M,231153.9442,116294.3349,114859.6093,33.058045,12,7
HBARUSDT,2026-05-25,R1,1925065.2825,1445327.8015,479737.481,14.233873,12324,8559
HBARUSDT,2026-05-25,R2,1146880.2281,1549060.3936,-402180.1655,-14.91799,595,822
HBARUSDT,2026-05-26,M,49618.7097,65219.0918,-15600.3821,-13.58471,4,2
HBARUSDT,2026-05-26,R1,2100553.2008,2337313.177,-236759.9762,-5.334996,13240,13052
HBARUSDT,2026-05-26,R2,1347919.403,1786412.8459,-438493.4429,-13.990012,722,961
HBARUSDT,2026-05-27,M,82932.5451,168193.6339,-85261.0888,-33.951494,3,11
HBARUSDT,2026-05-27,R1,1857964.6941,2076298.3481,-218333.654,-5.549544,11621,15353
HBARUSDT,2026-05-27,R2,1057383.0857,1444905.4662,-387522.3805,-15.486718,545,713
HBARUSDT,2026-05-28,M,1381943.1474,1494236.6105,-112293.4631,-3.904257,68,66
HBARUSDT,2026-05-28,R1,12572642.4945,12557230.9706,15411.5239,0.061328,63956,89984
HBARUSDT,2026-05-28,R2,9078273.3065,7595001.4204,1483271.8861,8.896104,4946,4117
HBARUSDT,2026-05-28,W,280196.8753,302458.2336,-22261.3583,-3.820675,2,2
HBARUSDT,2026-05-29,M,2728767.512,2301242.4075,427525.1045,8.499488,113,101
HBARUSDT,2026-05-29,R1,13405318.0297,12397368.434,1007949.5957,3.906375,71527,72525
HBARUSDT,2026-05-29,R2,10424066.9473,9768476.0198,655590.9275,3.246698,5667,5175
HBARUSDT,2026-05-29,W,550819.6701,0.0,550819.6701,100.0,4,0
HBARUSDT,2026-05-30,M,1940588.8775,1718197.7935,222391.084,6.078274,83,85
HBARUSDT,2026-05-30,R1,23647545.4591,20602197.6098,3045347.8493,6.882182,130439,121363
HBARUSDT,2026-05-30,R2,15947644.9208,16137063.9775,-189419.0567,-0.590372,9098,8654
HBARUSDT,2026-05-30,W,131485.4148,279961.3963,-148475.9815,-36.086312,1,2
HBARUSDT,2026-05-31,M,482578.4468,542653.0522,-60074.6054,-5.859614,26,32
HBARUSDT,2026-05-31,R1,7478315.8456,6748167.7287,730148.1169,5.132316,43404,37385
HBARUSDT,2026-05-31,R2,4338708.3121,4943334.7772,-604626.4651,-6.513937,2479,2768
HBARUSDT,2026-05-31,W,0.0,113590.9454,-113590.9454,-100.0,0,1
HBARUSDT,2026-06-01,M,635981.082,584316.3429,51664.7391,4.233783,33,27
HBARUSDT,2026-06-01,R1,6183754.062,5578173.2715,605580.7905,5.148653,42110,30840
HBARUSDT,2026-06-01,R2,3742373.8608,4328608.6687,-586234.8079,-7.263488,2045,2286
HBARUSDT,2026-06-02,M,313806.5039,332209.7206,-18403.2167,-2.848724,15,15
HBARUSDT,2026-06-02,R1,4761227.5532,4624171.7783,137055.7749,1.460308,32426,29881
HBARUSDT,2026-06-02,R2,1993233.1626,2455365.7742,-462132.6116,-10.388273,1094,1344
HBARUSDT,2026-06-03,M,371490.3697,350290.5371,21199.8326,2.937156,15,21
HBARUSDT,2026-06-03,R1,4008276.785,4241776.2494,-233499.4644,-2.830278,27483,32826
HBARUSDT,2026-06-03,R2,1437326.6392,1894096.1031,-456769.4639,-13.710943,829,1042
HBARUSDT,2026-06-04,M,599694.3923,457073.023,142621.3693,13.496004,33,24
HBARUSDT,2026-06-04,R1,6463623.8019,6045521.3797,418102.4222,3.342374,46264,44538
HBARUSDT,2026-06-04,R2,2640663.3247,3416328.8416,-775665.5169,-12.806117,1431,1817
HBARUSDT,2026-06-05,M,511034.8638,302527.4816,208507.3822,25.628937,28,18
HBARUSDT,2026-06-05,R1,7324228.8328,7663675.5028,-339446.67,-2.264804,60036,60462
HBARUSDT,2026-06-05,R2,2789776.6289,3151605.2783,-361828.6494,-6.089975,1606,1748
HBARUSDT,2026-06-06,M,339043.7636,217667.8225,121375.9411,21.802302,18,13
HBARUSDT,2026-06-06,R1,4038437.3456,4146975.62,-108538.2744,-1.325996,31911,30054
HBARUSDT,2026-06-06,R2,1435470.8965,1758112.6019,-322641.7054,-10.102811,792,963
HBARUSDT,2026-06-07,M,249964.5453,206979.3139,42985.2314,9.407114,12,11
HBARUSDT,2026-06-07,R1,2707409.5797,2603654.1803,103755.3994,1.953571,22250,18105
HBARUSDT,2026-06-07,R2,1193844.3339,1323680.4724,-129836.1385,-5.157293,617,699
HBARUSDT,2026-06-08,M,133588.3856,124903.8852,8684.5004,3.359675,6,7
HBARUSDT,2026-06-08,R1,2248509.5791,2194916.7041,53592.875,1.206116,16609,15364
HBARUSDT,2026-06-08,R2,844114.3638,1270297.7505,-426183.3867,-20.156117,473,668
HBARUSDT,2026-06-09,M,158536.301,192329.5942,-33793.2932,-9.631399,11,13
HBARUSDT,2026-06-09,R1,2070686.9888,2145998.5195,-75311.5307,-1.786036,16802,15354
HBARUSDT,2026-06-09,R2,956651.413,1301828.8768,-345177.4638,-15.283616,511,695
HBARUSDT,2026-06-10,M,105937.6217,116861.2512,-10923.6295,-4.902911,9,9
HBARUSDT,2026-06-10,R1,2406137.1411,2363394.6085,42742.5326,0.896158,18681,18913
HBARUSDT,2026-06-10,R2,907958.7609,1184543.3097,-276584.5488,-13.217887,503,614
HBARUSDT,2026-06-11,M,189690.1142,106418.2074,83271.9068,28.12211,15,8
HBARUSDT,2026-06-11,R1,3089308.7445,2759947.7119,329361.0326,5.630819,21864,28817
HBARUSDT,2026-06-11,R2,1458420.4879,1564781.4526,-106360.9647,-3.518156,750,742
HBARUSDT,2026-06-12,M,178990.0257,133467.1841,45522.8416,14.569304,15,9
HBARUSDT,2026-06-12,R1,2891381.7155,2856698.6099,34683.1056,0.603386,16185,23328
HBARUSDT,2026-06-12,R2,1468797.634,1660367.8373,-191570.2033,-6.122086,805,862
HBARUSDT,2026-06-13,M,95562.8398,99111.6054,-3548.7656,-1.822923,3,6
HBARUSDT,2026-06-13,R1,1550476.5779,1948122.5655,-397645.9876,-11.365863,11109,36906
HBARUSDT,2026-06-13,R2,971601.1253,1174744.4987,-203143.3734,-9.464616,523,604
HBARUSDT,2026-06-14,M,166347.2158,457202.6488,-290855.433,-46.645096,12,19
HBARUSDT,2026-06-14,R1,1909318.5127,2710626.9914,-801308.4787,-17.344544,12876,42392
HBARUSDT,2026-06-14,R2,1364232.7421,1702025.3053,-337792.5632,-11.016443,709,883
HBARUSDT,2026-06-14,W,0.0,148743.036,-148743.036,-100.0,0,1
HBARUSDT,2026-06-15,M,832248.4786,796822.2857,35426.1929,2.174626,36,39
HBARUSDT,2026-06-15,R1,4013528.2194,4471015.2253,-457487.0059,-5.392005,26180,35159
HBARUSDT,2026-06-15,R2,3073346.4381,2931853.355,141493.0831,2.356176,1527,1539
HBARUSDT,2026-06-15,W,232074.7228,0.0,232074.7228,100.0,2,0
HBARUSDT,2026-06-16,M,795839.0003,741651.5678,54187.4325,3.524407,28,35
HBARUSDT,2026-06-16,R1,3167793.6703,2925321.7652,242471.9051,3.979441,21765,19623
HBARUSDT,2026-06-16,R2,1848705.741,2051960.7894,-203255.0484,-5.210777,930,1052
HBARUSDT,2026-06-17,M,653547.5673,708902.0702,-55354.5029,-4.062866,26,28
HBARUSDT,2026-06-17,R1,2924572.6143,3091352.8224,-166780.2081,-2.772312,22521,23553
HBARUSDT,2026-06-17,R2,1452889.7027,1598676.8286,-145787.1259,-4.777452,762,837
HBARUSDT,2026-06-17,W,118555.6692,0.0,118555.6692,100.0,1,0
HBARUSDT,2026-06-18,M,748600.9609,428201.8238,320399.1371,27.226239,23,14
HBARUSDT,2026-06-18,R1,2555688.8979,2776024.279,-220335.3811,-4.132544,20127,20347
HBARUSDT,2026-06-18,R2,1287189.9735,1612624.548,-325434.5745,-11.2226,704,881
HBARUSDT,2026-06-18,W,134195.8787,0.0,134195.8787,100.0,1,0
HBARUSDT,2026-06-19,M,278473.8701,279826.4975,-1352.6274,-0.242276,10,12
HBARUSDT,2026-06-19,R1,1799608.1143,1889946.0267,-90337.9124,-2.448478,16102,13672
HBARUSDT,2026-06-19,R2,946456.3056,1202374.8461,-255918.5405,-11.909663,505,647
HBARUSDT,2026-06-20,M,186789.4804,261576.7482,-74787.2678,-16.679951,9,11
HBARUSDT,2026-06-20,R1,1279413.9892,1387258.9033,-107844.9141,-4.044175,9286,11286
HBARUSDT,2026-06-20,R2,827683.3122,780847.4007,46835.9115,2.91172,457,425
HBARUSDT,2026-06-21,M,72861.9876,190708.6982,-117846.7106,-44.711615,5,11
HBARUSDT,2026-06-21,R1,886008.2008,1213276.8386,-327268.6378,-15.589528,6778,9908
HBARUSDT,2026-06-21,R2,463065.9655,838084.434,-375018.4685,-28.822069,244,414
HBARUSDT,2026-06-22,M,241240.9511,304567.6063,-63326.6552,-11.602357,9,14
HBARUSDT,2026-06-22,R1,1519436.5548,1289253.0883,230183.4665,8.195404,13026,12107
HBARUSDT,2026-06-22,R2,714383.2847,675850.6469,38532.6378,2.771666,381,351
HBARUSDT,2026-06-23,M,54715.602,150119.7575,-95404.1555,-46.576019,4,7
HBARUSDT,2026-06-23,R1,1592999.7331,1753937.3864,-160937.6533,-4.808505,14289,14865
HBARUSDT,2026-06-23,R2,570882.8478,719600.6172,-148717.7694,-11.52419,300,369
HBARUSDT,2026-06-24,M,25179.8658,189635.7859,-164455.9201,-76.556768,2,10
HBARUSDT,2026-06-24,R1,4006684.4699,4240237.5956,-233553.1257,-2.832004,35757,38454
HBARUSDT,2026-06-24,R2,792881.8176,875154.4061,-82272.5885,-4.932302,425,475
HBARUSDT,2026-06-25,M,122236.1073,137539.1461,-15303.0388,-5.890876,5,8
HBARUSDT,2026-06-25,R1,2520116.7171,2963842.2401,-443725.523,-8.091336,23938,30680
HBARUSDT,2026-06-25,R2,968073.2504,1129928.8872,-161855.6368,-7.714751,548,611
HBARUSDT,2026-06-26,M,21808.1645,53740.4886,-31932.3241,-42.267231,2,3
HBARUSDT,2026-06-26,R1,2038835.3352,2512432.9503,-473597.6151,-10.405838,21418,23877
HBARUSDT,2026-06-26,R2,530117.6216,1042604.8481,-512487.2265,-32.585993,308,502
HBARUSDT,2026-06-27,M,49995.9139,126338.4415,-76342.5276,-43.294188,3,5
HBARUSDT,2026-06-27,R1,1377800.9132,1608579.4087,-230778.4955,-7.727699,13477,12117
HBARUSDT,2026-06-27,R2,643930.9724,625044.9886,18885.9838,1.488285,329,334
HBARUSDT,2026-06-28,M,45655.4517,40182.1339,5473.3178,6.376365,3,3
HBARUSDT,2026-06-28,R1,971084.2122,1356097.703,-385013.4908,-16.544194,9094,11138
HBARUSDT,2026-06-28,R2,545109.6429,369284.8505,175824.7924,19.228549,270,185
HBARUSDT,2026-06-29,M,44510.3302,11610.8538,32899.4764,58.622207,3,1
HBARUSDT,2026-06-29,R1,1342068.8866,1852683.3447,-510614.4581,-15.982913,14981,16248
HBARUSDT,2026-06-29,R2,512881.8643,615625.9089,-102744.0446,-9.104416,268,319
HBARUSDT,2026-06-30,M,40611.5023,188774.9014,-148163.3991,-64.591186,3,10
HBARUSDT,2026-06-30,R1,1748537.7972,2368858.116,-620320.3188,-15.065841,14783,18784
HBARUSDT,2026-06-30,R2,584918.1045,1082652.0553,-497733.9508,-29.847857,302,547
HBARUSDT,2026-07-01,M,42364.415,26280.2258,16084.1892,23.431092,2,2
HBARUSDT,2026-07-01,R1,2069462.063,2245073.8108,-175611.7478,-4.070235,19400,19143
HBARUSDT,2026-07-01,R2,626715.8953,513808.9199,112906.9754,9.899563,349,292
HBARUSDT,2026-07-02,M,249705.4323,123440.0661,126265.3662,33.838105,8,5
HBARUSDT,2026-07-02,R1,2229713.607,2527411.664,-297698.057,-6.25794,19722,22842
HBARUSDT,2026-07-02,R2,787126.7527,918042.7277,-130915.975,-7.677593,437,499
HBARUSDT,2026-07-02,W,124545.7176,0.0,124545.7176,100.0,1,0
HBARUSDT,2026-07-03,M,194337.3434,176765.1942,17572.1492,4.73512,11,10
HBARUSDT,2026-07-03,R1,3819253.3389,3422392.5929,396860.746,5.480256,28749,32971
HBARUSDT,2026-07-03,R2,2308657.5828,1697892.2282,610765.3546,15.244172,1190,868
HBARUSDT,2026-07-04,M,291919.7941,93152.1263,198767.6678,51.618323,13,6
HBARUSDT,2026-07-04,R1,2636902.3268,3076958.1019,-440055.7751,-7.701549,21779,22890
HBARUSDT,2026-07-04,R2,1161292.7362,1031149.9195,130142.8167,5.935974,610,590
HBARUSDT,2026-07-04,W,111047.3158,0.0,111047.3158,100.0,1,0
HBARUSDT,2026-07-05,M,53320.92,74899.7615,-21578.8415,-16.829455,2,4
HBARUSDT,2026-07-05,R1,1762613.4014,2229974.0838,-467360.6824,-11.705709,15251,15095
HBARUSDT,2026-07-05,R2,439137.3814,519713.7236,-80576.3422,-8.403426,234,297
HBARUSDT,2026-07-06,M,66593.0415,195480.3282,-128887.2867,-49.179849,5,8
HBARUSDT,2026-07-06,R1,1882520.1122,2025131.9871,-142611.8749,-3.649554,14371,20019
HBARUSDT,2026-07-06,R2,643000.5297,712893.7843,-69893.2546,-5.154772,340,351
HBARUSDT,2026-07-06,W,103660.816,0.0,103660.816,100.0,1,0
HBARUSDT,2026-07-07,M,94145.2882,77969.001,16176.2872,9.398573,5,5
HBARUSDT,2026-07-07,R1,2019287.15,2682135.5586,-662848.4086,-14.09889,14524,27045
HBARUSDT,2026-07-07,R2,665011.0838,686553.1135,-21542.0297,-1.593859,341,374
HBARUSDT,2026-07-08,M,11933.0963,0.0,11933.0963,100.0,1,0
HBARUSDT,2026-07-08,R1,1559277.2605,1960559.6468,-401282.3863,-11.400596,13270,15261
HBARUSDT,2026-07-08,R2,549006.7085,581147.0093,-32140.3008,-2.843888,281,310
HBARUSDT,2026-07-09,R1,1595844.8526,1959331.7703,-363486.9177,-10.224159,14526,14925
HBARUSDT,2026-07-09,R2,472654.3196,577072.2685,-104417.9489,-9.947157,281,336
HBARUSDT,2026-07-10,M,27570.7287,0.0,27570.7287,100.0,2,0
HBARUSDT,2026-07-10,R1,1534961.4849,1431343.9,103617.5849,3.493153,12672,10651
HBARUSDT,2026-07-10,R2,469027.5011,497206.2209,-28178.7198,-2.916346,282,263
HBARUSDT,2026-07-11,M,279760.8054,235338.235,44422.5704,8.624083,16,13
HBARUSDT,2026-07-11,R1,3369461.4216,3843586.3917,-474124.9701,-6.573157,23737,29235
HBARUSDT,2026-07-11,R2,1520488.7257,1583674.0741,-63185.3484,-2.035504,823,841
HBARUSDT,2026-07-11,W,107024.7987,127558.464,-20533.6653,-8.753252,1,1
HBARUSDT,2026-07-12,M,137518.172,118327.744,19190.428,7.500776,4,5
HBARUSDT,2026-07-12,R1,1213717.9682,1587657.7581,-373939.7899,-13.348434,9325,15025
HBARUSDT,2026-07-12,R2,593958.7304,651737.7015,-57778.9711,-4.638287,312,334
HBARUSDT,2026-07-13,M,51273.3096,63460.2952,-12186.9856,-10.621984,3,4
HBARUSDT,2026-07-13,R1,1739512.1203,1740894.8102,-1382.6899,-0.039728,21443,13396
HBARUSDT,2026-07-13,R2,508420.4332,636478.1949,-128057.7617,-11.185074,281,369
HBARUSDT,2026-07-14,M,103720.7643,117573.4846,-13852.7203,-6.259865,7,7
HBARUSDT,2026-07-14,R1,2233908.5265,2405492.3243,-171583.7978,-3.698404,19336,30138
HBARUSDT,2026-07-14,R2,940248.6507,1145643.6765,-205395.0258,-9.846866,520,599
HBARUSDT,2026-07-15,M,83440.3159,109882.1947,-26441.8788,-13.6776,5,6
HBARUSDT,2026-07-15,R1,1647493.1637,1611571.5424,35921.6213,1.102206,13590,12360
HBARUSDT,2026-07-15,R2,743565.2528,758706.4403,-15141.1875,-1.007886,420,425
HBARUSDT,2026-07-16,M,47077.7041,35504.7118,11572.9923,14.01387,4,2
HBARUSDT,2026-07-16,R1,1531113.2498,1979323.7817,-448210.5319,-12.767941,21477,11145
HBARUSDT,2026-07-16,R2,558000.4721,1410310.1585,-852309.6864,-43.301584,312,762
HBARUSDT,2026-07-17,M,184435.6187,301920.1748,-117484.5561,-24.156093,11,17
HBARUSDT,2026-07-17,R1,1100480.4075,1652011.1994,-551530.7919,-20.03751,7931,11834
HBARUSDT,2026-07-17,R2,1040393.2327,1121485.7039,-81092.4712,-3.751018,516,573
HBARUSDT,2026-07-18,M,144508.433,168180.5187,-23672.0857,-7.57049,9,9
HBARUSDT,2026-07-18,R1,796038.0857,933850.6842,-137812.5985,-7.966558,5587,6127
HBARUSDT,2026-07-18,R2,580539.9663,489804.8068,90735.1595,8.47719,344,284
HBARUSDT,2026-07-19,M,147351.3466,143262.7005,4088.6461,1.406899,6,6
HBARUSDT,2026-07-19,R1,942907.4941,1349259.1668,-406351.6727,-17.727842,6255,14867
HBARUSDT,2026-07-19,R2,862956.5,853360.5764,9595.9236,0.5591,470,420
HBARUSDT,2026-07-19,W,0.0,100877.0175,-100877.0175,-100.0,0,1
HBARUSDT,2026-07-20,M,208637.3734,135547.2895,73090.0839,21.235718,12,7
HBARUSDT,2026-07-20,R1,1390157.6617,1638989.2091,-248831.5474,-8.214575,12113,17036
HBARUSDT,2026-07-20,R2,820477.1163,705145.5433,115331.573,7.559639,446,392
HBARUSDT,2026-07-21,M,363226.6312,403302.0033,-40075.3721,-5.228164,17,18
HBARUSDT,2026-07-21,R1,2586641.1308,2119843.4394,466797.6914,9.918182,17918,16172
HBARUSDT,2026-07-21,R2,1795534.2296,1476363.0928,319171.1368,9.754925,916,738
HBARUSDT,2026-07-22,M,174037.6492,178220.5001,-4182.8509,-1.187439,6,10
HBARUSDT,2026-07-22,R1,3065523.4942,3039649.8912,25873.603,0.423798,22119,20729
HBARUSDT,2026-07-22,R2,1562874.0176,1615880.8698,-53006.8522,-1.667535,839,896
HBARUSDT,2026-07-23,M,189706.3892,48623.7558,141082.6334,59.196302,9,1
HBARUSDT,2026-07-23,R1,2430953.9078,2832230.9355,-401277.0277,-7.624224,16973,16128
HBARUSDT,2026-07-23,R2,1239468.9039,1529104.5639,-289635.66,-10.461549,689,867
HBARUSDT,2026-07-24,M,68300.4298,60124.1314,8176.2984,6.366616,4,3
HBARUSDT,2026-07-24,R1,1367307.183,1699293.5267,-331986.3437,-10.825874,9308,13579
HBARUSDT,2026-07-24,R2,768801.4785,956618.0596,-187816.5811,-10.88527,397,513
HBARUSDT,2026-07-25,M,71719.1542,98128.2679,-26409.1137,-15.548728,4,5
HBARUSDT,2026-07-25,R1,897790.6336,990006.1004,-92215.4668,-4.88482,7357,6994
HBARUSDT,2026-07-25,R2,651434.2232,631742.5479,19691.6753,1.534603,350,347
HBARUSDT,2026-07-26,M,57639.9241,44356.1963,13283.7278,13.023758,3,3
HBARUSDT,2026-07-26,R1,861431.6976,950013.2496,-88581.552,-4.890105,6681,8029
HBARUSDT,2026-07-26,R2,346351.4388,375887.8027,-29536.3639,-4.089554,192,217
HBARUSDT,2026-07-27,M,93171.6189,72591.3512,20580.2677,12.41548,5,4
HBARUSDT,2026-07-27,R1,1111456.0125,1241916.6168,-130460.6043,-5.543559,9240,14589
HBARUSDT,2026-07-27,R2,597350.8729,508985.7556,88365.1173,7.987182,331,249
HBARUSDT,2026-07-28,M,118303.8656,122488.51,-4184.6444,-1.737864,5,7
HBARUSDT,2026-07-28,R1,1415477.9861,1393021.0509,22456.9352,0.799606,13754,11393
HBARUSDT,2026-07-28,R2,823832.9112,921485.1101,-97652.1989,-5.595095,430,461
HBARUSDT,2026-07-29,M,71784.3433,14499.1989,57285.1444,66.391739,2,1
HBARUSDT,2026-07-29,R1,1011231.7242,1040003.6393,-28771.9151,-1.402663,7784,10589
HBARUSDT,2026-07-29,R2,443005.7752,466613.5709,-23607.7957,-2.595349,242,251
HBARUSDT,2026-07-30,M,49534.2548,14114.6194,35419.6354,55.648487,2,1
HBARUSDT,2026-07-30,R1,761533.364,749328.1468,12205.2172,0.807832,9948,5262
HBARUSDT,2026-07-30,R2,323043.0442,325141.7862,-2098.742,-0.323788,179,180
HBARUSDT,2026-07-31,M,25346.097,0.0,25346.097,100.0,2,0
HBARUSDT,2026-07-31,R1,820092.9094,921287.9297,-101195.0203,-5.811194,7746,7173
HBARUSDT,2026-07-31,R2,453132.7946,401326.3842,51806.4104,6.063064,247,220
HBARUSDT,2026-08-01,M,71011.1886,0.0,71011.1886,100.0,2,0
HBARUSDT,2026-08-01,R1,1105532.1548,1066890.5274,38641.6274,1.778734,10063,7419
HBARUSDT,2026-08-01,R2,282966.9044,403135.859,-120168.9546,-17.514717,160,218
HBARUSDT,2026-08-02,M,27426.2444,63761.8031,-36335.5587,-39.846844,2,3
HBARUSDT,2026-08-02,R1,930797.4432,967492.968,-36695.5248,-1.933083,7698,7028
HBARUSDT,2026-08-02,R2,621098.0697,755700.1213,-134602.0516,-9.776455,294,366
HBARUSDT,2026-08-03,M,13569.449,86094.8706,-72525.4216,-72.769695,1,5
HBARUSDT,2026-08-03,R1,1221135.9159,1160219.0178,60916.8981,2.558077,11711,8637
HBARUSDT,2026-08-03,R2,617899.8992,611517.3148,6382.5844,0.519155,315,332
HBARUSDT,2026-08-04,M,296990.6045,57797.5413,239193.0632,67.418561,12,5
HBARUSDT,2026-08-04,R1,1841328.8331,1337849.0961,503479.737,15.83679,18541,8423
HBARUSDT,2026-08-04,R2,597745.7244,1067251.0765,-469505.3521,-28.198574,294,495
HBARUSDT,2026-08-05,M,42404.5595,44019.5689,-1615.0094,-1.868702,3,2
HBARUSDT,2026-08-05,R1,833496.0353,841255.6061,-7759.5708,-0.463327,6198,7347
HBARUSDT,2026-08-05,R2,498380.1297,339692.5781,158687.5516,18.934819,239,173
HBARUSDT,2026-08-06,M,111017.8845,28326.3086,82691.5759,59.343396,3,2
HBARUSDT,2026-08-06,R1,958163.3039,920965.3383,37197.9656,1.979533,7412,6434
HBARUSDT,2026-08-06,R2,515911.9468,562717.0385,-46805.0917,-4.339313,262,264
HBARUSDT,2026-08-07,M,33166.7478,60211.7791,-27045.0313,-28.962795,2,4
HBARUSDT,2026-08-07,R1,762783.7663,891779.6624,-128995.8961,-7.796371,5952,7747
HBARUSDT,2026-08-07,R2,434366.9494,388417.6147,45949.3347,5.584613,218,214
HBARUSDT,2026-08-08,M,30209.7586,0.0,30209.7586,100.0,2,0
HBARUSDT,2026-08-08,R1,666308.4004,666236.435,71.9654,0.005401,5324,5190
HBARUSDT,2026-08-08,R2,392258.3835,245376.1885,146882.195,23.035482,203,133
HBARUSDT,2026-08-09,R1,631947.3661,662786.4313,-30839.0652,-2.381885,5752,4293
HBARUSDT,2026-08-09,R2,205624.0097,232775.358,-27151.3483,-6.193291,126,134
HBARUSDT,2026-08-10,M,19143.7018,14201.7706,4941.9312,14.820396,1,1
HBARUSDT,2026-08-10,R1,741051.7946,817456.4885,-76404.6939,-4.902425,6783,7035
HBARUSDT,2026-08-10,R2,243282.5645,373201.3923,-129918.8278,-21.074162,139,215
HBARUSDT,2026-08-11,M,432377.117,133692.1625,298684.9545,52.764735,12,8
HBARUSDT,2026-08-11,R1,1130412.2992,996863.9457,133548.3535,6.277904,8311,10199
HBARUSDT,2026-08-11,R2,511434.0159,741697.1949,-230263.179,-18.375025,253,369
HBARUSDT,2026-08-12,M,30998.717,55463.6545,-24464.9375,-28.295474,3,4
HBARUSDT,2026-08-12,R1,646738.4237,677559.7508,-30821.3271,-2.327371,5660,8469
HBARUSDT,2026-08-12,R2,258667.6429,288302.1488,-29634.5059,-5.417942,141,154
HBARUSDT,2026-08-13,M,11913.5744,105348.2471,-93434.6727,-79.680387,1,9
HBARUSDT,2026-08-13,R1,807259.8588,789233.3603,18026.4985,1.129131,6960,5697
HBARUSDT,2026-08-13,R2,375193.81,809701.1921,-434507.3821,-36.670539,163,352
HBARUSDT,2026-08-14,M,0.0,12006.8,-12006.8,-100.0,0,1
HBARUSDT,2026-08-14,R1,729338.7237,1222412.3983,-493073.6746,-25.263143,5156,13844
HBARUSDT,2026-08-14,R2,419903.2569,394721.3257,25181.9312,3.091231,211,226
HBARUSDT,2026-08-15,M,0.0,14773.2332,-14773.2332,-100.0,0,1
HBARUSDT,2026-08-15,R1,375763.9072,480660.7699,-104896.8627,-12.24823,3250,3916
HBARUSDT,2026-08-15,R2,165756.1177,130228.9436,35527.1741,12.003029,83,91
HBARUSDT,2026-08-16,M,11568.2796,19425.5149,-7857.2353,-25.350995,1,1
HBARUSDT,2026-08-16,R1,391067.8118,507283.751,-116215.9392,-12.936577,3869,4515
HBARUSDT,2026-08-16,R2,174650.7336,159665.8239,14984.9097,4.482252,104,92
HBARUSDT,2026-08-17,M,66990.2986,86348.4944,-19358.1958,-12.624461,3,4
HBARUSDT,2026-08-17,R1,827227.3121,986102.5267,-158875.2146,-8.761518,6901,6546
HBARUSDT,2026-08-17,R2,496344.3614,731221.7013,-234877.3399,-19.13358,245,331
HBARUSDT,2026-08-17,W,116692.0377,105566.0984,11125.9393,5.005864,1,1
HBARUSDT,2026-08-18,M,103677.6031,118689.0728,-15011.4697,-6.750773,4,9
HBARUSDT,2026-08-18,R1,835995.5036,864476.3169,-28480.8133,-1.674877,5593,6576
HBARUSDT,2026-08-18,R2,456773.257,468041.8827,-11268.6257,-1.218473,244,237
HBARUSDT,2026-08-19,M,426500.8396,318373.3046,108127.535,14.516215,26,19
HBARUSDT,2026-08-19,R1,2597359.153,2439238.7041,158120.4489,3.13943,21270,26366
HBARUSDT,2026-08-19,R2,1279080.7825,1198536.5067,80544.2758,3.250876,704,677
HBARUSDT,2026-08-20,M,710012.8784,568521.7385,141491.1399,11.066665,30,31
HBARUSDT,2026-08-20,R1,3862646.4457,3822637.8226,40008.6231,0.520587,25751,94119
HBARUSDT,2026-08-20,R2,1655956.7024,1952481.1496,-296524.4472,-8.21753,974,1088
HBARUSDT,2026-08-21,M,1973464.6972,1666483.7149,306980.9823,8.433663,84,68
HBARUSDT,2026-08-21,R1,6750844.8761,5838012.446,912832.4301,7.251114,41016,43478
HBARUSDT,2026-08-21,R2,3498718.0823,2777470.3896,721247.6927,11.491811,2009,1571
HBARUSDT,2026-08-21,W,0.0,101387.6418,-101387.6418,-100.0,0,1
HBARUSDT,2026-08-22,M,1937507.4693,2157901.708,-220394.2387,-5.381495,90,98
HBARUSDT,2026-08-22,R1,8822815.8334,8794695.2413,28120.5921,0.159617,60941,66196
HBARUSDT,2026-08-22,R2,3810576.4427,3652622.8902,157953.5525,2.116432,2021,1882
HBARUSDT,2026-08-23,M,472816.6235,517564.2711,-44747.6476,-4.518226,29,23
HBARUSDT,2026-08-23,R1,4285982.8808,4003760.6874,282222.1934,3.404474,32157,32327
HBARUSDT,2026-08-23,R2,1937274.4449,1582334.2814,354940.1635,10.084648,1059,842
HBARUSDT,2026-08-24,M,477870.071,352225.0468,125645.0242,15.13622,26,22
HBARUSDT,2026-08-24,R1,4993879.7394,7162411.7798,-2168532.0404,-17.838763,49753,59230
HBARUSDT,2026-08-24,R2,1518708.8673,1694768.5928,-176059.7255,-5.478791,863,933
HBARUSDT,2026-08-25,M,596162.8412,249351.2164,346811.6248,41.017843,27,19
HBARUSDT,2026-08-25,R1,5523089.5712,7437923.5301,-1914833.9589,-14.773798,44827,58348
HBARUSDT,2026-08-25,R2,2081916.3278,2241371.5028,-159455.175,-3.688285,1168,1282
HBARUSDT,2026-08-26,M,271074.8652,342287.9954,-71213.1302,-11.610278,12,15
HBARUSDT,2026-08-26,R1,2985772.5973,3317834.5384,-332061.9411,-5.267808,40090,25355
HBARUSDT,2026-08-26,R2,702329.4059,806120.9473,-103791.5414,-6.880673,379,430
HBARUSDT,2026-08-27,M,177429.299,197544.4585,-20115.1595,-5.364418,7,6
HBARUSDT,2026-08-27,R1,2252325.3427,1994772.6636,257552.6791,6.064204,15467,18012
HBARUSDT,2026-08-27,R2,691896.9588,761731.8453,-69834.8865,-4.804176,369,388
HBARUSDT,2026-08-28,M,532523.8848,632034.9946,-99511.1098,-8.544962,20,34
HBARUSDT,2026-08-28,R1,4685917.7995,3160248.5677,1525669.2318,19.444773,51034,18729
HBARUSDT,2026-08-28,R2,1637787.3573,1843224.6357,-205437.2784,-5.901654,765,906
HBARUSDT,2026-08-28,W,636184.0979,0.0,636184.0979,100.0,3,0
HBARUSDT,2026-08-29,M,65085.9805,10611.8286,54474.1519,71.962653,2,1
HBARUSDT,2026-08-29,R1,1011991.5653,898282.9866,113708.5787,5.952473,11032,4657
HBARUSDT,2026-08-29,R2,295069.4663,409612.8284,-114543.3621,-16.25461,194,222
HBARUSDT,2026-08-30,M,280232.2992,211826.2968,68406.0024,13.902003,13,8
HBARUSDT,2026-08-30,R1,1928957.7389,1691885.4493,237072.2896,6.547433,15906,10648
HBARUSDT,2026-08-30,R2,567060.9541,645179.7816,-78118.8275,-6.444168,315,313
HBARUSDT,2026-08-30,W,0.0,108982.0721,-108982.0721,-100.0,0,1
HBARUSDT,2026-08-31,M,46570.5972,87937.7601,-41367.1629,-30.754344,4,6
HBARUSDT,2026-08-31,R1,2079897.5073,1985195.6099,94701.8974,2.329637,14484,14228
HBARUSDT,2026-08-31,R2,641651.675,704057.4037,-62405.7287,-4.637386,366,385
HBARUSDT,2026-09-01,M,106975.6544,212470.085,-105494.4306,-33.02421,7,12
HBARUSDT,2026-09-01,R1,2417477.0425,1941634.2218,475842.8207,10.916051,15941,13055
HBARUSDT,2026-09-01,R2,760483.5552,685396.7974,75086.7578,5.193152,438,400
LINKUSDT,2026-03-04,M,7731013.9835,8974341.7895,-1243327.806,-7.44269,311,372
LINKUSDT,2026-03-04,R1,2447704.8123,2342720.4517,104984.3606,2.191546,16247,14121
LINKUSDT,2026-03-04,R2,8283636.217,8130739.933,152896.284,0.931478,2655,2683
LINKUSDT,2026-03-04,W,619726.5406,359024.7954,260701.7452,26.636157,4,3
LINKUSDT,2026-03-05,M,6164643.7387,7033833.5701,-869189.8314,-6.585531,264,304
LINKUSDT,2026-03-05,R1,2106747.1341,1746919.5795,359827.5546,9.337277,16288,10188
LINKUSDT,2026-03-05,R2,6535519.572,6842065.1989,-306545.6269,-2.291487,2092,2156
LINKUSDT,2026-03-05,W,538541.3925,704581.4383,-166040.0458,-13.356689,4,6
LINKUSDT,2026-03-06,M,3022600.5986,2870365.3525,152235.2461,2.583338,145,141
LINKUSDT,2026-03-06,R1,1486287.9078,1365994.876,120293.0318,4.21743,12027,8118
LINKUSDT,2026-03-06,R2,5215689.9483,5206506.2629,9183.6854,0.088117,1775,1748
LINKUSDT,2026-03-06,W,429812.1136,328809.8961,101002.2175,13.313906,3,3
LINKUSDT,2026-03-07,M,2030010.7161,1811369.0652,218641.6509,5.691748,94,87
LINKUSDT,2026-03-07,R1,837566.6736,668300.9025,169265.7711,11.240415,7296,4460
LINKUSDT,2026-03-07,R2,1865197.0913,2918186.9482,-1052989.8569,-22.013492,646,826
LINKUSDT,2026-03-07,W,0.0,234671.6061,-234671.6061,-100.0,0,2
LINKUSDT,2026-03-08,M,3861625.2207,3859355.7492,2269.4715,0.029394,199,187
LINKUSDT,2026-03-08,R1,1303569.3224,1629492.0783,-325922.7559,-11.112033,9588,7526
LINKUSDT,2026-03-08,R2,3955297.8531,4553702.5309,-598404.6778,-7.032608,1248,1463
LINKUSDT,2026-03-09,M,5491761.9579,5924475.7604,-432713.8025,-3.790336,257,286
LINKUSDT,2026-03-09,R1,1905979.7529,1760715.019,145264.7339,3.961735,13919,8743
LINKUSDT,2026-03-09,R2,6308713.419,6655477.3291,-346763.9101,-2.674783,2060,2078
LINKUSDT,2026-03-09,W,433700.2543,0.0,433700.2543,100.0,2,0
LINKUSDT,2026-03-10,M,4495599.6774,4418486.5605,77113.1169,0.86507,209,220
LINKUSDT,2026-03-10,R1,2186570.393,1519718.6576,666851.7354,17.992437,16973,8558
LINKUSDT,2026-03-10,R2,8313103.9527,7132033.8344,1181070.1183,7.646873,2675,2245
LINKUSDT,2026-03-10,W,476450.5289,0.0,476450.5289,100.0,3,0
LINKUSDT,2026-03-11,M,4742354.396,5718529.262,-976174.866,-9.331667,218,255
LINKUSDT,2026-03-11,R1,1731725.938,1323396.8198,408329.1182,13.365392,13538,8248
LINKUSDT,2026-03-11,R2,6112385.3268,5984710.4247,127674.9021,1.055418,1918,1999
LINKUSDT,2026-03-11,W,128782.836,120300.1152,8482.7208,3.405581,1,1
LINKUSDT,2026-03-12,M,3835931.3144,3985577.3085,-149645.9941,-1.913263,194,195
LINKUSDT,2026-03-12,R1,1695737.4336,1489254.0821,206483.3515,6.483011,12038,8682
LINKUSDT,2026-03-12,R2,5575702.853,5572855.8365,2847.0165,0.025537,1769,1773
LINKUSDT,2026-03-12,W,857637.0374,543564.3221,314072.7153,22.414531,6,3
LINKUSDT,2026-03-13,M,8258227.9444,9977826.5222,-1719598.5778,-9.429664,401,457
LINKUSDT,2026-03-13,R1,2578806.6188,2241899.9799,336906.6389,6.98874,16917,14758
LINKUSDT,2026-03-13,R2,9959309.8892,9404613.0591,554696.8301,2.864589,3241,2977
LINKUSDT,2026-03-13,W,309867.329,562600.6307,-252733.3017,-28.967631,2,4
LINKUSDT,2026-03-14,M,2984365.4801,2605235.9909,379129.4892,6.782764,152,140
LINKUSDT,2026-03-14,R1,1115071.5527,1479817.676,-364746.1233,-14.056327,9451,7605
LINKUSDT,2026-03-14,R2,3220768.6004,5548513.6833,-2327745.0829,-26.544306,1101,2396
LINKUSDT,2026-03-15,M,6752793.5886,6670189.9411,82603.6475,0.61539,303,306
LINKUSDT,2026-03-15,R1,1419579.4859,1187427.4271,232152.0588,8.904927,10659,7334
LINKUSDT,2026-03-15,R2,6229528.6904,5627208.6763,602320.0141,5.079981,1975,1734
LINKUSDT,2026-03-15,W,0.0,208669.9044,-208669.9044,-100.0,0,2
LINKUSDT,2026-03-16,M,14923179.813,16549428.7504,-1626248.9374,-5.167188,701,723
LINKUSDT,2026-03-16,R1,4046219.672,2687223.8576,1358995.8144,20.182776,21841,14651
LINKUSDT,2026-03-16,R2,13081844.7369,12230243.7934,851600.9435,3.364404,4092,3529
LINKUSDT,2026-03-16,W,513064.8122,989017.0357,-475952.2235,-31.686171,4,8
LINKUSDT,2026-03-17,M,7942225.4384,8436605.1842,-494379.7458,-3.018407,338,391
LINKUSDT,2026-03-17,R1,1948622.0476,2220616.7518,-271994.7042,-6.523846,13216,13103
LINKUSDT,2026-03-17,R2,8143233.4174,8415943.4382,-272710.0208,-1.646882,2342,2617
LINKUSDT,2026-03-17,W,163063.5048,328454.8012,-165391.2964,-33.649061,1,3
LINKUSDT,2026-03-18,M,6794838.0365,7037321.8317,-242483.7952,-1.753044,334,324
LINKUSDT,2026-03-18,R1,2082989.2763,2326433.4868,-243444.2105,-5.521,12922,12638
LINKUSDT,2026-03-18,R2,7024941.1184,7695197.4901,-670256.3717,-4.553329,2254,2532
LINKUSDT,2026-03-18,W,0.0,112991.802,-112991.802,-100.0,0,1
LINKUSDT,2026-03-19,M,7765180.3314,7209108.5774,556071.754,3.71351,335,311
LINKUSDT,2026-03-19,R1,1828348.5041,1399244.4053,429104.0988,13.294864,11314,9995
LINKUSDT,2026-03-19,R2,7269508.7155,7766239.3423,-496730.6268,-3.303664,2217,2464
LINKUSDT,2026-03-19,W,490371.4716,377499.4783,112871.9933,13.005619,4,3
LINKUSDT,2026-03-20,M,5320803.4104,5717179.4299,-396376.0195,-3.591019,250,254
LINKUSDT,2026-03-20,R1,1248451.6458,993102.0039,255349.6419,11.391636,8516,5194
LINKUSDT,2026-03-20,R2,5917731.8379,5809891.6157,107840.2222,0.91954,1687,1712
LINKUSDT,2026-03-20,W,126068.2836,498716.1186,-372647.835,-59.644228,1,4
LINKUSDT,2026-03-21,M,3132898.0849,3178349.8452,-45451.7603,-0.720171,147,152
LINKUSDT,2026-03-21,R1,610922.6958,846009.3646,-235086.6688,-16.135733,4850,4285
LINKUSDT,2026-03-21,R2,3037897.9313,3139685.1922,-101787.2609,-1.647687,885,958
LINKUSDT,2026-03-22,M,6043957.8733,6699308.6003,-655350.727,-5.142722,274,297
LINKUSDT,2026-03-22,R1,1302775.8243,1236531.698,66244.1263,2.608748,8917,6695
LINKUSDT,2026-03-22,R2,6161452.6449,5898690.3719,262762.273,2.178766,1756,1562
LINKUSDT,2026-03-23,M,11806819.1963,11493206.576,313612.6203,1.345975,564,566
LINKUSDT,2026-03-23,R1,2554433.2342,2363125.4791,191307.7551,3.890299,14508,14771
LINKUSDT,2026-03-23,R2,13548521.4921,13021594.5558,526926.9363,1.983156,4059,3647
LINKUSDT,2026-03-23,W,137798.817,249078.2822,-111279.4652,-28.763518,1,2
LINKUSDT,2026-03-24,M,7221638.8364,7710769.8842,-489131.0478,-3.275634,329,365
LINKUSDT,2026-03-24,R1,1486933.7201,1178299.7003,308634.0198,11.58,10169,6922
LINKUSDT,2026-03-24,R2,7100037.4164,7241198.9616,-141161.5452,-0.984305,1932,2078
LINKUSDT,2026-03-24,W,446921.4441,127191.568,319729.8761,55.691104,3,1
LINKUSDT,2026-03-25,M,5827634.4301,6403182.6176,-575548.1875,-4.705722,256,286
LINKUSDT,2026-03-25,R1,1322166.5165,1475865.2178,-153698.7013,-5.493101,7984,8479
LINKUSDT,2026-03-25,R2,6377191.0392,5852807.7348,524383.3044,4.287681,2008,1827
LINKUSDT,2026-03-25,W,0.0,289453.763,-289453.763,-100.0,0,2
LINKUSDT,2026-03-26,M,5810695.3723,6009453.0265,-198757.6542,-1.681516,282,296
LINKUSDT,2026-03-26,R1,1569602.4228,1278387.9768,291214.446,10.225261,9824,6608
LINKUSDT,2026-03-26,R2,6044618.5291,6233876.7749,-189258.2458,-1.54138,1883,1908
LINKUSDT,2026-03-26,W,161348.9582,359919.2608,-198570.3026,-38.093691,1,3
LINKUSDT,2026-03-27,M,6110552.4668,6597122.691,-486570.2242,-3.828948,286,296
LINKUSDT,2026-03-27,R1,1758468.4116,1430793.7728,327674.6388,10.274309,12722,7150
LINKUSDT,2026-03-27,R2,5173055.6762,5183407.4207,-10351.7445,-0.099954,1596,1661
LINKUSDT,2026-03-27,W,231612.2031,138188.754,93423.4491,25.263171,2,1
LINKUSDT,2026-03-28,M,4164604.1941,4183415.8542,-18811.6601,-0.225343,186,186
LINKUSDT,2026-03-28,R1,1167596.3564,879180.3022,288416.0542,14.091232,9448,5383
LINKUSDT,2026-03-28,R2,3320480.333,4128192.9853,-807712.6523,-10.843712,936,1431
LINKUSDT,2026-03-28,W,0.0,105242.1596,-105242.1596,-100.0,0,1
LINKUSDT,2026-03-29,M,2170653.2997,2670426.8575,-499773.5578,-10.323596,116,135
LINKUSDT,2026-03-29,R1,1009612.3726,812029.732,197582.6406,10.846403,6284,4353
LINKUSDT,2026-03-29,R2,2909510.6847,3127202.2687,-217691.584,-3.606128,940,1038
LINKUSDT,2026-03-30,M,5108073.265,6120370.0293,-1012296.7643,-9.015468,249,286
LINKUSDT,2026-03-30,R1,1453900.3862,1598500.4744,-144600.0882,-4.737257,10055,9638
LINKUSDT,2026-03-30,R2,5750217.9199,5873389.2805,-123171.3606,-1.059666,1698,1751
LINKUSDT,2026-03-30,W,100895.018,0.0,100895.018,100.0,1,0
LINKUSDT,2026-03-31,M,3675316.3879,4501208.4162,-825892.0283,-10.100771,176,206
LINKUSDT,2026-03-31,R1,1311963.4553,1271948.6832,40014.7721,1.548612,9525,6224
LINKUSDT,2026-03-31,R2,5247366.6831,5292700.8237,-45334.1406,-0.430112,1639,1617
LINKUSDT,2026-03-31,W,401040.6376,254194.479,146846.1586,22.411216,3,2
LINKUSDT,2026-04-01,M,6146902.1674,6646543.2171,-499641.0497,-3.905446,231,281
LINKUSDT,2026-04-01,R1,1919140.9446,1512034.9538,407105.9908,11.864912,11980,8054
LINKUSDT,2026-04-01,R2,4781020.368,6549346.7471,-1768326.3791,-15.606965,1567,2131
LINKUSDT,2026-04-01,W,125727.6123,405691.5438,-279963.9315,-52.682318,1,3
LINKUSDT,2026-04-02,M,5302194.4067,5624431.7441,-322237.3374,-2.949102,219,237
LINKUSDT,2026-04-02,R1,2402440.4664,1348863.4161,1053577.0503,28.085623,16320,8614
LINKUSDT,2026-04-02,R2,5471704.6373,7695801.3786,-2224096.7413,-16.890797,1720,2576
LINKUSDT,2026-04-02,W,285698.0085,453115.9309,-167417.9224,-22.660363,2,3
LINKUSDT,2026-04-03,M,2061286.5518,2537285.26,-475998.7082,-10.351012,104,117
LINKUSDT,2026-04-03,R1,647135.4707,601684.4241,45451.0466,3.63952,4653,3779
LINKUSDT,2026-04-03,R2,2393458.1106,2328928.1054,64530.0052,1.36647,760,750
LINKUSDT,2026-04-03,W,0.0,153658.3636,-153658.3636,-100.0,0,1
LINKUSDT,2026-04-04,M,1737685.3837,1509810.2235,227875.1602,7.016951,77,67
LINKUSDT,2026-04-04,R1,465508.2802,363124.9092,102383.371,12.355693,3579,2605
LINKUSDT,2026-04-04,R2,1349417.6035,1105991.3398,243426.2637,9.913879,422,387
LINKUSDT,2026-04-04,W,0.0,114626.213,-114626.213,-100.0,0,1
LINKUSDT,2026-04-05,M,2646554.3092,2594388.2362,52166.073,0.995357,121,122
LINKUSDT,2026-04-05,R1,611260.5746,541366.3153,69894.2593,6.06391,4048,3977
LINKUSDT,2026-04-05,R2,2456264.2726,2536933.6062,-80669.3336,-1.615585,825,832
LINKUSDT,2026-04-05,W,0.0,217308.3196,-217308.3196,-100.0,0,2
LINKUSDT,2026-04-06,M,4060354.4727,4684735.4163,-624380.9436,-7.139789,183,224
LINKUSDT,2026-04-06,R1,1375472.4429,1721508.0723,-346035.6294,-11.173323,8433,11617
LINKUSDT,2026-04-06,R2,5889169.137,5705528.3335,183640.8035,1.583834,1879,1729
LINKUSDT,2026-04-06,W,161337.784,486737.0804,-325399.2964,-50.21014,1,3
LINKUSDT,2026-04-07,M,10658550.6999,10032980.1884,625570.5115,3.023317,415,397
LINKUSDT,2026-04-07,R1,2470603.3837,1764277.0568,706326.3269,16.678778,14205,9425
LINKUSDT,2026-04-07,R2,7916498.1838,10834667.1358,-2918168.952,-15.562601,2712,3492
LINKUSDT,2026-04-07,W,973600.9022,933410.1377,40190.7645,2.107527,7,7
LINKUSDT,2026-04-08,M,8846846.675,9188889.3697,-342042.6947,-1.896472,321,348
LINKUSDT,2026-04-08,R1,2232393.4566,1276182.2383,956211.2183,27.253544,11140,8013
LINKUSDT,2026-04-08,R2,4965753.5071,6280625.6278,-1314872.1207,-11.691515,1428,1853
LINKUSDT,2026-04-08,W,372868.2509,581572.6822,-208704.4313,-21.866668,3,5
LINKUSDT,2026-04-09,M,9035249.9774,8135960.7434,899289.234,5.237192,380,330
LINKUSDT,2026-04-09,R1,1472757.7713,1510067.8109,-37310.0396,-1.250829,11711,9071
LINKUSDT,2026-04-09,R2,6975003.4996,6159891.946,815111.5536,6.205695,2074,1981
LINKUSDT,2026-04-09,W,359682.1876,337466.5681,22215.6195,3.18664,3,3
LINKUSDT,2026-04-10,M,4763343.5703,4934220.4447,-170876.8744,-1.76206,192,216
LINKUSDT,2026-04-10,R1,953460.1062,747988.2584,205471.8478,12.076291,6668,4541
LINKUSDT,2026-04-10,R2,4530942.4497,4402661.5157,128280.934,1.435937,1245,1259
LINKUSDT,2026-04-10,W,626080.9736,108924.2745,517156.6991,70.360953,5,1
LINKUSDT,2026-04-11,M,3737862.0976,3932461.2455,-194599.1479,-2.53704,182,185
LINKUSDT,2026-04-11,R1,693361.7915,639122.8876,54238.9039,4.070509,5443,4180
LINKUSDT,2026-04-11,R2,3386604.5278,3238126.0741,148478.4537,2.241275,944,933
LINKUSDT,2026-04-11,W,161177.3059,105838.515,55338.7909,20.724911,1,1
LINKUSDT,2026-04-12,M,6562175.5887,6604352.5942,-42177.0055,-0.320335,269,272
LINKUSDT,2026-04-12,R1,1011178.1845,1169329.0061,-158150.8216,-7.252937,6858,6294
LINKUSDT,2026-04-12,R2,4404318.8729,4888378.0816,-484059.2087,-5.209028,1297,1472
LINKUSDT,2026-04-12,W,590891.5758,0.0,590891.5758,100.0,4,0
LINKUSDT,2026-04-13,M,7888460.939,8613945.1883,-725484.2493,-4.396233,377,406
LINKUSDT,2026-04-13,R1,1637852.4154,1255929.6823,381922.7331,13.198047,9810,7834
LINKUSDT,2026-04-13,R2,7168267.5193,7414667.1846,-246399.6653,-1.689644,2054,2125
LINKUSDT,2026-04-14,M,7619085.7175,7245721.3572,373364.3603,2.511734,294,317
LINKUSDT,2026-04-14,R1,1317087.6286,2855362.3034,-1538274.6748,-36.867421,8456,17496
LINKUSDT,2026-04-14,R2,5912208.2576,6684977.5996,-772769.342,-6.13446,1695,1899
LINKUSDT,2026-04-14,W,776789.8759,680327.0143,96462.8616,6.620118,6,6
LINKUSDT,2026-04-15,M,4973695.9706,5159770.0863,-186074.1157,-1.836234,204,204
LINKUSDT,2026-04-15,R1,918658.2766,1279210.0783,-360551.8017,-16.404613,6044,8670
LINKUSDT,2026-04-15,R2,4596222.4142,4473558.9853,122663.4289,1.352441,1316,1262
LINKUSDT,2026-04-16,M,8612793.0244,9038859.6574,-426066.633,-2.413749,398,409
LINKUSDT,2026-04-16,R1,2593898.3947,1497995.5745,1095902.8202,26.782288,15724,7733
LINKUSDT,2026-04-16,R2,8076591.1944,6921103.5715,1155487.6229,7.704435,2593,2070
LINKUSDT,2026-04-16,W,394105.06,1137834.4581,-743729.3981,-48.548222,3,8
LINKUSDT,2026-04-17,M,5997906.1767,7006754.6267,-1008848.45,-7.757591,304,342
LINKUSDT,2026-04-17,R1,1694881.7597,1490124.5683,204757.1914,6.428784,11899,9093
LINKUSDT,2026-04-17,R2,6831248.1721,7041075.7187,-209827.5466,-1.512562,2055,2142
LINKUSDT,2026-04-17,W,0.0,105565.0,-105565.0,-100.0,0,1
LINKUSDT,2026-04-18,M,6120039.8687,6215492.8026,-95452.9339,-0.773805,273,250
LINKUSDT,2026-04-18,R1,1220946.7227,886521.8643,334424.8584,15.868557,8008,6382
LINKUSDT,2026-04-18,R2,4231106.005,5201717.0223,-970611.0173,-10.289719,1238,1407
LINKUSDT,2026-04-18,W,103089.424,466168.9978,-363079.5738,-63.781151,1,3
LINKUSDT,2026-04-19,M,6802724.3617,7595803.348,-793078.9863,-5.508056,289,293
LINKUSDT,2026-04-19,R1,995838.8087,1370260.507,-374421.6983,-15.824429,6499,10533
LINKUSDT,2026-04-19,R2,4671028.8836,4806199.8773,-135170.9937,-1.426271,1232,1414
LINKUSDT,2026-04-19,W,607675.3018,378819.6726,228855.6292,23.198864,4,3
LINKUSDT,2026-04-20,M,5232198.822,4562193.4872,670005.3348,6.840703,267,250
LINKUSDT,2026-04-20,R1,1220470.1196,1501164.5498,-280694.4302,-10.31345,9898,7953
LINKUSDT,2026-04-20,R2,5042911.1335,5026027.6914,16883.4421,0.167678,1440,1500
LINKUSDT,2026-04-20,W,103816.0459,223830.7156,-120014.6697,-36.629286,1,2
LINKUSDT,2026-04-21,M,5226643.9975,5312730.0592,-86086.0617,-0.816804,240,251
LINKUSDT,2026-04-21,R1,1190299.3929,1145332.7772,44966.6157,1.925244,9023,6509
LINKUSDT,2026-04-21,R2,5197203.3084,4753761.013,443442.2954,4.456275,1568,1409
LINKUSDT,2026-04-21,W,0.0,378651.4545,-378651.4545,-100.0,0,3
LINKUSDT,2026-04-22,M,5270316.8146,4687332.3598,582984.4548,5.854639,228,200
LINKUSDT,2026-04-22,R1,1220873.5708,1133444.4846,87429.0862,3.713563,7155,5962
LINKUSDT,2026-04-22,R2,4776506.3415,4345064.922,431441.4195,4.729902,1425,1290
LINKUSDT,2026-04-22,W,146129.163,111690.981,34438.182,13.357444,1,1
LINKUSDT,2026-04-23,M,5105894.1932,5077229.4984,28664.6948,0.281492,244,244
LINKUSDT,2026-04-23,R1,1144079.7466,1697712.6112,-553632.8646,-19.48182,6066,8936
LINKUSDT,2026-04-23,R2,4242761.0328,3901325.0652,341435.9676,4.192441,1316,1201
LINKUSDT,2026-04-23,W,0.0,139508.2225,-139508.2225,-100.0,0,1
LINKUSDT,2026-04-24,M,1785254.8882,2447148.843,-661893.9548,-15.638724,91,122
LINKUSDT,2026-04-24,R1,828396.7336,1095712.1244,-267315.3908,-13.892945,5706,4744
LINKUSDT,2026-04-24,R2,2459635.9548,2879907.735,-420271.7802,-7.870931,824,1044
LINKUSDT,2026-04-25,M,1623672.694,2208772.6726,-585099.9786,-15.267014,77,98
LINKUSDT,2026-04-25,R1,705470.7023,455265.1054,250205.5969,21.555775,4617,2911
LINKUSDT,2026-04-25,R2,1484047.9182,1332775.1367,151272.7815,5.370333,450,423
LINKUSDT,2026-04-26,M,2662071.8907,3121716.0811,-459644.1904,-7.947113,117,143
LINKUSDT,2026-04-26,R1,1005383.7316,595358.3095,410025.4221,25.614709,7690,3510
LINKUSDT,2026-04-26,R2,2256392.2294,1885780.0757,370612.1537,8.94729,793,629
LINKUSDT,2026-04-26,W,247138.9998,0.0,247138.9998,100.0,2,0
LINKUSDT,2026-04-27,M,3908130.8659,4976986.1606,-1068855.2947,-12.029727,179,222
LINKUSDT,2026-04-27,R1,1061316.8148,1192733.1132,-131416.2984,-5.83023,6216,7068
LINKUSDT,2026-04-27,R2,3670809.3616,3205213.3935,465595.9681,6.771298,1188,1036
LINKUSDT,2026-04-28,M,2400338.6199,2750399.222,-350060.6021,-6.79632,100,120
LINKUSDT,2026-04-28,R1,650905.4199,788446.5001,-137541.0802,-9.555765,4502,5532
LINKUSDT,2026-04-28,R2,1976303.6537,1816765.9677,159537.686,4.206031,617,585
LINKUSDT,2026-04-29,M,3386427.9338,3381508.779,4919.1548,0.072683,170,166
LINKUSDT,2026-04-29,R1,1007851.3145,1343548.0089,-335696.6944,-14.276465,6576,7878
LINKUSDT,2026-04-29,R2,3800706.1385,4121512.8012,-320806.6627,-4.049455,1164,1357
LINKUSDT,2026-04-29,W,0.0,226835.0952,-226835.0952,-100.0,0,2
LINKUSDT,2026-04-30,M,2462683.3941,2321158.2208,141525.1733,2.9584,109,115
LINKUSDT,2026-04-30,R1,716007.2916,765286.1059,-49278.8143,-3.326742,4501,5500
LINKUSDT,2026-04-30,R2,2248732.0233,2289638.8436,-40906.8203,-0.901355,722,770
LINKUSDT,2026-04-30,W,177643.557,0.0,177643.557,100.0,1,0
LINKUSDT,2026-05-01,M,2550563.0027,2559903.8485,-9340.8458,-0.182779,122,120
LINKUSDT,2026-05-01,R1,799132.561,429314.6062,369817.9548,30.104506,6658,3291
LINKUSDT,2026-05-01,R2,1932728.2168,3603223.3168,-1670495.1,-30.175392,591,1294
LINKUSDT,2026-05-01,W,109863.845,0.0,109863.845,100.0,1,0
LINKUSDT,2026-05-02,M,2302115.492,1970666.944,331448.548,7.757206,94,91
LINKUSDT,2026-05-02,R1,917156.0969,385350.6778,531805.4191,40.829378,7097,2888
LINKUSDT,2026-05-02,R2,1939321.6992,3422916.6629,-1483594.9637,-27.667456,572,1277
LINKUSDT,2026-05-02,W,474477.9165,134941.6407,339536.2758,55.7147,2,1
LINKUSDT,2026-05-03,M,3105178.5114,2962535.7118,142642.7996,2.350849,143,134
LINKUSDT,2026-05-03,R1,638847.3925,559548.9909,79298.4016,6.617043,5330,3817
LINKUSDT,2026-05-03,R2,1926514.9075,2053669.178,-127154.2705,-3.194683,507,611
LINKUSDT,2026-05-03,W,135981.6296,862958.7557,-726977.1261,-72.774826,1,6
LINKUSDT,2026-05-04,M,17759138.6877,15455538.2652,2303600.4225,6.935489,773,643
LINKUSDT,2026-05-04,R1,1491715.2994,2391577.7554,-899862.456,-23.172664,10181,14257
LINKUSDT,2026-05-04,R2,8637495.9325,7591695.3311,1045800.6014,6.443948,2386,2186
LINKUSDT,2026-05-04,W,1411725.4704,2875932.7124,-1464207.242,-34.149346,8,21
LINKUSDT,2026-05-05,M,10159476.0781,10684332.6993,-524856.6212,-2.518046,406,425
LINKUSDT,2026-05-05,R1,1472250.5268,1161849.7193,310400.8075,11.783941,9830,7084
LINKUSDT,2026-05-05,R2,5924249.1682,5395572.2282,528676.94,4.670365,1567,1568
LINKUSDT,2026-05-05,W,938370.0286,128734.1775,809635.8511,75.872239,7,1
LINKUSDT,2026-05-06,M,13764843.9716,12726196.6124,1038647.3592,3.92075,574,533
LINKUSDT,2026-05-06,R1,1692644.1276,2155952.227,-463308.0994,-12.038366,11176,14415
LINKUSDT,2026-05-06,R2,8639968.9321,6890063.6787,1749905.2534,11.267879,2563,2093
LINKUSDT,2026-05-06,W,934944.9357,1388169.5305,-453224.5948,-19.509353,7,10
LINKUSDT,2026-05-07,M,6091085.2593,6992877.0149,-901791.7556,-6.892345,259,311
LINKUSDT,2026-05-07,R1,1484080.1273,1071479.9479,412600.1794,16.145196,9879,6558
LINKUSDT,2026-05-07,R2,4977741.053,4751193.3623,226547.6907,2.328597,1609,1311
LINKUSDT,2026-05-07,W,430166.7998,539983.9114,-109817.1116,-11.319593,3,4
LINKUSDT,2026-05-08,M,14586302.1037,16226647.3506,-1640345.2469,-5.323558,475,555
LINKUSDT,2026-05-08,R1,2137861.9098,1326864.7572,810997.1526,23.407248,13177,9161
LINKUSDT,2026-05-08,R2,6325733.9347,5223691.0898,1102042.8449,9.541972,2045,1472
LINKUSDT,2026-05-08,W,139544.4578,410715.777,-271171.3192,-49.280559,1,3
LINKUSDT,2026-05-09,M,6586725.7887,6710359.5716,-123633.7829,-0.929781,321,346
LINKUSDT,2026-05-09,R1,1027379.5221,1439769.1641,-412389.642,-16.715233,7993,7870
LINKUSDT,2026-05-09,R2,3484439.2582,3734977.4918,-250538.2336,-3.470339,1051,1143
LINKUSDT,2026-05-09,W,1113887.7179,1097426.2837,16461.4342,0.744419,8,7
LINKUSDT,2026-05-10,M,7585630.2588,9118353.8855,-1532723.6267,-9.175797,381,441
LINKUSDT,2026-05-10,R1,2072950.6587,1471381.3653,601569.2934,16.972713,13811,9430
LINKUSDT,2026-05-10,R2,6671944.0018,5253450.0581,1418493.9437,11.894734,2032,1580
LINKUSDT,2026-05-10,W,459203.1124,120480.7898,338722.3226,58.432246,4,1
LINKUSDT,2026-05-11,M,8017286.8485,8175979.1907,-158692.3422,-0.97999,404,420
LINKUSDT,2026-05-11,R1,1456659.8379,1294320.5581,162339.2798,5.901143,10077,7125
LINKUSDT,2026-05-11,R2,6263838.7479,6264886.0198,-1047.2719,-0.008359,1779,1779
LINKUSDT,2026-05-11,W,443578.038,403701.8774,39876.1606,4.706374,3,3
LINKUSDT,2026-05-12,M,8576429.9737,9458657.775,-882227.8013,-4.89173,371,397
LINKUSDT,2026-05-12,R1,1624282.3972,1268041.73,356240.6672,12.316762,10943,7440
LINKUSDT,2026-05-12,R2,4931289.7875,5443151.4964,-511861.7089,-4.933873,1460,1594
LINKUSDT,2026-05-12,W,711261.0215,1438978.3597,-727717.3382,-33.84355,5,11
LINKUSDT,2026-05-13,M,11164086.3405,12694861.8003,-1530775.4598,-6.415939,564,585
LINKUSDT,2026-05-13,R1,1935829.7524,1879166.2364,56663.516,1.485284,13018,11771
LINKUSDT,2026-05-13,R2,9433420.3562,7690372.842,1743047.5142,10.179097,2514,2245
LINKUSDT,2026-05-13,W,1554538.9813,479100.4515,1075438.5298,52.882459,12,4
LINKUSDT,2026-05-14,M,12601398.5651,11922968.2214,678430.3437,2.766352,495,460
LINKUSDT,2026-05-14,R1,1956141.1127,1847994.3157,108146.797,2.842875,12513,10809
LINKUSDT,2026-05-14,R2,9545415.3851,8052014.6732,1493400.7119,8.486471,2467,2884
LINKUSDT,2026-05-14,W,1002224.7529,694717.2292,307507.5237,18.121275,8,4
LINKUSDT,2026-05-15,M,5013418.7677,6277997.5672,-1264578.7995,-11.19947,258,286
LINKUSDT,2026-05-15,R1,1527102.6696,1725122.4757,-198019.8061,-6.088748,10079,9450
LINKUSDT,2026-05-15,R2,5631332.1168,6622923.6587,-991591.5419,-8.091814,1716,1924
LINKUSDT,2026-05-15,W,285551.9699,711472.4733,-425920.5034,-42.719164,2,6
LINKUSDT,2026-05-16,M,5457082.2061,5652508.8056,-195426.5995,-1.75908,255,243
LINKUSDT,2026-05-16,R1,1995902.6612,1092953.4716,902949.1896,29.232478,17395,7243
LINKUSDT,2026-05-16,R2,4023800.6228,6624510.9818,-2600710.359,-24.423688,1190,2492
LINKUSDT,2026-05-16,W,466459.9318,0.0,466459.9318,100.0,4,0
LINKUSDT,2026-05-17,M,7173338.1467,6396017.7608,777320.3859,5.728499,337,317
LINKUSDT,2026-05-17,R1,1268521.8867,1809868.2475,-541346.3608,-17.585372,7895,11002
LINKUSDT,2026-05-17,R2,3879603.5669,4188322.3726,-308718.8057,-3.826495,1072,1331
LINKUSDT,2026-05-17,W,0.0,105137.438,-105137.438,-100.0,0,1
LINKUSDT,2026-05-18,M,6722808.7224,6896110.1212,-173301.3988,-1.272505,328,329
LINKUSDT,2026-05-18,R1,1296564.441,1358527.6605,-61963.2195,-2.33375,8742,8090
LINKUSDT,2026-05-18,R2,5128514.5225,5238037.64,-109523.1175,-1.056505,1403,1424
LINKUSDT,2026-05-18,W,253395.1743,499369.1814,-245974.0071,-32.676096,2,4
LINKUSDT,2026-05-19,M,5112686.065,4218349.0918,894336.9732,9.584542,219,204
LINKUSDT,2026-05-19,R1,974159.0959,910047.737,64111.3589,3.402565,6161,5415
LINKUSDT,2026-05-19,R2,4145777.3241,4055904.9948,89872.3293,1.095779,1306,1136
LINKUSDT,2026-05-19,W,488008.17,0.0,488008.17,100.0,1,0
LINKUSDT,2026-05-20,M,2441354.0846,1697545.1194,743808.9652,17.971179,130,86
LINKUSDT,2026-05-20,R1,3420486.3,2513690.4885,906795.8115,15.280903,24207,18335
LINKUSDT,2026-05-20,R2,6289416.3286,6145380.8724,144035.4562,1.158326,2166,2221
LINKUSDT,2026-05-20,W,263395.8343,0.0,263395.8343,100.0,2,0
LINKUSDT,2026-05-21,M,1697968.9627,1686670.2174,11298.7453,0.333824,100,93
LINKUSDT,2026-05-21,R1,3671132.5747,2666010.1378,1005122.4369,15.860814,27667,22603
LINKUSDT,2026-05-21,R2,6826659.419,7707814.5345,-881155.1155,-6.062518,2387,2547
LINKUSDT,2026-05-21,W,106761.2391,132774.473,-26013.2339,-10.859856,1,1
LINKUSDT,2026-05-22,M,2126251.927,2505028.4332,-378776.5062,-8.178656,115,139
LINKUSDT,2026-05-22,R1,3926035.2918,3756484.9774,169550.3144,2.206962,33424,31629
LINKUSDT,2026-05-22,R2,8739481.5161,9905668.7367,-1166187.2206,-6.254641,3041,3565
LINKUSDT,2026-05-22,W,216061.5939,217582.7916,-1521.1977,-0.350794,2,1
LINKUSDT,2026-05-23,M,1346318.176,1594917.8669,-248599.6909,-8.452218,65,75
LINKUSDT,2026-05-23,R1,3974133.5498,4838501.5073,-864367.9575,-9.80828,33366,32756
LINKUSDT,2026-05-23,R2,7408459.8066,8023303.1346,-614843.328,-3.984271,2792,3258
LINKUSDT,2026-05-23,W,141300.8212,0.0,141300.8212,100.0,1,0
LINKUSDT,2026-05-24,M,1329777.7586,1119571.6599,210206.0987,8.58212,58,66
LINKUSDT,2026-05-24,R1,2082305.8131,2606839.7572,-524533.9441,-11.186131,18394,20775
LINKUSDT,2026-05-24,R2,5167177.0167,4582988.165,584188.8517,5.991579,1779,1703
LINKUSDT,2026-05-24,W,0.0,176936.2526,-176936.2526,-100.0,0,1
LINKUSDT,2026-05-25,M,1114456.4589,843973.7147,270482.7442,13.811202,59,40
LINKUSDT,2026-05-25,R1,1444124.1095,1890485.4025,-446361.293,-13.385714,12566,13443
LINKUSDT,2026-05-25,R2,4144975.7782,3842069.8875,302905.8907,3.792465,1423,1489
LINKUSDT,2026-05-25,W,332644.8888,174228.9143,158415.9745,31.253534,2,1
LINKUSDT,2026-05-26,M,879672.3706,1173763.8612,-294091.4906,-14.32192,45,64
LINKUSDT,2026-05-26,R1,2588484.3158,3525192.6652,-936708.3494,-15.321522,20502,26283
LINKUSDT,2026-05-26,R2,6405302.3838,5954084.2835,451218.1003,3.650813,2350,2328
LINKUSDT,2026-05-26,W,0.0,105569.1468,-105569.1468,-100.0,0,1
LINKUSDT,2026-05-27,M,809971.8032,810254.8489,-283.0457,-0.01747,40,44
LINKUSDT,2026-05-27,R1,3100188.2956,4040855.4651,-940667.1695,-13.172685,24742,24820
LINKUSDT,2026-05-27,R2,5417507.9435,5997851.886,-580343.9425,-5.083887,1971,2346
LINKUSDT,2026-05-27,W,108510.0572,0.0,108510.0572,100.0,1,0
LINKUSDT,2026-05-28,M,1144446.4853,934753.2784,209693.2069,10.085284,67,50
LINKUSDT,2026-05-28,R1,3562683.6633,4132324.4226,-569640.7593,-7.402731,28780,30306
LINKUSDT,2026-05-28,R2,7723170.0363,9462794.8122,-1739624.7759,-10.122357,3052,3785
LINKUSDT,2026-05-28,W,0.0,105381.81,-105381.81,-100.0,0,1
LINKUSDT,2026-05-29,M,632688.8032,516982.0278,115706.7754,10.064339,38,35
LINKUSDT,2026-05-29,R1,2122456.1752,2335101.4206,-212645.2454,-4.770443,18667,17889
LINKUSDT,2026-05-29,R2,4715874.0397,5729225.593,-1013351.5533,-9.701694,1934,2259
LINKUSDT,2026-05-29,W,179257.6705,0.0,179257.6705,100.0,1,0
LINKUSDT,2026-05-30,M,813392.5993,801576.4315,11816.1678,0.731665,42,47
LINKUSDT,2026-05-30,R1,2364512.4116,1865370.6741,499141.7375,11.800367,16344,14756
LINKUSDT,2026-05-30,R2,5166102.9028,5612033.0644,-445930.1616,-4.137359,1890,1966
LINKUSDT,2026-05-31,M,876719.1647,1158614.8578,-281895.6931,-13.850095,39,55
LINKUSDT,2026-05-31,R1,1491911.3523,1984295.3232,-492383.9709,-14.164404,13304,14828
LINKUSDT,2026-05-31,R2,3712165.4803,4295631.93,-583466.4497,-7.286229,1339,1594
LINKUSDT,2026-05-31,W,0.0,131103.4879,-131103.4879,-100.0,0,1
LINKUSDT,2026-06-01,M,673748.7757,861060.6427,-187311.867,-12.204243,31,41
LINKUSDT,2026-06-01,R1,2711445.1052,2576234.7063,135210.3989,2.557084,26907,23647
LINKUSDT,2026-06-01,R2,5966486.1106,8221771.8163,-2255285.7057,-15.895438,2460,3302
LINKUSDT,2026-06-01,W,0.0,103331.8876,-103331.8876,-100.0,0,1
LINKUSDT,2026-06-02,M,982850.9485,1554493.1038,-571642.1553,-22.529154,46,86
LINKUSDT,2026-06-02,R1,4009113.9921,4590640.4727,-581526.4806,-6.762129,40602,39311
LINKUSDT,2026-06-02,R2,7666002.7338,11986004.6199,-4320001.8861,-21.982497,3244,5247
LINKUSDT,2026-06-03,M,1733333.9324,1684349.235,48984.6974,1.433272,113,103
LINKUSDT,2026-06-03,R1,4556322.3985,5010621.0267,-454298.6282,-4.748629,41193,40054
LINKUSDT,2026-06-03,R2,8969328.6665,10067253.9472,-1097925.2807,-5.767449,3565,4269
LINKUSDT,2026-06-03,W,0.0,151315.7147,-151315.7147,-100.0,0,1
LINKUSDT,2026-06-04,M,1205513.7922,1548030.0243,-342516.2321,-12.439106,74,96
LINKUSDT,2026-06-04,R1,6465362.7224,8646578.1474,-2181215.425,-14.433721,56565,53564
LINKUSDT,2026-06-04,R2,16017592.0811,19406464.3812,-3388872.3001,-9.566585,6116,7831
LINKUSDT,2026-06-05,M,874430.2461,1224783.8706,-350353.6245,-16.689752,56,68
LINKUSDT,2026-06-05,R1,9221104.6835,10160362.5071,-939257.8236,-4.846165,76322,73564
LINKUSDT,2026-06-05,R2,19417353.0438,20387363.5222,-970010.4784,-2.436923,9141,9406
LINKUSDT,2026-06-06,M,422180.3029,566409.335,-144229.0321,-14.589373,26,27
LINKUSDT,2026-06-06,R1,5276864.9484,6211793.4992,-934928.5508,-8.137839,37352,39402
LINKUSDT,2026-06-06,R2,8551674.4999,9123652.8313,-571978.3314,-3.236027,3743,4184
LINKUSDT,2026-06-06,W,0.0,217841.96,-217841.96,-100.0,0,1
LINKUSDT,2026-06-07,M,574039.3092,574134.7039,-95.3947,-0.008308,34,29
LINKUSDT,2026-06-07,R1,5195240.0424,4503651.8919,691588.1505,7.130589,36676,29713
LINKUSDT,2026-06-07,R2,7585358.984,6428545.0656,1156813.9184,8.254758,3264,2860
LINKUSDT,2026-06-07,W,107654.6588,0.0,107654.6588,100.0,1,0
LINKUSDT,2026-06-08,M,632200.725,686318.8598,-54118.1348,-4.104462,32,36
LINKUSDT,2026-06-08,R1,4197813.3086,4056973.64,140839.6686,1.706158,29761,27919
LINKUSDT,2026-06-08,R2,6131003.9834,6143436.0034,-12432.02,-0.101284,2647,2677
LINKUSDT,2026-06-09,M,547879.5188,540642.2202,7237.2986,0.664874,26,25
LINKUSDT,2026-06-09,R1,3639927.5861,3446796.257,193131.3291,2.725255,26083,24474
LINKUSDT,2026-06-09,R2,5318689.7015,6274646.3255,-955956.624,-8.245742,2397,2825
LINKUSDT,2026-06-10,M,257087.1638,631685.6185,-374598.4547,-42.147831,12,29
LINKUSDT,2026-06-10,R1,3205850.3484,3276831.2994,-70980.951,-1.094932,26501,25473
LINKUSDT,2026-06-10,R2,4383104.2169,4565690.4787,-182586.2618,-2.040345,2002,2081
LINKUSDT,2026-06-11,M,427769.3846,420815.9436,6953.441,0.819416,20,19
LINKUSDT,2026-06-11,R1,3312371.9908,2912212.0785,400159.9123,6.428701,21922,19475
LINKUSDT,2026-06-11,R2,4353030.2054,4092505.2259,260524.9795,3.084766,1998,1941
LINKUSDT,2026-06-12,M,252009.8223,292005.478,-39995.6557,-7.351936,12,12
LINKUSDT,2026-06-12,R1,2074167.3937,2292992.4928,-218825.0991,-5.010696,17287,17106
LINKUSDT,2026-06-12,R2,2486127.5967,2665443.9081,-179316.3114,-3.480808,1146,1223
LINKUSDT,2026-06-13,M,446189.8259,339112.0403,107077.7856,13.635239,27,15
LINKUSDT,2026-06-13,R1,1460062.8403,1366742.692,93320.1483,3.301258,11053,9822
LINKUSDT,2026-06-13,R2,2668096.383,2493751.7967,174344.5863,3.377561,1092,1091
LINKUSDT,2026-06-14,M,539417.2257,405165.7629,134251.4628,14.212776,25,21
LINKUSDT,2026-06-14,R1,1753089.3565,1755709.4423,-2620.0858,-0.074672,13283,13869
LINKUSDT,2026-06-14,R2,2794487.2759,2956690.3052,-162203.0293,-2.820345,1169,1242
LINKUSDT,2026-06-15,M,720914.1993,543763.4971,177150.7022,14.007577,27,34
LINKUSDT,2026-06-15,R1,4665613.6759,3863476.6111,802137.0648,9.40472,31347,24785
LINKUSDT,2026-06-15,R2,5860466.2786,6726467.8797,-866001.6011,-6.880163,2671,2937
LINKUSDT,2026-06-16,M,391135.2453,389458.2945,1676.9508,0.21483,19,19
LINKUSDT,2026-06-16,R1,2944071.4361,2993375.1649,-49303.7288,-0.830386,20265,21725
LINKUSDT,2026-06-16,R2,3240105.4324,3968893.835,-728788.4026,-10.109425,1529,1801
LINKUSDT,2026-06-17,M,650977.7802,575454.6365,75523.1437,6.157954,25,26
LINKUSDT,2026-06-17,R1,3674054.8484,3546665.9223,127388.9261,1.764213,28348,26338
LINKUSDT,2026-06-17,R2,3599032.2666,4236550.168,-637517.9014,-8.13619,1663,1802
LINKUSDT,2026-06-17,W,129127.8546,0.0,129127.8546,100.0,1,0
LINKUSDT,2026-06-18,M,306603.5388,351489.2948,-44885.756,-6.820581,19,17
LINKUSDT,2026-06-18,R1,2677251.402,3330432.9443,-653181.5423,-10.872434,21162,26110
LINKUSDT,2026-06-18,R2,4119933.7033,4675347.4667,-555413.7634,-6.314906,1751,2089
LINKUSDT,2026-06-19,M,274853.2469,123761.4701,151091.7768,37.904214,9,9
LINKUSDT,2026-06-19,R1,2160063.9682,2603517.1729,-443453.2047,-9.30924,16675,16538
LINKUSDT,2026-06-19,R2,2656614.1,3187789.7086,-531175.6086,-9.088619,1166,1486
LINKUSDT,2026-06-20,M,232710.7818,277674.8224,-44964.0406,-8.809818,18,13
LINKUSDT,2026-06-20,R1,1734378.6513,1782580.0641,-48201.4128,-1.370542,11886,12618
LINKUSDT,2026-06-20,R2,2060745.9599,2492863.2014,-432117.2415,-9.489555,881,1086
LINKUSDT,2026-06-20,W,0.0,145930.046,-145930.046,-100.0,0,1
LINKUSDT,2026-06-21,M,204830.7467,284145.3671,-79314.6204,-16.220551,10,14
LINKUSDT,2026-06-21,R1,1553353.0301,1179911.6205,373441.4096,13.662834,11448,10081
LINKUSDT,2026-06-21,R2,1418446.1028,1783637.4706,-365191.3678,-11.404804,594,679
LINKUSDT,2026-06-22,M,754538.5653,1092728.9616,-338190.3963,-18.307603,43,66
LINKUSDT,2026-06-22,R1,2554437.0195,2547554.5975,6882.422,0.134897,18052,19309
LINKUSDT,2026-06-22,R2,3424235.1635,3974171.969,-549936.8055,-7.433178,1570,1610
LINKUSDT,2026-06-22,W,0.0,111374.3412,-111374.3412,-100.0,0,1
LINKUSDT,2026-06-23,M,581979.4839,473535.1859,108444.298,10.274068,33,30
LINKUSDT,2026-06-23,R1,2991684.2352,3173929.2829,-182245.0477,-2.95583,21890,24098
LINKUSDT,2026-06-23,R2,4222797.452,4905313.1997,-682515.7477,-7.477076,1884,2042
LINKUSDT,2026-06-24,M,1002276.2795,987045.7125,15230.567,0.765616,57,61
LINKUSDT,2026-06-24,R1,4976491.6959,4572906.5966,403585.0993,4.226288,36054,29737
LINKUSDT,2026-06-24,R2,5472475.4626,5833823.0663,-361347.6037,-3.195985,2452,2624
LINKUSDT,2026-06-25,M,855657.7476,1141680.9881,-286023.2405,-14.320217,40,55
LINKUSDT,2026-06-25,R1,3443687.2966,3830572.1187,-386884.8221,-5.318546,26783,28676
LINKUSDT,2026-06-25,R2,4197779.1226,4237565.2779,-39786.1553,-0.47166,1963,1851
LINKUSDT,2026-06-25,W,0.0,127967.2657,-127967.2657,-100.0,0,1
LINKUSDT,2026-06-26,M,597100.9379,663588.5459,-66487.608,-5.273908,37,36
LINKUSDT,2026-06-26,R1,3622863.8186,3590542.8683,32320.9503,0.448068,26003,23275
LINKUSDT,2026-06-26,R2,3932987.5353,3787374.6907,145612.8446,1.886088,1863,1736
LINKUSDT,2026-06-27,M,259002.1004,305162.5958,-46160.4954,-8.182096,9,13
LINKUSDT,2026-06-27,R1,1204308.5165,1448714.3817,-244405.8652,-9.212354,9026,9907
LINKUSDT,2026-06-27,R2,1664689.102,1711311.4682,-46622.3662,-1.380994,788,799
LINKUSDT,2026-06-28,M,721409.5036,802623.2941,-81213.7905,-5.328874,39,38
LINKUSDT,2026-06-28,R1,1346756.7335,1567972.7197,-221215.9862,-7.589589,10976,12781
LINKUSDT,2026-06-28,R2,1995315.5592,2206728.7467,-211413.1875,-5.031198,854,933
LINKUSDT,2026-06-28,W,0.0,101282.7816,-101282.7816,-100.0,0,1
LINKUSDT,2026-06-29,M,919772.0531,928026.7045,-8254.6514,-0.446729,48,49
LINKUSDT,2026-06-29,R1,2942883.0922,3441311.7423,-498428.6501,-7.807228,25143,25791
LINKUSDT,2026-06-29,R2,4184532.3648,4658510.623,-473978.2582,-5.3599,1827,2138
LINKUSDT,2026-06-30,M,273511.1029,449432.7829,-175921.68,-24.334071,17,31
LINKUSDT,2026-06-30,R1,2810942.7125,3348080.354,-537137.6415,-8.72115,21215,18790
LINKUSDT,2026-06-30,R2,3621109.6638,4248313.2129,-627203.5491,-7.970134,1691,1841
LINKUSDT,2026-06-30,W,0.0,131472.3465,-131472.3465,-100.0,0,1
LINKUSDT,2026-07-01,M,680826.2889,375014.0806,305812.2083,28.963868,36,19
LINKUSDT,2026-07-01,R1,3006617.0167,3255829.2077,-249212.191,-3.97947,19758,23650
LINKUSDT,2026-07-01,R2,4048807.8267,4586496.14,-537688.3133,-6.226629,1889,2164
LINKUSDT,2026-07-02,M,453776.6688,532270.6426,-78493.9738,-7.960467,30,35
LINKUSDT,2026-07-02,R1,3675100.0058,4095302.6305,-420202.6247,-5.407733,26231,27227
LINKUSDT,2026-07-02,R2,6917638.4106,5864902.1484,1052736.2622,8.235736,3068,2682
LINKUSDT,2026-07-03,M,635874.3481,363401.6803,272472.6678,27.267007,42,28
LINKUSDT,2026-07-03,R1,3012807.603,3475982.3378,-463174.7348,-7.138076,21827,15968
LINKUSDT,2026-07-03,R2,3352907.1539,4898491.6403,-1545584.4864,-18.731182,1539,2502
LINKUSDT,2026-07-03,W,102647.7647,0.0,102647.7647,100.0,1,0
LINKUSDT,2026-07-04,M,401890.9649,474658.2035,-72767.2386,-8.301558,22,22
LINKUSDT,2026-07-04,R1,1783041.8171,1502941.1528,280100.6643,8.524106,13983,11077
LINKUSDT,2026-07-04,R2,2242665.9056,2414756.3461,-172090.4405,-3.694972,953,974
LINKUSDT,2026-07-04,W,113629.0582,0.0,113629.0582,100.0,1,0
LINKUSDT,2026-07-05,M,415007.8199,384384.8758,30622.9441,3.830776,20,19
LINKUSDT,2026-07-05,R1,1473132.4426,1321854.6884,151277.7542,5.412467,11912,10310
LINKUSDT,2026-07-05,R2,1812276.2292,2320905.8697,-508629.6405,-12.306006,768,954
LINKUSDT,2026-07-05,W,104439.0705,0.0,104439.0705,100.0,1,0
LINKUSDT,2026-07-06,M,472229.9152,805123.2905,-332893.3753,-26.061184,30,38
LINKUSDT,2026-07-06,R1,2592640.6094,2366486.268,226154.3414,4.560366,19315,17741
LINKUSDT,2026-07-06,R2,3365903.2566,5230618.9216,-1864715.665,-21.691512,1433,2279
LINKUSDT,2026-07-06,W,366469.9271,0.0,366469.9271,100.0,3,0
LINKUSDT,2026-07-07,M,205509.0399,296824.5824,-91315.5425,-18.178266,13,19
LINKUSDT,2026-07-07,R1,1725600.2576,2398087.4897,-672487.2321,-16.307909,15305,16100
LINKUSDT,2026-07-07,R2,2006763.7342,2198774.2152,-192010.481,-4.565658,963,982
LINKUSDT,2026-07-08,M,297406.858,597433.2734,-300026.4154,-33.528494,19,34
LINKUSDT,2026-07-08,R1,1743231.3175,2051872.8665,-308641.549,-8.132624,14422,19651
LINKUSDT,2026-07-08,R2,2728741.4945,2938028.0699,-209286.5754,-3.693225,1199,1275
LINKUSDT,2026-07-09,M,394681.7177,200624.3616,194057.3561,32.597913,17,14
LINKUSDT,2026-07-09,R1,1469708.3845,1730963.389,-261255.0045,-8.162505,11517,13135
LINKUSDT,2026-07-09,R2,1988407.1553,2050922.0941,-62514.9388,-1.547656,899,888
LINKUSDT,2026-07-10,M,204707.5648,344896.7102,-140189.1454,-25.507288,11,19
LINKUSDT,2026-07-10,R1,1857678.3343,1724332.2248,133346.1095,3.722661,12919,12391
LINKUSDT,2026-07-10,R2,2555459.2984,2537143.347,18315.9514,0.359658,1147,1028
LINKUSDT,2026-07-11,M,317130.5337,341111.7276,-23981.1939,-3.643217,15,14
LINKUSDT,2026-07-11,R1,1379087.8965,1374196.459,4891.4375,0.177658,10413,9640
LINKUSDT,2026-07-11,R2,1823897.5459,1994114.3613,-170216.8154,-4.458258,770,860
LINKUSDT,2026-07-11,W,0.0,105602.4717,-105602.4717,-100.0,0,1
LINKUSDT,2026-07-12,M,290428.5192,321389.5801,-30961.0609,-5.060501,12,17
LINKUSDT,2026-07-12,R1,1237830.5413,1485032.7677,-247202.2264,-9.07876,12432,11460
LINKUSDT,2026-07-12,R2,1659291.0662,2082681.7829,-423390.7167,-11.314639,701,910
LINKUSDT,2026-07-13,M,140408.3897,356043.2135,-215634.8238,-43.435216,8,24
LINKUSDT,2026-07-13,R1,2047157.0171,2320060.513,-272903.4959,-6.24891,15682,16586
LINKUSDT,2026-07-13,R2,2731680.3065,2802541.874,-70861.5675,-1.280425,1220,1234
LINKUSDT,2026-07-14,M,635121.8436,629901.097,5220.7466,0.4127,38,38
LINKUSDT,2026-07-14,R1,2551428.0855,2465589.1133,85838.9722,1.710956,19739,17490
LINKUSDT,2026-07-14,R2,4086606.8761,4641415.9439,-554809.0678,-6.356641,1789,2060
LINKUSDT,2026-07-15,M,761863.8106,798786.3982,-36922.5876,-2.365846,42,51
LINKUSDT,2026-07-15,R1,2717850.7225,2726869.4587,-9018.7362,-0.165642,18426,19326
LINKUSDT,2026-07-15,R2,4830145.9632,5547652.7742,-717506.811,-6.913863,2084,2352
LINKUSDT,2026-07-16,M,535816.9321,744550.3749,-208733.4428,-16.302622,33,56
LINKUSDT,2026-07-16,R1,2265834.5508,2650978.4746,-385143.9238,-7.833203,16164,15199
LINKUSDT,2026-07-16,R2,4438225.6744,4043925.4114,394300.263,4.648588,1822,1716
LINKUSDT,2026-07-17,M,679473.3412,541186.0176,138287.3236,11.328904,40,35
LINKUSDT,2026-07-17,R1,2497140.1365,2706134.4541,-208994.3176,-4.016592,18221,18068
LINKUSDT,2026-07-17,R2,4891739.7004,4271401.3158,620338.3846,6.769932,2081,1799
LINKUSDT,2026-07-18,M,304217.5546,302526.7159,1690.8387,0.278674,23,21
LINKUSDT,2026-07-18,R1,1083747.1749,1112336.5061,-28589.3312,-1.301833,7095,7834
LINKUSDT,2026-07-18,R2,3075130.1313,1922304.8196,1152825.3117,23.068341,1179,790
LINKUSDT,2026-07-19,M,142373.219,179129.3323,-36756.1133,-11.432604,11,12
LINKUSDT,2026-07-19,R1,757094.4671,899458.1106,-142363.6435,-8.593971,7248,7617
LINKUSDT,2026-07-19,R2,992782.7955,1346852.9242,-354070.1287,-15.133558,434,588
LINKUSDT,2026-07-20,M,507427.2711,611660.7932,-104233.5221,-9.314148,32,37
LINKUSDT,2026-07-20,R1,2100175.4003,2273250.0891,-173074.6888,-3.957417,19641,19244
LINKUSDT,2026-07-20,R2,3214609.655,3025354.8783,189254.7767,3.032946,1396,1318
LINKUSDT,2026-07-21,M,608458.5902,642999.1315,-34540.5413,-2.760025,30,26
LINKUSDT,2026-07-21,R1,2368401.0327,2297739.2475,70661.7852,1.514352,17193,15480
LINKUSDT,2026-07-21,R2,3929335.3544,2949202.1146,980133.2398,14.249152,1610,1358
LINKUSDT,2026-07-22,M,332958.2238,468565.5926,-135607.3688,-16.918695,21,30
LINKUSDT,2026-07-22,R1,1881942.9665,1911341.7034,-29398.7369,-0.775021,15474,14210
LINKUSDT,2026-07-22,R2,2653976.4817,2493346.2037,160630.278,3.120657,1165,1094
LINKUSDT,2026-07-23,M,146813.902,366312.3665,-219498.4645,-42.776696,8,20
LINKUSDT,2026-07-23,R1,1514837.3316,1579944.776,-65107.4444,-2.103781,11666,11017
LINKUSDT,2026-07-23,R2,2146220.5856,2151893.1282,-5672.5426,-0.131977,969,962
LINKUSDT,2026-07-24,M,122285.7336,458622.2624,-336336.5288,-57.898416,8,17
LINKUSDT,2026-07-24,R1,1304430.8737,1367827.5958,-63396.7221,-2.372402,10338,11073
LINKUSDT,2026-07-24,R2,1940839.5743,2080198.7792,-139359.2049,-3.465752,828,913
LINKUSDT,2026-07-24,W,0.0,120490.188,-120490.188,-100.0,0,1
LINKUSDT,2026-07-25,M,385493.5247,296874.2466,88619.2781,12.987026,25,13
LINKUSDT,2026-07-25,R1,854855.1209,920090.0532,-65234.9323,-3.675321,6125,7644
LINKUSDT,2026-07-25,R2,1647266.7605,1148918.1822,498348.5783,17.822447,648,507
LINKUSDT,2026-07-26,M,639255.0076,213827.5426,425427.465,49.869437,33,16
LINKUSDT,2026-07-26,R1,2154158.9497,1817802.05,336356.8997,8.468283,18811,12925
LINKUSDT,2026-07-26,R2,2299878.1224,2763926.4428,-464048.3204,-9.164025,982,1253
LINKUSDT,2026-07-27,M,489804.7966,536968.4511,-47163.6545,-4.593386,30,33
LINKUSDT,2026-07-27,R1,3126492.3603,3306379.8528,-179887.4925,-2.796379,37407,25405
LINKUSDT,2026-07-27,R2,4087791.6781,4199828.7423,-112037.0642,-1.35186,1786,1854
LINKUSDT,2026-07-27,W,0.0,168761.9549,-168761.9549,-100.0,0,1
LINKUSDT,2026-07-28,M,241939.4964,309351.7611,-67412.2647,-12.228067,12,17
LINKUSDT,2026-07-28,R1,2176462.5515,2317115.5528,-140653.0013,-3.130089,15327,15731
LINKUSDT,2026-07-28,R2,2260006.9119,3158409.1456,-898402.2337,-16.580532,1050,1297
LINKUSDT,2026-07-29,M,240667.7447,581502.6864,-340834.9417,-41.45551,16,31
LINKUSDT,2026-07-29,R1,2196180.8118,2314124.0839,-117943.2721,-2.614973,21138,18206
LINKUSDT,2026-07-29,R2,2497586.2032,3254481.9787,-756895.7755,-13.158672,1121,1350
LINKUSDT,2026-07-30,M,353133.5079,348588.2913,4545.2166,0.647723,19,20
LINKUSDT,2026-07-30,R1,1897510.354,2331108.6623,-433598.3083,-10.253899,14820,15496
LINKUSDT,2026-07-30,R2,2432057.5175,2348045.8142,84011.7033,1.757529,1131,1053
LINKUSDT,2026-07-31,M,171872.8484,566123.5499,-394250.7015,-53.421765,14,33
LINKUSDT,2026-07-31,R1,2418518.3706,2996932.2667,-578413.8961,-10.680808,15942,20724
LINKUSDT,2026-07-31,R2,2640302.6673,2830948.1763,-190645.509,-3.484496,1174,1270
LINKUSDT,2026-08-01,M,151459.3096,296847.0183,-145387.7087,-32.430439,8,20
LINKUSDT,2026-08-01,R1,1348969.0341,1328314.2086,20654.8255,0.771485,9551,9737
LINKUSDT,2026-08-01,R2,1834472.7037,2341982.9198,-507510.2161,-12.151697,781,942
LINKUSDT,2026-08-01,W,109622.991,0.0,109622.991,100.0,1,0
LINKUSDT,2026-08-02,M,239854.7178,562284.1132,-322429.3954,-40.196208,11,34
LINKUSDT,2026-08-02,R1,2719480.9998,1865761.5004,853719.4994,18.618852,25185,12759
LINKUSDT,2026-08-02,R2,3105015.6965,2780319.872,324695.8245,5.517032,1448,1222
LINKUSDT,2026-08-03,M,360031.1884,500225.4615,-140194.2731,-16.296796,15,34
LINKUSDT,2026-08-03,R1,1630229.504,1621739.376,8490.128,0.261077,15764,10880
LINKUSDT,2026-08-03,R2,1627511.6734,2975580.1618,-1348068.4884,-29.286152,784,1522
LINKUSDT,2026-08-04,M,207931.6228,330211.7214,-122280.0986,-22.722589,16,23
LINKUSDT,2026-08-04,R1,1959142.875,2695969.5848,-736826.7098,-15.828333,14138,18724
LINKUSDT,2026-08-04,R2,2780733.3966,3427037.8785,-646304.4819,-10.411216,1295,1777
LINKUSDT,2026-08-05,M,232270.4272,250768.0567,-18497.6295,-3.829432,11,15
LINKUSDT,2026-08-05,R1,1539256.7543,1552251.7772,-12995.0229,-0.420346,11170,11249
LINKUSDT,2026-08-05,R2,1698273.2817,1972828.857,-274555.5753,-7.478832,821,873
LINKUSDT,2026-08-06,M,381536.5378,377283.4692,4253.0686,0.560485,26,23
LINKUSDT,2026-08-06,R1,1930228.7766,2322024.3985,-391795.6219,-9.213836,13443,15913
LINKUSDT,2026-08-06,R2,2259272.2234,2620380.1178,-361107.8944,-7.400279,1033,1225
LINKUSDT,2026-08-07,M,170105.1846,304126.2235,-134021.0389,-28.260684,12,18
LINKUSDT,2026-08-07,R1,1627160.2069,1934435.3784,-307275.1715,-8.627458,11893,11721
LINKUSDT,2026-08-07,R2,1601032.693,2399461.9627,-798429.2697,-19.958264,797,1327
LINKUSDT,2026-08-07,W,118064.6028,0.0,118064.6028,100.0,1,0
LINKUSDT,2026-08-08,M,245750.7475,211665.9208,34084.8267,7.451593,18,16
LINKUSDT,2026-08-08,R1,1272584.0429,1188561.2914,84022.7515,3.41397,10755,7048
LINKUSDT,2026-08-08,R2,1843998.6342,2076007.3659,-232008.7317,-5.918581,842,1042
LINKUSDT,2026-08-09,M,290316.9682,376681.9236,-86364.9554,-12.948291,11,23
LINKUSDT,2026-08-09,R1,1636532.8926,1563306.852,73226.0406,2.288428,15206,8323
LINKUSDT,2026-08-09,R2,2259794.2202,2610730.6379,-350936.4177,-7.20531,1024,1055
LINKUSDT,2026-08-10,M,256738.0092,237231.4931,19506.5161,3.948931,17,12
LINKUSDT,2026-08-10,R1,2270175.8667,2204566.9882,65608.8785,1.466204,17690,15137
LINKUSDT,2026-08-10,R2,2651487.4614,2535260.8778,116226.5836,2.240837,1271,1177
LINKUSDT,2026-08-11,M,902851.1296,535844.6915,367006.4381,25.509662,37,31
LINKUSDT,2026-08-11,R1,8251485.0301,4706214.2629,3545270.7672,27.360341,101761,26259
LINKUSDT,2026-08-11,R2,8724629.3306,8601032.4401,123596.8905,0.713375,3971,3899
LINKUSDT,2026-08-12,M,985684.1493,534387.4245,451296.7248,29.689176,56,29
LINKUSDT,2026-08-12,R1,3185258.6004,2925693.5252,259565.0752,4.247539,30805,16880
LINKUSDT,2026-08-12,R2,5228435.1624,5817923.947,-589488.7846,-5.336498,2330,2521
LINKUSDT,2026-08-12,W,311663.6847,0.0,311663.6847,100.0,2,0
LINKUSDT,2026-08-13,M,430085.5201,231470.2,198615.3201,30.022463,16,13
LINKUSDT,2026-08-13,R1,2866716.5387,2496466.6705,370249.8682,6.903547,24996,15239
LINKUSDT,2026-08-13,R2,3021410.1372,3892918.8824,-871508.7452,-12.604386,1419,1824
LINKUSDT,2026-08-14,M,295263.3791,135457.1423,159806.2368,37.102072,12,8
LINKUSDT,2026-08-14,R1,4013091.8686,3018694.8085,994397.0601,14.141457,26624,17293
LINKUSDT,2026-08-14,R2,4226873.3786,4174639.7565,52233.6221,0.621717,2054,1902
LINKUSDT,2026-08-15,M,1465976.389,1014955.5843,451020.8047,18.179491,71,54
LINKUSDT,2026-08-15,R1,7347543.0577,7387310.9273,-39767.8696,-0.26989,63674,47628
LINKUSDT,2026-08-15,R2,10353422.0369,9909982.5262,443439.5107,2.188376,4928,4633
LINKUSDT,2026-08-15,W,0.0,121097.9168,-121097.9168,-100.0,0,1
LINKUSDT,2026-08-16,M,512894.5673,227671.7118,285222.8555,38.514156,21,14
LINKUSDT,2026-08-16,R1,2504127.2808,2565051.5843,-60924.3035,-1.201857,18764,16038
LINKUSDT,2026-08-16,R2,3272611.4725,4192928.5522,-920317.0797,-12.327535,1554,1976
LINKUSDT,2026-08-17,M,573399.943,470504.4097,102895.5333,9.856797,21,30
LINKUSDT,2026-08-17,R1,2715217.1513,2683618.8464,31598.3049,0.58528,19126,19812
LINKUSDT,2026-08-17,R2,3883369.3034,3692531.4695,190837.8339,2.519012,1843,1687
LINKUSDT,2026-08-17,W,0.0,109580.6717,-109580.6717,-100.0,0,1
LINKUSDT,2026-08-18,M,491593.9902,247004.3163,244589.6739,33.115385,23,17
LINKUSDT,2026-08-18,R1,2430627.8216,2645826.1627,-215198.3411,-4.239147,17964,22364
LINKUSDT,2026-08-18,R2,3177490.8177,3666784.6125,-489293.7948,-7.14895,1554,1755
LINKUSDT,2026-08-19,M,2658328.9924,2068330.3436,589998.6488,12.48236,129,101
LINKUSDT,2026-08-19,R1,11108309.5613,11798646.7747,-690337.2134,-3.013658,84546,95802
LINKUSDT,2026-08-19,R2,14299512.0516,13942535.9051,356976.1465,1.263988,6618,6725
LINKUSDT,2026-08-19,W,444257.0162,220618.966,223638.0502,33.636055,3,1
LINKUSDT,2026-08-20,M,986691.8961,1141722.7023,-155030.8062,-7.283863,57,58
LINKUSDT,2026-08-20,R1,7275495.9579,8003528.5479,-728032.59,-4.764915,57992,65834
LINKUSDT,2026-08-20,R2,7702628.6398,8243714.2221,-541085.5823,-3.393164,3928,4318
LINKUSDT,2026-08-20,W,585998.063,0.0,585998.063,100.0,4,0
LINKUSDT,2026-08-21,M,4144037.0128,2152673.386,1991363.6268,31.62546,198,124
LINKUSDT,2026-08-21,R1,21829010.9073,18217202.9845,3611807.9228,9.0191,150689,145669
LINKUSDT,2026-08-21,R2,23287495.5181,20001242.0003,3286253.5178,7.591475,11829,9372
LINKUSDT,2026-08-21,W,565519.5089,346887.9737,218631.5352,23.96205,3,3
LINKUSDT,2026-08-22,M,1676978.7889,2233559.4926,-556580.7037,-14.232841,86,133
LINKUSDT,2026-08-22,R1,21778547.5771,20272762.8152,1505784.7619,3.580827,167298,146118
LINKUSDT,2026-08-22,R2,17067584.8904,20074667.824,-3007082.9336,-8.096124,8352,9718
LINKUSDT,2026-08-22,W,568031.5582,111595.5412,456436.017,67.159773,4,1
LINKUSDT,2026-08-23,M,775295.3415,1336352.9218,-561057.5803,-26.569651,48,76
LINKUSDT,2026-08-23,R1,12003868.4106,13201084.4978,-1197216.0872,-4.749924,87444,88023
LINKUSDT,2026-08-23,R2,10388135.6368,13397880.7924,-3009745.1556,-12.653423,5114,6445
LINKUSDT,2026-08-23,W,209933.9,0.0,209933.9,100.0,1,0
LINKUSDT,2026-08-24,M,864626.4705,707829.0328,156797.4377,9.971502,46,52
LINKUSDT,2026-08-24,R1,10299047.0773,10606884.2295,-307837.1522,-1.472487,82748,70546
LINKUSDT,2026-08-24,R2,8716783.3842,9774239.3956,-1057456.0114,-5.718753,4503,4973
LINKUSDT,2026-08-24,W,0.0,106389.4072,-106389.4072,-100.0,0,1
LINKUSDT,2026-08-25,M,1096570.3614,859759.0264,236811.335,12.104881,54,57
LINKUSDT,2026-08-25,R1,8013983.3247,8876600.9263,-862617.6016,-5.107092,64401,67192
LINKUSDT,2026-08-25,R2,9593586.1711,9671736.9653,-78150.7942,-0.405655,4572,4615
LINKUSDT,2026-08-25,W,170476.606,0.0,170476.606,100.0,1,0
LINKUSDT,2026-08-26,M,447124.6145,1258871.6033,-811746.9888,-47.581992,23,57
LINKUSDT,2026-08-26,R1,4809445.6232,5020401.8783,-210956.2551,-2.146079,36507,40754
LINKUSDT,2026-08-26,R2,5221562.1057,5319248.0925,-97685.9868,-0.926741,2709,2633
LINKUSDT,2026-08-26,W,633274.0316,0.0,633274.0316,100.0,3,0
LINKUSDT,2026-08-27,M,1435494.6009,1421382.9427,14111.6582,0.493954,78,80
LINKUSDT,2026-08-27,R1,6751608.4133,6485187.15,266421.2633,2.012732,49919,48695
LINKUSDT,2026-08-27,R2,9683064.7015,8193523.7073,1489540.9942,8.332356,4477,3930
LINKUSDT,2026-08-27,W,166920.7236,106933.4781,59987.2455,21.904811,1,1
LINKUSDT,2026-08-28,M,1296298.7341,976540.8993,319757.8348,14.068649,72,68
LINKUSDT,2026-08-28,R1,5746399.1246,6532965.7441,-786566.6195,-6.405597,51748,55873
LINKUSDT,2026-08-28,R2,6525247.2885,8468759.2794,-1943511.9909,-12.961926,3019,3623
LINKUSDT,2026-08-28,W,178395.1185,280880.6494,-102485.5309,-22.314596,1,1
LINKUSDT,2026-08-29,M,681440.3074,432737.4666,248702.8408,22.321648,37,28
LINKUSDT,2026-08-29,R1,2832114.1902,2819160.401,12953.7892,0.229219,19891,20280
LINKUSDT,2026-08-29,R2,4214527.7928,3175789.155,1038738.6378,14.0554,1884,1488
LINKUSDT,2026-08-30,M,458234.2988,592167.7329,-133933.4341,-12.750683,27,33
LINKUSDT,2026-08-30,R1,4161877.2105,4467260.861,-305383.6505,-3.538982,30759,42392
LINKUSDT,2026-08-30,R2,4360377.5452,4793993.8051,-433616.2599,-4.736713,2123,2314
LINKUSDT,2026-08-30,W,0.0,277273.3425,-277273.3425,-100.0,0,1
LINKUSDT,2026-08-31,M,1364335.7947,1003518.732,360817.0627,15.238143,67,58
LINKUSDT,2026-08-31,R1,6504413.383,6627060.0605,-122646.6775,-0.93399,39854,51356
LINKUSDT,2026-08-31,R2,8291645.4141,9212343.7228,-920698.3087,-5.259934,3845,4285
LINKUSDT,2026-08-31,W,127388.7147,0.0,127388.7147,100.0,1,0
LINKUSDT,2026-09-01,M,591819.225,613257.3715,-21438.1465,-1.778986,38,36
LINKUSDT,2026-09-01,R1,6696540.9615,5889517.5026,807023.4589,6.412043,50401,49545
LINKUSDT,2026-09-01,R2,7132207.2618,8949434.3682,-1817227.1064,-11.30001,3146,4341
LINKUSDT,2026-09-01,W,114914.4546,0.0,114914.4546,100.0,1,0
MORPHOUSDT,2026-03-04,M,0.0,11464.2022,-11464.2022,-100.0,0,1
MORPHOUSDT,2026-03-04,R1,1283549.6692,1404005.42,-120455.7508,-4.481983,11958,12223
MORPHOUSDT,2026-03-04,R2,502405.3297,512164.0708,-9758.7411,-0.96186,308,275
MORPHOUSDT,2026-03-05,R1,1048012.7169,1196700.6213,-148687.9044,-6.623915,10022,10649
MORPHOUSDT,2026-03-05,R2,311726.6707,533243.4518,-221516.7811,-26.215931,189,277
MORPHOUSDT,2026-03-06,M,223168.0,132401.5433,90766.4567,25.527062,8,4
MORPHOUSDT,2026-03-06,R1,835393.4071,769255.8953,66137.5118,4.121618,9834,6488
MORPHOUSDT,2026-03-06,R2,423539.8294,389543.5595,33996.2699,4.181154,218,176
MORPHOUSDT,2026-03-07,M,108468.6034,32445.3179,76023.2855,53.95016,2,1
MORPHOUSDT,2026-03-07,R1,607337.9123,532104.577,75233.3353,6.602644,7635,4726
MORPHOUSDT,2026-03-07,R2,312415.5618,171081.262,141334.2998,29.231691,168,104
MORPHOUSDT,2026-03-08,M,172455.4115,156586.382,15869.0295,4.822801,5,3
MORPHOUSDT,2026-03-08,R1,614018.9276,699689.0881,-85670.1605,-6.521248,7248,5868
MORPHOUSDT,2026-03-08,R2,454860.8986,470439.4113,-15578.5127,-1.683617,238,230
MORPHOUSDT,2026-03-08,W,170317.1129,0.0,170317.1129,100.0,1,0
MORPHOUSDT,2026-03-09,M,59853.268,53625.3013,6227.9667,5.488232,1,3
MORPHOUSDT,2026-03-09,R1,807792.6497,862374.936,-54582.2863,-3.268072,5876,6920
MORPHOUSDT,2026-03-09,R2,398155.9567,317750.887,80405.0697,11.23122,224,172
MORPHOUSDT,2026-03-10,M,174829.5685,650501.8174,-475672.2489,-57.634092,10,15
MORPHOUSDT,2026-03-10,R1,1367691.0579,1339496.7693,28194.2886,1.04146,10675,10620
MORPHOUSDT,2026-03-10,R2,1034703.2864,886044.6329,148658.6535,7.739623,532,467
MORPHOUSDT,2026-03-11,M,67760.1567,71027.2982,-3267.1415,-2.354061,4,5
MORPHOUSDT,2026-03-11,R1,752472.0863,604004.599,148467.4873,10.945082,6932,5394
MORPHOUSDT,2026-03-11,R2,455927.4999,463094.8735,-7167.3736,-0.779891,243,228
MORPHOUSDT,2026-03-12,M,0.0,85493.508,-85493.508,-100.0,0,2
MORPHOUSDT,2026-03-12,R1,653529.0104,702989.964,-49460.9536,-3.646167,7193,5974
MORPHOUSDT,2026-03-12,R2,253753.5769,240788.647,12964.9299,2.621602,135,117
MORPHOUSDT,2026-03-13,M,0.0,15678.9466,-15678.9466,-100.0,0,1
MORPHOUSDT,2026-03-13,R1,1044772.8008,734087.1708,310685.63,17.465435,8554,5947
MORPHOUSDT,2026-03-13,R2,479697.7956,527283.4401,-47585.6445,-4.725574,251,260
MORPHOUSDT,2026-03-14,R1,299453.8121,347532.5127,-48078.7006,-7.431177,2926,2512
MORPHOUSDT,2026-03-14,R2,176636.1394,224150.2131,-47514.0737,-11.855212,110,114
MORPHOUSDT,2026-03-15,M,0.0,18773.2097,-18773.2097,-100.0,0,1
MORPHOUSDT,2026-03-15,R1,374673.8917,424545.1967,-49871.305,-6.240004,3088,3206
MORPHOUSDT,2026-03-15,R2,285570.968,233690.6942,51880.2738,9.991162,143,129
MORPHOUSDT,2026-03-16,M,0.0,16774.393,-16774.393,-100.0,0,1
MORPHOUSDT,2026-03-16,R1,720409.784,650815.1559,69594.6281,5.075362,5755,5345
MORPHOUSDT,2026-03-16,R2,433824.7003,297945.1851,135879.5152,18.568613,229,162
MORPHOUSDT,2026-03-17,M,46586.3837,76578.5555,-29992.1718,-24.351225,3,4
MORPHOUSDT,2026-03-17,R1,1025634.4484,993370.7001,32263.7483,1.598002,8901,7800
MORPHOUSDT,2026-03-17,R2,461757.6603,468712.1767,-6954.5164,-0.74742,226,255
MORPHOUSDT,2026-03-18,M,14317.7003,0.0,14317.7003,100.0,1,0
MORPHOUSDT,2026-03-18,R1,963444.6735,765031.1554,198413.5181,11.479103,7757,6598
MORPHOUSDT,2026-03-18,R2,361813.3241,362667.375,-854.0509,-0.117885,219,194
MORPHOUSDT,2026-03-19,M,0.0,72272.8662,-72272.8662,-100.0,0,4
MORPHOUSDT,2026-03-19,R1,569419.1197,579296.4729,-9877.3532,-0.859861,4312,4691
MORPHOUSDT,2026-03-19,R2,319737.7241,400412.1442,-80674.4201,-11.202449,196,217
MORPHOUSDT,2026-03-20,R1,361056.268,326096.7084,34959.5596,5.087595,2924,2938
MORPHOUSDT,2026-03-20,R2,237460.3857,120793.9732,116666.4125,32.565246,142,78
MORPHOUSDT,2026-03-21,M,17271.27,0.0,17271.27,100.0,1,0
MORPHOUSDT,2026-03-21,R1,278527.7648,209152.1887,69375.5761,14.225636,2485,2048
MORPHOUSDT,2026-03-21,R2,113982.4224,141375.0505,-27392.6281,-10.727169,70,79
MORPHOUSDT,2026-03-22,M,11021.8291,16407.2885,-5385.4594,-19.634096,1,1
MORPHOUSDT,2026-03-22,R1,420923.0969,423635.198,-2712.1011,-0.321127,3350,3032
MORPHOUSDT,2026-03-22,R2,261734.7971,276904.0017,-15169.2046,-2.816211,155,145
MORPHOUSDT,2026-03-23,M,12475.5196,28594.4407,-16118.9211,-39.247472,1,2
MORPHOUSDT,2026-03-23,R1,705548.6586,608094.5018,97454.1568,7.418617,4782,4612
MORPHOUSDT,2026-03-23,R2,253058.7461,276348.5912,-23289.8451,-4.39923,145,140
MORPHOUSDT,2026-03-24,M,49372.7151,53101.3225,-3728.6074,-3.638587,3,2
MORPHOUSDT,2026-03-24,R1,609308.6556,598862.9194,10445.7362,0.86459,3702,3744
MORPHOUSDT,2026-03-24,R2,297679.6521,331704.0586,-34024.4065,-5.405988,169,181
MORPHOUSDT,2026-03-25,M,47089.6165,0.0,47089.6165,100.0,3,0
MORPHOUSDT,2026-03-25,R1,536985.7605,502056.7983,34928.9622,3.361649,3352,3383
MORPHOUSDT,2026-03-25,R2,265681.6641,267794.93,-2113.2659,-0.396131,152,157
MORPHOUSDT,2026-03-26,M,0.0,99634.0837,-99634.0837,-100.0,0,5
MORPHOUSDT,2026-03-26,R1,461145.7554,486211.6361,-25065.8807,-2.645874,3212,3415
MORPHOUSDT,2026-03-26,R2,268514.0527,262090.1255,6423.9272,1.210682,162,132
MORPHOUSDT,2026-03-27,M,52142.1517,39111.2838,13030.8679,14.279866,3,2
MORPHOUSDT,2026-03-27,R1,533564.2068,510433.3049,23130.9019,2.215609,3501,3936
MORPHOUSDT,2026-03-27,R2,278693.929,298172.532,-19478.603,-3.376623,164,175
MORPHOUSDT,2026-03-28,R1,351698.4746,246635.9591,105062.5155,17.559162,2734,2329
MORPHOUSDT,2026-03-28,R2,104154.0417,104116.0522,37.9895,0.01824,49,63
MORPHOUSDT,2026-03-29,R1,133520.6753,132114.8936,1405.7817,0.529214,1784,1124
MORPHOUSDT,2026-03-29,R2,62299.9476,72134.6748,-9834.7272,-7.315621,30,37
MORPHOUSDT,2026-03-30,R1,444775.1578,230177.3526,214597.8052,31.794504,5315,1826
MORPHOUSDT,2026-03-30,R2,111590.7085,134040.0863,-22449.3778,-9.13948,72,76
MORPHOUSDT,2026-03-31,R1,322102.4389,239638.8961,82463.5428,14.679985,4811,2980
MORPHOUSDT,2026-03-31,R2,56262.6108,45724.278,10538.3328,10.333027,33,26
MORPHOUSDT,2026-04-01,M,12733.4739,14144.9474,-1411.4735,-5.251326,1,1
MORPHOUSDT,2026-04-01,R1,1065029.1174,744442.3314,320586.786,17.717151,11384,5392
MORPHOUSDT,2026-04-01,R2,783277.0544,420550.4071,362726.6473,30.131116,357,235
MORPHOUSDT,2026-04-02,R1,330990.1167,295858.5228,35131.5939,5.604478,3513,3150
MORPHOUSDT,2026-04-02,R2,108931.9323,99992.4743,8939.458,4.2788,68,63
MORPHOUSDT,2026-04-03,R1,206947.6894,165324.5733,41623.1161,11.180827,2441,2129
MORPHOUSDT,2026-04-03,R2,40037.4063,49879.3707,-9841.9644,-10.945637,25,31
MORPHOUSDT,2026-04-04,R1,136507.0128,141282.939,-4775.9262,-1.719258,1660,1885
MORPHOUSDT,2026-04-04,R2,22173.0416,23415.2083,-1242.1667,-2.724752,14,14
MORPHOUSDT,2026-04-05,R1,119751.7858,106430.4392,13321.3466,5.889652,1535,1581
MORPHOUSDT,2026-04-05,R2,40246.4549,47334.7744,-7088.3195,-8.093423,22,29
MORPHOUSDT,2026-04-06,M,0.0,28931.1503,-28931.1503,-100.0,0,2
MORPHOUSDT,2026-04-06,R1,599928.3235,650105.3963,-50177.0728,-4.014058,6177,6452
MORPHOUSDT,2026-04-06,R2,304033.1562,284337.3748,19695.7814,3.347513,164,148
MORPHOUSDT,2026-04-07,M,122925.0931,11104.2254,111820.8677,83.430155,6,1
MORPHOUSDT,2026-04-07,R1,671999.958,749460.4787,-77460.5207,-5.449362,7251,7628
MORPHOUSDT,2026-04-07,R2,355952.9658,271551.0085,84401.9573,13.450426,207,153
MORPHOUSDT,2026-04-08,R1,654316.3067,623399.8663,30916.4404,2.419664,6906,5621
MORPHOUSDT,2026-04-08,R2,160558.0366,185108.4636,-24550.427,-7.102345,111,111
MORPHOUSDT,2026-04-09,M,140208.6896,21171.8989,119036.7907,73.76153,6,1
MORPHOUSDT,2026-04-09,R1,1278414.3765,1253327.9115,25086.465,0.990878,13301,10060
MORPHOUSDT,2026-04-09,R2,376388.0447,289160.5752,87227.4695,13.1061,223,181
MORPHOUSDT,2026-04-10,M,10692.9149,36308.4104,-25615.4955,-54.499517,1,2
MORPHOUSDT,2026-04-10,R1,1019485.2925,909760.3444,109724.9481,5.687453,8943,6347
MORPHOUSDT,2026-04-10,R2,424521.0634,283332.6701,141188.3933,19.945984,235,178
MORPHOUSDT,2026-04-11,M,0.0,79766.7573,-79766.7573,-100.0,0,3
MORPHOUSDT,2026-04-11,R1,465722.8799,455528.3026,10194.5773,1.106601,4507,8334
MORPHOUSDT,2026-04-11,R2,246928.0158,108668.2383,138259.7775,38.881112,141,66
MORPHOUSDT,2026-04-12,M,14160.1242,55016.2198,-40856.0956,-59.06079,1,3
MORPHOUSDT,2026-04-12,R1,449503.7756,372662.4165,76841.3591,9.346208,4007,9559
MORPHOUSDT,2026-04-12,R2,169067.3218,124827.3048,44240.017,15.05302,104,73
MORPHOUSDT,2026-04-13,M,0.0,10080.4763,-10080.4763,-100.0,0,1
MORPHOUSDT,2026-04-13,R1,412253.9464,434790.8201,-22536.8737,-2.660647,3764,7612
MORPHOUSDT,2026-04-13,R2,216277.2841,151713.3392,64563.9449,17.544997,130,87
MORPHOUSDT,2026-04-14,M,0.0,21237.7649,-21237.7649,-100.0,0,1
MORPHOUSDT,2026-04-14,R1,430458.4849,421815.2244,8643.2605,1.014141,3529,7954
MORPHOUSDT,2026-04-14,R2,128516.2815,102792.2779,25724.0036,11.121077,81,66
MORPHOUSDT,2026-04-15,M,15797.2832,0.0,15797.2832,100.0,1,0
MORPHOUSDT,2026-04-15,R1,419305.8386,515398.625,-96092.7864,-10.280553,5019,5929
MORPHOUSDT,2026-04-15,R2,137788.5545,146735.698,-8947.1435,-3.144598,86,85
MORPHOUSDT,2026-04-16,M,57238.0519,11717.2282,45520.8237,66.014994,4,1
MORPHOUSDT,2026-04-16,R1,1203774.2817,1064760.4421,139013.8396,6.127913,17106,10868
MORPHOUSDT,2026-04-16,R2,401411.4774,345823.6654,55587.812,7.439132,235,188
MORPHOUSDT,2026-04-17,M,102070.1934,47006.3282,55063.8652,36.936645,3,2
MORPHOUSDT,2026-04-17,R1,1003019.7464,1254942.5171,-251922.7707,-11.157085,14739,10568
MORPHOUSDT,2026-04-17,R2,430618.18,518614.53,-87996.35,-9.270261,239,307
MORPHOUSDT,2026-04-18,M,0.0,11663.6593,-11663.6593,-100.0,0,1
MORPHOUSDT,2026-04-18,R1,582287.4987,601991.3227,-19703.824,-1.663783,6563,5440
MORPHOUSDT,2026-04-18,R2,235611.665,175670.1088,59941.5562,14.574328,148,114
MORPHOUSDT,2026-04-19,M,140661.0226,27594.0139,113067.0087,67.199777,7,2
MORPHOUSDT,2026-04-19,R1,1304529.8063,1517172.4507,-212642.6444,-7.53597,17670,14159
MORPHOUSDT,2026-04-19,R2,605286.4896,607255.7102,-1969.2206,-0.162404,340,360
MORPHOUSDT,2026-04-20,M,10757.7244,45830.6905,-35072.9661,-61.979057,1,2
MORPHOUSDT,2026-04-20,R1,371031.7313,372288.0407,-1256.3094,-0.169013,4382,3809
MORPHOUSDT,2026-04-20,R2,158670.3198,173419.5617,-14749.2419,-4.44134,105,103
MORPHOUSDT,2026-04-21,M,0.0,64419.4237,-64419.4237,-100.0,0,4
MORPHOUSDT,2026-04-21,R1,544634.4338,595038.2353,-50403.8015,-4.422656,5567,6832
MORPHOUSDT,2026-04-21,R2,277017.278,229192.7772,47824.5008,9.44756,160,136
MORPHOUSDT,2026-04-22,M,17234.4422,58356.9756,-41122.5334,-54.401061,1,4
MORPHOUSDT,2026-04-22,R1,507367.9385,586156.056,-78788.1175,-7.204974,5132,5615
MORPHOUSDT,2026-04-22,R2,272004.3713,181038.9279,90965.4434,20.078753,152,102
MORPHOUSDT,2026-04-23,R1,487753.788,558386.071,-70632.283,-6.751706,6367,10522
MORPHOUSDT,2026-04-23,R2,173078.0368,129535.9083,43542.1285,14.388672,107,71
MORPHOUSDT,2026-04-24,M,25183.813,25571.3338,-387.5208,-0.76351,2,2
MORPHOUSDT,2026-04-24,R1,417052.9601,370800.9526,46252.0075,5.870632,5052,8889
MORPHOUSDT,2026-04-24,R2,209978.6713,150788.2079,59190.4634,16.406845,118,92
MORPHOUSDT,2026-04-25,M,0.0,17840.4626,-17840.4626,-100.0,0,1
MORPHOUSDT,2026-04-25,R1,364610.2786,353510.7729,11099.5057,1.545632,5885,12912
MORPHOUSDT,2026-04-25,R2,224188.2585,152947.9881,71240.2704,18.889797,104,83
MORPHOUSDT,2026-04-26,M,23895.4875,28052.9053,-4157.4178,-8.002977,1,2
MORPHOUSDT,2026-04-26,R1,474793.1167,425900.9348,48892.1819,5.428279,7373,5258
MORPHOUSDT,2026-04-26,R2,109808.6147,166413.1632,-56604.5485,-20.492428,73,93
MORPHOUSDT,2026-04-27,M,11718.8416,16729.4014,-5010.5598,-17.612897,1,1
MORPHOUSDT,2026-04-27,R1,440487.0004,388679.33,51807.6704,6.248164,5910,3546
MORPHOUSDT,2026-04-27,R2,124053.0229,123949.688,103.3349,0.041667,58,83
MORPHOUSDT,2026-04-28,R1,292920.6979,263176.5013,29744.1966,5.348741,3139,2463
MORPHOUSDT,2026-04-28,R2,60634.2783,72858.7291,-12224.4508,-9.157372,31,45
MORPHOUSDT,2026-04-29,R1,631794.1605,654729.9038,-22935.7433,-1.782768,5633,5463
MORPHOUSDT,2026-04-29,R2,228065.4365,213119.5242,14945.9123,3.387675,132,125
MORPHOUSDT,2026-04-30,M,75234.2451,70718.646,4515.5991,3.093874,2,3
MORPHOUSDT,2026-04-30,R1,655514.9395,588847.9144,66667.0251,5.357523,9227,6613
MORPHOUSDT,2026-04-30,R2,253778.3878,231941.6861,21836.7017,4.495738,151,119
MORPHOUSDT,2026-05-01,M,24094.103,0.0,24094.103,100.0,1,0
MORPHOUSDT,2026-05-01,R1,462192.6017,259351.3888,202841.2129,28.112106,9177,2862
MORPHOUSDT,2026-05-01,R2,125757.2575,63115.1191,62642.1384,33.166384,83,40
MORPHOUSDT,2026-05-02,M,17363.8228,0.0,17363.8228,100.0,1,0
MORPHOUSDT,2026-05-02,R1,434410.0094,216158.1055,218251.9039,33.547894,6963,1816
MORPHOUSDT,2026-05-02,R2,159432.0905,75373.882,84058.2085,35.799008,95,46
MORPHOUSDT,2026-05-03,R1,330206.047,203812.3311,126393.7159,23.668421,2757,1755
MORPHOUSDT,2026-05-03,R2,128525.898,54371.9624,74153.9356,40.543905,68,35
MORPHOUSDT,2026-05-04,M,17833.8308,10495.95,7337.8808,25.90165,1,1
MORPHOUSDT,2026-05-04,R1,714981.6815,839416.5989,-124434.9174,-8.005343,5171,6815
MORPHOUSDT,2026-05-04,R2,216951.6457,432448.1418,-215496.4961,-33.183949,137,237
MORPHOUSDT,2026-05-05,M,113396.1725,110989.7078,2406.4647,1.072467,6,9
MORPHOUSDT,2026-05-05,R1,3899805.4029,3423740.2754,476065.1275,6.500473,29418,49515
MORPHOUSDT,2026-05-05,R2,1187919.1345,1236765.3524,-48846.2179,-2.014539,656,652
MORPHOUSDT,2026-05-06,M,181470.2167,31711.8234,149758.3933,70.249067,4,2
MORPHOUSDT,2026-05-06,R1,1610238.3512,1087623.2555,522615.0957,19.371457,17574,8865
MORPHOUSDT,2026-05-06,R2,389460.8842,367612.5572,21848.327,2.885893,228,207
MORPHOUSDT,2026-05-07,M,38555.0595,11717.155,26837.9045,53.385165,3,1
MORPHOUSDT,2026-05-07,R1,1052622.5909,856062.8009,196559.79,10.298176,11980,8083
MORPHOUSDT,2026-05-07,R2,380877.9395,360006.4728,20871.4667,2.817102,220,193
MORPHOUSDT,2026-05-08,M,22851.383,0.0,22851.383,100.0,1,0
MORPHOUSDT,2026-05-08,R1,853958.9544,828027.0896,25931.8648,1.541741,8160,9028
MORPHOUSDT,2026-05-08,R2,221953.528,198975.0979,22978.4301,5.458985,130,113
MORPHOUSDT,2026-05-09,M,35295.0003,41934.1763,-6639.176,-8.59672,3,2
MORPHOUSDT,2026-05-09,R1,769993.0082,727871.4656,42121.5426,2.812106,6510,6624
MORPHOUSDT,2026-05-09,R2,266120.2597,205215.371,60904.8887,12.921766,171,126
MORPHOUSDT,2026-05-10,M,21159.5189,13525.717,7633.8019,22.008793,2,1
MORPHOUSDT,2026-05-10,R1,695822.708,610332.0728,85490.6352,6.545215,7338,4948
MORPHOUSDT,2026-05-10,R2,177237.3108,156888.3045,20349.0063,6.090226,104,95
MORPHOUSDT,2026-05-11,M,21093.336,16044.7246,5048.6114,13.594171,1,1
MORPHOUSDT,2026-05-11,R1,595448.5192,454055.8396,141392.6796,13.472329,5514,3687
MORPHOUSDT,2026-05-11,R2,102882.7426,114916.9619,-12034.2193,-5.525361,68,72
MORPHOUSDT,2026-05-12,M,13639.3524,32500.3803,-18861.0279,-40.878061,1,2
MORPHOUSDT,2026-05-12,R1,641659.2872,603814.8046,37844.4826,3.03856,4954,7337
MORPHOUSDT,2026-05-12,R2,189743.9354,214036.122,-24292.1866,-6.016193,116,123
MORPHOUSDT,2026-05-13,M,0.0,83232.5167,-83232.5167,-100.0,0,3
MORPHOUSDT,2026-05-13,R1,430537.3466,393412.7701,37124.5765,4.505683,3573,3413
MORPHOUSDT,2026-05-13,R2,110265.3153,207566.3577,-97301.0424,-30.614017,68,123
MORPHOUSDT,2026-05-14,M,94968.7381,108465.1813,-13496.4432,-6.634313,5,6
MORPHOUSDT,2026-05-14,R1,794078.6551,803909.9014,-9831.2463,-0.615226,7297,8842
MORPHOUSDT,2026-05-14,R2,375065.196,264868.0498,110197.1462,17.2201,215,147
MORPHOUSDT,2026-05-15,M,0.0,52820.384,-52820.384,-100.0,0,3
MORPHOUSDT,2026-05-15,R1,1137157.3464,1090649.3378,46508.0086,2.087614,10081,14659
MORPHOUSDT,2026-05-15,R2,426891.8959,311099.0468,115792.8491,15.690281,244,170
MORPHOUSDT,2026-05-16,M,93363.6173,0.0,93363.6173,100.0,4,0
MORPHOUSDT,2026-05-16,R1,380055.7643,342087.562,37968.2023,5.25771,2964,3597
MORPHOUSDT,2026-05-16,R2,256969.7649,154420.9398,102548.8251,24.927356,133,85
MORPHOUSDT,2026-05-17,R1,311976.6515,284987.4864,26989.1651,4.52107,2538,2577
MORPHOUSDT,2026-05-17,R2,77447.2006,111686.7441,-34239.5435,-18.103331,55,62
MORPHOUSDT,2026-05-18,M,93000.7538,34037.3018,58963.452,46.414007,5,2
MORPHOUSDT,2026-05-18,R1,979651.0294,1029330.6275,-49679.5981,-2.472875,9661,14215
MORPHOUSDT,2026-05-18,R2,373467.9501,275087.1209,98380.8292,15.169233,183,164
MORPHOUSDT,2026-05-19,R1,460531.9803,498799.7513,-38267.771,-3.989003,3640,3859
MORPHOUSDT,2026-05-19,R2,208675.5803,184297.7487,24377.8316,6.203432,110,100
MORPHOUSDT,2026-05-20,M,262571.5062,99255.8294,163315.6768,45.136357,6,5
MORPHOUSDT,2026-05-20,R1,730317.0503,733139.3815,-2822.3312,-0.192854,5270,7020
MORPHOUSDT,2026-05-20,R2,376210.311,389989.1632,-13778.8522,-1.798337,202,199
MORPHOUSDT,2026-05-21,M,75446.4398,22885.1615,52561.2783,53.453089,5,2
MORPHOUSDT,2026-05-21,R1,730365.3214,796473.6151,-66108.2937,-4.329749,4534,6710
MORPHOUSDT,2026-05-21,R2,361709.1481,309109.5089,52599.6392,7.841112,207,170
MORPHOUSDT,2026-05-22,M,25138.1549,10873.5848,14264.5701,39.610889,1,1
MORPHOUSDT,2026-05-22,R1,1045463.7123,747755.9484,297707.7639,16.601857,6143,5164
MORPHOUSDT,2026-05-22,R2,229637.5774,249292.6141,-19655.0367,-4.103946,137,147
MORPHOUSDT,2026-05-23,M,20213.7136,75410.4582,-55196.7446,-57.722586,1,4
MORPHOUSDT,2026-05-23,R1,818375.4716,601936.5257,216438.9459,15.238831,6483,5806
MORPHOUSDT,2026-05-23,R2,180548.3232,224856.8869,-44308.5637,-10.929451,115,133
MORPHOUSDT,2026-05-24,M,55272.9726,0.0,55272.9726,100.0,2,0
MORPHOUSDT,2026-05-24,R1,1075597.5217,984742.0782,90855.4435,4.409731,9051,8622
MORPHOUSDT,2026-05-24,R2,426584.6189,382482.29,44102.3289,5.451011,241,227
MORPHOUSDT,2026-05-25,M,172906.8848,329955.0069,-157048.1221,-31.230866,13,9
MORPHOUSDT,2026-05-25,R1,2129191.449,1510098.4782,619092.9708,17.011367,19579,10237
MORPHOUSDT,2026-05-25,R2,1728725.7077,921496.598,807229.1097,30.458921,834,495
MORPHOUSDT,2026-05-26,M,167473.3862,232554.0243,-65080.6381,-16.269045,9,5
MORPHOUSDT,2026-05-26,R1,1401581.2567,1147339.4181,254241.8386,9.97449,14567,10272
MORPHOUSDT,2026-05-26,R2,937164.5841,557650.9236,379513.6605,25.388662,454,309
MORPHOUSDT,2026-05-27,M,52762.5385,191269.9783,-138507.4398,-56.75778,4,10
MORPHOUSDT,2026-05-27,R1,896189.063,1193921.4701,-297732.4071,-14.244816,7436,10607
MORPHOUSDT,2026-05-27,R2,563006.0961,734327.8877,-171321.7916,-13.205681,261,320
MORPHOUSDT,2026-05-28,M,41928.293,82433.636,-40505.343,-32.570533,1,5
MORPHOUSDT,2026-05-28,R1,499662.7992,495097.1986,4565.6006,0.458965,4274,4613
MORPHOUSDT,2026-05-28,R2,158598.99,245642.7014,-87043.7114,-21.532591,91,140
MORPHOUSDT,2026-05-29,M,11457.319,13665.5915,-2208.2725,-8.789875,1,1
MORPHOUSDT,2026-05-29,R1,542484.762,396424.8029,146059.9591,15.556339,4958,4204
MORPHOUSDT,2026-05-29,R2,268349.6556,125376.1784,142973.4772,36.312953,139,67
MORPHOUSDT,2026-05-30,M,0.0,22057.8333,-22057.8333,-100.0,0,1
MORPHOUSDT,2026-05-30,R1,406855.0899,448414.1175,-41559.0276,-4.859175,3578,4309
MORPHOUSDT,2026-05-30,R2,218340.9423,219952.5203,-1611.578,-0.367694,130,105
MORPHOUSDT,2026-05-31,R1,301958.7967,319890.6434,-17931.8467,-2.883632,2853,2836
MORPHOUSDT,2026-05-31,R2,99261.4315,118904.5497,-19643.1182,-9.003749,63,67
MORPHOUSDT,2026-06-01,M,10670.1046,219003.0105,-208332.9059,-90.708443,1,15
MORPHOUSDT,2026-06-01,R1,858250.5198,1048451.5416,-190201.0218,-9.975393,6439,11773
MORPHOUSDT,2026-06-01,R2,311727.2671,580729.1399,-269001.8728,-30.141738,189,279
MORPHOUSDT,2026-06-02,M,0.0,12396.8,-12396.8,-100.0,0,1
MORPHOUSDT,2026-06-02,R1,646817.2842,802788.5767,-155971.2925,-10.759566,5550,10716
MORPHOUSDT,2026-06-02,R2,226638.6624,378869.2058,-152230.5434,-25.140969,139,191
MORPHOUSDT,2026-06-03,M,148972.1041,35996.1416,112975.9625,61.078572,11,3
MORPHOUSDT,2026-06-03,R1,942918.1364,1063251.2194,-120333.083,-5.998152,10210,11662
MORPHOUSDT,2026-06-03,R2,568200.9787,532659.7247,35541.254,3.228497,298,282
MORPHOUSDT,2026-06-04,M,0.0,33246.2034,-33246.2034,-100.0,0,1
MORPHOUSDT,2026-06-04,R1,651942.7322,584208.6717,67734.0605,5.479431,8483,6300
MORPHOUSDT,2026-06-04,R2,144347.4463,198800.2703,-54452.824,-15.868625,85,105
MORPHOUSDT,2026-06-05,M,38750.2384,58429.1108,-19678.8724,-20.250056,2,4
MORPHOUSDT,2026-06-05,R1,835109.4572,840155.9209,-5046.4637,-0.301234,9285,14491
MORPHOUSDT,2026-06-05,R2,363556.8016,329924.6486,33632.153,4.849755,200,172
MORPHOUSDT,2026-06-06,R1,257197.5257,258853.8974,-1656.3717,-0.32097,3292,3418
MORPHOUSDT,2026-06-06,R2,62599.0942,49790.2897,12808.8045,11.39681,38,30
MORPHOUSDT,2026-06-07,M,16649.7973,33798.087,-17148.2897,-33.992089,1,2
MORPHOUSDT,2026-06-07,R1,450075.6779,380036.2204,70039.4575,8.437351,4569,4695
MORPHOUSDT,2026-06-07,R2,220249.8766,80276.9285,139972.9481,46.575861,107,46
MORPHOUSDT,2026-06-08,M,79998.0695,34097.5907,45900.4788,40.22982,4,3
MORPHOUSDT,2026-06-08,R1,983028.1842,907223.9546,75804.2296,4.010271,8621,12380
MORPHOUSDT,2026-06-08,R2,429503.138,320574.1438,108928.9942,14.522369,243,163
MORPHOUSDT,2026-06-09,M,173298.6253,205717.0824,-32418.4571,-8.553328,9,11
MORPHOUSDT,2026-06-09,R1,1798053.6585,1878967.7422,-80914.0837,-2.200533,25501,26071
MORPHOUSDT,2026-06-09,R2,442779.724,632724.1648,-189944.4408,-17.660972,227,310
MORPHOUSDT,2026-06-10,M,225488.6628,113084.6491,112404.0137,33.199313,6,6
MORPHOUSDT,2026-06-10,R1,1800556.4194,2000489.0565,-199932.6371,-5.259938,21006,20925
MORPHOUSDT,2026-06-10,R2,799554.8318,721704.7393,77850.0925,5.117476,404,403
MORPHOUSDT,2026-06-11,M,343534.3396,521900.8899,-178366.5503,-20.61004,13,17
MORPHOUSDT,2026-06-11,R1,1439516.6936,1439886.6059,-369.9123,-0.012847,16844,13662
MORPHOUSDT,2026-06-11,R2,740437.8076,665302.0693,75135.7383,5.344925,339,357
MORPHOUSDT,2026-06-12,M,64622.4727,58300.7793,6321.6934,5.142797,4,3
MORPHOUSDT,2026-06-12,R1,608182.2771,584673.7396,23508.5375,1.970777,7784,5900
MORPHOUSDT,2026-06-12,R2,212546.0849,181186.1041,31359.9808,7.9648,118,99
MORPHOUSDT,2026-06-13,M,46402.9886,178499.6426,-132096.654,-58.735042,3,4
MORPHOUSDT,2026-06-13,R1,415485.7355,353529.6971,61956.0384,8.05654,4931,3374
MORPHOUSDT,2026-06-13,R2,164985.5891,132553.2516,32432.3375,10.900203,82,71
MORPHOUSDT,2026-06-14,M,55273.2691,10223.1888,45050.0803,68.782468,3,1
MORPHOUSDT,2026-06-14,R1,363843.7948,290933.7118,72910.083,11.135093,5055,3244
MORPHOUSDT,2026-06-14,R2,84437.3042,93995.235,-9557.9308,-5.356608,47,45
MORPHOUSDT,2026-06-15,M,24546.6992,138202.7784,-113656.0792,-69.834989,1,5
MORPHOUSDT,2026-06-15,R1,508975.3407,540115.9571,-31140.6164,-2.968342,5849,5604
MORPHOUSDT,2026-06-15,R2,310872.3761,273029.4027,37842.9734,6.481051,149,141
MORPHOUSDT,2026-06-16,M,29022.2962,23657.4878,5364.8084,10.183809,2,2
MORPHOUSDT,2026-06-16,R1,676901.8805,654766.5497,22135.3308,1.662225,10173,6974
MORPHOUSDT,2026-06-16,R2,158333.0385,153426.994,4906.0445,1.573661,88,97
MORPHOUSDT,2026-06-17,M,0.0,24677.3128,-24677.3128,-100.0,0,2
MORPHOUSDT,2026-06-17,R1,580743.3451,525779.9574,54963.3877,4.967215,9068,4885
MORPHOUSDT,2026-06-17,R2,93415.6504,98034.0293,-4618.3789,-2.41232,50,64
MORPHOUSDT,2026-06-18,M,243561.3737,48764.998,194796.3757,66.636607,8,2
MORPHOUSDT,2026-06-18,R1,969883.5927,875464.5697,94419.023,5.116597,11184,7543
MORPHOUSDT,2026-06-18,R2,397619.7677,379218.2056,18401.5621,2.368777,197,213
MORPHOUSDT,2026-06-19,M,114965.9607,0.0,114965.9607,100.0,6,0
MORPHOUSDT,2026-06-19,R1,570799.2509,640309.0887,-69509.8378,-5.739358,8714,6140
MORPHOUSDT,2026-06-19,R2,246999.1093,274932.9186,-27933.8093,-5.352001,119,132
MORPHOUSDT,2026-06-20,R1,305253.9217,372070.735,-66816.8133,-9.864813,3305,4750
MORPHOUSDT,2026-06-20,R2,62536.5234,71779.8779,-9243.3545,-6.881776,33,46
MORPHOUSDT,2026-06-21,R1,353276.1902,365617.485,-12341.2948,-1.716707,4004,5457
MORPHOUSDT,2026-06-21,R2,84663.8368,48842.518,35821.3188,26.831171,47,31
MORPHOUSDT,2026-06-22,M,0.0,37446.9309,-37446.9309,-100.0,0,2
MORPHOUSDT,2026-06-22,R1,368036.7312,566738.6282,-198701.897,-21.256647,3940,7087
MORPHOUSDT,2026-06-22,R2,87343.6545,102338.1519,-14994.4974,-7.905079,57,63
MORPHOUSDT,2026-06-23,M,0.0,30690.9759,-30690.9759,-100.0,0,2
MORPHOUSDT,2026-06-23,R1,557505.7862,664283.8096,-106778.0234,-8.739477,4838,7366
MORPHOUSDT,2026-06-23,R2,166908.1201,132400.3597,34507.7604,11.529162,97,87
MORPHOUSDT,2026-06-24,M,10367.8948,0.0,10367.8948,100.0,1,0
MORPHOUSDT,2026-06-24,R1,865989.4411,936132.2066,-70142.7655,-3.892233,8401,11226
MORPHOUSDT,2026-06-24,R2,270511.5983,202299.407,68212.1913,14.426947,168,118
MORPHOUSDT,2026-06-25,M,0.0,22034.0189,-22034.0189,-100.0,0,2
MORPHOUSDT,2026-06-25,R1,849961.6442,725433.9684,124527.6758,7.904534,11759,6513
MORPHOUSDT,2026-06-25,R2,212346.3586,183944.4615,28401.8971,7.166933,114,108
MORPHOUSDT,2026-06-26,M,128709.4505,82223.3151,46486.1354,22.038366,11,3
MORPHOUSDT,2026-06-26,R1,1195484.0137,610537.8727,584946.141,32.388652,14988,5218
MORPHOUSDT,2026-06-26,R2,499958.3047,317905.007,182053.2977,22.259624,239,154
MORPHOUSDT,2026-06-27,M,44683.454,11713.0504,32970.4036,58.461786,1,1
MORPHOUSDT,2026-06-27,R1,247837.7855,260723.2314,-12885.4459,-2.533707,3100,2992
MORPHOUSDT,2026-06-27,R2,47090.7663,59279.4019,-12188.6356,-11.458697,21,35
MORPHOUSDT,2026-06-28,M,0.0,10742.7539,-10742.7539,-100.0,0,1
MORPHOUSDT,2026-06-28,R1,178466.5213,193832.8956,-15366.3743,-4.127424,2912,2710
MORPHOUSDT,2026-06-28,R2,43494.4827,78966.6515,-35472.1688,-28.966063,23,36
MORPHOUSDT,2026-06-29,M,10883.7092,46270.1602,-35386.451,-61.914357,1,2
MORPHOUSDT,2026-06-29,R1,396794.75,370960.1566,25834.5934,3.364953,3505,5289
MORPHOUSDT,2026-06-29,R2,195825.4885,76159.9819,119665.5066,43.997022,107,35
MORPHOUSDT,2026-06-30,M,27267.336,145080.8554,-117813.5194,-68.357851,2,6
MORPHOUSDT,2026-06-30,R1,630344.3245,715291.3722,-84947.0477,-6.312782,6928,9350
MORPHOUSDT,2026-06-30,R2,245210.1056,209271.2727,35938.8329,7.907658,125,108
MORPHOUSDT,2026-07-01,M,215967.4676,356693.4302,-140725.9626,-24.574048,11,15
MORPHOUSDT,2026-07-01,R1,2490538.0162,2287497.9218,203040.0944,4.249447,25465,20421
MORPHOUSDT,2026-07-01,R2,1208798.2984,703864.0481,504934.2503,26.39955,638,405
MORPHOUSDT,2026-07-02,M,99836.2142,186867.0537,-87030.8395,-30.355719,4,5
MORPHOUSDT,2026-07-02,R1,1069400.9856,1215151.8015,-145750.8159,-6.37984,14417,10660
MORPHOUSDT,2026-07-02,R2,608894.1523,375750.7754,233143.3769,23.677914,284,209
MORPHOUSDT,2026-07-03,M,107187.906,95567.5947,11620.3113,5.731194,9,3
MORPHOUSDT,2026-07-03,R1,1066178.1234,785684.3465,280493.7769,15.146577,14660,6873
MORPHOUSDT,2026-07-03,R2,596948.3265,314016.9433,282931.3832,31.058416,273,153
MORPHOUSDT,2026-07-04,M,11886.4053,60748.1177,-48861.7124,-67.270645,1,4
MORPHOUSDT,2026-07-04,R1,461277.8406,415808.0675,45469.7731,5.184187,7476,3579
MORPHOUSDT,2026-07-04,R2,332526.1395,209049.1558,123476.9837,22.799597,148,106
MORPHOUSDT,2026-07-05,M,24155.6308,20299.9541,3855.6767,8.673099,2,1
MORPHOUSDT,2026-07-05,R1,468739.8419,623410.222,-154670.3801,-14.162008,5950,3923
MORPHOUSDT,2026-07-05,R2,423199.8595,271145.2452,152054.6143,21.898997,205,139
MORPHOUSDT,2026-07-06,M,11894.0441,37222.27,-25328.2259,-51.567847,1,3
MORPHOUSDT,2026-07-06,R1,621230.1842,662715.1808,-41484.9966,-3.231056,7554,6025
MORPHOUSDT,2026-07-06,R2,299824.1759,269369.7879,30454.388,5.350441,160,151
MORPHOUSDT,2026-07-07,M,71320.032,114120.3008,-42800.2688,-23.080345,6,9
MORPHOUSDT,2026-07-07,R1,730256.0527,864754.9452,-134498.8925,-8.432474,8638,7269
MORPHOUSDT,2026-07-07,R2,521428.5784,514857.569,6571.0094,0.634092,220,260
MORPHOUSDT,2026-07-08,M,25417.8052,91898.6036,-66480.7984,-56.667945,2,6
MORPHOUSDT,2026-07-08,R1,1150279.4835,1581000.0466,-430720.5631,-15.769919,8947,12734
MORPHOUSDT,2026-07-08,R2,683455.6937,473032.9727,210422.721,18.194966,304,244
MORPHOUSDT,2026-07-09,M,116144.8236,131019.9866,-14875.163,-6.018317,5,7
MORPHOUSDT,2026-07-09,R1,1175962.9253,1324308.7236,-148345.7983,-5.933187,10118,9849
MORPHOUSDT,2026-07-09,R2,721427.5782,461685.6361,259741.9421,21.954107,348,252
MORPHOUSDT,2026-07-10,M,134567.994,33355.7122,101212.2818,60.272777,9,2
MORPHOUSDT,2026-07-10,R1,1105167.7129,1356779.0888,-251611.3759,-10.220017,12367,9876
MORPHOUSDT,2026-07-10,R2,973146.535,465618.6354,507527.8996,35.275242,415,266
MORPHOUSDT,2026-07-11,M,153151.2546,188311.9152,-35160.6606,-10.297058,7,9
MORPHOUSDT,2026-07-11,R1,952366.8357,830817.1095,121549.7262,6.816444,8674,7737
MORPHOUSDT,2026-07-11,R2,745336.6067,472595.0581,272741.5486,22.39383,333,269
MORPHOUSDT,2026-07-12,M,105198.0901,48004.5179,57193.5722,37.331983,6,4
MORPHOUSDT,2026-07-12,R1,850454.1467,657550.7012,192903.4455,12.791965,7358,6318
MORPHOUSDT,2026-07-12,R2,510350.42,349566.2146,160784.2054,18.69765,249,185
MORPHOUSDT,2026-07-13,M,27127.2859,27893.7873,-766.5014,-1.393105,1,1
MORPHOUSDT,2026-07-13,R1,749137.3686,674220.9451,74916.4235,5.263357,9011,6858
MORPHOUSDT,2026-07-13,R2,375586.819,332263.1592,43323.6598,6.120458,165,191
MORPHOUSDT,2026-07-14,M,81949.746,150346.4843,-68396.7383,-29.443757,4,7
MORPHOUSDT,2026-07-14,R1,620580.3801,561422.3658,59158.0143,5.004897,5968,6021
MORPHOUSDT,2026-07-14,R2,306561.9863,252722.4238,53839.5625,9.626509,170,151
MORPHOUSDT,2026-07-15,M,22632.5251,18034.5195,4598.0056,11.306466,2,1
MORPHOUSDT,2026-07-15,R1,640039.4773,643328.6033,-3289.126,-0.256289,6167,6063
MORPHOUSDT,2026-07-15,R2,192210.8705,215117.7335,-22906.863,-5.623681,119,130
MORPHOUSDT,2026-07-16,M,24657.9895,50770.5053,-26112.5158,-34.618901,2,2
MORPHOUSDT,2026-07-16,R1,917565.003,899301.9974,18263.0056,1.005192,7343,11050
MORPHOUSDT,2026-07-16,R2,353941.6178,302885.7572,51055.8606,7.773102,210,185
MORPHOUSDT,2026-07-17,M,25464.7363,42558.0623,-17093.326,-25.128819,2,3
MORPHOUSDT,2026-07-17,R1,556463.0968,620243.7376,-63780.6408,-5.420266,5273,8424
MORPHOUSDT,2026-07-17,R2,189511.1495,179876.6883,9634.4612,2.608224,110,94
MORPHOUSDT,2026-07-18,M,16355.9823,21507.4646,-5151.4823,-13.605423,1,1
MORPHOUSDT,2026-07-18,R1,288136.2667,295620.8449,-7484.5782,-1.282139,2481,2777
MORPHOUSDT,2026-07-18,R2,108184.1622,72618.2842,35565.878,19.671127,55,45
MORPHOUSDT,2026-07-19,M,12795.851,0.0,12795.851,100.0,1,0
MORPHOUSDT,2026-07-19,R1,224484.0843,203482.2325,21001.8518,4.907361,2862,2515
MORPHOUSDT,2026-07-19,R2,58987.0433,49170.2274,9816.8159,9.076427,38,31
MORPHOUSDT,2026-07-20,M,26818.8658,0.0,26818.8658,100.0,2,0
MORPHOUSDT,2026-07-20,R1,367686.5545,330028.2697,37658.2848,5.397375,3590,3998
MORPHOUSDT,2026-07-20,R2,134956.175,99746.9755,35209.1995,15.001588,73,51
MORPHOUSDT,2026-07-21,M,36358.0488,32807.645,3550.4038,5.133186,2,2
MORPHOUSDT,2026-07-21,R1,473749.7776,483438.3183,-9688.5407,-1.012188,4217,4029
MORPHOUSDT,2026-07-21,R2,149212.1788,170315.5297,-21103.3509,-6.604545,95,96
MORPHOUSDT,2026-07-22,M,45976.8547,99737.578,-53760.7233,-36.894577,3,4
MORPHOUSDT,2026-07-22,R1,1594118.2894,1339228.6192,254889.6702,8.68938,11521,18056
MORPHOUSDT,2026-07-22,R2,439545.0773,448105.399,-8560.3217,-0.96438,275,246
MORPHOUSDT,2026-07-23,M,33337.9354,271395.9602,-238058.0248,-78.119969,2,8
MORPHOUSDT,2026-07-23,R1,631088.181,619568.1776,11520.0034,0.921117,5652,6577
MORPHOUSDT,2026-07-23,R2,236405.0348,266583.1255,-30178.0907,-5.999762,139,129
MORPHOUSDT,2026-07-24,M,56822.9679,100249.1672,-43426.1993,-27.647297,2,5
MORPHOUSDT,2026-07-24,R1,420682.4637,518808.3605,-98125.8968,-10.444583,4191,6128
MORPHOUSDT,2026-07-24,R2,112174.2603,158876.5231,-46702.2628,-17.230079,66,75
MORPHOUSDT,2026-07-25,M,447195.243,174923.5652,272271.6778,43.765222,15,10
MORPHOUSDT,2026-07-25,R1,4018683.4844,3439524.7862,579158.6982,7.765387,31948,66673
MORPHOUSDT,2026-07-25,R2,1173786.1474,1103627.7422,70158.4052,3.080617,661,617
MORPHOUSDT,2026-07-25,W,0.0,119319.4821,-119319.4821,-100.0,0,1
MORPHOUSDT,2026-07-26,M,65483.7894,46709.7507,18774.0387,16.733618,4,2
MORPHOUSDT,2026-07-26,R1,762786.5046,1306064.6495,-543278.1449,-26.259895,9271,8321
MORPHOUSDT,2026-07-26,R2,302922.4628,404566.3706,-101643.9078,-14.366857,165,259
MORPHOUSDT,2026-07-27,R1,482011.2332,770096.5893,-288085.3561,-23.008031,5132,5740
MORPHOUSDT,2026-07-27,R2,163666.0417,137500.1411,26165.9006,8.688193,86,87
MORPHOUSDT,2026-07-28,M,18942.9655,18928.5628,14.4027,0.03803,1,1
MORPHOUSDT,2026-07-28,R1,391488.8271,449440.5437,-57951.7166,-6.891389,3911,3848
MORPHOUSDT,2026-07-28,R2,103570.082,104815.1917,-1245.1097,-0.597504,63,64
MORPHOUSDT,2026-07-29,M,26214.5136,12249.5884,13964.9252,36.306386,1,1
MORPHOUSDT,2026-07-29,R1,687353.8701,503128.867,184225.0031,15.474815,5545,4745
MORPHOUSDT,2026-07-29,R2,190878.9904,143415.246,47463.7444,14.198194,111,83
MORPHOUSDT,2026-07-30,M,11552.4284,0.0,11552.4284,100.0,1,0
MORPHOUSDT,2026-07-30,R1,499123.0164,349461.3429,149661.6735,17.636629,4065,2204
MORPHOUSDT,2026-07-30,R2,91973.7687,72455.8859,19517.8828,11.87005,55,48
MORPHOUSDT,2026-07-31,M,0.0,16412.2474,-16412.2474,-100.0,0,1
MORPHOUSDT,2026-07-31,R1,320866.4069,392779.909,-71913.5021,-10.076911,3109,4632
MORPHOUSDT,2026-07-31,R2,66497.0646,94544.0127,-28046.9481,-17.416021,46,60
MORPHOUSDT,2026-08-01,M,21442.6152,38630.8071,-17188.1919,-28.611974,1,3
MORPHOUSDT,2026-08-01,R1,252371.6098,239336.8715,13034.7383,2.650908,2177,4104
MORPHOUSDT,2026-08-01,R2,59062.3711,71814.6665,-12752.2954,-9.743723,34,43
MORPHOUSDT,2026-08-02,M,0.0,20092.1771,-20092.1771,-100.0,0,1
MORPHOUSDT,2026-08-02,R1,328818.6917,324435.6219,4383.0698,0.670959,2789,3660
MORPHOUSDT,2026-08-02,R2,62222.2885,79326.1909,-17103.9024,-12.083424,43,45
MORPHOUSDT,2026-08-03,R1,391582.3347,322085.548,69496.7867,9.737973,3870,2602
MORPHOUSDT,2026-08-03,R2,95265.6568,74779.9906,20485.6662,12.047157,60,41
MORPHOUSDT,2026-08-04,M,12030.9542,0.0,12030.9542,100.0,1,0
MORPHOUSDT,2026-08-04,R1,381342.9593,359776.8037,21566.1556,2.909942,3350,3492
MORPHOUSDT,2026-08-04,R2,71485.8264,84520.3516,-13034.5252,-8.355134,43,51
MORPHOUSDT,2026-08-05,R1,234161.9252,242974.383,-8812.4578,-1.846948,2494,2444
MORPHOUSDT,2026-08-05,R2,56684.8342,53872.4419,2812.3923,2.543833,34,33
MORPHOUSDT,2026-08-06,R1,221767.3864,168218.8617,53548.5247,13.730875,2093,1858
MORPHOUSDT,2026-08-06,R2,57032.6796,49300.4757,7732.2039,7.271677,36,28
MORPHOUSDT,2026-08-07,M,18107.8291,57970.9056,-39863.0765,-52.397134,1,3
MORPHOUSDT,2026-08-07,R1,311520.2421,212244.0403,99276.2018,18.954367,3477,2020
MORPHOUSDT,2026-08-07,R2,63512.2049,92626.1509,-29113.946,-18.646249,38,49
MORPHOUSDT,2026-08-08,M,21062.6252,0.0,21062.6252,100.0,2,0
MORPHOUSDT,2026-08-08,R1,171991.6331,248491.4047,-76499.7716,-18.193307,2120,2120
MORPHOUSDT,2026-08-08,R2,109980.4896,63303.4997,46676.9899,26.936701,62,39
MORPHOUSDT,2026-08-09,R1,124368.9391,162496.431,-38127.4919,-13.291075,2049,1662
MORPHOUSDT,2026-08-09,R2,33755.9044,20039.2778,13716.6266,25.497872,22,15
MORPHOUSDT,2026-08-10,R1,269619.5822,313512.9586,-43893.3764,-7.52717,3817,2816
MORPHOUSDT,2026-08-10,R2,38371.1615,58627.5413,-20256.3798,-20.883145,26,38
MORPHOUSDT,2026-08-11,M,0.0,59885.0243,-59885.0243,-100.0,0,1
MORPHOUSDT,2026-08-11,R1,583749.0007,426175.8275,157573.1732,15.602466,8321,2868
MORPHOUSDT,2026-08-11,R2,85498.2199,98194.0008,-12695.7809,-6.911442,53,62
MORPHOUSDT,2026-08-12,R1,435681.38,300245.2192,135436.1608,18.403488,3934,2214
MORPHOUSDT,2026-08-12,R2,62445.5664,53318.4699,9127.0965,7.884224,40,33
MORPHOUSDT,2026-08-13,M,0.0,103334.1574,-103334.1574,-100.0,0,2
MORPHOUSDT,2026-08-13,R1,415538.4842,170928.3391,244610.1451,41.709119,3892,1239
MORPHOUSDT,2026-08-13,R2,117125.9019,94375.9059,22749.996,10.756407,61,49
MORPHOUSDT,2026-08-14,R1,205984.1972,178185.5573,27798.6399,7.23603,2629,2459
MORPHOUSDT,2026-08-14,R2,36080.9036,37083.9142,-1003.0106,-1.370892,26,24
MORPHOUSDT,2026-08-15,R1,225542.897,173405.9724,52136.9246,13.068573,2699,1028
MORPHOUSDT,2026-08-15,R2,110706.7731,15433.0338,95273.7393,75.530272,66,11
MORPHOUSDT,2026-08-16,R1,292570.6835,360021.0162,-67450.3327,-10.335763,4059,2178
MORPHOUSDT,2026-08-16,R2,83925.6102,98823.7703,-14898.1601,-8.152236,46,64
MORPHOUSDT,2026-08-17,M,235858.6002,0.0,235858.6002,100.0,8,0
MORPHOUSDT,2026-08-17,R1,999326.4842,987079.6059,12246.8783,0.616534,8588,5923
MORPHOUSDT,2026-08-17,R2,453567.9673,344770.0768,108797.8905,13.628048,253,208
MORPHOUSDT,2026-08-18,M,56174.9164,178889.2411,-122714.3247,-52.204609,3,8
MORPHOUSDT,2026-08-18,R1,766149.5438,710395.8548,55753.689,3.775955,8521,7392
MORPHOUSDT,2026-08-18,R2,274669.6771,204812.5521,69857.125,14.569283,148,120
MORPHOUSDT,2026-08-19,M,22048.68,11068.5654,10980.1146,33.155277,1,1
MORPHOUSDT,2026-08-19,R1,1014627.255,722726.2668,291900.9882,16.801473,7780,12568
MORPHOUSDT,2026-08-19,R2,228888.0033,168334.8432,60553.1601,15.244128,156,106
MORPHOUSDT,2026-08-20,M,172801.2285,123442.6353,49358.5932,16.661474,8,6
MORPHOUSDT,2026-08-20,R1,1650213.6936,1565447.8118,84765.8818,2.636032,17695,12098
MORPHOUSDT,2026-08-20,R2,418825.0923,402211.4041,16613.6882,2.023502,252,241
MORPHOUSDT,2026-08-21,M,185115.8046,114329.2251,70786.5795,23.639257,7,6
MORPHOUSDT,2026-08-21,R1,3179953.0464,2490157.5109,689795.5355,12.165469,25156,19637
MORPHOUSDT,2026-08-21,R2,754721.861,694065.0562,60656.8048,4.186731,442,352
MORPHOUSDT,2026-08-21,W,143415.528,0.0,143415.528,100.0,1,0
MORPHOUSDT,2026-08-22,M,63260.8512,324809.9706,-261549.1194,-67.397265,4,11
MORPHOUSDT,2026-08-22,R1,2002166.0888,1971710.7899,30455.2989,0.766388,17417,15611
MORPHOUSDT,2026-08-22,R2,565076.7328,720136.2101,-155059.4773,-12.064886,318,385
MORPHOUSDT,2026-08-23,M,172977.9546,209371.9055,-36393.9509,-9.518495,7,9
MORPHOUSDT,2026-08-23,R1,4656214.1082,3524712.4098,1131501.6984,13.830973,40733,29240
MORPHOUSDT,2026-08-23,R2,1277734.5077,953873.0191,323861.4886,14.512475,764,565
MORPHOUSDT,2026-08-24,M,214764.4566,180056.8928,34707.5638,8.790701,7,8
MORPHOUSDT,2026-08-24,R1,4038923.6847,3855038.9868,183884.6979,2.329435,43342,31828
MORPHOUSDT,2026-08-24,R2,1096454.0513,1204844.7204,-108390.6691,-4.709978,644,679
MORPHOUSDT,2026-08-24,W,0.0,104860.0221,-104860.0221,-100.0,0,1
MORPHOUSDT,2026-08-25,M,74402.1987,90556.3681,-16154.1694,-9.792865,4,3
MORPHOUSDT,2026-08-25,R1,1979884.92,2195676.3265,-215791.4065,-5.167962,20456,16426
MORPHOUSDT,2026-08-25,R2,422553.2198,584044.6588,-161491.439,-16.043292,253,336
MORPHOUSDT,2026-08-26,M,120858.3448,41901.8217,78956.5231,48.510962,5,2
MORPHOUSDT,2026-08-26,R1,1415787.055,1303477.6848,112309.3702,4.130137,11612,9947
MORPHOUSDT,2026-08-26,R2,413309.9803,387836.5561,25473.4242,3.179621,221,214
MORPHOUSDT,2026-08-27,M,0.0,108660.7554,-108660.7554,-100.0,0,4
MORPHOUSDT,2026-08-27,R1,2215720.3635,1916812.7297,298907.6338,7.233037,14813,13353
MORPHOUSDT,2026-08-27,R2,386549.5299,348682.0823,37867.4476,5.150411,248,208
MORPHOUSDT,2026-08-28,M,135959.6728,38849.6239,97110.0489,55.551993,5,3
MORPHOUSDT,2026-08-28,R1,2391636.8764,2282020.3579,109616.5185,2.345412,14611,19223
MORPHOUSDT,2026-08-28,R2,547564.7585,565139.8848,-17575.1263,-1.579496,353,317
MORPHOUSDT,2026-08-29,M,45610.124,42443.1055,3167.0185,3.596709,1,2
MORPHOUSDT,2026-08-29,R1,581999.2651,638945.5382,-56946.2731,-4.664115,4003,4488
MORPHOUSDT,2026-08-29,R2,138277.8391,184433.1872,-46155.3481,-14.302377,83,94
MORPHOUSDT,2026-08-30,M,21202.5462,62877.5732,-41675.027,-49.565851,1,2
MORPHOUSDT,2026-08-30,R1,886633.7864,885979.6927,654.0937,0.0369,6517,6903
MORPHOUSDT,2026-08-30,R2,172729.4912,164320.2012,8409.29,2.49497,101,99
MORPHOUSDT,2026-08-31,M,218444.2546,103754.213,114690.0416,35.596085,5,4
MORPHOUSDT,2026-08-31,R1,2447645.1717,2307531.2388,140113.9329,2.946556,17076,28342
MORPHOUSDT,2026-08-31,R2,438042.9558,515420.0402,-77377.0844,-8.115374,282,289
MORPHOUSDT,2026-09-01,M,171863.5163,390221.7356,-218358.2193,-38.847883,6,11
MORPHOUSDT,2026-09-01,R1,1257007.3113,1184693.2229,72314.0884,2.961628,8569,10260
MORPHOUSDT,2026-09-01,R2,279064.6375,313502.4339,-34437.7964,-5.811628,165,174
NEARUSDT,2026-03-04,M,4828626.0619,5280617.7724,-451991.7105,-4.471073,253,268
NEARUSDT,2026-03-04,R1,5613332.68,4841110.4995,772222.1805,7.386545,33716,24424
NEARUSDT,2026-03-04,R2,14431821.993,15990277.193,-1558455.2,-5.122773,5419,6221
NEARUSDT,2026-03-04,W,598772.7355,0.0,598772.7355,100.0,4,0
NEARUSDT,2026-03-05,M,3614564.2448,2790528.4972,824035.7476,12.865321,174,130
NEARUSDT,2026-03-05,R1,2894310.7856,2945070.0704,-50759.2848,-0.869258,17640,17247
NEARUSDT,2026-03-05,R2,8803985.6543,8971092.3957,-167106.7414,-0.940118,3107,3300
NEARUSDT,2026-03-06,M,1016971.1043,1895457.918,-878486.8137,-30.163372,60,112
NEARUSDT,2026-03-06,R1,2122969.2296,3134051.2948,-1011082.0652,-19.232987,13920,14623
NEARUSDT,2026-03-06,R2,6584006.7287,6806590.8332,-222584.1045,-1.662242,2407,2354
NEARUSDT,2026-03-06,W,103122.9339,0.0,103122.9339,100.0,1,0
NEARUSDT,2026-03-07,M,876087.051,581425.0149,294662.0361,20.216782,51,36
NEARUSDT,2026-03-07,R1,831706.6255,1035185.9117,-203479.2862,-10.899357,6768,6238
NEARUSDT,2026-03-07,R2,2518462.2876,2875410.1536,-356947.866,-6.617655,909,1039
NEARUSDT,2026-03-08,M,1313623.2822,1341283.7497,-27660.4675,-1.041862,71,75
NEARUSDT,2026-03-08,R1,1817224.362,2497567.7878,-680343.4258,-15.767699,10413,13467
NEARUSDT,2026-03-08,R2,5786562.9688,5978056.7264,-191493.7576,-1.627709,2012,2254
NEARUSDT,2026-03-09,M,1688260.088,2282404.632,-594144.544,-14.963352,93,116
NEARUSDT,2026-03-09,R1,2923031.7252,3579633.0822,-656601.357,-10.09742,14423,17310
NEARUSDT,2026-03-09,R2,8223247.2046,9250313.8633,-1027066.6587,-5.877833,2948,3739
NEARUSDT,2026-03-10,M,2751239.7045,2423622.3185,327617.386,6.33094,146,142
NEARUSDT,2026-03-10,R1,2825699.1991,3170370.0711,-344670.872,-5.74828,14346,13879
NEARUSDT,2026-03-10,R2,8881961.8862,10101798.1585,-1219836.2723,-6.425683,3102,3771
NEARUSDT,2026-03-11,M,1733664.3882,2154520.9562,-420856.568,-10.823984,105,109
NEARUSDT,2026-03-11,R1,2248064.7696,3302313.0327,-1054248.2631,-18.994171,12481,12145
NEARUSDT,2026-03-11,R2,6645584.3203,7183667.8621,-538083.5418,-3.890908,2244,2446
NEARUSDT,2026-03-12,M,4857635.9272,3411653.1082,1445982.819,17.486181,227,178
NEARUSDT,2026-03-12,R1,1767097.4137,2857493.6291,-1090396.2154,-23.578219,10153,15836
NEARUSDT,2026-03-12,R2,7492686.9831,7645122.5218,-152435.5387,-1.006985,2269,2512
NEARUSDT,2026-03-13,M,6746802.0222,7639895.6133,-893093.5911,-6.207773,368,313
NEARUSDT,2026-03-13,R1,3096421.2046,3307596.0328,-211174.8282,-3.297537,17896,17401
NEARUSDT,2026-03-13,R2,10938101.018,10159037.8591,779063.1589,3.692743,3467,3357
NEARUSDT,2026-03-13,W,108942.9336,332223.6309,-223280.6973,-50.611428,1,3
NEARUSDT,2026-03-14,M,1273309.4362,932383.9408,340925.4954,15.456613,78,44
NEARUSDT,2026-03-14,R1,913562.8982,1813030.4942,-899467.596,-32.988696,6241,8680
NEARUSDT,2026-03-14,R2,2824158.4943,3219466.3605,-395307.8662,-6.540907,994,1084
NEARUSDT,2026-03-15,M,1746656.9939,1735796.0776,10860.9163,0.311875,92,101
NEARUSDT,2026-03-15,R1,1781874.5379,1993702.2858,-211827.7479,-5.610474,9715,9368
NEARUSDT,2026-03-15,R2,5182839.439,4763636.6554,419202.7836,4.214586,1732,1583
NEARUSDT,2026-03-16,M,4309769.8865,3695599.6755,614170.211,7.671978,253,214
NEARUSDT,2026-03-16,R1,4355838.3353,3644085.6657,711752.6696,8.896993,22535,16668
NEARUSDT,2026-03-16,R2,12474722.6079,13649169.1354,-1174446.5275,-4.49568,4353,4843
NEARUSDT,2026-03-17,M,2075647.801,2716035.8674,-640388.0664,-13.364573,116,140
NEARUSDT,2026-03-17,R1,2818559.472,2570225.0232,248334.4488,4.608357,13902,10549
NEARUSDT,2026-03-17,R2,7681404.4892,8692306.3999,-1010901.9107,-6.173933,2729,3216
NEARUSDT,2026-03-18,M,3925246.0397,3691090.7102,234155.3295,3.074383,223,194
NEARUSDT,2026-03-18,R1,2066124.0889,3547820.9297,-1481696.8408,-26.393148,10743,13987
NEARUSDT,2026-03-18,R2,7653165.625,8697146.6713,-1043981.0463,-6.385083,2428,2874
NEARUSDT,2026-03-19,M,2238861.0765,1893266.7669,345594.3096,8.363592,138,110
NEARUSDT,2026-03-19,R1,1726731.9402,1576084.5698,150647.3704,4.561179,9405,7845
NEARUSDT,2026-03-19,R2,5692993.3053,5870769.8361,-177776.5308,-1.537359,1778,1870
NEARUSDT,2026-03-20,M,2119562.6599,1681669.1934,437893.4665,11.519778,132,89
NEARUSDT,2026-03-20,R1,1784797.4811,1647027.4783,137770.0028,4.014482,12176,8633
NEARUSDT,2026-03-20,R2,4872218.509,5294893.2112,-422674.7022,-4.157274,1549,1780
NEARUSDT,2026-03-21,M,887656.7559,724072.5042,163584.2517,10.149611,59,45
NEARUSDT,2026-03-21,R1,762950.3652,771067.2736,-8116.9084,-0.529127,5470,4342
NEARUSDT,2026-03-21,R2,2250282.2625,2321920.222,-71637.9595,-1.566815,693,812
NEARUSDT,2026-03-22,M,758715.5029,903027.309,-144311.8061,-8.684365,38,44
NEARUSDT,2026-03-22,R1,1427253.8027,1379194.6861,48059.1166,1.712453,8133,7437
NEARUSDT,2026-03-22,R2,2955398.0769,3477753.8628,-522355.7859,-8.119749,997,1195
NEARUSDT,2026-03-23,M,2550286.8624,2315252.7172,235034.1452,4.830587,137,132
NEARUSDT,2026-03-23,R1,2678610.0034,2699855.7483,-21245.7449,-0.395015,13027,12192
NEARUSDT,2026-03-23,R2,6774726.3866,7039311.59,-264585.2034,-1.915336,2384,2505
NEARUSDT,2026-03-24,M,2109439.4126,1756246.8469,353192.5657,9.136607,129,84
NEARUSDT,2026-03-24,R1,2318998.8761,1402385.0672,916613.8089,24.630993,11290,6320
NEARUSDT,2026-03-24,R2,4322857.2313,4477206.9884,-154349.7571,-1.753962,1399,1456
NEARUSDT,2026-03-25,M,2387094.2425,2684536.245,-297442.0025,-5.86482,125,123
NEARUSDT,2026-03-25,R1,1401755.3436,1970449.2212,-568693.8776,-16.864157,7503,8791
NEARUSDT,2026-03-25,R2,4709693.6912,4481553.9604,228139.7308,2.482141,1498,1577
NEARUSDT,2026-03-26,M,1029426.8195,1365121.0413,-335694.2218,-14.019107,57,72
NEARUSDT,2026-03-26,R1,1229806.2591,1561403.7344,-331597.4753,-11.880062,6916,6911
NEARUSDT,2026-03-26,R2,2955472.7019,3366493.337,-411020.6351,-6.501469,1042,1199
NEARUSDT,2026-03-27,M,2012919.3468,2365273.0184,-352353.6716,-8.047926,86,126
NEARUSDT,2026-03-27,R1,2084708.9878,1180078.8275,904630.1603,27.708697,9890,5863
NEARUSDT,2026-03-27,R2,4158260.2533,3065809.8738,1092450.3795,15.122367,1554,1064
NEARUSDT,2026-03-27,W,0.0,109410.626,-109410.626,-100.0,0,1
NEARUSDT,2026-03-28,M,471465.6433,894123.3561,-422657.7128,-30.95058,28,44
NEARUSDT,2026-03-28,R1,768833.5761,738204.5758,30629.0003,2.032397,4374,4049
NEARUSDT,2026-03-28,R2,1750996.9928,1628324.3067,122672.6861,3.630098,616,634
NEARUSDT,2026-03-29,M,1236712.4067,1144842.4904,91869.9163,3.85756,64,74
NEARUSDT,2026-03-29,R1,1351871.2915,914606.6167,437264.6748,19.292695,7362,4425
NEARUSDT,2026-03-29,R2,2459971.8341,2766039.4135,-306067.5794,-5.856619,879,894
NEARUSDT,2026-03-30,M,1010638.3083,1212095.2452,-201456.9369,-9.063477,57,60
NEARUSDT,2026-03-30,R1,1808070.7134,1410828.6604,397242.053,12.340928,9671,7328
NEARUSDT,2026-03-30,R2,2973554.9017,2760610.3923,212944.5094,3.71361,1128,1086
NEARUSDT,2026-03-31,M,1251528.9692,1130648.0717,120880.8975,5.074388,67,53
NEARUSDT,2026-03-31,R1,1529479.2181,1704784.2334,-175305.0153,-5.420245,7597,7643
NEARUSDT,2026-03-31,R2,3339993.7991,3134174.3035,205819.4956,3.179088,1269,1219
NEARUSDT,2026-03-31,W,0.0,289531.8512,-289531.8512,-100.0,0,2
NEARUSDT,2026-04-01,M,1119024.7807,1141576.9064,-22552.1257,-0.997616,58,52
NEARUSDT,2026-04-01,R1,1286247.0848,1311938.3198,-25691.235,-0.988815,6255,6621
NEARUSDT,2026-04-01,R2,2922016.4855,2997862.7247,-75846.2392,-1.281213,1071,1161
NEARUSDT,2026-04-02,M,1204371.0474,849368.1636,355002.8838,17.285685,57,45
NEARUSDT,2026-04-02,R1,1410657.1752,1438238.0775,-27580.9023,-0.968126,7560,7786
NEARUSDT,2026-04-02,R2,3104891.7861,3145093.0028,-40201.2167,-0.643221,1152,1182
NEARUSDT,2026-04-03,M,1248101.5561,878881.0197,369220.5364,17.358889,65,44
NEARUSDT,2026-04-03,R1,1249049.4652,1031813.1073,217236.3579,9.524307,5869,5479
NEARUSDT,2026-04-03,R2,3212548.3338,3207938.3954,4609.9384,0.0718,1065,1077
NEARUSDT,2026-04-03,W,102641.7576,0.0,102641.7576,100.0,1,0
NEARUSDT,2026-04-04,M,1962749.6191,1518350.4373,444399.1818,12.766056,83,73
NEARUSDT,2026-04-04,R1,1150163.2183,1202874.1084,-52710.8901,-2.240121,6372,6304
NEARUSDT,2026-04-04,R2,3659595.3114,3267824.8107,391770.5007,5.655359,1297,1121
NEARUSDT,2026-04-04,W,0.0,224806.388,-224806.388,-100.0,0,2
NEARUSDT,2026-04-05,M,1171912.2781,1233928.6983,-62016.4202,-2.577744,55,54
NEARUSDT,2026-04-05,R1,848286.334,1042886.3973,-194600.0633,-10.289915,5179,4907
NEARUSDT,2026-04-05,R2,2394895.907,2496230.5547,-101334.6477,-2.071806,820,932
NEARUSDT,2026-04-05,W,0.0,117274.9824,-117274.9824,-100.0,0,1
NEARUSDT,2026-04-06,M,1622052.7555,1731183.8798,-109131.1243,-3.254501,83,76
NEARUSDT,2026-04-06,R1,1261524.1299,1267703.3929,-6179.263,-0.244314,6911,6800
NEARUSDT,2026-04-06,R2,3728084.6823,3462064.3379,266020.3444,3.699789,1331,1249
NEARUSDT,2026-04-06,W,0.0,204094.5452,-204094.5452,-100.0,0,1
NEARUSDT,2026-04-07,M,1916468.3295,1337560.6413,578907.6882,17.79049,91,66
NEARUSDT,2026-04-07,R1,2518898.2757,1808988.7629,709909.5128,16.403143,10754,9196
NEARUSDT,2026-04-07,R2,4740118.9101,4906136.5934,-166017.6833,-1.721058,1793,1825
NEARUSDT,2026-04-07,W,266518.26,0.0,266518.26,100.0,2,0
NEARUSDT,2026-04-08,M,4010801.1166,4188400.8346,-177599.718,-2.166061,208,198
NEARUSDT,2026-04-08,R1,2506499.7132,3486926.3997,-980426.6865,-16.358368,11816,16545
NEARUSDT,2026-04-08,R2,7676953.8613,8768805.1567,-1091851.2954,-6.639106,2573,3196
NEARUSDT,2026-04-08,W,0.0,453230.3038,-453230.3038,-100.0,0,4
NEARUSDT,2026-04-09,M,2842443.0243,3015231.8271,-172788.8028,-2.949785,146,160
NEARUSDT,2026-04-09,R1,2429760.5233,2296770.1678,132990.3555,2.813699,11247,10831
NEARUSDT,2026-04-09,R2,6981722.2134,6692805.204,288917.0094,2.112812,2538,2396
NEARUSDT,2026-04-10,M,1826327.5729,1927255.0768,-100927.5039,-2.688831,104,114
NEARUSDT,2026-04-10,R1,2051836.8014,1955047.3443,96789.4571,2.415579,10033,9405
NEARUSDT,2026-04-10,R2,4727453.0633,5186573.2374,-459120.1741,-4.631016,1626,1854
NEARUSDT,2026-04-11,M,1565362.5946,1332146.898,233215.6966,8.048833,86,82
NEARUSDT,2026-04-11,R1,1703783.6089,1718609.2292,-14825.6203,-0.433195,9645,8657
NEARUSDT,2026-04-11,R2,4459230.2861,4673700.9467,-214470.6606,-2.348322,1583,1655
NEARUSDT,2026-04-12,M,1387864.7945,1940638.4772,-552773.6827,-16.607275,65,87
NEARUSDT,2026-04-12,R1,2530457.6026,1661193.4059,869264.1967,20.737991,11728,8978
NEARUSDT,2026-04-12,R2,3434849.1637,3871711.0691,-436861.9054,-5.979037,1239,1375
NEARUSDT,2026-04-13,M,2632746.1119,2935778.5398,-303032.4279,-5.44188,140,146
NEARUSDT,2026-04-13,R1,2413534.9185,2461356.5314,-47821.6129,-0.980978,12879,11453
NEARUSDT,2026-04-13,R2,6578198.7809,6413832.7931,164365.9878,1.265129,2208,2310
NEARUSDT,2026-04-13,W,135427.377,0.0,135427.377,100.0,1,0
NEARUSDT,2026-04-14,M,3426345.5065,3964446.8169,-538101.3104,-7.280699,187,189
NEARUSDT,2026-04-14,R1,2109415.2778,1923611.29,185803.9878,4.607061,10815,10495
NEARUSDT,2026-04-14,R2,5385951.0293,6166837.2252,-780886.1959,-6.759288,1842,2064
NEARUSDT,2026-04-14,W,0.0,241631.8497,-241631.8497,-100.0,0,2
NEARUSDT,2026-04-15,M,2938975.1476,1657984.7148,1280990.4328,27.866035,137,102
NEARUSDT,2026-04-15,R1,1282770.2451,1516065.9085,-233295.6634,-8.335453,7088,8731
NEARUSDT,2026-04-15,R2,3702865.9699,3835714.7665,-132848.7966,-1.762252,1248,1332
NEARUSDT,2026-04-16,M,2424189.4971,3720446.7747,-1296257.2776,-21.095753,130,169
NEARUSDT,2026-04-16,R1,3258940.3771,2484973.968,773966.4091,13.474546,13730,11230
NEARUSDT,2026-04-16,R2,5662247.5474,5660966.0612,1281.4862,0.011317,1930,1946
NEARUSDT,2026-04-16,W,181058.0454,0.0,181058.0454,100.0,1,0
NEARUSDT,2026-04-17,M,3694454.4166,4794175.7985,-1099721.3819,-12.955228,161,222
NEARUSDT,2026-04-17,R1,3974960.2254,1890251.4744,2084708.751,35.543623,22271,11217
NEARUSDT,2026-04-17,R2,6729006.9858,6649309.3674,79697.6184,0.595722,2438,2245
NEARUSDT,2026-04-17,W,1877279.3068,0.0,1877279.3068,100.0,6,0
NEARUSDT,2026-04-18,M,1868084.8457,2563745.7067,-695660.861,-15.696919,87,112
NEARUSDT,2026-04-18,R1,1361294.1111,1769207.6396,-407913.5285,-13.030292,8018,9057
NEARUSDT,2026-04-18,R2,4026284.6935,4553818.5877,-527533.8942,-6.14834,1372,1528
NEARUSDT,2026-04-18,W,0.0,120891.12,-120891.12,-100.0,0,1
NEARUSDT,2026-04-19,M,2065031.2082,2983657.4439,-918626.2357,-18.195343,99,124
NEARUSDT,2026-04-19,R1,1410461.465,2256900.9808,-846439.5158,-23.080334,8390,10514
NEARUSDT,2026-04-19,R2,4489378.5112,5074891.7842,-585513.273,-6.121881,1510,1739
NEARUSDT,2026-04-19,W,0.0,134991.738,-134991.738,-100.0,0,1
NEARUSDT,2026-04-20,M,1753152.905,1386753.6074,366399.2976,11.669115,88,66
NEARUSDT,2026-04-20,R1,1832395.6123,1480045.8016,352349.8107,10.637164,9943,6857
NEARUSDT,2026-04-20,R2,3641374.9306,3695175.3516,-53800.421,-0.73332,1242,1322
NEARUSDT,2026-04-21,M,1300322.683,1819724.8827,-519402.1997,-16.647253,74,81
NEARUSDT,2026-04-21,R1,2848473.8925,1505564.908,1342908.9845,30.842835,11073,7243
NEARUSDT,2026-04-21,R2,3581539.98,3688984.0308,-107444.0508,-1.477803,1324,1358
NEARUSDT,2026-04-21,W,0.0,101697.265,-101697.265,-100.0,0,1
NEARUSDT,2026-04-22,M,999421.8637,858632.0496,140789.8141,7.577273,56,49
NEARUSDT,2026-04-22,R1,3482473.1445,1520352.561,1962120.5835,39.220247,11067,7022
NEARUSDT,2026-04-22,R2,2867870.399,3336329.493,-468459.094,-7.550677,1090,1302
NEARUSDT,2026-04-23,M,759878.3115,749254.8349,10623.4766,0.703946,41,44
NEARUSDT,2026-04-23,R1,2777906.4236,1698448.6394,1079457.7842,24.11466,9958,7492
NEARUSDT,2026-04-23,R2,2851727.1504,3239617.1175,-387889.9671,-6.367888,1107,1292
NEARUSDT,2026-04-24,M,1065792.7629,953263.3654,112529.3975,5.573366,58,47
NEARUSDT,2026-04-24,R1,1963996.0202,1427894.8576,536101.1626,15.805378,8833,6623
NEARUSDT,2026-04-24,R2,2264530.4787,2583090.2404,-318559.7617,-6.571466,840,988
NEARUSDT,2026-04-25,M,520032.8397,482087.8839,37944.9558,3.786466,31,31
NEARUSDT,2026-04-25,R1,815722.6135,1088997.2056,-273274.5921,-14.347233,5253,5510
NEARUSDT,2026-04-25,R2,1309884.51,1343902.069,-34017.559,-1.28185,482,508
NEARUSDT,2026-04-26,M,1151144.5989,1245614.7424,-94470.1435,-3.941578,56,61
NEARUSDT,2026-04-26,R1,1098594.5505,885221.2988,213373.2517,10.755699,6811,5236
NEARUSDT,2026-04-26,R2,2106839.8254,1947801.9108,159037.9146,3.922367,723,680
NEARUSDT,2026-04-26,W,376014.7592,129265.969,246748.7902,48.834,2,1
NEARUSDT,2026-04-27,M,1269263.1977,1894880.0646,-625616.8669,-19.772078,65,88
NEARUSDT,2026-04-27,R1,1451530.891,1224007.1132,227523.7778,8.503851,8182,5464
NEARUSDT,2026-04-27,R2,2824273.8839,2926535.6278,-102261.7439,-1.778215,1083,1063
NEARUSDT,2026-04-27,W,251799.513,288651.479,-36851.966,-6.818743,2,2
NEARUSDT,2026-04-28,M,704985.2275,564823.5842,140161.6433,11.038012,41,38
NEARUSDT,2026-04-28,R1,1186605.9264,812630.9619,373974.9645,18.705886,5798,4120
NEARUSDT,2026-04-28,R2,1641074.1432,1991979.2263,-350905.0831,-9.658682,617,736
NEARUSDT,2026-04-29,M,714976.4738,870169.582,-155193.1082,-9.790461,43,49
NEARUSDT,2026-04-29,R1,1449502.4369,1246238.745,203263.6919,7.540178,7147,6084
NEARUSDT,2026-04-29,R2,2557534.5481,2867799.5783,-310265.0302,-5.718819,927,1083
NEARUSDT,2026-04-30,M,319807.8275,271948.4321,47859.3954,8.087687,20,16
NEARUSDT,2026-04-30,R1,892429.5341,741238.5044,151191.0297,9.254697,4812,3944
NEARUSDT,2026-04-30,R2,1411103.6974,1571770.1097,-160666.4123,-5.386296,513,582
NEARUSDT,2026-05-01,M,665460.9342,958521.1459,-293060.2117,-18.045779,35,49
NEARUSDT,2026-05-01,R1,1138625.2591,1020752.5427,117872.7164,5.458643,5497,4619
NEARUSDT,2026-05-01,R2,2016256.4699,2028971.8186,-12715.3487,-0.31433,752,828
NEARUSDT,2026-05-02,M,540174.102,386802.9561,153371.1459,16.545301,26,21
NEARUSDT,2026-05-02,R1,686117.2077,630578.3851,55538.8226,4.218046,3535,3171
NEARUSDT,2026-05-02,R2,1135482.0264,1133884.0007,1598.0257,0.070417,429,471
NEARUSDT,2026-05-03,M,176843.1663,343197.0789,-166353.9126,-31.988661,13,19
NEARUSDT,2026-05-03,R1,823716.6963,832586.0671,-8869.3708,-0.535492,4043,3868
NEARUSDT,2026-05-03,R2,1465971.7088,1546249.7412,-80278.0324,-2.665077,593,610
NEARUSDT,2026-05-04,M,2002754.4449,2347743.4222,-344988.9773,-7.929873,91,109
NEARUSDT,2026-05-04,R1,2456121.7518,2062997.2667,393124.4851,8.69914,11173,9143
NEARUSDT,2026-05-04,R2,4968024.0156,4069212.0638,898811.9518,9.945651,1872,1522
NEARUSDT,2026-05-04,W,533371.6979,141783.6088,391588.0891,57.999705,3,1
NEARUSDT,2026-05-05,M,1600553.6368,1602646.4472,-2092.8104,-0.065335,83,84
NEARUSDT,2026-05-05,R1,1741142.436,1685921.3329,55221.1031,1.611324,7323,6712
NEARUSDT,2026-05-05,R2,4649136.9556,3873784.1629,775352.7927,9.097266,1574,1471
NEARUSDT,2026-05-05,W,102299.73,0.0,102299.73,100.0,1,0
NEARUSDT,2026-05-06,M,8426814.9798,6118907.5069,2307907.4729,15.866572,398,311
NEARUSDT,2026-05-06,R1,5873420.0866,6575667.1172,-702247.0306,-5.640952,25853,28316
NEARUSDT,2026-05-06,R2,13512070.9336,13735799.8871,-223728.9535,-0.821088,5191,5282
NEARUSDT,2026-05-06,W,268444.1384,360214.2927,-91770.1543,-14.597777,2,3
NEARUSDT,2026-05-07,M,2159107.8697,3977370.414,-1818262.5443,-29.630392,107,184
NEARUSDT,2026-05-07,R1,3973680.256,3043805.7771,929874.4789,13.250821,16393,12794
NEARUSDT,2026-05-07,R2,6953653.0987,7001129.7025,-47476.6038,-0.340217,2644,2704
NEARUSDT,2026-05-07,W,234054.452,103460.0985,130594.3535,38.692955,2,1
NEARUSDT,2026-05-08,M,6751540.3006,4912423.9409,1839116.3597,15.767507,286,232
NEARUSDT,2026-05-08,R1,3981014.5682,4277889.5816,-296875.0134,-3.594605,18607,20772
NEARUSDT,2026-05-08,R2,10615302.6972,9888684.348,726618.3492,3.543791,3844,3581
NEARUSDT,2026-05-08,W,222684.4788,118137.285,104547.1938,30.675035,2,1
NEARUSDT,2026-05-09,M,2245655.4928,2068704.4877,176951.0051,4.101443,115,104
NEARUSDT,2026-05-09,R1,1881563.7685,2334618.1292,-453054.3607,-10.745608,8864,10784
NEARUSDT,2026-05-09,R2,4395616.7233,4464429.2507,-68812.5274,-0.776661,1618,1722
NEARUSDT,2026-05-10,M,1123142.3464,2056561.851,-933419.5046,-29.355545,69,96
NEARUSDT,2026-05-10,R1,2184238.1715,2294550.7691,-110312.5976,-2.463001,10847,11119
NEARUSDT,2026-05-10,R2,5367269.0798,4899198.075,468071.0048,4.559222,1998,1920
NEARUSDT,2026-05-10,W,135461.44,0.0,135461.44,100.0,1,0
NEARUSDT,2026-05-11,M,2491878.3412,1327815.7331,1164062.6081,30.475284,142,79
NEARUSDT,2026-05-11,R1,2352809.2412,3310831.9867,-958022.7455,-16.915315,11248,15330
NEARUSDT,2026-05-11,R2,5175702.7342,5169840.9387,5861.7955,0.05666,1857,1938
NEARUSDT,2026-05-12,M,7720258.371,3560843.3804,4159414.9906,36.870645,377,199
NEARUSDT,2026-05-12,R1,3929133.2097,5083138.4989,-1154005.2892,-12.804821,20706,25161
NEARUSDT,2026-05-12,R2,11453973.5683,9801481.3493,1652492.219,7.774438,4124,3601
NEARUSDT,2026-05-12,W,216963.396,0.0,216963.396,100.0,2,0
NEARUSDT,2026-05-13,M,6475626.4475,6658173.9292,-182547.4817,-1.389906,310,314
NEARUSDT,2026-05-13,R1,5769446.8055,3959636.9786,1809809.8269,18.602058,31690,18366
NEARUSDT,2026-05-13,R2,11193757.8464,10992794.2752,200963.5712,0.90579,4156,4071
NEARUSDT,2026-05-13,W,501597.2292,1015043.3011,-513446.0719,-33.854171,2,5
NEARUSDT,2026-05-14,M,2300002.5615,3101705.8239,-801703.2624,-14.841661,120,158
NEARUSDT,2026-05-14,R1,2968108.3153,2973708.4619,-5600.1466,-0.09425,14180,13813
NEARUSDT,2026-05-14,R2,6339540.5146,6252666.2679,86874.2467,0.689905,2445,2475
NEARUSDT,2026-05-14,W,130981.355,123149.0466,7832.3084,3.082004,1,1
NEARUSDT,2026-05-15,M,1280369.9863,2231384.0636,-951014.0773,-27.080885,73,103
NEARUSDT,2026-05-15,R1,2659418.8919,2647572.3306,11846.5613,0.223226,12996,10954
NEARUSDT,2026-05-15,R2,5040940.069,6282690.437,-1241750.368,-10.966009,1889,2535
NEARUSDT,2026-05-15,W,123159.636,0.0,123159.636,100.0,1,0
NEARUSDT,2026-05-16,M,1540716.3086,2344200.8901,-803484.5815,-20.682155,77,105
NEARUSDT,2026-05-16,R1,1745248.4878,1722822.0344,22426.4534,0.646655,8669,7852
NEARUSDT,2026-05-16,R2,4004850.1659,3981340.4002,23509.7657,0.29438,1506,1520
NEARUSDT,2026-05-17,M,1242680.0257,1027229.4336,215450.5921,9.491594,67,52
NEARUSDT,2026-05-17,R1,2124180.7957,1851412.6814,272768.1143,6.861067,9734,8247
NEARUSDT,2026-05-17,R2,3838731.2218,3412708.9063,426022.3155,5.875003,1537,1381
NEARUSDT,2026-05-18,M,1870163.6288,2059066.2451,-188902.6163,-4.807624,106,114
NEARUSDT,2026-05-18,R1,3305988.2899,3454278.2508,-148289.9609,-2.193552,15530,15128
NEARUSDT,2026-05-18,R2,7174212.3879,7464787.034,-290574.6461,-1.984935,2915,2955
NEARUSDT,2026-05-19,M,3325492.6444,3146545.8279,178946.8165,2.764922,180,171
NEARUSDT,2026-05-19,R1,3177830.0573,3260382.9385,-82552.8812,-1.282233,15574,16375
NEARUSDT,2026-05-19,R2,8101805.6779,9133292.9053,-1031487.2274,-5.984806,2960,3226
NEARUSDT,2026-05-20,M,5602672.7519,3726966.3548,1875706.3971,20.104812,317,205
NEARUSDT,2026-05-20,R1,4627804.9394,3601870.9265,1025934.0129,12.466275,24813,15678
NEARUSDT,2026-05-20,R2,11044842.7695,10185654.9045,859187.865,4.046951,4129,3794
NEARUSDT,2026-05-21,M,7173150.9597,6000553.7728,1172597.1869,8.901043,377,336
NEARUSDT,2026-05-21,R1,7949951.3044,10310610.4337,-2360659.1293,-12.927637,37208,41429
NEARUSDT,2026-05-21,R2,19528635.1508,19082645.5225,445989.6283,1.155076,7589,7405
NEARUSDT,2026-05-22,M,16055579.6167,17205877.6778,-1150298.0611,-3.458351,899,960
NEARUSDT,2026-05-22,R1,21262352.7917,19413332.7798,1849020.0119,4.545762,96571,86461
NEARUSDT,2026-05-22,R2,50850866.2485,54485188.7108,-3634322.4623,-3.450217,19448,21183
NEARUSDT,2026-05-22,W,1669679.6935,271684.383,1397995.3105,72.010981,8,2
NEARUSDT,2026-05-23,M,18596196.3696,12339417.7572,6256778.6124,20.225164,1181,732
NEARUSDT,2026-05-23,R1,15752999.938,19703686.4001,-3950686.4621,-11.142289,77177,89019
NEARUSDT,2026-05-23,R2,45101773.4881,42334979.4369,2766794.0512,3.164338,17061,16923
NEARUSDT,2026-05-23,W,850629.1815,734533.5215,116095.66,7.323896,3,4
NEARUSDT,2026-05-24,M,9164044.1798,8177209.4092,986834.7706,5.690677,570,483
NEARUSDT,2026-05-24,R1,12218958.4185,12625241.0084,-406282.5899,-1.635322,56448,60093
NEARUSDT,2026-05-24,R2,31167220.8719,30948891.7532,218329.1187,0.351485,11910,12294
NEARUSDT,2026-05-24,W,302077.787,250169.086,51908.701,9.399546,2,2
NEARUSDT,2026-05-25,M,18419889.0058,11492045.7959,6927843.2099,23.160799,1050,697
NEARUSDT,2026-05-25,R1,16042621.3473,16972478.8218,-929857.4745,-2.816461,68194,71817
NEARUSDT,2026-05-25,R2,47012939.9659,45231063.8982,1781876.0677,1.931699,17840,17626
NEARUSDT,2026-05-25,W,213938.0832,109226.156,104711.9272,32.402077,2,1
NEARUSDT,2026-05-26,M,25060739.0173,17512147.3193,7548591.698,17.730984,1390,973
NEARUSDT,2026-05-26,R1,20645273.6879,25400562.5358,-4755288.8479,-10.327294,101596,128024
NEARUSDT,2026-05-26,R2,49645332.1285,55436945.3495,-5791613.221,-5.511503,18644,22041
NEARUSDT,2026-05-26,W,626804.9516,466760.6899,160044.2617,14.635085,5,4
NEARUSDT,2026-05-27,M,20550047.5346,19088164.2567,1461883.2779,3.688066,1090,975
NEARUSDT,2026-05-27,MW,1066845.212,0.0,1066845.212,100.0,1,0
NEARUSDT,2026-05-27,R1,17439150.7761,15485634.3707,1953516.4054,5.93327,86183,62423
NEARUSDT,2026-05-27,R2,38932277.2872,36536088.361,2396188.9262,3.175091,15123,14550
NEARUSDT,2026-05-27,W,2222576.0269,4070530.2692,-1847954.2423,-29.364739,11,18
NEARUSDT,2026-05-28,M,9481229.2969,11287498.4634,-1806269.1665,-8.697062,558,627
NEARUSDT,2026-05-28,R1,12185784.2242,11185854.246,999929.9782,4.278391,54338,44424
NEARUSDT,2026-05-28,R2,23446322.1227,27371329.7729,-3925007.6502,-7.723709,9141,10726
NEARUSDT,2026-05-28,W,261464.46,382383.504,-120919.044,-18.780683,2,2
NEARUSDT,2026-05-29,M,12654176.1715,14755449.0095,-2101272.838,-7.666186,689,759
NEARUSDT,2026-05-29,R1,14901496.7772,18862563.0725,-3961066.2953,-11.731605,63835,83650
NEARUSDT,2026-05-29,R2,35149171.0288,39362099.0967,-4212928.0679,-5.654082,13094,16067
NEARUSDT,2026-05-29,W,4081349.7206,2878774.1753,1202575.5453,17.278077,17,16
NEARUSDT,2026-05-30,M,6219066.1211,7134592.7203,-915526.5992,-6.855998,374,409
NEARUSDT,2026-05-30,R1,8089713.5067,6616814.1253,1472899.3814,10.015276,39644,28343
NEARUSDT,2026-05-30,R2,13833104.0962,16418825.225,-2585721.1288,-8.547293,5278,6542
NEARUSDT,2026-05-30,W,488512.754,229924.7379,258588.0161,35.993113,3,2
NEARUSDT,2026-05-31,M,9154213.5361,6954858.4737,2199355.0624,13.652897,520,390
NEARUSDT,2026-05-31,R1,7166155.3239,8013996.5153,-847841.1914,-5.585196,32358,35034
NEARUSDT,2026-05-31,R2,16067531.6959,15314584.0326,752947.6633,2.399289,5962,6167
NEARUSDT,2026-05-31,W,106737.3696,0.0,106737.3696,100.0,1,0
NEARUSDT,2026-06-01,M,18534781.636,13390462.6569,5144318.9791,16.11364,1120,800
NEARUSDT,2026-06-01,R1,16812755.174,18894360.1159,-2081604.9419,-5.829664,64775,78929
NEARUSDT,2026-06-01,R2,34327540.4625,38865554.15,-4538013.6875,-6.200057,13431,16735
NEARUSDT,2026-06-01,W,509024.0113,430015.547,79008.4643,8.413752,4,3
NEARUSDT,2026-06-02,M,15700487.8963,15958196.8793,-257708.983,-0.814023,955,894
NEARUSDT,2026-06-02,R1,25867220.31,25546484.6139,320735.6961,0.623833,109549,96949
NEARUSDT,2026-06-02,R2,43567587.0883,45498932.5927,-1931345.5044,-2.16843,18087,20189
NEARUSDT,2026-06-02,W,1193405.5756,893757.4508,299648.1248,14.356719,6,6
NEARUSDT,2026-06-03,M,27550943.6165,26226682.5611,1324261.0554,2.462476,1612,1499
NEARUSDT,2026-06-03,R1,27821745.7674,27940054.8657,-118309.0983,-0.212169,113994,115970
NEARUSDT,2026-06-03,R2,57700403.5476,56407222.3589,1293181.1887,1.1333,23345,23189
NEARUSDT,2026-06-03,W,1673924.1385,1938743.061,-264818.9225,-7.330288,13,13
NEARUSDT,2026-06-04,M,16875195.747,22220564.3214,-5345368.5744,-13.672502,1042,1293
NEARUSDT,2026-06-04,R1,30191409.3627,26550669.4705,3640739.8922,6.416296,130960,101596
NEARUSDT,2026-06-04,R2,53285504.122,56132748.0496,-2847243.9276,-2.602165,22150,23471
NEARUSDT,2026-06-04,W,2095084.2409,2638374.9394,-543290.6985,-11.477667,11,17
NEARUSDT,2026-06-05,M,12303384.8645,15981569.0555,-3678184.191,-13.004031,754,926
NEARUSDT,2026-06-05,R1,27659645.5644,26293134.4514,1366511.113,2.532791,113538,111565
NEARUSDT,2026-06-05,R2,51011457.1874,49405900.7135,1605556.4739,1.598883,23700,22510
NEARUSDT,2026-06-05,W,633204.729,1936402.5923,-1303197.8633,-50.715837,3,11
NEARUSDT,2026-06-06,M,3469206.4193,3488361.6505,-19155.2312,-0.275315,225,219
NEARUSDT,2026-06-06,R1,11432612.9429,11134003.4585,298609.4844,1.323236,48310,43909
NEARUSDT,2026-06-06,R2,15588211.6093,16820857.5571,-1232645.9478,-3.803398,6999,7991
NEARUSDT,2026-06-07,M,9498975.2716,9826210.6889,-327235.4173,-1.693311,539,560
NEARUSDT,2026-06-07,R1,14723338.4829,13635776.0317,1087562.4512,3.834966,63065,57244
NEARUSDT,2026-06-07,R2,27642495.2419,24503860.1856,3138635.0563,6.018896,11535,10551
NEARUSDT,2026-06-07,W,2107783.401,396127.2469,1711656.1541,68.359314,9,3
NEARUSDT,2026-06-08,M,6772088.3416,8411149.6237,-1639061.2821,-10.795202,383,489
NEARUSDT,2026-06-08,R1,12227885.931,13888856.2765,-1660970.3455,-6.359791,52065,56746
NEARUSDT,2026-06-08,R2,25854804.4722,24311106.4896,1543697.9826,3.077185,10976,11167
NEARUSDT,2026-06-08,W,227264.0435,420840.4014,-193576.3579,-29.868081,2,2
NEARUSDT,2026-06-09,M,4948449.71,6178961.2367,-1230511.5267,-11.058381,311,355
NEARUSDT,2026-06-09,R1,9587315.3032,10361262.5269,-773947.2237,-3.879711,41523,40747
NEARUSDT,2026-06-09,R2,20006501.5007,20602060.9644,-595559.4637,-1.466586,8353,9686
NEARUSDT,2026-06-09,W,278249.9403,0.0,278249.9403,100.0,2,0
NEARUSDT,2026-06-10,M,5513423.9148,6673069.9725,-1159646.0577,-9.51583,332,403
NEARUSDT,2026-06-10,R1,10670082.4403,10949958.098,-279875.6577,-1.29452,48670,46878
NEARUSDT,2026-06-10,R2,18854674.4846,18966245.3719,-111570.8873,-0.294998,8359,9009
NEARUSDT,2026-06-10,W,187451.9628,120886.672,66565.2908,21.588372,1,1
NEARUSDT,2026-06-11,M,5136059.8255,4246215.8516,889843.9739,9.484309,315,258
NEARUSDT,2026-06-11,R1,11505061.9006,8211907.3037,3293154.5969,16.702134,52765,32936
NEARUSDT,2026-06-11,R2,19751273.8318,17539978.48,2211295.3518,5.929796,8235,7668
NEARUSDT,2026-06-11,W,211362.1662,0.0,211362.1662,100.0,1,0
NEARUSDT,2026-06-12,M,2598329.104,2957332.0181,-359002.9141,-6.46193,154,168
NEARUSDT,2026-06-12,R1,6660922.1372,7340867.2947,-679945.1575,-4.85613,29525,30264
NEARUSDT,2026-06-12,R2,13995973.2147,13808909.0975,187064.1172,0.672774,6051,6490
NEARUSDT,2026-06-12,W,116937.8088,0.0,116937.8088,100.0,1,0
NEARUSDT,2026-06-13,M,3247527.7119,2792790.6699,454737.042,7.528362,193,162
NEARUSDT,2026-06-13,R1,5037281.0654,5093265.3163,-55984.2509,-0.552628,23469,23195
NEARUSDT,2026-06-13,R2,10399331.8165,9754453.3492,644878.4673,3.199788,4548,4407
NEARUSDT,2026-06-13,W,0.0,100600.0,-100600.0,-100.0,0,1
NEARUSDT,2026-06-14,M,3003729.6133,3712465.9518,-708736.3385,-10.552646,157,205
NEARUSDT,2026-06-14,R1,5647124.6187,4641879.0061,1005245.6126,9.770097,26671,19475
NEARUSDT,2026-06-14,R2,10121349.8353,10185324.2605,-63974.4252,-0.315041,4489,4537
NEARUSDT,2026-06-14,W,100567.215,102158.064,-1590.849,-0.784731,1,1
NEARUSDT,2026-06-15,M,8274510.1896,9209357.3922,-934847.2026,-5.346913,479,462
NEARUSDT,2026-06-15,R1,9134297.2971,10898007.2743,-1763709.9772,-8.804329,40921,44951
NEARUSDT,2026-06-15,R2,24217688.4608,25107756.7572,-890068.2964,-1.804481,10123,11003
NEARUSDT,2026-06-15,W,409126.8206,1290616.898,-881490.0774,-51.860176,3,8
NEARUSDT,2026-06-16,M,5663120.3433,7248554.2276,-1585433.8843,-12.279073,340,400
NEARUSDT,2026-06-16,R1,7082294.3011,7415405.7965,-333111.4954,-2.297685,31628,36701
NEARUSDT,2026-06-16,R2,23251603.3973,22850952.2,400651.1973,0.869043,8784,8988
NEARUSDT,2026-06-16,W,313034.7415,1502528.2895,-1189493.548,-65.516511,2,8
NEARUSDT,2026-06-17,M,4876416.3043,6443628.4325,-1567212.1282,-13.844575,279,377
NEARUSDT,2026-06-17,R1,7531502.9369,6945315.0644,586187.8725,4.049149,35868,28680
NEARUSDT,2026-06-17,R2,19095610.4364,18870958.4864,224651.95,0.59171,7895,7883
NEARUSDT,2026-06-17,W,1202896.759,265580.406,937316.353,63.829141,6,1
NEARUSDT,2026-06-18,M,3856280.6219,4459795.3209,-603514.699,-7.257205,250,264
NEARUSDT,2026-06-18,R1,6175838.5496,6052913.2607,122925.2889,1.005215,27364,25623
NEARUSDT,2026-06-18,R2,14983653.6763,15948978.9286,-965325.2523,-3.120734,6326,6818
NEARUSDT,2026-06-19,M,2965583.9507,2837731.0018,127852.9489,2.203102,162,148
NEARUSDT,2026-06-19,R1,4696763.0047,5205259.8237,-508496.819,-5.135282,19465,19944
NEARUSDT,2026-06-19,R2,10177468.9877,11061280.9655,-883811.9778,-4.161318,4274,4906
NEARUSDT,2026-06-20,M,2013568.0159,1725451.9438,288116.0721,7.705658,104,85
NEARUSDT,2026-06-20,R1,2982808.6717,3417922.8521,-435114.1804,-6.797882,12269,16487
NEARUSDT,2026-06-20,R2,7216799.855,7016770.2895,200029.5655,1.405337,3051,3040
NEARUSDT,2026-06-21,M,3383832.72,2229648.065,1154184.655,20.560944,191,127
NEARUSDT,2026-06-21,R1,3754277.4983,4098367.1012,-344089.6029,-4.381831,16251,18240
NEARUSDT,2026-06-21,R2,9330500.9444,9654983.58,-324482.6356,-1.709109,3856,4304
NEARUSDT,2026-06-22,M,2377915.3406,3018182.1287,-640266.7881,-11.865367,126,174
NEARUSDT,2026-06-22,R1,4322018.7889,3579578.2767,742440.5122,9.396082,17781,14000
NEARUSDT,2026-06-22,R2,9578066.4339,9926296.4196,-348229.9857,-1.785395,4121,4219
NEARUSDT,2026-06-22,W,105052.896,0.0,105052.896,100.0,1,0
NEARUSDT,2026-06-23,M,3568959.8313,4357029.808,-788069.9767,-9.942859,198,216
NEARUSDT,2026-06-23,R1,4009649.0789,3716385.7524,293263.3265,3.795781,20904,13598
NEARUSDT,2026-06-23,R2,9089755.0978,11261723.1988,-2171968.101,-10.672287,3688,4551
NEARUSDT,2026-06-23,W,0.0,245117.4,-245117.4,-100.0,0,1
NEARUSDT,2026-06-24,M,2950447.9441,3116592.7886,-166144.8445,-2.738482,188,189
NEARUSDT,2026-06-24,R1,3579946.9096,3716490.4914,-136543.5818,-1.871373,15963,16467
NEARUSDT,2026-06-24,R2,9133402.8468,9614876.0026,-481473.1558,-2.568093,3583,3840
NEARUSDT,2026-06-25,M,3105076.6416,2232355.6373,872721.0043,16.350952,191,128
NEARUSDT,2026-06-25,R1,6003958.5914,4547645.0999,1456313.4915,13.801821,28161,19328
NEARUSDT,2026-06-25,R2,14266778.3525,13113652.2022,1153126.1503,4.211498,5836,5405
NEARUSDT,2026-06-26,M,4681841.3293,5747078.1144,-1065236.7851,-10.214258,272,334
NEARUSDT,2026-06-26,R1,6331106.1845,4604913.7829,1726192.4016,15.784466,24732,20312
NEARUSDT,2026-06-26,R2,12896545.8683,13810472.859,-913926.9907,-3.422048,5132,5395
NEARUSDT,2026-06-27,M,4008083.1894,3559436.1263,448647.0631,5.928588,233,197
NEARUSDT,2026-06-27,R1,4100483.8283,4159263.1777,-58779.3494,-0.711636,14906,21060
NEARUSDT,2026-06-27,R2,10064894.8829,9720570.8779,344324.005,1.740288,3446,3568
NEARUSDT,2026-06-27,W,0.0,264113.9125,-264113.9125,-100.0,0,2
NEARUSDT,2026-06-28,M,3106327.8735,3246634.0507,-140306.1772,-2.208516,176,189
NEARUSDT,2026-06-28,R1,4371950.8204,3525868.3403,846082.4801,10.712862,22245,15381
NEARUSDT,2026-06-28,R2,7935533.853,8184988.7892,-249454.9362,-1.547437,3206,3437
NEARUSDT,2026-06-28,W,151525.556,0.0,151525.556,100.0,1,0
NEARUSDT,2026-06-29,M,2388795.2535,3153342.9035,-764547.65,-13.795175,156,180
NEARUSDT,2026-06-29,R1,4965341.4369,3787299.6671,1178041.7698,13.459272,21567,15625
NEARUSDT,2026-06-29,R2,7559707.1559,8155167.2153,-595460.0594,-3.789149,3046,3416
NEARUSDT,2026-06-30,M,3567686.922,2866022.0068,701664.9152,10.906072,188,154
NEARUSDT,2026-06-30,R1,4179104.5541,3462381.0304,716723.5237,9.379374,17482,13936
NEARUSDT,2026-06-30,R2,7165487.6569,7574034.4308,-408546.7739,-2.771778,2824,3060
NEARUSDT,2026-07-01,M,3412400.5395,4125620.1337,-713219.5942,-9.46163,212,228
NEARUSDT,2026-07-01,R1,4684229.7247,4190994.3194,493235.4053,5.557442,21043,19159
NEARUSDT,2026-07-01,R2,11497004.7719,10964265.9594,532738.8125,2.371811,4517,4376
NEARUSDT,2026-07-01,W,0.0,135859.16,-135859.16,-100.0,0,1
NEARUSDT,2026-07-02,M,4774193.9164,3816715.541,957478.3754,11.14525,241,195
NEARUSDT,2026-07-02,R1,4982623.5903,5262063.6558,-279440.0655,-2.727658,20789,23104
NEARUSDT,2026-07-02,R2,9044281.4075,9078577.8493,-34296.4418,-0.189244,3676,3832
NEARUSDT,2026-07-02,W,0.0,101795.169,-101795.169,-100.0,0,1
NEARUSDT,2026-07-03,M,4451845.7299,3969076.2912,482769.4387,5.732976,253,201
NEARUSDT,2026-07-03,R1,4556728.8439,4773966.9021,-217238.0582,-2.328209,18506,19951
NEARUSDT,2026-07-03,R2,10320160.1908,9217426.0411,1102734.1497,5.644168,3897,3630
NEARUSDT,2026-07-03,W,126377.7935,258826.7435,-132448.95,-34.384058,1,2
NEARUSDT,2026-07-04,M,2723670.1042,2398374.4635,325295.6407,6.350894,175,154
NEARUSDT,2026-07-04,R1,2965792.7717,2922333.8023,43458.9694,0.738078,14362,12893
NEARUSDT,2026-07-04,R2,6274735.2364,6883202.1923,-608466.9559,-4.624334,2289,2675
NEARUSDT,2026-07-05,M,1533967.5896,1798825.1924,-264857.6028,-7.947017,107,112
NEARUSDT,2026-07-05,R1,1936607.8522,2164839.2352,-228231.383,-5.564655,9192,9531
NEARUSDT,2026-07-05,R2,5151236.0377,4999576.3266,151659.7111,1.494065,1970,1959
NEARUSDT,2026-07-06,M,4373943.3851,3280396.8358,1093546.5493,14.286621,270,204
NEARUSDT,2026-07-06,R1,3717924.9607,3601655.5198,116269.4409,1.588471,17093,16138
NEARUSDT,2026-07-06,R2,13168944.1457,11454077.1942,1714866.9515,6.964486,5117,4504
NEARUSDT,2026-07-07,M,2825248.1257,3729783.2892,-904535.1635,-13.799097,174,208
NEARUSDT,2026-07-07,R1,3174704.9402,4005254.8936,-830549.9534,-11.567613,14599,17714
NEARUSDT,2026-07-07,R2,9551175.3677,8654574.6564,896600.7113,4.924822,3831,3489
NEARUSDT,2026-07-08,M,1962805.9678,3053857.5753,-1091051.6075,-21.748551,108,168
NEARUSDT,2026-07-08,R1,2848451.0426,3303178.4806,-454727.438,-7.391983,13306,17474
NEARUSDT,2026-07-08,R2,8652057.4751,8895297.2668,-243239.7917,-1.386191,3484,3522
NEARUSDT,2026-07-08,W,101932.78,173291.778,-71358.998,-25.927555,1,1
NEARUSDT,2026-07-09,M,1670236.5879,1406641.8607,263594.7272,8.566953,92,83
NEARUSDT,2026-07-09,R1,2728899.5074,2281413.9565,447485.5509,8.931289,11131,9412
NEARUSDT,2026-07-09,R2,5187719.9851,5128088.4613,59631.5238,0.57806,2173,2226
NEARUSDT,2026-07-10,M,1382536.3499,1561261.3624,-178725.0125,-6.07124,90,95
NEARUSDT,2026-07-10,R1,2120954.4534,1877625.5464,243328.907,6.085383,9536,7814
NEARUSDT,2026-07-10,R2,6188737.2839,5844181.6188,344555.6651,2.863442,2470,2417
NEARUSDT,2026-07-10,W,0.0,228458.4043,-228458.4043,-100.0,0,2
NEARUSDT,2026-07-11,M,952046.2484,1203488.3181,-251442.0697,-11.664952,56,72
NEARUSDT,2026-07-11,R1,1392438.3,1355358.6661,37079.6339,1.349431,6538,6033
NEARUSDT,2026-07-11,R2,3525864.3116,3335899.3727,189964.9389,2.768456,1419,1363
NEARUSDT,2026-07-12,M,1300020.8986,1080700.1034,219320.7952,9.212369,77,63
NEARUSDT,2026-07-12,R1,1457531.9661,1594022.1384,-136490.1723,-4.472809,6975,7004
NEARUSDT,2026-07-12,R2,4354053.1336,3851964.1637,502088.9699,6.118546,1755,1590
NEARUSDT,2026-07-12,W,111245.8985,0.0,111245.8985,100.0,1,0
NEARUSDT,2026-07-13,M,2013978.4446,1876833.2339,137145.2107,3.524848,131,115
NEARUSDT,2026-07-13,R1,3390246.0978,3264904.6938,125341.404,1.883374,15302,13444
NEARUSDT,2026-07-13,R2,9987809.1277,8885866.162,1101942.9657,5.838518,3737,3521
NEARUSDT,2026-07-14,M,3889142.7382,4225112.7358,-335969.9976,-4.140491,236,238
NEARUSDT,2026-07-14,R1,3536112.2191,3580702.6502,-44590.4311,-0.62655,18271,20208
NEARUSDT,2026-07-14,R2,11179115.1306,9715405.7263,1463709.4043,7.005231,4106,3743
NEARUSDT,2026-07-15,M,2602905.3865,1689731.7904,913173.5961,21.273021,149,99
NEARUSDT,2026-07-15,R1,2915907.3646,2608606.2643,307301.1003,5.562501,14392,11578
NEARUSDT,2026-07-15,R2,6726485.323,6626504.8777,99980.4453,0.748749,2817,2789
NEARUSDT,2026-07-15,W,163347.84,0.0,163347.84,100.0,1,0
NEARUSDT,2026-07-16,M,1808367.866,2838312.5659,-1029944.6999,-22.165172,112,151
NEARUSDT,2026-07-16,R1,2546443.5242,2791620.7701,-245177.2459,-4.592999,13979,12803
NEARUSDT,2026-07-16,R2,5561441.9701,6584837.145,-1023395.1749,-8.425586,2311,2664
NEARUSDT,2026-07-16,W,176985.7908,443448.4782,-266462.6874,-42.947771,1,3
NEARUSDT,2026-07-17,M,2674818.6461,4160482.475,-1485663.8289,-21.735163,148,190
NEARUSDT,2026-07-17,R1,3082860.9166,2916163.7347,166697.1819,2.778738,14658,13422
NEARUSDT,2026-07-17,R2,4886975.5154,5703497.0281,-816521.5127,-7.709963,2038,2293
NEARUSDT,2026-07-18,M,2033865.3049,2462801.811,-428936.5061,-9.538987,115,123
NEARUSDT,2026-07-18,R1,1304286.8473,1286425.5238,17861.3235,0.689437,7286,6364
NEARUSDT,2026-07-18,R2,3386841.3829,3145325.8653,241515.5176,3.697326,1195,1246
NEARUSDT,2026-07-18,W,0.0,124920.384,-124920.384,-100.0,0,1
NEARUSDT,2026-07-19,M,2644430.2042,2795330.8133,-150900.6091,-2.77403,153,148
NEARUSDT,2026-07-19,R1,1657866.192,1882868.4969,-225002.3049,-6.354678,12804,9235
NEARUSDT,2026-07-19,R2,3465308.1149,4169145.9668,-703837.8519,-9.21923,1198,1633
NEARUSDT,2026-07-20,M,1511178.3729,1405571.4417,105606.9312,3.620706,83,80
NEARUSDT,2026-07-20,R1,1895061.6427,1999009.0037,-103947.361,-2.669375,10203,8069
NEARUSDT,2026-07-20,R2,6910597.1244,7248709.2638,-338112.1394,-2.387915,2560,2879
NEARUSDT,2026-07-21,M,1609364.4131,1741802.8839,-132438.4708,-3.95201,94,92
NEARUSDT,2026-07-21,R1,2253632.238,2118150.9795,135481.2585,3.098993,10119,9278
NEARUSDT,2026-07-21,R2,6820328.1299,6777085.4041,43242.7258,0.318022,2670,2795
NEARUSDT,2026-07-22,M,1742675.2872,3035822.8518,-1293147.5646,-27.061799,94,147
NEARUSDT,2026-07-22,R1,2415436.6412,2640442.1924,-225005.5512,-4.450375,11663,12451
NEARUSDT,2026-07-22,R2,4461871.694,5205319.4191,-743447.7251,-7.690421,1810,2050
NEARUSDT,2026-07-23,M,876276.8921,1061241.4869,-184964.5948,-9.546469,50,61
NEARUSDT,2026-07-23,R1,1781371.3642,1745684.5949,35686.7693,1.0118,9184,7652
NEARUSDT,2026-07-23,R2,2741743.4432,3290991.3401,-549247.8969,-9.10446,1125,1321
NEARUSDT,2026-07-24,M,1707464.0123,1722220.6239,-14756.6116,-0.430261,100,99
NEARUSDT,2026-07-24,R1,2012581.294,1998358.3125,14222.9815,0.354605,9865,8166
NEARUSDT,2026-07-24,R2,4430336.2072,4798963.702,-368627.4948,-3.9941,1743,1895
NEARUSDT,2026-07-24,W,119721.3283,131501.672,-11780.3437,-4.689198,1,1
NEARUSDT,2026-07-25,M,1051509.8173,1103468.2277,-51958.4104,-2.411088,51,57
NEARUSDT,2026-07-25,R1,871469.1832,951919.6056,-80450.4224,-4.412138,5657,4629
NEARUSDT,2026-07-25,R2,1850197.7971,2336931.2814,-486733.4843,-11.624516,703,912
NEARUSDT,2026-07-26,M,965481.0284,1420590.5184,-455109.49,-19.073589,46,69
NEARUSDT,2026-07-26,R1,953977.6593,1074634.3052,-120656.6459,-5.947744,5516,5059
NEARUSDT,2026-07-26,R2,2142341.9681,2810537.146,-668195.1779,-13.491046,794,1030
NEARUSDT,2026-07-27,M,1773665.8235,3885149.4275,-2111483.604,-37.313174,108,194
NEARUSDT,2026-07-27,R1,2399857.5161,2313355.4376,86502.0785,1.83531,12846,9340
NEARUSDT,2026-07-27,R2,4829047.1028,6007872.9311,-1178825.8283,-10.877868,2010,2327
NEARUSDT,2026-07-27,W,0.0,116733.032,-116733.032,-100.0,0,1
NEARUSDT,2026-07-28,M,885953.1155,1373707.7555,-487754.64,-21.585303,56,82
NEARUSDT,2026-07-28,R1,1793294.7838,1776013.2485,17281.5353,0.48417,9976,9382
NEARUSDT,2026-07-28,R2,3663848.3109,4257903.4554,-594055.1445,-7.499038,1485,1661
NEARUSDT,2026-07-28,W,141130.2,0.0,141130.2,100.0,1,0
NEARUSDT,2026-07-29,M,2548610.7376,2536765.6439,11845.0937,0.232925,129,133
NEARUSDT,2026-07-29,R1,2368641.3837,2233366.3858,135274.9979,2.939478,12733,9564
NEARUSDT,2026-07-29,R2,5843608.764,7000076.5556,-1156467.7916,-9.004174,2341,2673
NEARUSDT,2026-07-29,W,289042.3325,0.0,289042.3325,100.0,2,0
NEARUSDT,2026-07-30,M,1519502.1762,1331839.345,187662.8312,6.581563,82,75
NEARUSDT,2026-07-30,R1,1170326.3681,1510054.0888,-339727.7207,-12.674608,7083,8045
NEARUSDT,2026-07-30,R2,3578549.5689,4003381.2888,-424831.7199,-5.603213,1345,1544
NEARUSDT,2026-07-31,M,1832359.213,1955090.3757,-122731.1627,-3.24047,101,117
NEARUSDT,2026-07-31,R1,1764362.37,2423088.7607,-658726.3907,-15.730963,9274,11684
NEARUSDT,2026-07-31,R2,4800985.0916,6862933.1039,-2061948.0123,-17.678005,1932,2951
NEARUSDT,2026-08-01,M,1077641.7125,1114022.3993,-36380.6868,-1.659957,65,63
NEARUSDT,2026-08-01,R1,1228478.0399,1368071.6964,-139593.6565,-5.376121,6450,6187
NEARUSDT,2026-08-01,R2,2765121.9479,2867570.2144,-102448.2665,-1.818815,1106,1156
NEARUSDT,2026-08-02,M,3012495.2135,2145319.055,867176.1585,16.812861,165,117
NEARUSDT,2026-08-02,R1,1396548.9381,1541666.5512,-145117.6131,-4.938971,6695,7249
NEARUSDT,2026-08-02,R2,3769839.5866,4202787.8495,-432948.2629,-5.430434,1382,1693
NEARUSDT,2026-08-03,M,922038.0749,1134300.1208,-212262.0459,-10.322332,58,63
NEARUSDT,2026-08-03,R1,1266288.6008,1100566.9796,165721.6212,7.001763,5751,5039
NEARUSDT,2026-08-03,R2,3095177.121,2846804.1563,248372.9647,4.179969,1466,1132
NEARUSDT,2026-08-04,M,684451.9199,924478.1401,-240026.2202,-14.918375,43,48
NEARUSDT,2026-08-04,R1,1057897.4062,966728.7925,91168.6137,4.502985,4970,4394
NEARUSDT,2026-08-04,R2,2457815.1576,2176655.9857,281159.1719,6.066694,1162,872
NEARUSDT,2026-08-05,M,957474.6962,1201120.0447,-243645.3485,-11.287221,50,71
NEARUSDT,2026-08-05,R1,1153650.5833,1140180.3313,13470.252,0.587238,5894,4725
NEARUSDT,2026-08-05,R2,2547280.8413,2844420.4116,-297139.5703,-5.511054,1069,1137
NEARUSDT,2026-08-06,M,2199324.2287,1003309.1617,1196015.067,37.344739,114,64
NEARUSDT,2026-08-06,R1,1257586.0068,1367317.4908,-109731.484,-4.180401,6580,6118
NEARUSDT,2026-08-06,R2,3571443.411,4032028.8816,-460585.4706,-6.057568,1458,1588
NEARUSDT,2026-08-07,M,2238019.331,2946749.2057,-708729.8747,-13.66946,120,210
NEARUSDT,2026-08-07,R1,1629103.8328,1562406.3609,66697.4719,2.08984,8556,6061
NEARUSDT,2026-08-07,R2,4105544.2472,5643930.4571,-1538386.2099,-15.77917,1499,1843
NEARUSDT,2026-08-07,W,0.0,108885.1584,-108885.1584,-100.0,0,1
NEARUSDT,2026-08-08,M,957069.8384,2854668.8194,-1897598.981,-49.78303,59,212
NEARUSDT,2026-08-08,R1,1223266.7988,645312.5452,577954.2536,30.930142,6886,3027
NEARUSDT,2026-08-08,R2,3050771.1029,4302889.086,-1252117.9831,-17.02714,1205,1367
NEARUSDT,2026-08-09,M,834797.6406,1105535.9935,-270738.3529,-13.953186,50,69
NEARUSDT,2026-08-09,R1,924314.8623,832453.8634,91860.9989,5.228975,4814,3788
NEARUSDT,2026-08-09,R2,2170943.7538,2378769.6798,-207825.926,-4.56789,893,946
NEARUSDT,2026-08-10,M,1512306.4426,1782120.5859,-269814.1433,-8.190017,94,110
NEARUSDT,2026-08-10,R1,1619422.2063,1510779.1183,108643.088,3.470802,7047,6172
NEARUSDT,2026-08-10,R2,4297588.7317,6136597.7749,-1839009.0432,-17.624844,1731,2136
NEARUSDT,2026-08-11,M,1496717.4732,1318560.1005,178157.3727,6.328235,93,81
NEARUSDT,2026-08-11,R1,1654878.756,1556685.9436,98192.8124,3.057476,8364,6113
NEARUSDT,2026-08-11,R2,4552441.7176,6726290.1894,-2173848.4718,-19.273873,1813,2276
NEARUSDT,2026-08-12,M,969967.3747,1706912.6991,-736945.3244,-27.530009,69,102
NEARUSDT,2026-08-12,R1,2742178.9166,1901048.4689,841130.4477,18.115211,9783,8210
NEARUSDT,2026-08-12,R2,5869831.0652,6191953.1151,-322122.0499,-2.6706,2284,2368
NEARUSDT,2026-08-13,M,752033.2256,957489.2294,-205456.0038,-12.018327,49,64
NEARUSDT,2026-08-13,R1,1857927.2879,1021820.1518,836107.1361,29.034044,6169,4741
NEARUSDT,2026-08-13,R2,2982412.8883,3180150.4979,-197737.6096,-3.208691,1205,1188
NEARUSDT,2026-08-14,M,1023551.7596,2458953.2172,-1435401.4576,-41.217499,56,163
NEARUSDT,2026-08-14,R1,1962682.5802,1187423.4564,775259.1238,24.610572,7214,5387
NEARUSDT,2026-08-14,R2,3012618.619,3892334.9188,-879716.2998,-12.740365,1209,1333
NEARUSDT,2026-08-15,M,545920.6946,797299.2221,-251378.5275,-18.714622,36,49
NEARUSDT,2026-08-15,R1,914719.7583,869040.7902,45678.9681,2.560824,3814,3603
NEARUSDT,2026-08-15,R2,1966098.1805,2236390.3717,-270292.1912,-6.431717,742,848
NEARUSDT,2026-08-16,M,322057.9034,389656.9016,-67598.9982,-9.498046,20,22
NEARUSDT,2026-08-16,R1,533427.2537,572850.3044,-39423.0507,-3.563577,2660,2580
NEARUSDT,2026-08-16,R2,1150391.445,1373684.1522,-223292.7072,-8.846514,460,558
NEARUSDT,2026-08-17,M,985021.0558,1022738.4049,-37717.3491,-1.878579,64,66
NEARUSDT,2026-08-17,R1,2785585.1149,1072476.9701,1713108.1448,44.403333,31580,4510
NEARUSDT,2026-08-17,R2,3812143.105,4282920.9734,-470777.8684,-5.815616,1447,1534
NEARUSDT,2026-08-18,M,820338.5954,853750.7046,-33412.1092,-1.995838,52,51
NEARUSDT,2026-08-18,R1,2005509.2844,1608147.7453,397361.5391,10.996105,16917,6248
NEARUSDT,2026-08-18,R2,3582584.9622,3827703.9266,-245118.9644,-3.307819,1454,1523
NEARUSDT,2026-08-19,M,4557997.8337,2514408.4115,2043589.4222,28.895249,248,155
NEARUSDT,2026-08-19,R1,3767860.563,2875387.0985,892473.4645,13.434295,18151,12993
NEARUSDT,2026-08-19,R2,8547223.2087,8681047.8892,-133824.6805,-0.776774,3347,3458
NEARUSDT,2026-08-19,W,113571.645,0.0,113571.645,100.0,1,0
NEARUSDT,2026-08-20,M,2222139.3205,1150330.0581,1071809.2624,31.781141,131,70
NEARUSDT,2026-08-20,R1,3167424.7855,3054020.3514,113404.4341,1.822799,14234,13103
NEARUSDT,2026-08-20,R2,7643000.4375,7724518.7544,-81518.3169,-0.530459,3142,3269
NEARUSDT,2026-08-20,W,0.0,100293.4307,-100293.4307,-100.0,0,1
NEARUSDT,2026-08-21,M,4671567.7901,4516306.9898,155260.8003,1.689845,291,268
NEARUSDT,2026-08-21,R1,7603910.8315,7323493.064,280417.7675,1.878543,29703,28455
NEARUSDT,2026-08-21,R2,18349667.3673,17604995.7625,744671.6048,2.071141,7271,7097
NEARUSDT,2026-08-21,W,157573.328,0.0,157573.328,100.0,1,0
NEARUSDT,2026-08-22,M,7507772.5602,6586393.5421,921379.0181,6.537308,454,427
NEARUSDT,2026-08-22,R1,13839797.603,12851120.881,988676.722,3.704169,54235,50118
NEARUSDT,2026-08-22,R2,28571257.3844,29618975.2449,-1047717.8605,-1.800505,12286,12461
NEARUSDT,2026-08-22,W,508975.82,141570.8052,367405.0148,56.476354,2,1
NEARUSDT,2026-08-23,M,2827298.7876,3276433.2278,-449134.4402,-7.358358,181,200
NEARUSDT,2026-08-23,R1,7188897.6645,7221188.9065,-32291.242,-0.224088,27714,28734
NEARUSDT,2026-08-23,R2,15054826.4098,14742440.7383,312385.6715,1.04837,6555,6399
NEARUSDT,2026-08-23,W,0.0,112959.747,-112959.747,-100.0,0,1
NEARUSDT,2026-08-24,M,3616860.7162,3620354.2341,-3493.5179,-0.048272,238,232
NEARUSDT,2026-08-24,R1,8746980.5796,9939589.5478,-1192608.9682,-6.382172,35862,39632
NEARUSDT,2026-08-24,R2,17195493.0148,18428979.7741,-1233486.7593,-3.46247,7332,7849
NEARUSDT,2026-08-24,W,0.0,480149.815,-480149.815,-100.0,0,2
NEARUSDT,2026-08-25,M,2170797.8346,2602939.1749,-432141.3403,-9.052475,143,153
NEARUSDT,2026-08-25,R1,4686192.81,4486980.8802,199211.9298,2.171679,20825,19117
NEARUSDT,2026-08-25,R2,11738687.6492,14451053.0385,-2712365.3893,-10.356595,5152,6241
NEARUSDT,2026-08-25,W,103472.8149,0.0,103472.8149,100.0,1,0
NEARUSDT,2026-08-26,M,1895689.9841,1637956.273,257733.7111,7.293704,110,95
NEARUSDT,2026-08-26,R1,3334796.2192,2712865.2209,621930.9983,10.283826,14913,11969
NEARUSDT,2026-08-26,R2,6223719.1259,6694017.5773,-470298.4514,-3.640719,2514,2731
NEARUSDT,2026-08-26,W,0.0,331791.1044,-331791.1044,-100.0,0,1
NEARUSDT,2026-08-27,M,1854154.4176,2049238.4207,-195084.0031,-4.997806,111,125
NEARUSDT,2026-08-27,R1,4395237.9845,3637929.5246,757308.4599,9.427271,19545,15710
NEARUSDT,2026-08-27,R2,7930855.7367,7454688.1061,476167.6306,3.094903,3133,3117
NEARUSDT,2026-08-28,M,1684138.896,1783110.5219,-98971.6259,-2.854471,98,111
NEARUSDT,2026-08-28,R1,3663765.7679,3340928.587,322837.1809,4.608869,14651,14014
NEARUSDT,2026-08-28,R2,6540747.2623,7663212.7113,-1122465.449,-7.902482,2758,3073
NEARUSDT,2026-08-29,M,2096935.9063,1737657.7746,359278.1317,9.369392,114,94
NEARUSDT,2026-08-29,R1,1428228.9488,1678844.649,-250615.7002,-8.065972,6581,7008
NEARUSDT,2026-08-29,R2,4351545.2383,4363751.4352,-12206.1969,-0.140055,1704,1620
NEARUSDT,2026-08-29,W,0.0,114228.8533,-114228.8533,-100.0,0,1
NEARUSDT,2026-08-30,M,2524817.2957,2097336.4106,427480.8851,9.248522,154,122
NEARUSDT,2026-08-30,R1,3066085.7858,4072380.5029,-1006294.7171,-14.096792,12832,14896
NEARUSDT,2026-08-30,R2,7585118.3828,6894139.8873,690978.4955,4.772195,3033,2665
NEARUSDT,2026-08-31,M,1781108.5575,2362914.3592,-581805.8017,-14.039638,105,139
NEARUSDT,2026-08-31,R1,3619918.0701,2990400.8399,629517.2302,9.523251,15112,12589
NEARUSDT,2026-08-31,R2,7245354.4237,7599597.3449,-354242.9212,-2.386285,3293,3339
NEARUSDT,2026-09-01,M,4814263.969,3920462.3133,893801.6557,10.232738,282,242
NEARUSDT,2026-09-01,R1,5772641.7143,6484792.7404,-712151.0261,-5.809952,24535,25823
NEARUSDT,2026-09-01,R2,12368005.735,12687661.7473,-319656.0123,-1.275783,5022,5377
NEARUSDT,2026-09-01,W,317609.3672,234039.966,83569.4012,15.149008,2,2
ONDOUSDT,2026-03-04,M,588229.8857,158403.0454,429826.8403,57.568696,22,10
ONDOUSDT,2026-03-04,R1,2477059.7877,2241756.9016,235302.8861,4.986481,18276,15711
ONDOUSDT,2026-03-04,R2,1556072.3295,1439391.7506,116680.5789,3.895242,750,699
ONDOUSDT,2026-03-05,M,64094.1925,145818.4946,-81724.3021,-38.932522,5,7
ONDOUSDT,2026-03-05,R1,1493439.5208,1444014.0667,49425.4541,1.682595,10537,13587
ONDOUSDT,2026-03-05,R2,700786.1052,713691.4353,-12905.3301,-0.912374,333,357
ONDOUSDT,2026-03-06,M,99063.6972,91650.9482,7412.749,3.886827,3,5
ONDOUSDT,2026-03-06,R1,1259211.9678,1508517.5755,-249305.6077,-9.007586,9694,11747
ONDOUSDT,2026-03-06,R2,541492.1646,574564.0858,-33071.9212,-2.963284,309,321
ONDOUSDT,2026-03-07,M,24440.689,0.0,24440.689,100.0,1,0
ONDOUSDT,2026-03-07,R1,932207.8846,1249541.4161,-317333.5315,-14.544913,7515,11097
ONDOUSDT,2026-03-07,R2,251003.7522,278722.7316,-27718.9794,-5.232697,141,160
ONDOUSDT,2026-03-08,R1,1110134.8911,921588.4025,188546.4886,9.280126,8438,9085
ONDOUSDT,2026-03-08,R2,426045.5465,360621.8851,65423.6614,8.316559,197,176
ONDOUSDT,2026-03-09,M,125445.3041,46109.8726,79335.4315,46.244848,6,3
ONDOUSDT,2026-03-09,R1,1275585.6205,1221376.2753,54209.3452,2.171012,10308,9867
ONDOUSDT,2026-03-09,R2,588358.1449,601943.5713,-13585.4264,-1.141343,311,331
ONDOUSDT,2026-03-10,M,142703.1858,86330.4552,56372.7306,24.613297,7,5
ONDOUSDT,2026-03-10,R1,1160877.8749,1145997.743,14880.1319,0.645034,9128,8879
ONDOUSDT,2026-03-10,R2,632090.5892,739524.9331,-107434.3439,-7.832687,337,345
ONDOUSDT,2026-03-11,M,25940.5454,46777.2819,-20836.7365,-28.654234,1,4
ONDOUSDT,2026-03-11,R1,858000.8282,786000.3713,72000.4569,4.379587,6494,5965
ONDOUSDT,2026-03-11,R2,417336.2223,516333.8807,-98997.6584,-10.603066,204,243
ONDOUSDT,2026-03-12,M,97711.2882,69440.507,28270.7812,16.913238,5,3
ONDOUSDT,2026-03-12,R1,676994.7743,753212.4825,-76217.7082,-5.329137,6419,5958
ONDOUSDT,2026-03-12,R2,477718.3838,435934.4203,41783.9635,4.573287,223,230
ONDOUSDT,2026-03-13,M,118304.1497,218571.3531,-100267.2034,-29.763875,7,10
ONDOUSDT,2026-03-13,R1,1612671.0906,1840585.2494,-227914.1588,-6.599978,10717,12137
ONDOUSDT,2026-03-13,R2,1271368.168,1371613.1274,-100244.9594,-3.792874,661,676
ONDOUSDT,2026-03-14,M,0.0,36724.9514,-36724.9514,-100.0,0,1
ONDOUSDT,2026-03-14,R1,734395.5689,683961.7381,50433.8308,3.555792,5336,8588
ONDOUSDT,2026-03-14,R2,334781.6907,360121.6141,-25339.9234,-3.646539,190,196
ONDOUSDT,2026-03-15,M,30478.2878,0.0,30478.2878,100.0,2,0
ONDOUSDT,2026-03-15,R1,1117135.5352,987285.928,129849.6072,6.170323,8069,10280
ONDOUSDT,2026-03-15,R2,525821.8663,549663.4558,-23841.5895,-2.216821,296,264
ONDOUSDT,2026-03-16,M,160108.6496,133344.1018,26764.5478,9.120565,13,10
ONDOUSDT,2026-03-16,R1,2298179.1094,1802560.8473,495618.2621,12.086069,14571,12663
ONDOUSDT,2026-03-16,R2,1535202.2113,1363582.875,171619.3363,5.920388,779,720
ONDOUSDT,2026-03-17,M,124181.9315,151092.2875,-26910.356,-9.775836,4,9
ONDOUSDT,2026-03-17,R1,1475342.005,1375103.4129,100238.5921,3.516594,10291,10061
ONDOUSDT,2026-03-17,R2,756076.8067,1100305.6401,-344228.8334,-18.542991,384,561
ONDOUSDT,2026-03-18,M,74468.6035,111168.7453,-36700.1418,-19.769805,5,5
ONDOUSDT,2026-03-18,R1,1068023.5671,1154863.3102,-86839.7431,-3.90662,7099,8409
ONDOUSDT,2026-03-18,R2,783972.9465,813034.5606,-29061.6141,-1.819754,418,384
ONDOUSDT,2026-03-19,M,195119.8227,105347.3396,89772.4831,29.877635,9,6
ONDOUSDT,2026-03-19,R1,895654.5418,963608.0282,-67953.4864,-3.654862,5944,6468
ONDOUSDT,2026-03-19,R2,628633.6467,752850.7244,-124217.0777,-8.991566,312,361
ONDOUSDT,2026-03-20,M,95084.959,451604.4146,-356519.4556,-65.214265,4,26
ONDOUSDT,2026-03-20,R1,865315.0223,865906.4568,-591.4345,-0.034163,5627,5876
ONDOUSDT,2026-03-20,R2,706216.4969,941764.991,-235548.4941,-14.293152,366,399
ONDOUSDT,2026-03-21,M,48687.5888,31495.6107,17191.9781,21.440873,3,2
ONDOUSDT,2026-03-21,R1,425768.4904,532960.7556,-107192.2652,-11.180661,4035,8467
ONDOUSDT,2026-03-21,R2,404328.5726,332279.0258,72049.5468,9.781266,188,157
ONDOUSDT,2026-03-22,M,142287.1938,62760.8498,79526.344,38.784249,6,3
ONDOUSDT,2026-03-22,R1,1058165.9985,923992.6927,134173.3058,6.76905,7885,11026
ONDOUSDT,2026-03-22,R2,473723.4779,507624.543,-33901.0651,-3.454541,265,272
ONDOUSDT,2026-03-23,M,69640.387,16621.1757,53019.2113,61.46331,3,1
ONDOUSDT,2026-03-23,R1,1842426.985,1634159.1881,208267.7969,5.990583,12561,14456
ONDOUSDT,2026-03-23,R2,958094.0352,985325.01,-27230.9748,-1.401189,532,516
ONDOUSDT,2026-03-24,M,90557.609,205554.5291,-114996.9201,-38.835598,4,12
ONDOUSDT,2026-03-24,R1,2222907.6957,1931519.4464,291388.2493,7.013921,15146,16278
ONDOUSDT,2026-03-24,R2,1525588.7497,1525379.7256,209.0241,0.006851,827,774
ONDOUSDT,2026-03-25,M,104738.1397,58087.2026,46650.9371,28.650907,6,4
ONDOUSDT,2026-03-25,R1,1364660.1268,1496085.8489,-131425.7221,-4.594107,8141,12322
ONDOUSDT,2026-03-25,R2,2223010.4954,1328450.9183,894559.5771,25.188492,1060,676
ONDOUSDT,2026-03-26,M,358375.6053,723516.3041,-365140.6988,-33.750201,19,36
ONDOUSDT,2026-03-26,R1,2881515.2354,2473848.1491,407667.0863,7.612314,14498,12718
ONDOUSDT,2026-03-26,R2,2761227.9409,2626002.6021,135225.3388,2.510109,1338,1229
ONDOUSDT,2026-03-26,W,140564.7797,0.0,140564.7797,100.0,1,0
ONDOUSDT,2026-03-27,M,1223850.0429,1228879.3262,-5029.2833,-0.205048,58,69
ONDOUSDT,2026-03-27,R1,5192053.0255,5207386.9299,-15333.9044,-0.147449,28315,28045
ONDOUSDT,2026-03-27,R2,6259130.9658,5553483.0104,705647.9554,5.973682,2953,2602
ONDOUSDT,2026-03-27,W,162221.6541,0.0,162221.6541,100.0,1,0
ONDOUSDT,2026-03-28,M,601004.9611,459711.9222,141293.0389,13.320523,26,23
ONDOUSDT,2026-03-28,R1,3060254.0057,2555327.1734,504926.8323,8.991533,18925,17516
ONDOUSDT,2026-03-28,R2,1920420.9558,2422150.2539,-501729.2981,-11.553738,956,1116
ONDOUSDT,2026-03-29,M,63287.7594,100810.7289,-37522.9695,-22.866127,4,7
ONDOUSDT,2026-03-29,R1,1529585.2553,1503766.7576,25818.4977,0.851154,9334,11146
ONDOUSDT,2026-03-29,R2,936505.8673,1167439.5068,-230933.6395,-10.976218,508,616
ONDOUSDT,2026-03-30,M,103173.8083,84128.7716,19045.0367,10.168059,6,5
ONDOUSDT,2026-03-30,R1,1265223.1864,1472649.816,-207426.6296,-7.576196,7866,8495
ONDOUSDT,2026-03-30,R2,835524.5502,908594.054,-73069.5038,-4.18948,403,483
ONDOUSDT,2026-03-31,M,22066.4233,31554.5917,-9488.1684,-17.694869,2,2
ONDOUSDT,2026-03-31,R1,1597406.122,1719005.1581,-121599.0361,-3.666585,9688,11019
ONDOUSDT,2026-03-31,R2,1331582.6244,1265820.0661,65762.5583,2.531858,655,595
ONDOUSDT,2026-04-01,M,254844.3681,293459.3193,-38614.9512,-7.042621,12,17
ONDOUSDT,2026-04-01,R1,1493538.4896,1450035.8433,43502.6463,1.477885,9278,9062
ONDOUSDT,2026-04-01,R2,985950.0537,1202699.8703,-216749.8166,-9.903357,425,484
ONDOUSDT,2026-04-02,M,80345.4779,145705.4151,-65359.9372,-28.913815,6,11
ONDOUSDT,2026-04-02,R1,1476263.7683,1525520.4239,-49256.6556,-1.640913,10878,11753
ONDOUSDT,2026-04-02,R2,722148.0342,785770.616,-63622.5818,-4.219232,347,366
ONDOUSDT,2026-04-03,M,89122.975,58787.5511,30335.4239,20.509307,3,4
ONDOUSDT,2026-04-03,R1,877299.6063,813690.2761,63609.3302,3.761662,6089,6664
ONDOUSDT,2026-04-03,R2,425092.7983,664914.4073,-239821.609,-22.001837,199,272
ONDOUSDT,2026-04-04,M,23709.8022,44908.7589,-21198.9567,-30.89391,2,3
ONDOUSDT,2026-04-04,R1,418108.4927,393876.4487,24232.044,2.984297,3216,4027
ONDOUSDT,2026-04-04,R2,357644.1429,244329.8667,113314.2762,18.823782,178,130
ONDOUSDT,2026-04-05,M,165058.1508,86371.6427,78686.5081,31.295618,7,6
ONDOUSDT,2026-04-05,R1,1106166.7557,1367991.3426,-261824.5869,-10.582371,7869,9450
ONDOUSDT,2026-04-05,R2,552853.278,623645.8944,-70792.6164,-6.017226,294,294
ONDOUSDT,2026-04-06,M,189674.388,84479.0093,105195.3787,38.370992,6,6
ONDOUSDT,2026-04-06,R1,2058366.7716,1954866.4403,103500.3313,2.578976,14019,13626
ONDOUSDT,2026-04-06,R2,1432845.1705,2198361.5335,-765516.363,-21.081597,666,1063
ONDOUSDT,2026-04-07,M,37187.8721,53870.7787,-16682.9066,-18.321056,3,4
ONDOUSDT,2026-04-07,R1,1904750.6988,2082334.8335,-177584.1347,-4.453984,11022,16486
ONDOUSDT,2026-04-07,R2,1787406.1754,1079240.5861,708165.5893,24.703622,926,495
ONDOUSDT,2026-04-08,M,74742.1381,141723.5523,-66981.4142,-30.943201,4,8
ONDOUSDT,2026-04-08,R1,1411835.4612,1435847.938,-24012.4768,-0.843228,10565,10692
ONDOUSDT,2026-04-08,R2,764844.8467,1172413.9706,-407569.1239,-21.038445,363,525
ONDOUSDT,2026-04-09,M,122548.1831,222324.9644,-99776.7813,-28.931444,9,12
ONDOUSDT,2026-04-09,R1,1865193.7631,1851669.552,13524.2111,0.363861,12578,12135
ONDOUSDT,2026-04-09,R2,1726057.7223,2449931.82,-723874.0977,-17.334193,821,1223
ONDOUSDT,2026-04-10,M,167870.7533,41490.6033,126380.15,60.364602,8,3
ONDOUSDT,2026-04-10,R1,1194254.6444,1253315.2553,-59060.6109,-2.413031,7330,8429
ONDOUSDT,2026-04-10,R2,937940.4868,1076705.3057,-138764.8189,-6.887802,429,505
ONDOUSDT,2026-04-11,M,152743.6422,126422.1698,26321.4724,9.428616,8,8
ONDOUSDT,2026-04-11,R1,1018950.2328,1242987.6145,-224037.3817,-9.904666,7506,10583
ONDOUSDT,2026-04-11,R2,606778.8073,766707.9177,-159929.1104,-11.644023,282,324
ONDOUSDT,2026-04-12,M,109217.6125,86388.1135,22829.499,11.671181,5,5
ONDOUSDT,2026-04-12,R1,1283251.025,1713003.5986,-429752.5736,-14.342992,7890,24351
ONDOUSDT,2026-04-12,R2,1041897.5163,1057386.7481,-15489.2318,-0.737834,501,471
ONDOUSDT,2026-04-13,M,142768.9649,109490.798,33278.1669,13.192023,8,5
ONDOUSDT,2026-04-13,R1,1709806.5902,1794603.9511,-84797.3609,-2.419733,9510,11199
ONDOUSDT,2026-04-13,R2,2279826.2738,1891579.2981,388246.9757,9.307342,1167,850
ONDOUSDT,2026-04-14,M,84538.8388,313610.9927,-229072.1539,-57.534158,5,20
ONDOUSDT,2026-04-14,R1,1347622.2428,1516277.5117,-168655.2689,-5.889007,7974,11747
ONDOUSDT,2026-04-14,R2,1515351.8134,1407045.9575,108305.8559,3.706061,651,602
ONDOUSDT,2026-04-15,M,73760.8497,115457.2127,-41696.363,-22.036143,4,9
ONDOUSDT,2026-04-15,R1,999387.2308,1063108.8252,-63721.5944,-3.089538,7352,10447
ONDOUSDT,2026-04-15,R2,748863.1819,886001.8503,-137138.6684,-8.388379,336,411
ONDOUSDT,2026-04-16,M,334001.7594,177691.5899,156310.1695,30.547626,19,11
ONDOUSDT,2026-04-16,R1,2201945.187,1924057.1335,277888.0535,6.735044,17821,14918
ONDOUSDT,2026-04-16,R2,1709742.626,1965390.7761,-255648.1501,-6.95616,782,898
ONDOUSDT,2026-04-17,M,564916.2684,440794.7108,124121.5576,12.341673,31,27
ONDOUSDT,2026-04-17,R1,2098842.6946,2066977.7923,31864.9023,0.764913,13569,13948
ONDOUSDT,2026-04-17,R2,2346887.4276,3512749.261,-1165861.8334,-19.896487,992,1415
ONDOUSDT,2026-04-18,M,177941.7954,168048.1274,9893.668,2.859525,9,10
ONDOUSDT,2026-04-18,R1,971306.0063,1134506.4741,-163200.4678,-7.75,6427,7147
ONDOUSDT,2026-04-18,R2,1089755.4611,1273280.9334,-183525.4723,-7.766511,482,610
ONDOUSDT,2026-04-19,M,116573.541,349690.0987,-233116.5577,-49.996727,7,21
ONDOUSDT,2026-04-19,R1,907264.3123,1060529.1629,-153264.8506,-7.788665,6167,7208
ONDOUSDT,2026-04-19,R2,776290.2072,961090.9899,-184800.7827,-10.636744,402,503
ONDOUSDT,2026-04-20,M,42617.2049,122563.1002,-79945.8953,-48.399169,2,7
ONDOUSDT,2026-04-20,R1,756992.5793,777302.3757,-20309.7964,-1.323722,5501,5989
ONDOUSDT,2026-04-20,R2,862634.731,732316.548,130318.183,8.170669,430,354
ONDOUSDT,2026-04-21,M,123543.8119,45515.7337,78028.0782,46.154198,8,4
ONDOUSDT,2026-04-21,R1,877739.6538,858077.0458,19662.608,1.132758,6712,6013
ONDOUSDT,2026-04-21,R2,858015.0654,962247.038,-104231.9726,-5.726207,420,479
ONDOUSDT,2026-04-22,M,398964.956,439005.8257,-40040.8697,-4.778313,17,18
ONDOUSDT,2026-04-22,R1,1155930.627,1127296.6153,28634.0117,1.254103,8447,7622
ONDOUSDT,2026-04-22,R2,1216626.1336,1317550.7153,-100924.5817,-3.982539,563,582
ONDOUSDT,2026-04-23,M,36394.0521,66724.555,-30330.5029,-29.41322,3,3
ONDOUSDT,2026-04-23,R1,860249.0906,941073.4778,-80824.3872,-4.486947,6388,7557
ONDOUSDT,2026-04-23,R2,725897.4354,622023.9547,103873.4807,7.706197,335,332
ONDOUSDT,2026-04-24,M,0.0,47284.3554,-47284.3554,-100.0,0,4
ONDOUSDT,2026-04-24,R1,716895.1463,677224.4685,39670.6778,2.845572,6199,5223
ONDOUSDT,2026-04-24,R2,629427.4294,613418.3601,16009.0693,1.288098,302,319
ONDOUSDT,2026-04-25,M,64444.4347,125697.9887,-61253.554,-32.214565,5,6
ONDOUSDT,2026-04-25,R1,406865.7619,463827.6836,-56961.9217,-6.542133,3056,3609
ONDOUSDT,2026-04-25,R2,496378.9212,419639.9998,76738.9214,8.377438,216,222
ONDOUSDT,2026-04-26,M,316198.2303,109166.9183,207031.312,48.671433,17,8
ONDOUSDT,2026-04-26,R1,1269138.7824,1092800.4134,176338.369,7.46583,7545,6587
ONDOUSDT,2026-04-26,R2,1599696.2459,1481799.7618,117896.4841,3.82595,696,708
ONDOUSDT,2026-04-27,M,296686.0863,131394.2557,165291.8306,38.612338,11,9
ONDOUSDT,2026-04-27,R1,1082672.0518,1063055.1971,19616.8547,0.914229,7078,6199
ONDOUSDT,2026-04-27,R2,1131783.6342,1331904.3824,-200120.7482,-8.122812,481,582
ONDOUSDT,2026-04-28,M,32873.9265,134465.1019,-101591.1754,-60.709792,2,7
ONDOUSDT,2026-04-28,R1,741084.3891,743348.681,-2264.2919,-0.152536,4314,4176
ONDOUSDT,2026-04-28,R2,686535.997,844642.8198,-158106.8228,-10.325824,315,406
ONDOUSDT,2026-04-29,M,123510.621,42945.1645,80565.4565,48.400514,9,3
ONDOUSDT,2026-04-29,R1,1062248.2323,1114383.2604,-52135.0281,-2.395216,5946,6391
ONDOUSDT,2026-04-29,R2,808318.668,948529.1969,-140210.5289,-7.980801,369,460
ONDOUSDT,2026-04-30,M,29038.3013,87619.4203,-58581.119,-50.216238,1,4
ONDOUSDT,2026-04-30,R1,785629.0146,690786.411,94842.6036,6.423843,6826,4217
ONDOUSDT,2026-04-30,R2,479939.8547,543326.2511,-63386.3964,-6.194517,225,259
ONDOUSDT,2026-05-01,M,189321.263,94734.5477,94586.7153,33.298638,12,6
ONDOUSDT,2026-05-01,R1,1114271.0397,906900.137,207370.9027,10.259938,6868,4989
ONDOUSDT,2026-05-01,R2,1170676.8682,1044972.6474,125704.2208,5.67347,524,467
ONDOUSDT,2026-05-02,M,461182.6003,391826.2759,69356.3244,8.130786,28,23
ONDOUSDT,2026-05-02,R1,1289433.4527,1485523.8848,-196090.4321,-7.066431,8826,9161
ONDOUSDT,2026-05-02,R2,2477281.5291,2425115.2561,52166.273,1.064097,959,1003
ONDOUSDT,2026-05-03,M,423274.5368,531590.3472,-108315.8104,-11.343575,27,27
ONDOUSDT,2026-05-03,R1,1449236.4666,1497236.5955,-48000.1289,-1.629071,8807,11735
ONDOUSDT,2026-05-03,R2,1775140.562,1853245.0284,-78104.4664,-2.152596,797,819
ONDOUSDT,2026-05-04,M,1353204.449,1103113.5032,250090.9458,10.181538,69,59
ONDOUSDT,2026-05-04,R1,6413047.7796,6185194.6618,227853.1178,1.80861,38193,37296
ONDOUSDT,2026-05-04,R2,6835298.6436,5881558.0644,953740.5792,7.499814,3028,2658
ONDOUSDT,2026-05-05,M,526072.6215,618333.1587,-92260.5372,-8.061873,26,38
ONDOUSDT,2026-05-05,R1,4485931.0542,4173942.4102,311988.644,3.602693,27195,28129
ONDOUSDT,2026-05-05,R2,3833097.2855,4229661.9045,-396564.619,-4.918473,1716,1848
ONDOUSDT,2026-05-05,W,118090.4222,0.0,118090.4222,100.0,1,0
ONDOUSDT,2026-05-06,M,656091.273,732725.8956,-76634.6226,-5.517978,39,39
ONDOUSDT,2026-05-06,R1,4764449.1899,4541520.0527,222929.1372,2.39555,29544,28140
ONDOUSDT,2026-05-06,R2,3709193.7408,4159061.9788,-449868.238,-5.717509,1669,1790
ONDOUSDT,2026-05-07,M,1418554.6578,932909.3549,485645.3029,20.652891,66,51
ONDOUSDT,2026-05-07,R1,7794037.0644,6985955.4406,808081.6238,5.467402,47064,41323
ONDOUSDT,2026-05-07,R2,6095415.7778,6474498.5799,-379082.8021,-3.015795,2865,2887
ONDOUSDT,2026-05-08,M,2562406.7295,2929642.4372,-367235.7077,-6.686679,125,139
ONDOUSDT,2026-05-08,R1,17335810.9767,17592881.4491,-257070.4724,-0.735987,107847,111842
ONDOUSDT,2026-05-08,R2,13437868.1969,11090421.851,2347446.3459,9.570363,6505,5210
ONDOUSDT,2026-05-08,W,414068.4347,304287.4104,109781.0243,15.282262,2,2
ONDOUSDT,2026-05-09,M,2810346.2876,2829825.5344,-19479.2468,-0.345366,156,166
ONDOUSDT,2026-05-09,R1,13727181.0568,12383585.0472,1343596.0096,5.145755,95565,78889
ONDOUSDT,2026-05-09,R2,10329087.2242,11161675.8802,-832588.656,-3.87417,4366,5066
ONDOUSDT,2026-05-09,W,0.0,130055.1,-130055.1,-100.0,0,1
ONDOUSDT,2026-05-10,M,1907677.5559,1580535.9466,327141.6093,9.378486,125,100
ONDOUSDT,2026-05-10,R1,5079977.2499,5432980.668,-353003.4181,-3.357794,38938,37654
ONDOUSDT,2026-05-10,R2,5403026.7945,5018486.6686,384540.1259,3.689868,2234,2166
ONDOUSDT,2026-05-11,M,3288078.9705,2064322.4915,1223756.479,22.86369,208,145
ONDOUSDT,2026-05-11,R1,11025195.6181,11601972.7069,-576777.0888,-2.549047,69773,84715
ONDOUSDT,2026-05-11,R2,9825975.3981,7676075.439,2149899.9591,12.283703,4168,3326
ONDOUSDT,2026-05-12,M,1257040.1664,2043955.4183,-786915.2519,-23.838725,67,118
ONDOUSDT,2026-05-12,R1,7553463.1911,7047788.6757,505674.5154,3.463227,50444,44965
ONDOUSDT,2026-05-12,R2,6555313.262,7210002.2883,-654689.0263,-4.756077,2836,3101
ONDOUSDT,2026-05-13,M,638440.3842,768552.8866,-130112.5024,-9.247557,33,42
ONDOUSDT,2026-05-13,R1,4792152.7344,4406666.2967,385486.4377,4.190608,29703,28468
ONDOUSDT,2026-05-13,R2,4006580.6794,4084192.3696,-77611.6902,-0.959262,1799,1765
ONDOUSDT,2026-05-14,M,1104740.122,935113.8518,169626.2702,8.315608,52,59
ONDOUSDT,2026-05-14,R1,4606092.8103,4077534.5294,528558.2809,6.086837,29096,29187
ONDOUSDT,2026-05-14,R2,3702109.4772,3891360.6257,-189251.1485,-2.492288,1678,1750
ONDOUSDT,2026-05-15,M,603060.3465,617477.7598,-14417.4133,-1.181234,25,32
ONDOUSDT,2026-05-15,R1,3310368.0696,2826530.6039,483837.4657,7.884071,22287,18240
ONDOUSDT,2026-05-15,R2,2863461.3275,3145925.8977,-282464.5702,-4.700389,1283,1351
ONDOUSDT,2026-05-16,M,418244.3069,401586.2724,16658.0345,2.031887,19,24
ONDOUSDT,2026-05-16,R1,1774188.3084,1855044.5693,-80856.2609,-2.227916,12264,13887
ONDOUSDT,2026-05-16,R2,1885172.9424,2302636.4176,-417463.4752,-9.968541,793,958
ONDOUSDT,2026-05-17,M,515393.2946,349821.2377,165572.0569,19.136532,31,23
ONDOUSDT,2026-05-17,R1,2541785.1325,2488995.9688,52789.1637,1.049323,15662,18639
ONDOUSDT,2026-05-17,R2,2315727.4807,2315509.0937,218.387,0.004716,1024,994
ONDOUSDT,2026-05-18,M,351516.9644,415358.4077,-63841.4433,-8.324879,27,24
ONDOUSDT,2026-05-18,R1,4748892.019,4421113.377,327778.642,3.574465,28629,27144
ONDOUSDT,2026-05-18,R2,4321672.183,4163402.6192,158269.5638,1.86527,1969,1934
ONDOUSDT,2026-05-19,M,775547.3678,662609.2843,112938.0835,7.852975,50,42
ONDOUSDT,2026-05-19,R1,7968906.92,7150402.7339,818504.1861,5.413635,42797,41359
ONDOUSDT,2026-05-19,R2,7183804.8876,6026629.2247,1157175.6629,8.759558,3442,2843
ONDOUSDT,2026-05-20,M,718663.4677,746204.3326,-27540.8649,-1.880092,47,46
ONDOUSDT,2026-05-20,R1,7926257.7319,7889696.3905,36561.3414,0.231167,43490,40431
ONDOUSDT,2026-05-20,R2,7823828.0578,7655852.0544,167976.0034,1.085139,3681,3763
ONDOUSDT,2026-05-20,W,0.0,156765.3477,-156765.3477,-100.0,0,1
ONDOUSDT,2026-05-21,M,1018982.8423,816024.2639,202958.5784,11.06037,52,53
ONDOUSDT,2026-05-21,R1,8885649.795,8790641.8109,95007.9841,0.537488,50704,46149
ONDOUSDT,2026-05-21,R2,7773871.923,8232092.0234,-458220.1004,-2.862809,3750,3991
ONDOUSDT,2026-05-22,M,1968956.0142,2099299.5454,-130343.5312,-3.203917,115,122
ONDOUSDT,2026-05-22,R1,14662253.506,15493848.4432,-831594.9372,-2.757634,85684,85010
ONDOUSDT,2026-05-22,R2,17631387.0833,18085292.9452,-453905.8619,-1.270851,8199,8436
ONDOUSDT,2026-05-23,M,1744660.6993,1736643.6673,8017.032,0.230288,95,92
ONDOUSDT,2026-05-23,R1,9070831.1393,9301428.9515,-230597.8122,-1.255141,52473,56903
ONDOUSDT,2026-05-23,R2,11786665.5771,10648488.6551,1138176.922,5.073185,5209,4726
ONDOUSDT,2026-05-24,M,1794389.4788,1774322.5256,20066.9532,0.562302,77,93
ONDOUSDT,2026-05-24,R1,7893616.1127,8657521.643,-763905.5303,-4.615426,54070,50815
ONDOUSDT,2026-05-24,R2,9522803.623,9906489.0245,-383685.4015,-1.974778,4307,4595
ONDOUSDT,2026-05-24,W,0.0,166740.606,-166740.606,-100.0,0,1
ONDOUSDT,2026-05-25,M,1185046.9112,822997.5645,362049.3467,18.029947,70,51
ONDOUSDT,2026-05-25,R1,5559656.0371,5341287.1557,218368.8814,2.003211,33748,32285
ONDOUSDT,2026-05-25,R2,6138876.2911,6051455.1693,87421.1218,0.717135,2729,2692
ONDOUSDT,2026-05-26,M,1068960.3016,1957723.3536,-888763.052,-29.364253,68,108
ONDOUSDT,2026-05-26,R1,6982228.4045,8421978.8628,-1439750.4583,-9.346476,44436,46218
ONDOUSDT,2026-05-26,R2,8155465.7033,9197670.3077,-1042204.6044,-6.005857,3440,3889
ONDOUSDT,2026-05-26,W,0.0,578547.6354,-578547.6354,-100.0,0,4
ONDOUSDT,2026-05-27,M,491458.4338,800092.6894,-308634.2556,-23.896403,23,48
ONDOUSDT,2026-05-27,R1,2889026.0801,3316011.6845,-426985.6044,-6.881273,22116,19994
ONDOUSDT,2026-05-27,R2,3620180.6883,4543514.4024,-923333.7141,-11.310243,1512,1866
ONDOUSDT,2026-05-28,M,1933111.358,2167276.7692,-234165.4112,-5.710811,90,110
ONDOUSDT,2026-05-28,R1,5539440.7226,5109022.1146,430418.608,4.042073,32395,30136
ONDOUSDT,2026-05-28,R2,7144067.8579,7228908.3954,-84840.5375,-0.590278,2948,2893
ONDOUSDT,2026-05-28,W,780887.1343,232332.4905,548554.6438,54.139757,4,2
ONDOUSDT,2026-05-29,M,649405.7298,759158.3905,-109752.6607,-7.791811,30,35
ONDOUSDT,2026-05-29,R1,2763380.6895,2856137.2216,-92756.5321,-1.650614,17516,20634
ONDOUSDT,2026-05-29,R2,3146926.6738,3176082.3875,-29155.7137,-0.461105,1357,1342
ONDOUSDT,2026-05-30,M,969482.8854,780989.2509,188493.6345,10.76816,54,38
ONDOUSDT,2026-05-30,R1,3783494.3334,3336123.0533,447371.2801,6.283642,21905,25371
ONDOUSDT,2026-05-30,R2,4744449.1723,4346573.7599,397875.4124,4.376575,2032,1758
ONDOUSDT,2026-05-31,M,795843.1821,578428.8628,217414.3193,15.820326,35,31
ONDOUSDT,2026-05-31,R1,3579309.217,4144775.9824,-565466.7654,-7.320825,21593,28474
ONDOUSDT,2026-05-31,R2,4093059.1881,4288459.405,-195400.2169,-2.331322,1781,1915
ONDOUSDT,2026-06-01,M,591695.6606,798974.2246,-207278.564,-14.904944,37,46
ONDOUSDT,2026-06-01,R1,4256940.8634,4249923.6077,7017.2557,0.082489,27717,28952
ONDOUSDT,2026-06-01,R2,3878064.3729,4262923.5398,-384859.1669,-4.727426,1712,1875
ONDOUSDT,2026-06-02,M,1155457.5283,1809864.9916,-654407.4633,-22.068677,63,88
ONDOUSDT,2026-06-02,R1,10247357.2735,11476339.1805,-1228981.907,-5.657333,79676,71703
ONDOUSDT,2026-06-02,R2,10324637.4028,11565539.1923,-1240901.7895,-5.668761,4927,5547
ONDOUSDT,2026-06-02,W,495684.582,330921.28,164763.302,19.932511,2,2
ONDOUSDT,2026-06-03,M,1725612.6874,2590003.7449,-864391.0575,-20.029376,99,120
ONDOUSDT,2026-06-03,R1,9718892.6611,12148269.9098,-2429377.2487,-11.109705,65307,69308
ONDOUSDT,2026-06-03,R2,10832989.1485,10442518.4746,390470.6739,1.835306,4919,4959
ONDOUSDT,2026-06-03,W,121014.8894,1011852.2949,-890837.4055,-78.635644,1,5
ONDOUSDT,2026-06-04,M,2559857.2017,2423598.0195,136259.1822,2.734231,117,120
ONDOUSDT,2026-06-04,R1,15514896.5407,12826066.75,2688829.7907,9.487433,94954,87729
ONDOUSDT,2026-06-04,R2,14405430.2861,13563775.6089,841654.6772,3.009219,6868,5954
ONDOUSDT,2026-06-04,W,816636.6581,191816.68,624819.9781,61.958244,3,1
ONDOUSDT,2026-06-05,M,1224785.6756,1165250.9896,59534.686,2.490953,56,56
ONDOUSDT,2026-06-05,R1,8943167.2615,8709611.7379,233555.5236,1.323052,58572,61764
ONDOUSDT,2026-06-05,R2,7288814.6334,7937933.4695,-649118.8361,-4.263017,3649,3818
ONDOUSDT,2026-06-05,W,617842.7659,365113.9802,252728.7857,25.711079,4,2
ONDOUSDT,2026-06-06,M,194016.8657,319762.5757,-125745.71,-24.474648,8,13
ONDOUSDT,2026-06-06,R1,3304370.6825,3296494.0059,7876.6766,0.119328,27155,26545
ONDOUSDT,2026-06-06,R2,2132537.7668,2196812.8356,-64275.0688,-1.484635,1018,996
ONDOUSDT,2026-06-07,M,749730.9245,806925.8007,-57194.8762,-3.674213,33,35
ONDOUSDT,2026-06-07,R1,4802988.6823,4760515.4579,42473.2244,0.444118,32714,33456
ONDOUSDT,2026-06-07,R2,3604335.9908,3626908.3734,-22572.3826,-0.312151,1853,1775
ONDOUSDT,2026-06-07,W,359252.12,119819.0182,239433.1018,49.978611,1,1
ONDOUSDT,2026-06-08,M,643947.8601,543160.1538,100787.7063,8.490188,32,26
ONDOUSDT,2026-06-08,R1,5918102.4857,5246734.1362,671368.3495,6.013239,43506,32917
ONDOUSDT,2026-06-08,R2,4501839.7903,4279183.8907,222655.8996,2.535649,2270,2084
ONDOUSDT,2026-06-08,W,0.0,124897.3804,-124897.3804,-100.0,0,1
ONDOUSDT,2026-06-09,M,300531.0974,413540.008,-113008.9106,-15.826002,19,19
ONDOUSDT,2026-06-09,R1,3579570.7388,3403698.203,175872.5358,2.518484,32367,25381
ONDOUSDT,2026-06-09,R2,3206932.4439,3517005.3142,-310072.8703,-4.611477,1489,1505
ONDOUSDT,2026-06-09,W,269813.0952,0.0,269813.0952,100.0,1,0
ONDOUSDT,2026-06-10,M,94874.3433,229022.1635,-134147.8202,-41.416878,7,11
ONDOUSDT,2026-06-10,R1,3287936.5543,3300942.8702,-13006.3159,-0.197398,24930,27276
ONDOUSDT,2026-06-10,R2,2973033.2108,2811081.3195,161951.8913,2.799943,1531,1441
ONDOUSDT,2026-06-11,M,149975.7494,369050.0603,-219074.3109,-42.208751,9,17
ONDOUSDT,2026-06-11,R1,3369761.1362,2955030.32,414730.8162,6.557225,23136,21658
ONDOUSDT,2026-06-11,R2,2090806.0522,1853522.5176,237283.5346,6.015816,1098,926
ONDOUSDT,2026-06-11,W,0.0,105500.9725,-105500.9725,-100.0,0,1
ONDOUSDT,2026-06-12,M,128661.6558,159246.6766,-30585.0208,-10.62318,5,12
ONDOUSDT,2026-06-12,R1,2825920.8769,2422024.9847,403895.8922,7.696266,21103,17459
ONDOUSDT,2026-06-12,R2,2136878.6997,2747202.9011,-610324.2014,-12.496192,1114,1310
ONDOUSDT,2026-06-13,M,82858.7299,182147.0382,-99288.3083,-37.466471,2,10
ONDOUSDT,2026-06-13,R1,2394048.8609,2144358.486,249690.3749,5.501718,16797,13863
ONDOUSDT,2026-06-13,R2,2304154.3301,2466873.2888,-162718.9587,-3.410564,1099,1191
ONDOUSDT,2026-06-14,M,340420.4125,401798.741,-61378.3285,-8.269569,18,20
ONDOUSDT,2026-06-14,R1,2910212.0191,2676914.0144,233298.0047,4.175635,15629,20042
ONDOUSDT,2026-06-14,R2,3111422.8191,2378967.4285,732455.3906,13.34068,1361,1104
ONDOUSDT,2026-06-15,M,574636.3606,490190.0893,84446.2713,7.93052,33,30
ONDOUSDT,2026-06-15,R1,4634859.6121,4440871.6781,193987.934,2.137436,28371,26147
ONDOUSDT,2026-06-15,R2,3913128.1591,4708871.2415,-795743.0824,-9.229218,1902,2067
ONDOUSDT,2026-06-16,M,427620.5886,621601.7277,-193981.1391,-18.488087,18,33
ONDOUSDT,2026-06-16,R1,4225032.1065,3747171.7427,477860.3638,5.994081,24809,25526
ONDOUSDT,2026-06-16,R2,4224749.161,3993504.8791,231244.2819,2.813788,2133,1943
ONDOUSDT,2026-06-17,M,477148.5267,658923.0748,-181774.5481,-16.000272,20,26
ONDOUSDT,2026-06-17,R1,4454454.0732,3975614.8217,478839.2515,5.680134,29498,31241
ONDOUSDT,2026-06-17,R2,5158237.171,4670125.5076,488111.6634,4.966358,2285,2100
ONDOUSDT,2026-06-17,W,105431.55,0.0,105431.55,100.0,1,0
ONDOUSDT,2026-06-18,M,571884.6127,482251.5249,89633.0878,8.50299,24,26
ONDOUSDT,2026-06-18,R1,4776121.2796,4181235.3166,594885.963,6.641312,30113,29117
ONDOUSDT,2026-06-18,R2,5701956.3831,5501407.331,200549.0521,1.790079,2641,2539
ONDOUSDT,2026-06-18,W,280205.5276,262457.6204,17747.9072,3.27052,2,2
ONDOUSDT,2026-06-19,M,112867.5334,103620.4351,9247.0983,4.271414,8,7
ONDOUSDT,2026-06-19,R1,2441954.0119,2080986.9999,360967.012,7.980803,16583,17521
ONDOUSDT,2026-06-19,R2,2254184.8046,2067863.9798,186320.8248,4.310938,1087,1020
ONDOUSDT,2026-06-20,M,165367.6605,382009.1217,-216641.4612,-39.578124,9,20
ONDOUSDT,2026-06-20,R1,1963028.5434,1819415.9982,143612.5452,3.796818,12942,14479
ONDOUSDT,2026-06-20,R2,2163453.0365,2620528.6112,-457075.5747,-9.554292,1037,1071
ONDOUSDT,2026-06-21,M,168358.407,258091.9335,-89733.5265,-21.041964,12,15
ONDOUSDT,2026-06-21,R1,1655210.9245,1688202.3879,-32991.4634,-0.98676,10650,13418
ONDOUSDT,2026-06-21,R2,1655768.4515,2004759.5863,-348991.1348,-9.533901,762,933
ONDOUSDT,2026-06-22,M,111336.4727,142255.692,-30919.2193,-12.192498,6,9
ONDOUSDT,2026-06-22,R1,2107390.9043,1812780.9365,294609.9678,7.515231,14561,14421
ONDOUSDT,2026-06-22,R2,1137829.2828,1139057.8302,-1228.5474,-0.053957,526,510
ONDOUSDT,2026-06-23,M,257824.6932,243829.082,13995.6112,2.789895,17,17
ONDOUSDT,2026-06-23,R1,2164814.135,1926665.0015,238149.1335,5.820612,21406,14723
ONDOUSDT,2026-06-23,R2,1966786.7191,2703591.8611,-736805.142,-15.776133,860,1160
ONDOUSDT,2026-06-24,M,157589.6763,266583.0109,-108993.3346,-25.69551,10,9
ONDOUSDT,2026-06-24,R1,2030946.4247,2386463.0398,-355516.6151,-8.048079,13573,17750
ONDOUSDT,2026-06-24,R2,1648486.5547,1925776.202,-277289.6473,-7.757954,902,1017
ONDOUSDT,2026-06-25,M,307025.1739,302886.9862,4138.1877,0.678489,13,17
ONDOUSDT,2026-06-25,R1,2521508.3652,2754530.364,-233021.9988,-4.416609,17909,22682
ONDOUSDT,2026-06-25,R2,1724359.3171,1988022.4156,-263663.0985,-7.102263,857,996
ONDOUSDT,2026-06-26,M,187042.3643,234111.2236,-47068.8593,-11.176174,10,14
ONDOUSDT,2026-06-26,R1,1954428.5813,1792887.913,161540.6683,4.310836,20532,14109
ONDOUSDT,2026-06-26,R2,1237351.2143,1238324.7672,-973.5529,-0.039325,569,560
ONDOUSDT,2026-06-27,M,111120.9467,147648.1455,-36527.1988,-14.11575,6,10
ONDOUSDT,2026-06-27,R1,873594.2936,1039941.8725,-166347.5789,-8.693203,7539,7777
ONDOUSDT,2026-06-27,R2,780660.9952,1019325.8068,-238664.8116,-13.259253,354,423
ONDOUSDT,2026-06-28,M,59972.6415,51584.6017,8388.0398,7.519045,4,2
ONDOUSDT,2026-06-28,R1,624434.9987,677184.0357,-52749.037,-4.052571,6126,6169
ONDOUSDT,2026-06-28,R2,418317.3883,505140.842,-86823.4537,-9.40199,189,249
ONDOUSDT,2026-06-29,M,187946.3732,271430.8646,-83484.4914,-18.173406,11,14
ONDOUSDT,2026-06-29,R1,1660743.8934,1768682.5445,-107938.6511,-3.147426,13230,12488
ONDOUSDT,2026-06-29,R2,1389681.1368,1394273.5274,-4592.3906,-0.164959,579,625
ONDOUSDT,2026-06-30,M,45617.0153,110837.4411,-65220.4258,-41.686525,1,7
ONDOUSDT,2026-06-30,R1,1182136.0521,1242642.4993,-60506.4472,-2.495339,9607,7967
ONDOUSDT,2026-06-30,R2,754226.3982,954932.6983,-200706.3001,-11.742985,400,455
ONDOUSDT,2026-07-01,M,37470.4827,65609.7159,-28139.2332,-27.298389,3,4
ONDOUSDT,2026-07-01,R1,1791089.0035,1861083.4674,-69994.4639,-1.916516,11300,12307
ONDOUSDT,2026-07-01,R2,1165842.7417,1332146.0068,-166303.2651,-6.657487,572,691
ONDOUSDT,2026-07-02,M,128452.1173,207928.2193,-79476.102,-23.626857,6,12
ONDOUSDT,2026-07-02,R1,1804830.5716,1848238.5184,-43407.9468,-1.18826,12122,10695
ONDOUSDT,2026-07-02,R2,1542430.2191,1435048.428,107381.7911,3.606467,738,706
ONDOUSDT,2026-07-03,M,181237.7102,62758.8993,118478.8109,48.557564,11,5
ONDOUSDT,2026-07-03,R1,1486796.4318,1320094.751,166701.6808,5.939015,9086,6931
ONDOUSDT,2026-07-03,R2,1305788.3738,1031282.3639,274506.0099,11.74573,605,494
ONDOUSDT,2026-07-04,M,37818.1102,108636.4287,-70818.3185,-48.355154,3,6
ONDOUSDT,2026-07-04,R1,1426543.1383,1303126.386,123416.7523,4.521307,8596,7166
ONDOUSDT,2026-07-04,R2,1064696.4977,1032743.8028,31952.6949,1.523414,456,450
ONDOUSDT,2026-07-05,M,64341.9503,99057.1582,-34715.2079,-21.245653,5,6
ONDOUSDT,2026-07-05,R1,1090368.3819,1064071.8304,26296.5515,1.220575,6493,5505
ONDOUSDT,2026-07-05,R2,808162.7896,1146022.0792,-337859.2896,-17.289014,390,482
ONDOUSDT,2026-07-06,M,457803.9785,336792.2109,121011.7676,15.229342,23,17
ONDOUSDT,2026-07-06,R1,2231695.206,2546497.0235,-314801.8175,-6.588304,11578,15622
ONDOUSDT,2026-07-06,R2,3064768.1136,1746086.6045,1318681.5091,27.410545,1267,821
ONDOUSDT,2026-07-07,M,158761.1623,110857.9311,47903.2312,17.767003,7,6
ONDOUSDT,2026-07-07,R1,1346767.0529,1457682.3859,-110915.333,-3.954977,7468,8369
ONDOUSDT,2026-07-07,R2,1460433.88,1393007.2148,67426.6652,2.362995,748,699
ONDOUSDT,2026-07-08,M,60609.9852,41561.0128,19048.9724,18.644207,5,2
ONDOUSDT,2026-07-08,R1,1922694.1665,1971447.7267,-48753.5602,-1.251972,9704,11845
ONDOUSDT,2026-07-08,R2,1160519.181,1275304.3738,-114785.1928,-4.712377,597,626
ONDOUSDT,2026-07-09,M,118900.7046,157951.2767,-39050.5721,-14.105217,9,7
ONDOUSDT,2026-07-09,R1,1236870.5527,1148901.9382,87968.6145,3.687217,7467,5746
ONDOUSDT,2026-07-09,R2,1034043.4773,961429.1782,72614.2991,3.638952,484,429
ONDOUSDT,2026-07-10,M,158059.3133,136504.7063,21554.607,7.317461,7,9
ONDOUSDT,2026-07-10,R1,1261449.5379,1193879.7365,67569.8014,2.751965,7831,6599
ONDOUSDT,2026-07-10,R2,1334118.6765,1274583.712,59534.9645,2.282168,585,557
ONDOUSDT,2026-07-11,M,214839.4981,158254.2992,56585.1989,15.166481,13,6
ONDOUSDT,2026-07-11,R1,992349.8784,1123732.0836,-131382.2052,-6.208748,7359,6251
ONDOUSDT,2026-07-11,R2,813993.248,1040874.3612,-226881.1132,-12.231661,358,450
ONDOUSDT,2026-07-12,M,35997.1032,96200.1924,-60203.0892,-45.540333,3,7
ONDOUSDT,2026-07-12,R1,632955.2636,745227.6285,-112272.3649,-8.146405,4271,4831
ONDOUSDT,2026-07-12,R2,657424.5478,684060.8237,-26636.2759,-1.985581,293,302
ONDOUSDT,2026-07-13,M,112488.2489,170137.6297,-57649.3808,-20.397771,6,6
ONDOUSDT,2026-07-13,R1,983397.4576,1168324.9712,-184927.5136,-8.594394,6517,7504
ONDOUSDT,2026-07-13,R2,895930.5884,936144.0262,-40213.4378,-2.194967,413,402
ONDOUSDT,2026-07-14,M,107928.3603,259872.0713,-151943.711,-41.311455,8,16
ONDOUSDT,2026-07-14,R1,1434150.7582,1289999.5649,144151.1933,5.291602,6809,7259
ONDOUSDT,2026-07-14,R2,1307001.8824,1222579.6729,84422.2095,3.337398,608,532
ONDOUSDT,2026-07-15,M,1002810.6675,666234.633,336576.0345,20.165782,60,37
ONDOUSDT,2026-07-15,R1,4869379.5895,5824046.2348,-954666.6453,-8.927603,27740,47195
ONDOUSDT,2026-07-15,R2,5676790.6281,4597940.0413,1078850.5868,10.500038,2447,2106
ONDOUSDT,2026-07-16,M,993153.9314,1254435.829,-261281.8976,-11.624982,51,65
ONDOUSDT,2026-07-16,R1,7943260.302,8750301.9528,-807041.6508,-4.834448,73824,45112
ONDOUSDT,2026-07-16,R2,8206077.9032,8243579.8698,-37501.9666,-0.22798,3563,3812
ONDOUSDT,2026-07-16,W,129298.2935,0.0,129298.2935,100.0,1,0
ONDOUSDT,2026-07-17,M,1329487.0199,1240525.7793,88961.2406,3.46151,58,67
ONDOUSDT,2026-07-17,R1,4365138.9276,4351948.794,13190.1336,0.151314,31106,24102
ONDOUSDT,2026-07-17,R2,5109804.198,5472854.503,-363050.305,-3.430615,2103,2156
ONDOUSDT,2026-07-17,W,115814.0704,0.0,115814.0704,100.0,1,0
ONDOUSDT,2026-07-18,M,1065573.3748,1397622.0314,-332048.6566,-13.480403,60,85
ONDOUSDT,2026-07-18,R1,4754984.6564,4248586.1185,506398.5379,5.624419,25972,30615
ONDOUSDT,2026-07-18,R2,6325126.8897,5517140.0731,807986.8166,6.822907,2528,2218
ONDOUSDT,2026-07-18,W,106218.4097,0.0,106218.4097,100.0,1,0
ONDOUSDT,2026-07-19,M,325717.8294,367786.2459,-42068.4165,-6.066066,16,17
ONDOUSDT,2026-07-19,R1,1491107.2287,1880290.217,-389182.9883,-11.54367,9102,11162
ONDOUSDT,2026-07-19,R2,1753339.5014,1660773.9168,92565.5846,2.711263,716,748
ONDOUSDT,2026-07-19,W,0.0,122088.6535,-122088.6535,-100.0,0,1
ONDOUSDT,2026-07-20,M,285083.4357,404452.8502,-119369.4145,-17.311549,15,18
ONDOUSDT,2026-07-20,R1,1971073.1133,1861657.1197,109415.9936,2.854779,12599,11607
ONDOUSDT,2026-07-20,R2,2341968.0546,2266513.496,75454.5586,1.637298,1062,1009
ONDOUSDT,2026-07-21,M,1086301.3281,1135307.8554,-49006.5273,-2.205902,45,53
ONDOUSDT,2026-07-21,R1,6454826.0422,7199807.5921,-744981.5499,-5.455888,52800,41665
ONDOUSDT,2026-07-21,R2,6599739.9066,6965082.0482,-365342.1416,-2.693306,2937,3025
ONDOUSDT,2026-07-21,W,219924.1489,118422.8533,101501.2956,29.999171,2,1
ONDOUSDT,2026-07-22,M,532328.2602,970911.0612,-438582.801,-29.175847,32,46
ONDOUSDT,2026-07-22,R1,3969165.7184,4341827.8427,-372662.1243,-4.483966,28834,23692
ONDOUSDT,2026-07-22,R2,4510911.1375,4578229.0878,-67317.9503,-0.740642,1934,1953
ONDOUSDT,2026-07-22,W,240497.9572,0.0,240497.9572,100.0,2,0
ONDOUSDT,2026-07-23,M,527102.5571,459924.1314,67178.4257,6.806141,32,31
ONDOUSDT,2026-07-23,R1,2383607.1844,2791476.1879,-407869.0035,-7.8814,15887,16010
ONDOUSDT,2026-07-23,R2,2210298.2674,3242268.3662,-1031970.0988,-18.926318,938,1304
ONDOUSDT,2026-07-24,M,432564.5077,514637.7833,-82073.2756,-8.66481,24,36
ONDOUSDT,2026-07-24,R1,2422092.7469,2450641.45,-28548.7031,-0.585887,16006,14530
ONDOUSDT,2026-07-24,R2,2261647.0003,3361587.4429,-1099940.4426,-19.560636,1015,1401
ONDOUSDT,2026-07-25,M,193001.5726,182168.6474,10832.9252,2.887469,13,13
ONDOUSDT,2026-07-25,R1,1455048.7082,1588820.0504,-133771.3422,-4.39478,8542,10551
ONDOUSDT,2026-07-25,R2,2063895.3692,1492336.3613,571559.0079,16.072041,843,630
ONDOUSDT,2026-07-26,M,387972.956,483066.6982,-95093.7422,-10.917269,24,29
ONDOUSDT,2026-07-26,R1,2347104.3158,2387513.0329,-40408.7171,-0.853474,13909,18273
ONDOUSDT,2026-07-26,R2,2948358.43,2699277.6775,249080.7525,4.410354,1306,1173
ONDOUSDT,2026-07-26,W,118749.2594,0.0,118749.2594,100.0,1,0
ONDOUSDT,2026-07-27,M,313320.9704,452215.5571,-138894.5867,-18.14343,19,31
ONDOUSDT,2026-07-27,R1,3107772.7144,4090216.4814,-982443.767,-13.648864,19206,28190
ONDOUSDT,2026-07-27,R2,3388302.47,4359073.0301,-970770.5601,-12.530315,1490,1867
ONDOUSDT,2026-07-27,W,118268.9579,0.0,118268.9579,100.0,1,0
ONDOUSDT,2026-07-28,M,279549.9137,280009.0827,-459.169,-0.082059,18,15
ONDOUSDT,2026-07-28,R1,2664809.1958,2911255.3096,-246446.1138,-4.419714,16133,20750
ONDOUSDT,2026-07-28,R2,3323976.7721,3079503.153,244473.6191,3.817824,1444,1309
ONDOUSDT,2026-07-29,M,300192.6022,290283.1582,9909.444,1.678214,17,18
ONDOUSDT,2026-07-29,R1,2634036.2054,2667674.5272,-33638.3218,-0.634481,17732,18827
ONDOUSDT,2026-07-29,R2,2415863.0759,2718274.5353,-302411.4594,-5.890209,1077,1221
ONDOUSDT,2026-07-30,M,642864.1016,401436.9346,241427.167,23.118541,38,26
ONDOUSDT,2026-07-30,R1,3215886.3847,3493215.9787,-277329.594,-4.133632,19898,21033
ONDOUSDT,2026-07-30,R2,3967803.7437,3765342.0959,202461.6478,2.618102,1777,1641
ONDOUSDT,2026-07-31,M,225406.4776,275705.4431,-50298.9655,-10.037471,12,21
ONDOUSDT,2026-07-31,R1,2736069.2189,2757841.6493,-21772.4304,-0.396301,15891,17164
ONDOUSDT,2026-07-31,R2,2381213.3251,2912746.9923,-531533.6672,-10.040379,1057,1261
ONDOUSDT,2026-08-01,M,227115.476,200356.6255,26758.8505,6.259789,13,14
ONDOUSDT,2026-08-01,R1,1838386.0251,1690934.4441,147451.581,4.177903,10170,12836
ONDOUSDT,2026-08-01,R2,2042672.7776,2244238.9362,-201566.1586,-4.701897,844,914
ONDOUSDT,2026-08-02,M,151486.8987,156076.6501,-4589.7514,-1.492294,7,10
ONDOUSDT,2026-08-02,R1,1902390.0408,1886462.3061,15927.7347,0.420384,11381,11842
ONDOUSDT,2026-08-02,R2,2045969.772,2618427.4317,-572457.6597,-12.272918,860,1110
ONDOUSDT,2026-08-03,M,270778.5014,503743.312,-232964.8106,-30.078534,14,27
ONDOUSDT,2026-08-03,R1,1780696.4363,2325624.1574,-544927.7211,-13.270462,10701,14540
ONDOUSDT,2026-08-03,R2,1854782.7122,2384181.8302,-529399.118,-12.488878,804,1083
ONDOUSDT,2026-08-04,M,230100.7058,197074.1593,33026.5465,7.731388,15,14
ONDOUSDT,2026-08-04,R1,2174282.0756,1981735.0206,192547.055,4.632971,10415,10695
ONDOUSDT,2026-08-04,R2,2383061.7078,2206523.119,176538.5888,3.846505,1082,940
ONDOUSDT,2026-08-05,M,184605.1728,270844.1476,-86238.9748,-18.934922,9,17
ONDOUSDT,2026-08-05,R1,2060883.2142,2022034.9175,38848.2967,0.951484,11063,11296
ONDOUSDT,2026-08-05,R2,1779594.9699,1813124.0192,-33529.0493,-0.93325,776,739
ONDOUSDT,2026-08-05,W,143671.0341,0.0,143671.0341,100.0,1,0
ONDOUSDT,2026-08-06,M,98405.5027,207286.5205,-108881.0178,-35.61788,8,16
ONDOUSDT,2026-08-06,R1,1571218.5809,1764112.5589,-192893.978,-5.783353,8950,10120
ONDOUSDT,2026-08-06,R2,1300280.6511,2023198.4132,-722917.7621,-21.751837,607,861
ONDOUSDT,2026-08-07,M,234692.6838,810064.7164,-575372.0326,-55.07231,17,51
ONDOUSDT,2026-08-07,R1,2966736.2692,2600729.7063,366006.5629,6.574024,18404,14659
ONDOUSDT,2026-08-07,R2,2826127.2486,4023298.0275,-1197170.7789,-17.478412,1270,1644
ONDOUSDT,2026-08-08,M,57579.5752,60981.9502,-3402.375,-2.869713,4,4
ONDOUSDT,2026-08-08,R1,1161708.3227,1060266.0628,101442.2599,4.565411,8313,6047
ONDOUSDT,2026-08-08,R2,837188.4989,992973.5148,-155785.0159,-8.512089,417,433
ONDOUSDT,2026-08-09,M,134006.6982,94004.6504,40002.0478,17.543885,5,7
ONDOUSDT,2026-08-09,R1,1342742.565,1526937.6462,-184195.0812,-6.418662,7384,9230
ONDOUSDT,2026-08-09,R2,1392255.7584,1513829.2877,-121573.5293,-4.183413,633,687
ONDOUSDT,2026-08-10,M,78766.9934,116447.4525,-37680.4591,-19.302085,5,10
ONDOUSDT,2026-08-10,R1,1533009.5969,1601831.3612,-68821.7643,-2.195383,9218,8926
ONDOUSDT,2026-08-10,R2,1643717.8379,1670507.019,-26789.1811,-0.808309,696,734
ONDOUSDT,2026-08-11,M,107264.3588,273792.9387,-166528.5799,-43.701717,8,20
ONDOUSDT,2026-08-11,R1,1461389.3459,1531467.2295,-70077.8836,-2.341505,8725,8510
ONDOUSDT,2026-08-11,R2,1318769.1341,2108079.1218,-789309.9877,-23.033118,599,836
ONDOUSDT,2026-08-12,M,161456.9419,254048.5774,-92591.6355,-22.284093,12,21
ONDOUSDT,2026-08-12,R1,1626090.2367,1638754.9061,-12664.6694,-0.38791,8325,11325
ONDOUSDT,2026-08-12,R2,1638359.1907,1911230.7838,-272871.5931,-7.687412,711,722
ONDOUSDT,2026-08-13,M,167897.9987,92608.5374,75289.4613,28.901179,12,8
ONDOUSDT,2026-08-13,R1,1180742.0103,1259754.145,-79012.1347,-3.237544,6023,6133
ONDOUSDT,2026-08-13,R2,956102.3564,1083766.1168,-127663.7604,-6.258431,440,506
ONDOUSDT,2026-08-14,M,143047.3604,192336.9566,-49289.5962,-14.696452,9,13
ONDOUSDT,2026-08-14,R1,1452976.4555,1384439.3554,68537.1001,2.415476,7564,7057
ONDOUSDT,2026-08-14,R2,1405055.8441,1310676.9581,94378.886,3.475264,624,555
ONDOUSDT,2026-08-15,M,148954.753,88775.8239,60178.9291,25.31392,11,7
ONDOUSDT,2026-08-15,R1,823571.9762,818154.6499,5417.3263,0.329977,3986,3635
ONDOUSDT,2026-08-15,R2,596287.4598,1008067.3735,-411779.9137,-25.666387,283,405
ONDOUSDT,2026-08-16,M,124102.3022,53122.0463,70980.2559,40.051075,9,4
ONDOUSDT,2026-08-16,R1,1096689.2113,907440.0892,189249.1221,9.44296,5512,4415
ONDOUSDT,2026-08-16,R2,898514.3742,780311.8836,118202.4906,7.040782,375,347
ONDOUSDT,2026-08-17,M,78147.1828,246102.7485,-167955.5657,-51.798181,4,12
ONDOUSDT,2026-08-17,R1,1336608.5494,1488917.22,-152308.6706,-5.390454,7404,7411
ONDOUSDT,2026-08-17,R2,1412647.4363,1313955.6684,98691.7679,3.619587,641,634
ONDOUSDT,2026-08-18,M,169045.3724,199900.0235,-30854.6511,-8.362932,12,14
ONDOUSDT,2026-08-18,R1,954903.7827,1182405.6121,-227501.8294,-10.64431,5030,6017
ONDOUSDT,2026-08-18,R2,950309.5515,1300903.7444,-350594.1929,-15.573566,425,543
ONDOUSDT,2026-08-19,M,373166.736,485591.2588,-112424.5228,-13.091526,19,26
ONDOUSDT,2026-08-19,R1,2538455.5546,2707094.1828,-168638.6282,-3.21489,14073,13036
ONDOUSDT,2026-08-19,R2,3127412.4224,2899212.8186,228199.6038,3.786524,1345,1254
ONDOUSDT,2026-08-19,W,118524.6891,0.0,118524.6891,100.0,1,0
ONDOUSDT,2026-08-20,M,415826.58,537629.6222,-121803.0422,-12.774896,29,36
ONDOUSDT,2026-08-20,R1,3789107.3406,4685927.2681,-896819.9275,-10.581903,18228,22115
ONDOUSDT,2026-08-20,R2,4643804.7578,3752333.4865,891471.2713,10.617635,1966,1628
ONDOUSDT,2026-08-21,M,1142887.2581,912199.7982,230687.4599,11.225192,64,52
ONDOUSDT,2026-08-21,R1,8351874.487,7083151.2341,1268723.2529,8.219768,39707,36075
ONDOUSDT,2026-08-21,R2,7951971.133,8038912.7947,-86941.6617,-0.543695,3643,3602
ONDOUSDT,2026-08-21,W,165378.78,0.0,165378.78,100.0,1,0
ONDOUSDT,2026-08-22,M,1746179.5714,911709.6063,834469.9651,31.395965,73,55
ONDOUSDT,2026-08-22,R1,9688289.2595,9437487.0377,250802.2218,1.311331,60519,61344
ONDOUSDT,2026-08-22,R2,8020283.6273,9344577.5039,-1324293.8766,-7.626285,3709,4284
ONDOUSDT,2026-08-22,W,0.0,101767.3056,-101767.3056,-100.0,0,1
ONDOUSDT,2026-08-23,M,861276.4468,908353.9191,-47077.4723,-2.6603,48,56
ONDOUSDT,2026-08-23,R1,5432665.6272,4869474.4461,563191.1811,5.46674,29181,26492
ONDOUSDT,2026-08-23,R2,6597715.2164,6151664.8853,446050.3311,3.498604,2749,2564
ONDOUSDT,2026-08-23,W,237786.7523,0.0,237786.7523,100.0,2,0
ONDOUSDT,2026-08-24,M,451558.9769,418041.9692,33517.0077,3.854298,34,29
ONDOUSDT,2026-08-24,R1,5489943.2525,5219591.8953,270351.3572,2.524399,31332,27425
ONDOUSDT,2026-08-24,R2,4556850.6801,5214558.7684,-657708.0883,-6.730944,2003,2277
ONDOUSDT,2026-08-25,M,558447.6314,740407.0513,-181959.4199,-14.009221,26,45
ONDOUSDT,2026-08-25,R1,3878561.8361,3927534.7477,-48972.9116,-0.627367,20546,20552
ONDOUSDT,2026-08-25,R2,4073957.1937,4542052.5966,-468095.4029,-5.432856,1801,1893
ONDOUSDT,2026-08-25,W,181931.6248,235157.2284,-53225.6036,-12.761215,1,2
ONDOUSDT,2026-08-26,M,98673.8439,94417.0519,4256.792,2.204553,7,7
ONDOUSDT,2026-08-26,R1,1667204.396,1938111.5078,-270907.1118,-7.514102,11686,11571
ONDOUSDT,2026-08-26,R2,1886211.9109,2182381.8964,-296169.9855,-7.279419,847,1005
ONDOUSDT,2026-08-26,W,0.0,100205.4174,-100205.4174,-100.0,0,1
ONDOUSDT,2026-08-27,M,511991.8582,826644.6358,-314652.7776,-23.505468,28,41
ONDOUSDT,2026-08-27,R1,2399510.3262,3074038.1829,-674527.8567,-12.323411,14267,14214
ONDOUSDT,2026-08-27,R2,2833694.484,3893730.7721,-1060036.2881,-15.756939,1174,1720
ONDOUSDT,2026-08-27,W,0.0,132239.3466,-132239.3466,-100.0,0,1
ONDOUSDT,2026-08-28,M,304717.2978,508172.6177,-203455.3199,-25.028644,16,32
ONDOUSDT,2026-08-28,R1,2689175.6503,3004016.7994,-314841.1491,-5.530134,13535,15286
ONDOUSDT,2026-08-28,R2,3047802.7205,3017155.6195,30647.101,0.505314,1394,1328
ONDOUSDT,2026-08-29,M,118956.5589,106226.9022,12729.6567,5.653016,8,8
ONDOUSDT,2026-08-29,R1,1157403.8282,1230325.1946,-72921.3664,-3.054005,6481,7067
ONDOUSDT,2026-08-29,R2,1381130.671,1170180.2219,210950.4491,8.268316,593,530
ONDOUSDT,2026-08-30,M,342767.1102,461046.3749,-118279.2647,-14.714765,17,20
ONDOUSDT,2026-08-30,R1,2176186.0695,2294205.1912,-118019.1217,-2.640018,11920,10724
ONDOUSDT,2026-08-30,R2,1850986.864,2357631.7241,-506644.8601,-12.03827,801,1052
ONDOUSDT,2026-08-30,W,195478.3452,0.0,195478.3452,100.0,1,0
ONDOUSDT,2026-08-31,M,91696.9326,102075.7006,-10378.768,-5.356158,7,8
ONDOUSDT,2026-08-31,R1,1707200.7764,1638700.5153,68500.2611,2.047289,8951,8998
ONDOUSDT,2026-08-31,R2,1609200.7122,1219641.9876,389558.7246,13.770957,714,602
ONDOUSDT,2026-09-01,M,555284.6579,317937.1288,237347.5291,27.18067,27,21
ONDOUSDT,2026-09-01,R1,2109811.4054,1953928.5582,155882.8472,3.835945,12350,11159
ONDOUSDT,2026-09-01,R2,1804859.6676,2261103.4698,-456243.8022,-11.221051,863,1017
SEIUSDT,2026-03-04,M,570649.8155,843366.3487,-272716.5332,-19.286663,37,46
SEIUSDT,2026-03-04,R1,1595449.5349,1137581.8777,457867.6572,16.753106,14531,11432
SEIUSDT,2026-03-04,R2,2421224.6771,2408182.6769,13042.0002,0.270054,894,830
SEIUSDT,2026-03-05,M,129582.2162,298988.1816,-169405.9654,-39.528154,8,19
SEIUSDT,2026-03-05,R1,950431.9275,1076312.0056,-125880.0781,-6.210951,10065,12632
SEIUSDT,2026-03-05,R2,1391094.9118,1306972.5537,84122.3581,3.117875,611,585
SEIUSDT,2026-03-06,M,235934.1852,281502.3301,-45568.1449,-8.806519,13,18
SEIUSDT,2026-03-06,R1,1173681.46,1248629.3079,-74947.8479,-3.094064,12175,14765
SEIUSDT,2026-03-06,R2,1693333.8067,1887109.8794,-193776.0727,-5.412069,668,732
SEIUSDT,2026-03-07,M,106229.8837,118226.1908,-11996.3071,-5.344612,6,8
SEIUSDT,2026-03-07,R1,302670.7567,421901.3408,-119230.5841,-16.45531,3249,5494
SEIUSDT,2026-03-07,R2,739099.8262,798803.2804,-59703.4542,-3.882134,296,329
SEIUSDT,2026-03-08,M,177519.9134,212255.9964,-34736.083,-8.911809,12,13
SEIUSDT,2026-03-08,R1,509017.8843,580270.4992,-71252.6149,-6.541208,5884,6982
SEIUSDT,2026-03-08,R2,748258.1099,881357.0307,-133098.9208,-8.167506,332,375
SEIUSDT,2026-03-09,M,271892.5555,253113.1406,18779.4149,3.576993,18,16
SEIUSDT,2026-03-09,R1,1549389.3335,1719364.0065,-169974.673,-5.199985,13975,19443
SEIUSDT,2026-03-09,R2,2210462.4983,1822763.0122,387699.4861,9.612641,877,729
SEIUSDT,2026-03-10,M,344484.7747,222762.8328,121721.9419,21.458344,21,14
SEIUSDT,2026-03-10,R1,1368710.4347,1083813.1002,284897.3345,11.616497,12709,12085
SEIUSDT,2026-03-10,R2,1667303.7952,1573915.0566,93388.7386,2.881285,724,631
SEIUSDT,2026-03-11,M,283982.0003,321838.3514,-37856.3511,-6.248775,20,22
SEIUSDT,2026-03-11,R1,1049676.3588,967455.7031,82220.6557,4.076117,8781,9622
SEIUSDT,2026-03-11,R2,2333881.8831,1946722.791,387159.0921,9.044495,943,770
SEIUSDT,2026-03-12,M,251446.7896,161335.8867,90110.9029,21.830108,18,12
SEIUSDT,2026-03-12,R1,1066402.6414,927116.7183,139285.9231,6.986936,9280,8274
SEIUSDT,2026-03-12,R2,1527787.6136,1513701.8839,14085.7297,0.463119,653,649
SEIUSDT,2026-03-13,M,339403.6981,452245.852,-112842.1539,-14.254054,24,30
SEIUSDT,2026-03-13,R1,1062835.4326,1154581.6166,-91746.184,-4.137525,9372,9330
SEIUSDT,2026-03-13,R2,2226074.7986,2159391.5743,66683.2243,1.52055,952,946
SEIUSDT,2026-03-14,M,67528.5756,122264.6975,-54736.1219,-28.839864,5,10
SEIUSDT,2026-03-14,R1,448715.8457,500044.2401,-51328.3944,-5.41005,3557,3959
SEIUSDT,2026-03-14,R2,655504.4908,632903.6178,22600.873,1.75417,303,293
SEIUSDT,2026-03-15,M,83840.7594,194491.2149,-110650.4555,-39.754849,6,12
SEIUSDT,2026-03-15,R1,550028.8178,464318.3802,85710.4376,8.449813,5114,3976
SEIUSDT,2026-03-15,R2,719826.9367,665014.0368,54812.8999,3.958065,310,305
SEIUSDT,2026-03-16,M,408535.9661,348430.6097,60105.3564,7.940292,23,22
SEIUSDT,2026-03-16,R1,1088437.717,900942.9709,187494.7461,9.42478,9292,7757
SEIUSDT,2026-03-16,R2,2002560.185,1736120.4368,266439.7482,7.126572,806,705
SEIUSDT,2026-03-17,M,260646.5698,227026.3766,33620.1932,6.894004,15,13
SEIUSDT,2026-03-17,R1,576941.8852,600607.6015,-23665.7163,-2.009743,4247,5211
SEIUSDT,2026-03-17,R2,869851.423,888527.0373,-18675.6143,-1.062093,415,394
SEIUSDT,2026-03-18,M,147916.9135,388587.3573,-240670.4438,-44.858999,8,24
SEIUSDT,2026-03-18,R1,661346.2116,990660.4639,-329314.2523,-19.934196,4378,7737
SEIUSDT,2026-03-18,R2,1221864.1448,1653417.307,-431553.1622,-15.009075,526,630
SEIUSDT,2026-03-19,M,45292.7048,112313.8665,-67021.1617,-42.524345,3,7
SEIUSDT,2026-03-19,R1,502496.0873,601038.0018,-98541.9145,-8.929667,3993,6417
SEIUSDT,2026-03-19,R2,893822.2037,935731.8233,-41909.6196,-2.290701,400,410
SEIUSDT,2026-03-20,M,45523.7248,81985.0419,-36461.3171,-28.595145,4,4
SEIUSDT,2026-03-20,R1,518379.408,452176.411,66202.997,6.821143,3391,4183
SEIUSDT,2026-03-20,R2,589523.6775,718557.1539,-129033.4764,-9.864335,297,318
SEIUSDT,2026-03-21,M,77779.9821,54588.1505,23191.8316,17.520706,5,2
SEIUSDT,2026-03-21,R1,335628.5748,381713.11,-46084.5352,-6.424349,1667,4519
SEIUSDT,2026-03-21,R2,489792.0492,585151.1919,-95359.1427,-8.871086,225,236
SEIUSDT,2026-03-22,M,110695.6808,214795.8604,-104100.1796,-31.982453,8,14
SEIUSDT,2026-03-22,R1,568426.885,584430.2226,-16003.3376,-1.388146,3367,4723
SEIUSDT,2026-03-22,R2,854758.5371,1120506.2354,-265747.6983,-13.453776,403,467
SEIUSDT,2026-03-23,M,109573.7398,76334.7034,33239.0364,17.879251,7,6
SEIUSDT,2026-03-23,R1,756039.2846,918891.2045,-162851.9199,-9.722906,4347,10983
SEIUSDT,2026-03-23,R2,1310395.8266,1286627.4002,23768.4264,0.915218,570,618
SEIUSDT,2026-03-24,M,124888.7832,88568.1659,36320.6173,17.01543,8,6
SEIUSDT,2026-03-24,R1,555791.4442,700256.61,-144465.1658,-11.501564,4719,12618
SEIUSDT,2026-03-24,R2,1071691.2248,1186134.5926,-114443.3678,-5.068742,411,434
SEIUSDT,2026-03-25,M,92204.7262,247335.8613,-155131.1351,-45.688539,7,11
SEIUSDT,2026-03-25,R1,569703.5886,515307.0908,54396.4978,5.013453,3540,8390
SEIUSDT,2026-03-25,R2,1167184.1328,1027842.6539,139341.4789,6.348054,418,375
SEIUSDT,2026-03-26,M,72530.7474,219782.067,-147251.3196,-50.374569,6,13
SEIUSDT,2026-03-26,R1,983985.2717,605778.5609,378206.7108,23.790119,7129,4941
SEIUSDT,2026-03-26,R2,1205488.6644,1285948.6366,-80459.9722,-3.22946,420,476
SEIUSDT,2026-03-27,M,205480.9254,335068.9087,-129587.9833,-23.973365,11,20
SEIUSDT,2026-03-27,R1,641968.8408,560942.1689,81026.6719,6.735882,3980,4463
SEIUSDT,2026-03-27,R2,1245550.0349,1535387.8487,-289837.8138,-10.422304,474,562
SEIUSDT,2026-03-28,M,113552.3882,30628.0185,82924.3697,57.514313,8,2
SEIUSDT,2026-03-28,R1,433631.2579,374944.2791,58686.9788,7.25807,2335,3329
SEIUSDT,2026-03-28,R2,702148.3363,737538.2253,-35389.889,-2.458166,302,306
SEIUSDT,2026-03-29,M,259255.0209,158207.6771,101047.3438,24.205119,20,11
SEIUSDT,2026-03-29,R1,667715.6941,394021.5951,273694.099,25.777949,5056,3692
SEIUSDT,2026-03-29,R2,802583.4683,873798.4276,-71214.9593,-4.248135,320,348
SEIUSDT,2026-03-30,M,179148.2706,281877.6185,-102729.3479,-22.282772,13,21
SEIUSDT,2026-03-30,R1,779790.4567,624574.7878,155215.6689,11.052372,4842,5021
SEIUSDT,2026-03-30,R2,1386594.0022,1227838.9119,158755.0903,6.072257,544,444
SEIUSDT,2026-03-31,M,208291.6563,369382.9935,-161091.3372,-27.88617,13,23
SEIUSDT,2026-03-31,R1,1258085.8888,561375.2836,696710.6052,38.292139,7721,3443
SEIUSDT,2026-03-31,R2,2404868.0827,2201075.2069,203792.8758,4.424563,952,777
SEIUSDT,2026-04-01,M,1113792.9176,899183.9694,214608.9482,10.661272,70,46
SEIUSDT,2026-04-01,R1,1690741.0824,1542002.5455,148738.5369,4.601,8937,8510
SEIUSDT,2026-04-01,R2,5440934.6933,5051756.8461,389177.8472,3.709037,1996,1785
SEIUSDT,2026-04-02,M,142689.6811,423179.8493,-280490.1682,-49.567993,12,29
SEIUSDT,2026-04-02,R1,777681.8797,880011.1248,-102329.2451,-6.172991,3889,5175
SEIUSDT,2026-04-02,R2,1637839.9446,1855434.6209,-217594.6763,-6.22896,655,698
SEIUSDT,2026-04-03,M,481483.8445,440229.503,41254.3415,4.475832,26,24
SEIUSDT,2026-04-03,R1,1041110.7579,863365.4347,177745.3232,9.333029,7549,5414
SEIUSDT,2026-04-03,R2,2144520.6296,1960337.116,184183.5136,4.486965,789,723
SEIUSDT,2026-04-04,M,95265.8807,433236.5611,-337970.6804,-63.948745,8,19
SEIUSDT,2026-04-04,R1,450759.9337,327653.8309,123106.1028,15.814996,3147,1912
SEIUSDT,2026-04-04,R2,811005.6767,956294.2552,-145288.5785,-8.220935,333,361
SEIUSDT,2026-04-05,M,149523.9233,183410.7259,-33886.8026,-10.178214,12,13
SEIUSDT,2026-04-05,R1,399839.5437,385640.111,14199.4327,1.80774,2178,2735
SEIUSDT,2026-04-05,R2,826075.1286,982266.3064,-156191.1778,-8.637261,319,367
SEIUSDT,2026-04-06,M,235450.2601,174955.7994,60494.4607,14.740148,17,11
SEIUSDT,2026-04-06,R1,689172.4434,523370.1593,165802.2841,13.673935,5067,3899
SEIUSDT,2026-04-06,R2,1026659.1126,1204664.6228,-178005.5102,-7.977574,436,479
SEIUSDT,2026-04-07,M,136606.3415,66008.6106,70597.7309,34.843298,7,3
SEIUSDT,2026-04-07,R1,973326.7214,595619.9404,377706.781,24.073908,6977,3880
SEIUSDT,2026-04-07,R2,1114900.3168,1164347.3669,-49447.0501,-2.169446,476,461
SEIUSDT,2026-04-08,M,177522.8776,278360.4695,-100837.5919,-22.119165,12,16
SEIUSDT,2026-04-08,R1,1014231.794,910559.4179,103672.3761,5.386162,7100,5615
SEIUSDT,2026-04-08,R2,1383278.292,1461570.9849,-78292.6929,-2.752086,626,620
SEIUSDT,2026-04-09,M,17472.4495,57205.7546,-39733.3051,-53.206027,1,4
SEIUSDT,2026-04-09,R1,563306.7277,518812.7179,44494.0098,4.111747,2942,3211
SEIUSDT,2026-04-09,R2,739180.2702,580733.4242,158446.846,12.004334,376,257
SEIUSDT,2026-04-10,M,126072.0958,146747.8962,-20675.8004,-7.57855,8,9
SEIUSDT,2026-04-10,R1,577345.4757,604076.3591,-26730.8834,-2.262603,2825,3373
SEIUSDT,2026-04-10,R2,1224873.2126,982080.5749,242792.6377,11.001256,533,448
SEIUSDT,2026-04-11,M,51451.8972,54109.2881,-2657.3909,-2.517394,4,4
SEIUSDT,2026-04-11,R1,510814.4052,480001.316,30813.0892,3.109871,2578,3300
SEIUSDT,2026-04-11,R2,543078.0346,530831.8632,12246.1714,1.140335,235,228
SEIUSDT,2026-04-12,M,135404.7238,145189.2071,-9784.4833,-3.487062,10,10
SEIUSDT,2026-04-12,R1,427970.0739,476616.4581,-48646.3842,-5.377748,2130,3613
SEIUSDT,2026-04-12,R2,530390.4238,709110.0991,-178719.6753,-14.418685,223,288
SEIUSDT,2026-04-13,M,116518.9468,62131.7177,54387.2291,30.44334,7,4
SEIUSDT,2026-04-13,R1,465590.2948,471961.3599,-6371.0651,-0.679543,2550,4503
SEIUSDT,2026-04-13,R2,781326.3318,718539.2954,62787.0364,4.186177,328,294
SEIUSDT,2026-04-14,M,66922.3705,63967.9751,2954.3954,2.257153,2,2
SEIUSDT,2026-04-14,R1,942653.3903,1064107.1713,-121453.781,-6.052231,7422,9887
SEIUSDT,2026-04-14,R2,443757.1096,547206.1814,-103449.0718,-10.439244,238,307
SEIUSDT,2026-04-15,M,0.0,12448.8468,-12448.8468,-100.0,0,1
SEIUSDT,2026-04-15,R1,1345059.8644,1213766.1596,131293.7048,5.131013,9637,10410
SEIUSDT,2026-04-15,R2,605613.0161,614208.8138,-8595.7977,-0.704676,312,322
SEIUSDT,2026-04-16,M,27927.3842,93105.2137,-65177.8295,-53.851467,2,3
SEIUSDT,2026-04-16,R1,1624510.9598,1480815.7143,143695.2455,4.627379,13584,13431
SEIUSDT,2026-04-16,R2,640636.2614,686941.4476,-46305.1862,-3.487945,361,379
SEIUSDT,2026-04-17,M,126644.6563,107733.1402,18911.5161,8.068817,5,6
SEIUSDT,2026-04-17,R1,1833466.6981,1476584.3248,356882.3733,10.781779,12039,13225
SEIUSDT,2026-04-17,R2,906317.6086,825823.3924,80494.2162,4.647094,454,418
SEIUSDT,2026-04-18,M,64345.9569,75150.4845,-10804.5276,-7.745379,3,4
SEIUSDT,2026-04-18,R1,1633900.6238,1615937.7132,17962.9106,0.552732,8752,11884
SEIUSDT,2026-04-18,R2,879103.8307,886777.729,-7673.8983,-0.434565,530,539
SEIUSDT,2026-04-19,M,45199.1001,24118.3967,21080.7034,30.411807,2,2
SEIUSDT,2026-04-19,R1,1223064.7294,1284145.0792,-61080.3498,-2.436188,7726,7577
SEIUSDT,2026-04-19,R2,428149.4219,497953.8032,-69804.3813,-7.53743,237,294
SEIUSDT,2026-04-20,M,0.0,11682.4498,-11682.4498,-100.0,0,1
SEIUSDT,2026-04-20,R1,1449094.3861,1201557.6312,247536.7549,9.338712,9309,7362
SEIUSDT,2026-04-20,R2,584022.9565,469392.1835,114630.773,10.881823,355,285
SEIUSDT,2026-04-21,M,100977.0625,62119.3606,38857.7019,23.824987,4,4
SEIUSDT,2026-04-21,R1,1403232.6546,1286467.1729,116765.4817,4.341209,10920,8329
SEIUSDT,2026-04-21,R2,493857.0211,605289.852,-111432.8309,-10.13812,286,370
SEIUSDT,2026-04-22,M,526426.9784,412733.2195,113693.7589,12.105896,29,20
SEIUSDT,2026-04-22,R1,5966865.9842,5697879.8447,268986.1395,2.305975,40702,38132
SEIUSDT,2026-04-22,R2,2682384.0999,2806233.6022,-123849.5023,-2.256479,1484,1545
SEIUSDT,2026-04-22,W,150915.1769,0.0,150915.1769,100.0,1,0
SEIUSDT,2026-04-23,M,127764.7845,130186.1678,-2421.3833,-0.938699,7,7
SEIUSDT,2026-04-23,R1,2420704.569,2604509.0636,-183804.4946,-3.657645,16066,16780
SEIUSDT,2026-04-23,R2,1212592.5909,1421690.3418,-209097.7509,-7.937559,672,809
SEIUSDT,2026-04-24,M,121188.5731,59537.6172,61650.9559,34.112906,8,3
SEIUSDT,2026-04-24,R1,1632392.28,1724242.0786,-91849.7986,-2.736366,11938,15031
SEIUSDT,2026-04-24,R2,793169.6528,1045232.6348,-252062.982,-13.710981,427,528
SEIUSDT,2026-04-25,M,36389.0153,106963.6882,-70574.6729,-49.231491,2,7
SEIUSDT,2026-04-25,R1,1289252.5761,1433138.3952,-143885.8191,-5.285274,8657,11856
SEIUSDT,2026-04-25,R2,634441.9351,899645.1608,-265203.2257,-17.287364,313,432
SEIUSDT,2026-04-26,M,316463.9793,242157.9497,74306.0296,13.301667,19,11
SEIUSDT,2026-04-26,R1,2232380.9935,2270460.1498,-38079.1563,-0.84567,19505,18001
SEIUSDT,2026-04-26,R2,867213.3115,926864.0066,-59650.6951,-3.324868,437,485
SEIUSDT,2026-04-27,M,74116.466,135168.9128,-61052.4468,-29.171864,2,7
SEIUSDT,2026-04-27,R1,1485348.3107,1749454.7525,-264106.4418,-8.164529,11242,15562
SEIUSDT,2026-04-27,R2,528420.5903,738529.5886,-210108.9983,-16.583841,289,364
SEIUSDT,2026-04-28,M,102150.0393,64479.3154,37670.7239,22.607496,5,4
SEIUSDT,2026-04-28,R1,1031483.4815,1164599.0068,-133115.5253,-6.061499,6628,8321
SEIUSDT,2026-04-28,R2,526984.8226,571676.9736,-44692.151,-4.067872,268,296
SEIUSDT,2026-04-29,M,52324.7197,144638.99,-92314.2703,-46.86867,2,8
SEIUSDT,2026-04-29,R1,1455992.6256,1635779.4462,-179786.8206,-5.815009,9122,10578
SEIUSDT,2026-04-29,R2,475534.2775,683889.5837,-208355.3062,-17.97059,260,374
SEIUSDT,2026-04-30,M,149523.6157,10382.706,139140.9097,87.014014,5,1
SEIUSDT,2026-04-30,R1,673384.7078,645879.9364,27504.7714,2.084856,5349,5178
SEIUSDT,2026-04-30,R2,257223.0721,229655.3934,27567.6787,5.662127,130,130
SEIUSDT,2026-05-01,M,60622.456,35019.3965,25603.0595,26.769724,2,1
SEIUSDT,2026-05-01,R1,697328.797,631505.0819,65823.7151,4.953495,6119,4828
SEIUSDT,2026-05-01,R2,186734.9952,184835.5553,1899.4399,0.511192,98,113
SEIUSDT,2026-05-02,M,0.0,18419.3191,-18419.3191,-100.0,0,1
SEIUSDT,2026-05-02,R1,795517.4635,591948.5788,203568.8847,14.67199,8446,3833
SEIUSDT,2026-05-02,R2,342620.3932,230016.0163,112604.3769,19.664201,144,138
SEIUSDT,2026-05-03,M,38714.0593,74979.1306,-36265.0713,-31.897312,1,6
SEIUSDT,2026-05-03,R1,692658.826,845083.8923,-152425.0663,-9.912261,4884,6912
SEIUSDT,2026-05-03,R2,209027.9766,300332.9014,-91304.9248,-17.92539,117,141
SEIUSDT,2026-05-04,M,121997.0227,68819.994,53177.0287,27.868075,7,4
SEIUSDT,2026-05-04,R1,1933735.5352,1910372.6359,23362.8993,0.607759,13643,13849
SEIUSDT,2026-05-04,R2,586437.0087,678864.6299,-92427.6212,-7.304789,349,366
SEIUSDT,2026-05-05,M,90036.7541,56197.599,33839.1551,23.14036,5,3
SEIUSDT,2026-05-05,R1,1154603.8933,1126050.2677,28553.6256,1.251993,8072,8287
SEIUSDT,2026-05-05,R2,398896.3325,487750.6809,-88854.3484,-10.021389,224,257
SEIUSDT,2026-05-06,M,120626.7516,150680.7124,-30053.9608,-11.077454,7,8
SEIUSDT,2026-05-06,R1,2253582.2744,1972523.9493,281058.3251,6.650527,15528,13808
SEIUSDT,2026-05-06,R2,906121.3856,967609.0473,-61487.6617,-3.281564,513,536
SEIUSDT,2026-05-07,M,135622.8437,61151.124,74471.7197,37.846327,8,3
SEIUSDT,2026-05-07,R1,2360845.8348,2456830.9183,-95985.0835,-1.992352,16565,20737
SEIUSDT,2026-05-07,R2,705340.0677,859045.0787,-153705.011,-9.825267,412,455
SEIUSDT,2026-05-08,M,263974.6128,117136.3813,146838.2315,38.528994,17,7
SEIUSDT,2026-05-08,R1,3441701.5714,3058612.9554,383088.616,5.893386,25549,19043
SEIUSDT,2026-05-08,R2,1548084.2735,1504960.5028,43123.7707,1.412484,853,842
SEIUSDT,2026-05-09,M,509253.4736,325096.6133,184156.8603,22.071893,31,19
SEIUSDT,2026-05-09,R1,4041171.9199,3711466.7078,329705.2121,4.252813,25825,25796
SEIUSDT,2026-05-09,R2,1902460.0269,1719027.9173,183432.1096,5.065103,1019,954
SEIUSDT,2026-05-10,M,973882.1946,1024611.2302,-50729.0356,-2.538364,51,50
SEIUSDT,2026-05-10,R1,7523568.4453,7376845.8042,146722.6411,0.984688,53148,50085
SEIUSDT,2026-05-10,R2,4684950.9763,4662489.4878,22461.4885,0.240296,2365,2380
SEIUSDT,2026-05-11,M,581836.9097,432409.6302,149427.2795,14.732836,39,23
SEIUSDT,2026-05-11,R1,6826236.4396,7490846.1676,-664609.728,-4.642075,47472,51612
SEIUSDT,2026-05-11,R2,3166757.6516,3113428.3851,53329.2665,0.849167,1637,1656
SEIUSDT,2026-05-12,M,231704.8158,157507.5133,74197.3025,19.063451,12,10
SEIUSDT,2026-05-12,R1,3170521.6792,4111411.8068,-940890.1276,-12.920883,24340,31246
SEIUSDT,2026-05-12,R2,1246664.6583,2208097.6633,-961433.005,-27.829208,665,1055
SEIUSDT,2026-05-12,W,112033.6693,0.0,112033.6693,100.0,1,0
SEIUSDT,2026-05-13,M,115377.6572,179285.5764,-63907.9192,-21.688461,7,11
SEIUSDT,2026-05-13,R1,2262196.6191,2452698.2537,-190501.6346,-4.040422,15158,19786
SEIUSDT,2026-05-13,R2,1156733.0242,1633330.1403,-476597.1161,-17.081947,621,802
SEIUSDT,2026-05-14,M,119452.6045,10208.5379,109244.0666,84.253512,6,1
SEIUSDT,2026-05-14,R1,1564941.7215,1540574.0894,24367.6321,0.784657,12366,13102
SEIUSDT,2026-05-14,R2,683057.096,730416.2856,-47359.1896,-3.350554,343,357
SEIUSDT,2026-05-15,M,58854.2861,59672.3377,-818.0516,-0.690184,3,5
SEIUSDT,2026-05-15,R1,1860783.9735,2122716.5602,-261932.5867,-6.575437,15640,18828
SEIUSDT,2026-05-15,R2,638121.4613,1006301.3119,-368179.8506,-22.38961,329,472
SEIUSDT,2026-05-16,M,53855.0504,21417.742,32437.3084,43.093005,4,2
SEIUSDT,2026-05-16,R1,1106344.7964,1218209.726,-111864.9296,-4.812317,8801,9139
SEIUSDT,2026-05-16,R2,452048.6102,676106.8851,-224058.2749,-19.860584,218,310
SEIUSDT,2026-05-17,M,67785.0835,71884.0659,-4098.9824,-2.93478,3,5
SEIUSDT,2026-05-17,R1,1269522.9712,1379142.546,-109619.5748,-4.138672,9508,10349
SEIUSDT,2026-05-17,R2,590819.8946,618595.3691,-27775.4745,-2.296604,285,300
SEIUSDT,2026-05-18,M,155086.0835,104417.4282,50668.6553,19.525229,9,7
SEIUSDT,2026-05-18,R1,1509684.1619,1374218.1176,135466.0443,4.697317,13092,11798
SEIUSDT,2026-05-18,R2,517328.9671,759757.7132,-242428.7461,-18.982952,247,346
SEIUSDT,2026-05-19,M,0.0,38945.6076,-38945.6076,-100.0,0,2
SEIUSDT,2026-05-19,R1,751634.5095,795575.0895,-43940.58,-2.839989,7070,7784
SEIUSDT,2026-05-19,R2,165011.2334,259833.5443,-94822.3109,-22.319284,81,134
SEIUSDT,2026-05-20,M,108716.1962,10266.6391,98449.5571,82.742655,6,1
SEIUSDT,2026-05-20,R1,1040001.4125,974527.8324,65473.5801,3.250068,8911,8699
SEIUSDT,2026-05-20,R2,487298.3271,315288.6548,172009.6723,21.431904,222,147
SEIUSDT,2026-05-21,M,153661.0514,130881.4711,22779.5803,8.005686,8,8
SEIUSDT,2026-05-21,R1,1771985.8092,1625804.0116,146181.7976,4.302261,13646,13752
SEIUSDT,2026-05-21,R2,711665.6984,680563.6683,31102.0301,2.233973,350,352
SEIUSDT,2026-05-22,M,170605.9725,60331.4022,110274.5703,47.750855,8,3
SEIUSDT,2026-05-22,R1,2193024.8471,2499765.6831,-306740.836,-6.536427,17532,21338
SEIUSDT,2026-05-22,R2,749831.1306,1116518.9201,-366687.7895,-19.647321,401,550
SEIUSDT,2026-05-23,M,86112.8404,63919.0503,22193.7901,14.792715,5,4
SEIUSDT,2026-05-23,R1,2076559.1271,1856193.8934,220365.2337,5.603333,15295,14041
SEIUSDT,2026-05-23,R2,768498.1926,736940.9136,31557.279,2.096218,389,356
SEIUSDT,2026-05-24,M,20929.561,73296.4005,-52366.8395,-55.575808,2,3
SEIUSDT,2026-05-24,R1,1038674.6328,1268396.0524,-229721.4196,-9.957277,8313,11477
SEIUSDT,2026-05-24,R2,287484.1958,424413.3214,-136929.1256,-19.234387,173,197
SEIUSDT,2026-05-25,M,31089.315,10086.0893,21003.2257,51.009155,2,1
SEIUSDT,2026-05-25,R1,1249930.818,1162598.8393,87331.9787,3.619934,9011,9108
SEIUSDT,2026-05-25,R2,525785.7758,443155.7673,82630.0085,8.527863,269,240
SEIUSDT,2026-05-26,M,159686.2223,300795.6275,-141109.4052,-30.643858,9,19
SEIUSDT,2026-05-26,R1,3834604.1564,3625806.3354,208797.821,2.798744,27240,29266
SEIUSDT,2026-05-26,R2,1608260.9672,1607782.7623,478.2049,0.014869,784,763
SEIUSDT,2026-05-27,M,906125.6602,883175.0803,22950.5799,1.282656,47,46
SEIUSDT,2026-05-27,R1,7185975.4418,7453240.1454,-267264.7036,-1.825676,55067,59319
SEIUSDT,2026-05-27,R2,3240559.2908,3527250.5088,-286691.218,-4.2361,1596,1711
SEIUSDT,2026-05-28,M,404014.0265,476496.4566,-72482.4301,-8.231865,20,24
SEIUSDT,2026-05-28,R1,5976096.3703,6205651.8981,-229555.5278,-1.884422,54721,58133
SEIUSDT,2026-05-28,R2,2240490.3016,2184701.1195,55789.1821,1.260718,1125,1053
SEIUSDT,2026-05-29,M,132521.8745,221423.8264,-88901.9519,-25.117398,8,15
SEIUSDT,2026-05-29,R1,4108416.5043,4521481.392,-413064.8877,-4.78644,33731,36067
SEIUSDT,2026-05-29,R2,1654633.0666,2019402.3533,-364769.2867,-9.928301,845,963
SEIUSDT,2026-05-30,M,310917.0355,449389.3494,-138472.3139,-18.212699,17,23
SEIUSDT,2026-05-30,R1,3363694.4678,4001324.0931,-637629.6253,-8.657543,26416,32076
SEIUSDT,2026-05-30,R2,1653893.6846,1867212.4629,-213318.7783,-6.058289,758,845
SEIUSDT,2026-05-31,M,248707.7819,327475.5709,-78767.789,-13.670612,12,18
SEIUSDT,2026-05-31,R1,3356204.6136,3543426.1729,-187221.5593,-2.713501,27819,30932
SEIUSDT,2026-05-31,R2,1250405.1389,1338603.5739,-88198.435,-3.406649,571,637
SEIUSDT,2026-06-01,M,535265.8109,327347.2218,207918.5891,24.103344,28,18
SEIUSDT,2026-06-01,R1,4819354.8471,5237451.8448,-418096.9977,-4.157353,44602,44854
SEIUSDT,2026-06-01,R2,1940721.7899,2109746.5221,-169024.7322,-4.172968,922,1051
SEIUSDT,2026-06-02,M,251678.2163,300005.4241,-48327.2078,-8.759949,12,19
SEIUSDT,2026-06-02,R1,5429180.5285,6051612.3726,-622431.8441,-5.421506,46490,55971
SEIUSDT,2026-06-02,R2,1764136.0188,2155262.6154,-391126.5966,-9.97925,929,1049
SEIUSDT,2026-06-03,M,213315.9473,285519.2355,-72203.2882,-14.474378,8,17
SEIUSDT,2026-06-03,R1,4331711.2051,4050797.173,280914.0321,3.351193,38334,36774
SEIUSDT,2026-06-03,R2,1142813.5181,1355746.8677,-212933.3496,-8.522241,621,704
SEIUSDT,2026-06-04,M,239718.5138,447709.2249,-207990.7111,-30.256375,13,24
SEIUSDT,2026-06-04,R1,5017692.1484,4741861.4831,275830.6653,2.826263,43309,45654
SEIUSDT,2026-06-04,R2,1407028.5154,2029705.5301,-622677.0147,-18.118278,718,937
SEIUSDT,2026-06-05,M,78510.7132,87297.0001,-8786.2869,-5.299082,3,7
SEIUSDT,2026-06-05,R1,3368894.0739,3450200.01,-81305.9361,-1.192328,47786,49486
SEIUSDT,2026-06-05,R2,744410.7299,1154463.1534,-410052.4235,-21.594505,402,586
SEIUSDT,2026-06-05,W,106623.0341,0.0,106623.0341,100.0,1,0
SEIUSDT,2026-06-06,M,22976.8412,54844.1707,-31867.3295,-40.949518,2,5
SEIUSDT,2026-06-06,R1,1471458.2815,1505003.7903,-33545.5088,-1.127026,24376,26088
SEIUSDT,2026-06-06,R2,425008.931,543398.8246,-118389.8936,-12.225211,221,267
SEIUSDT,2026-06-07,M,142908.2297,72995.2382,69912.9915,32.381597,8,5
SEIUSDT,2026-06-07,R1,1685612.5155,1504321.6861,181290.8294,5.683215,22731,22675
SEIUSDT,2026-06-07,R2,598849.8748,501626.1629,97223.7119,8.834696,279,271
SEIUSDT,2026-06-08,M,93997.5015,28106.884,65890.6175,53.962532,5,2
SEIUSDT,2026-06-08,R1,1333914.3487,1415403.9965,-81489.6478,-2.963995,19137,19530
SEIUSDT,2026-06-08,R2,475064.2098,507966.0613,-32901.8515,-3.346983,257,249
SEIUSDT,2026-06-09,M,84278.7617,105789.4014,-21510.6397,-11.317329,6,8
SEIUSDT,2026-06-09,R1,1121481.7273,1261487.0647,-140005.3374,-5.875248,17261,17916
SEIUSDT,2026-06-09,R2,302793.6526,466810.3449,-164016.6923,-21.31183,170,249
SEIUSDT,2026-06-10,M,65115.9275,48627.8103,16488.1172,14.495846,4,3
SEIUSDT,2026-06-10,R1,996388.6029,982681.2992,13707.3037,0.692613,17121,16415
SEIUSDT,2026-06-10,R2,173992.3832,231171.4495,-57179.0663,-14.112579,106,129
SEIUSDT,2026-06-11,M,17888.8801,0.0,17888.8801,100.0,1,0
SEIUSDT,2026-06-11,R1,1175315.4352,948665.2437,226650.1915,10.67101,16135,13762
SEIUSDT,2026-06-11,R2,192315.7955,259366.9438,-67051.1483,-14.844744,112,136
SEIUSDT,2026-06-12,M,199333.6415,205405.0118,-6071.3703,-1.500072,12,10
SEIUSDT,2026-06-12,R1,1901194.8779,1710442.0383,190752.8396,5.281617,20903,21289
SEIUSDT,2026-06-12,R2,630729.3519,641209.3254,-10479.9735,-0.823937,321,321
SEIUSDT,2026-06-13,M,128277.8558,54781.3437,73496.5121,40.14904,9,4
SEIUSDT,2026-06-13,R1,2113569.1949,1976665.9343,136903.2606,3.347076,21688,20549
SEIUSDT,2026-06-13,R2,593937.3323,577424.8553,16512.477,1.409682,311,304
SEIUSDT,2026-06-14,M,53015.837,85447.8401,-32432.0031,-23.422752,4,5
SEIUSDT,2026-06-14,R1,1153124.492,1298831.0401,-145706.5481,-5.942463,11490,15510
SEIUSDT,2026-06-14,R2,263103.1389,308083.6938,-44980.5549,-7.874929,140,154
SEIUSDT,2026-06-15,M,64453.6875,88115.3988,-23661.7113,-15.50885,5,6
SEIUSDT,2026-06-15,R1,1524505.4106,1470680.7332,53824.6774,1.797039,15922,19031
SEIUSDT,2026-06-15,R2,371413.755,393715.3713,-22301.6163,-2.914752,198,204
SEIUSDT,2026-06-16,M,37711.813,0.0,37711.813,100.0,3,0
SEIUSDT,2026-06-16,R1,1180466.825,1190328.5703,-9861.7453,-0.415968,13190,13647
SEIUSDT,2026-06-16,R2,291295.115,304826.3108,-13531.1958,-2.269872,155,162
SEIUSDT,2026-06-17,M,51111.9676,30090.0894,21021.8782,25.888357,3,2
SEIUSDT,2026-06-17,R1,1646617.7509,1649211.2906,-2593.5397,-0.078692,19495,21994
SEIUSDT,2026-06-17,R2,354811.4405,420990.3878,-66178.9473,-8.530393,196,231
SEIUSDT,2026-06-18,M,97965.8363,32942.8088,65023.0275,49.670537,7,3
SEIUSDT,2026-06-18,R1,1382551.6861,1305578.8742,76972.8119,2.863433,16934,15928
SEIUSDT,2026-06-18,R2,352282.4821,386416.2053,-34133.7232,-4.620791,181,196
SEIUSDT,2026-06-19,M,55819.953,0.0,55819.953,100.0,4,0
SEIUSDT,2026-06-19,R1,952859.3434,1065354.0366,-112494.6932,-5.573974,13045,13788
SEIUSDT,2026-06-19,R2,201089.2622,215717.0785,-14627.8163,-3.509499,114,116
SEIUSDT,2026-06-20,M,10514.0281,53879.9623,-43365.9342,-67.344692,1,4
SEIUSDT,2026-06-20,R1,1009163.6281,946996.6273,62167.0008,3.178012,12581,12265
SEIUSDT,2026-06-20,R2,228800.602,231669.9405,-2869.3385,-0.623132,118,123
SEIUSDT,2026-06-21,M,41459.4609,78860.9,-37401.4391,-31.084879,2,6
SEIUSDT,2026-06-21,R1,1155192.895,991837.4061,163355.4889,7.608439,13380,13521
SEIUSDT,2026-06-21,R2,256427.1909,243625.9463,12801.2446,2.559977,131,120
SEIUSDT,2026-06-22,M,33755.9341,52885.7279,-19129.7938,-22.079209,2,3
SEIUSDT,2026-06-22,R1,868186.5897,851275.921,16910.6687,0.983486,10805,11471
SEIUSDT,2026-06-22,R2,255510.4623,304654.2565,-49143.7942,-8.773097,134,150
SEIUSDT,2026-06-23,M,0.0,13339.3213,-13339.3213,-100.0,0,1
SEIUSDT,2026-06-23,R1,952901.7148,1082039.916,-129138.2012,-6.34604,14734,16396
SEIUSDT,2026-06-23,R2,135662.8502,216708.1886,-81045.3384,-23.0,74,108
SEIUSDT,2026-06-24,M,104816.1201,18036.0664,86780.0537,70.637777,7,1
SEIUSDT,2026-06-24,R1,1834709.1792,2005663.7779,-170954.5987,-4.45151,26720,24667
SEIUSDT,2026-06-24,R2,462955.1447,449729.5501,13225.5946,1.449087,246,237
SEIUSDT,2026-06-25,M,233263.0591,176820.1604,56442.8987,13.763767,15,12
SEIUSDT,2026-06-25,R1,3909070.1765,3806223.9009,102846.2756,1.333018,45889,41440
SEIUSDT,2026-06-25,R2,1139545.5459,1572578.6475,-433033.1016,-15.966566,616,783
SEIUSDT,2026-06-26,M,84176.7861,171450.6925,-87273.9064,-34.14105,4,8
SEIUSDT,2026-06-26,R1,2288992.1215,2526984.9329,-237992.8114,-4.941735,23731,32872
SEIUSDT,2026-06-26,R2,701780.9169,943690.4371,-241909.5202,-14.701533,366,452
SEIUSDT,2026-06-27,M,14280.4157,0.0,14280.4157,100.0,1,0
SEIUSDT,2026-06-27,R1,1097301.2224,1347832.3547,-250531.1323,-10.246112,9577,19360
SEIUSDT,2026-06-27,R2,173617.588,435778.6751,-262161.0871,-43.019805,100,202
SEIUSDT,2026-06-28,R1,559148.8923,713197.4173,-154048.525,-12.107437,8123,11299
SEIUSDT,2026-06-28,R2,153989.7029,124560.6419,29429.061,10.565078,82,63
SEIUSDT,2026-06-29,M,42701.6708,43738.2703,-1036.5995,-1.199214,2,3
SEIUSDT,2026-06-29,R1,886210.806,971600.3354,-85389.5294,-4.596244,11832,15581
SEIUSDT,2026-06-29,R2,191444.1657,206001.0327,-14556.867,-3.66261,113,106
SEIUSDT,2026-06-30,M,24028.6137,26566.8217,-2538.208,-5.016674,1,2
SEIUSDT,2026-06-30,R1,853703.5807,1026179.2531,-172475.6724,-9.17481,11715,16248
SEIUSDT,2026-06-30,R2,131352.0925,244196.0872,-112843.9947,-30.047808,64,136
SEIUSDT,2026-07-01,M,26323.2606,23996.7335,2326.5271,4.623465,2,2
SEIUSDT,2026-07-01,R1,1235875.6225,1150834.8113,85040.8112,3.563097,14243,16569
SEIUSDT,2026-07-01,R2,247694.5303,302388.4769,-54693.9466,-9.942853,144,161
SEIUSDT,2026-07-02,M,82466.2892,20712.4775,61753.8117,59.851279,3,2
SEIUSDT,2026-07-02,R1,1652900.1291,1258945.8817,393954.2474,13.529364,15366,17975
SEIUSDT,2026-07-02,R2,473421.0125,394911.4081,78509.6044,9.041423,283,185
SEIUSDT,2026-07-03,M,0.0,32494.0365,-32494.0365,-100.0,0,3
SEIUSDT,2026-07-03,R1,1040658.736,1043094.0091,-2435.2731,-0.11687,11688,11074
SEIUSDT,2026-07-03,R2,284685.3314,238797.7183,45887.6131,8.765826,145,129
SEIUSDT,2026-07-04,M,46813.1699,43682.5822,3130.5877,3.459375,3,2
SEIUSDT,2026-07-04,R1,680930.5633,667616.3218,13314.2415,0.987303,7214,7767
SEIUSDT,2026-07-04,R2,168554.8824,135323.9207,33230.9617,10.935597,91,72
SEIUSDT,2026-07-05,M,76580.2705,0.0,76580.2705,100.0,4,0
SEIUSDT,2026-07-05,R1,779422.5027,785924.6387,-6502.136,-0.41538,9562,9047
SEIUSDT,2026-07-05,R2,194563.6954,232521.7537,-37958.0583,-8.887696,99,127
SEIUSDT,2026-07-06,R1,1203031.6993,1115719.9607,87311.7386,3.765463,13435,13038
SEIUSDT,2026-07-06,R2,289859.5888,268787.1608,21072.428,3.772049,158,144
SEIUSDT,2026-07-07,M,11561.7042,0.0,11561.7042,100.0,1,0
SEIUSDT,2026-07-07,R1,1091386.0816,1022278.751,69107.3306,3.26955,11291,12288
SEIUSDT,2026-07-07,R2,162411.475,213268.1665,-50856.6915,-13.53725,97,116
SEIUSDT,2026-07-08,M,0.0,14131.1958,-14131.1958,-100.0,0,1
SEIUSDT,2026-07-08,R1,932430.2028,937504.8221,-5074.6193,-0.271379,11544,14594
SEIUSDT,2026-07-08,R2,178938.3978,219282.7021,-40344.3043,-10.131132,103,124
SEIUSDT,2026-07-09,M,12440.6752,0.0,12440.6752,100.0,1,0
SEIUSDT,2026-07-09,R1,1006436.1657,974903.3958,31532.7699,1.591487,13599,9607
SEIUSDT,2026-07-09,R2,244301.6788,205832.2055,38469.4733,8.546229,127,120
SEIUSDT,2026-07-10,M,135866.8339,76200.1454,59666.6885,28.135775,10,4
SEIUSDT,2026-07-10,R1,1160572.8379,1280862.9198,-120290.0819,-4.927022,12059,11898
SEIUSDT,2026-07-10,R2,392644.268,392044.1007,600.1673,0.076485,199,216
SEIUSDT,2026-07-11,M,48497.8578,53660.4515,-5162.5937,-5.053523,3,2
SEIUSDT,2026-07-11,R1,589076.4388,686176.5354,-97100.0966,-7.614183,6601,8527
SEIUSDT,2026-07-11,R2,140749.7501,149918.3165,-9168.5664,-3.154308,70,86
SEIUSDT,2026-07-12,M,0.0,25049.3171,-25049.3171,-100.0,0,2
SEIUSDT,2026-07-12,R1,433196.0796,463101.0581,-29904.9785,-3.336503,5176,5289
SEIUSDT,2026-07-12,R2,66274.8633,79468.4393,-13193.576,-9.052612,44,51
SEIUSDT,2026-07-13,R1,485308.308,622313.479,-137005.171,-12.36931,7244,9207
SEIUSDT,2026-07-13,R2,86565.9214,113943.7521,-27377.8307,-13.65412,45,61
SEIUSDT,2026-07-14,M,11502.2586,24119.8041,-12617.5455,-35.420592,1,1
SEIUSDT,2026-07-14,R1,612458.5615,533755.6347,78702.9268,6.866337,8744,6216
SEIUSDT,2026-07-14,R2,138739.2065,153589.9554,-14850.7489,-5.080146,69,81
SEIUSDT,2026-07-15,R1,692300.9743,668314.6228,23986.3515,1.762904,8074,7868
SEIUSDT,2026-07-15,R2,150241.8345,172118.3711,-21876.5366,-6.786364,82,87
SEIUSDT,2026-07-16,M,124737.4381,130233.3312,-5495.8931,-2.155499,4,7
SEIUSDT,2026-07-16,R1,1205341.2552,1140357.5606,64983.6946,2.770334,11682,13724
SEIUSDT,2026-07-16,R2,286364.7486,295613.2119,-9248.4633,-1.589143,151,142
SEIUSDT,2026-07-17,M,47914.4499,17308.3375,30606.1124,46.92549,3,1
SEIUSDT,2026-07-17,R1,1304717.1788,1010472.0138,294245.165,12.709336,11457,12920
SEIUSDT,2026-07-17,R2,243775.3416,310372.3319,-66596.9903,-12.017914,142,170
SEIUSDT,2026-07-18,R1,437377.9262,430958.0502,6419.876,0.739331,3835,7055
SEIUSDT,2026-07-18,R2,126394.0196,128405.8457,-2011.8261,-0.789571,62,73
SEIUSDT,2026-07-19,M,43088.4115,0.0,43088.4115,100.0,1,0
SEIUSDT,2026-07-19,R1,333307.1664,450973.8504,-117666.684,-15.003128,4306,6693
SEIUSDT,2026-07-19,R2,71679.6853,119925.6779,-48245.9926,-25.179876,43,60
SEIUSDT,2026-07-20,M,71822.7402,29223.5919,42599.1483,42.158035,2,2
SEIUSDT,2026-07-20,R1,669172.5487,706150.5274,-36977.9787,-2.688676,9378,11358
SEIUSDT,2026-07-20,R2,115616.2197,235569.6009,-119953.3812,-34.15667,71,120
SEIUSDT,2026-07-21,M,63221.0136,31505.1833,31715.8303,33.481583,3,2
SEIUSDT,2026-07-21,R1,539426.5693,542371.6696,-2945.1003,-0.272241,7492,7843
SEIUSDT,2026-07-21,R2,276374.1029,191016.3781,85357.7248,18.262615,145,95
SEIUSDT,2026-07-22,M,30296.0777,0.0,30296.0777,100.0,2,0
SEIUSDT,2026-07-22,R1,461800.5087,540249.4129,-78448.9042,-7.828842,5434,10141
SEIUSDT,2026-07-22,R2,171322.4836,144175.5493,27146.9343,8.60447,87,85
SEIUSDT,2026-07-23,M,0.0,18879.9147,-18879.9147,-100.0,0,1
SEIUSDT,2026-07-23,R1,505907.3981,574817.1123,-68909.7142,-6.376252,5278,7624
SEIUSDT,2026-07-23,R2,62881.7358,147481.824,-84600.0882,-40.216133,42,85
SEIUSDT,2026-07-24,M,34799.2053,11532.1012,23267.1041,50.218968,2,1
SEIUSDT,2026-07-24,R1,498879.0216,664936.0512,-166057.0296,-14.268335,4832,11597
SEIUSDT,2026-07-24,R2,192497.3231,218085.8106,-25588.4875,-6.232231,100,113
SEIUSDT,2026-07-25,M,17125.5833,16292.357,833.2263,2.49335,1,1
SEIUSDT,2026-07-25,R1,390130.2196,456697.2462,-66567.0266,-7.860754,4140,5736
SEIUSDT,2026-07-25,R2,120951.9407,152907.2622,-31955.3215,-11.668522,61,82
SEIUSDT,2026-07-26,M,21955.6931,0.0,21955.6931,100.0,1,0
SEIUSDT,2026-07-26,R1,427403.6789,376805.7126,50597.9663,6.291641,5756,5056
SEIUSDT,2026-07-26,R2,77105.61,153037.1526,-75931.5426,-32.993235,40,71
SEIUSDT,2026-07-27,M,75142.414,22018.9597,53123.4543,54.675487,5,1
SEIUSDT,2026-07-27,R1,840252.4702,1131326.9228,-291074.4526,-14.763517,9817,13441
SEIUSDT,2026-07-27,R2,264736.6372,448280.9857,-183544.3485,-25.741909,119,209
SEIUSDT,2026-07-28,M,22656.4044,13904.4305,8751.9739,23.938113,1,1
SEIUSDT,2026-07-28,R1,674356.7715,766284.3102,-91927.5387,-6.381016,8288,8754
SEIUSDT,2026-07-28,R2,169278.927,262052.1113,-92773.1843,-21.508581,102,137
SEIUSDT,2026-07-29,M,36073.7025,16974.5448,19099.1577,36.003372,2,1
SEIUSDT,2026-07-29,R1,529094.1533,662413.6562,-133319.5029,-11.189142,6416,7578
SEIUSDT,2026-07-29,R2,138988.0966,221602.3719,-82614.2753,-22.910832,81,125
SEIUSDT,2026-07-30,M,25945.8422,17111.1276,8834.7146,20.518663,2,1
SEIUSDT,2026-07-30,R1,405648.9747,407502.5217,-1853.547,-0.227946,4095,4276
SEIUSDT,2026-07-30,R2,170306.4376,159175.9418,11130.4958,3.378176,95,81
SEIUSDT,2026-07-31,M,89886.2238,98152.3467,-8266.1229,-4.395972,6,7
SEIUSDT,2026-07-31,R1,890590.3205,1017940.2906,-127349.9701,-6.672671,8352,9098
SEIUSDT,2026-07-31,R2,481351.2216,659847.6621,-178496.4405,-15.641133,216,264
SEIUSDT,2026-08-01,M,17995.7055,0.0,17995.7055,100.0,1,0
SEIUSDT,2026-08-01,R1,432020.0858,434026.4869,-2006.4011,-0.231674,4170,4620
SEIUSDT,2026-08-01,R2,145293.352,222606.9747,-77313.6227,-21.014828,80,108
SEIUSDT,2026-08-02,M,10403.2356,24210.2575,-13807.0219,-39.889132,1,2
SEIUSDT,2026-08-02,R1,321203.2113,250374.9915,70828.2198,12.391694,2911,2382
SEIUSDT,2026-08-02,R2,123018.0086,101139.0422,21878.9664,9.760552,64,52
SEIUSDT,2026-08-03,R1,352257.0429,310990.5836,41266.4593,6.221878,3419,3495
SEIUSDT,2026-08-03,R2,100061.6993,125083.004,-25021.3047,-11.113433,59,61
SEIUSDT,2026-08-04,M,0.0,17029.4074,-17029.4074,-100.0,0,1
SEIUSDT,2026-08-04,R1,415470.7865,355538.0516,59932.7349,7.773288,3353,3076
SEIUSDT,2026-08-04,R2,175160.2396,181430.2424,-6270.0028,-1.75832,95,88
SEIUSDT,2026-08-05,R1,342322.1265,312387.673,29934.4535,4.572171,2711,3363
SEIUSDT,2026-08-05,R2,90429.6777,121443.0654,-31013.3877,-14.637743,62,68
SEIUSDT,2026-08-06,M,36423.0279,13924.6807,22498.3472,44.685941,3,1
SEIUSDT,2026-08-06,R1,598168.1179,555268.4255,42899.6924,3.719294,5780,6313
SEIUSDT,2026-08-06,R2,136983.442,230350.1258,-93366.6838,-25.417411,83,129
SEIUSDT,2026-08-07,M,10656.4176,62370.1025,-51713.6849,-70.814938,1,5
SEIUSDT,2026-08-07,R1,439544.492,478769.3157,-39224.8237,-4.271396,3924,6448
SEIUSDT,2026-08-07,R2,299184.662,291712.3555,7472.3065,1.26457,146,140
SEIUSDT,2026-08-08,M,80676.7651,10655.4977,70021.2674,76.66652,3,1
SEIUSDT,2026-08-08,R1,513366.2704,433591.9376,79774.3328,8.424272,4933,4491
SEIUSDT,2026-08-08,R2,192614.3402,150486.7815,42127.5587,12.278467,116,92
SEIUSDT,2026-08-09,M,38336.2213,75452.8328,-37116.6115,-32.618789,2,3
SEIUSDT,2026-08-09,R1,495419.9151,488712.9658,6706.9493,0.681509,5053,4047
SEIUSDT,2026-08-09,R2,337850.9879,327199.5407,10651.4472,1.6016,165,156
SEIUSDT,2026-08-10,M,60438.1587,27608.1191,32830.0396,37.287254,3,2
SEIUSDT,2026-08-10,R1,645020.3457,559548.4771,85471.8686,7.09564,5892,6085
SEIUSDT,2026-08-10,R2,272194.3839,224773.0153,47421.3686,9.542149,162,127
SEIUSDT,2026-08-11,M,24439.8671,37716.9979,-13277.1308,-21.360683,2,2
SEIUSDT,2026-08-11,R1,655395.52,692121.0108,-36725.4908,-2.72542,4911,9509
SEIUSDT,2026-08-11,R2,264889.5233,296868.3861,-31978.8628,-5.692641,130,134
SEIUSDT,2026-08-12,M,0.0,36243.1937,-36243.1937,-100.0,0,3
SEIUSDT,2026-08-12,R1,489211.7936,546590.2344,-57378.4408,-5.539518,4858,5683
SEIUSDT,2026-08-12,R2,140117.691,167982.4234,-27864.7324,-9.044051,84,80
SEIUSDT,2026-08-13,M,88304.4527,18076.9657,70227.487,66.014806,4,1
SEIUSDT,2026-08-13,R1,966413.0459,796815.4172,169597.6287,9.618585,10313,5541
SEIUSDT,2026-08-13,R2,399160.7895,449792.4233,-50631.6338,-5.964008,234,229
SEIUSDT,2026-08-14,M,33404.7384,11348.1073,22056.6311,49.285427,2,1
SEIUSDT,2026-08-14,R1,413044.2005,495545.5151,-82501.3146,-9.080151,3134,5105
SEIUSDT,2026-08-14,R2,197102.7166,194808.491,2294.2256,0.585394,101,98
SEIUSDT,2026-08-15,M,0.0,32487.3354,-32487.3354,-100.0,0,2
SEIUSDT,2026-08-15,R1,237574.3783,233120.5461,4453.8322,0.946225,2093,2431
SEIUSDT,2026-08-15,R2,56247.7729,64010.8872,-7763.1143,-6.455347,34,39
SEIUSDT,2026-08-16,M,10139.0939,38461.3387,-28322.2448,-58.275705,1,2
SEIUSDT,2026-08-16,R1,276459.9451,346056.4508,-69596.5057,-11.179867,2271,3707
SEIUSDT,2026-08-16,R2,150258.7599,126478.4076,23780.3523,8.593118,75,63
SEIUSDT,2026-08-17,R1,268436.7687,210922.2741,57514.4946,11.998208,2652,1943
SEIUSDT,2026-08-17,R2,88969.8486,69222.1923,19747.6563,12.483344,50,35
SEIUSDT,2026-08-18,M,44758.6279,0.0,44758.6279,100.0,1,0
SEIUSDT,2026-08-18,R1,455090.6216,512124.2077,-57033.5861,-5.896682,4175,6913
SEIUSDT,2026-08-18,R2,146688.7626,226077.511,-79388.7484,-21.297192,85,110
SEIUSDT,2026-08-19,M,0.0,11455.2112,-11455.2112,-100.0,0,1
SEIUSDT,2026-08-19,R1,1096600.177,902662.4288,193937.7482,9.700464,11466,7830
SEIUSDT,2026-08-19,R2,451279.1301,518460.5249,-67181.3948,-6.927776,223,235
SEIUSDT,2026-08-20,M,24663.8271,48845.1004,-24181.2733,-32.895696,2,3
SEIUSDT,2026-08-20,R1,1053743.6097,981136.5416,72607.0681,3.568125,10561,10245
SEIUSDT,2026-08-20,R2,340242.3427,262223.7078,78018.6349,12.949881,145,134
SEIUSDT,2026-08-21,M,142398.6806,38473.0455,103925.6351,57.458198,8,2
SEIUSDT,2026-08-21,R1,2234952.5545,1797532.6742,437419.8803,10.847402,19007,20136
SEIUSDT,2026-08-21,R2,736821.4414,611352.943,125468.4984,9.306548,331,321
SEIUSDT,2026-08-22,M,197053.2613,60065.0096,136988.2517,53.278303,12,4
SEIUSDT,2026-08-22,R1,3292525.1314,2977395.0822,315130.0492,5.026062,34217,31296
SEIUSDT,2026-08-22,R2,1253233.6998,1252639.6828,594.017,0.023705,621,629
SEIUSDT,2026-08-23,M,73590.9907,33427.6878,40163.3029,37.529246,4,1
SEIUSDT,2026-08-23,R1,1318019.6395,1303398.4519,14621.1876,0.557759,15431,14426
SEIUSDT,2026-08-23,R2,480343.1143,308401.0289,171942.0854,21.799475,229,164
SEIUSDT,2026-08-24,M,84627.6425,59258.7175,25368.925,17.631223,3,4
SEIUSDT,2026-08-24,R1,1122991.0167,1227416.2908,-104425.2741,-4.442859,15076,16595
SEIUSDT,2026-08-24,R2,243654.9318,262541.6699,-18886.7381,-3.731107,134,151
SEIUSDT,2026-08-25,M,16558.8079,98904.5535,-82345.7456,-71.317641,1,5
SEIUSDT,2026-08-25,R1,1228240.6107,1264658.9741,-36418.3634,-1.460884,14172,17642
SEIUSDT,2026-08-25,R2,364572.4215,402936.4097,-38363.9882,-4.998508,186,209
SEIUSDT,2026-08-26,M,12231.1394,0.0,12231.1394,100.0,1,0
SEIUSDT,2026-08-26,R1,577342.0446,636715.9301,-59373.8855,-4.890531,7129,5999
SEIUSDT,2026-08-26,R2,128299.1585,206134.7788,-77835.6203,-23.27384,69,112
SEIUSDT,2026-08-27,M,36524.8062,22518.3037,14006.5025,23.722501,3,2
SEIUSDT,2026-08-27,R1,996245.3941,703353.212,292892.1821,17.233021,10488,6301
SEIUSDT,2026-08-27,R2,208169.5912,215596.2717,-7426.6805,-1.752543,120,124
SEIUSDT,2026-08-28,R1,723993.4276,830704.4987,-106711.0711,-6.863782,7549,7852
SEIUSDT,2026-08-28,R2,174254.526,279012.9914,-104758.4654,-23.11184,94,145
SEIUSDT,2026-08-29,R1,208786.4286,222166.5348,-13380.1062,-3.104772,2933,4089
SEIUSDT,2026-08-29,R2,54466.7176,53053.7322,1412.9854,1.314155,33,28
SEIUSDT,2026-08-30,R1,503607.7442,765465.2578,-261857.5136,-20.633763,4854,9651
SEIUSDT,2026-08-30,R2,131385.5975,166852.0892,-35466.4917,-11.892022,78,99
SEIUSDT,2026-08-31,R1,458798.0231,337611.3116,121186.7115,15.216636,4595,3736
SEIUSDT,2026-08-31,R2,83139.8952,75908.1322,7231.763,4.546905,47,43
SEIUSDT,2026-09-01,M,102437.1914,101670.3339,766.8575,0.375713,5,5
SEIUSDT,2026-09-01,R1,1306601.6535,1080331.3649,226270.2886,9.479541,12115,10360
SEIUSDT,2026-09-01,R2,514028.4077,428326.3854,85702.0223,9.094454,259,214
SOLUSDT,2026-03-04,M,112105734.2493,118485486.786,-6379752.5367,-2.766694,5505,5868
SOLUSDT,2026-03-04,R1,30679665.0453,27483995.2888,3195669.7565,5.494272,156006,173148
SOLUSDT,2026-03-04,R2,127125329.0072,119212178.5361,7913150.4711,3.212321,39315,35042
SOLUSDT,2026-03-04,W,18459876.8071,15543537.8562,2916338.9509,8.576606,87,75
SOLUSDT,2026-03-05,M,60297288.3026,64529049.785,-4231761.4824,-3.390119,3043,3241
SOLUSDT,2026-03-05,MW,1130636.9724,0.0,1130636.9724,100.0,1,0
SOLUSDT,2026-03-05,R1,19834782.5502,20326521.3621,-491738.8119,-1.224409,113893,105177
SOLUSDT,2026-03-05,R2,79239245.5668,81244466.9812,-2005221.4144,-1.249486,24244,24389
SOLUSDT,2026-03-05,W,4177139.26,7601895.8227,-3424756.5627,-29.075018,25,41
SOLUSDT,2026-03-06,M,46920170.9961,56448626.0426,-9528455.0465,-9.217922,2305,2751
SOLUSDT,2026-03-06,R1,16201538.7668,19595936.9277,-3394398.1609,-9.482228,96005,85795
SOLUSDT,2026-03-06,R2,58051611.45,62965051.8344,-4913440.3844,-4.060135,18115,21691
SOLUSDT,2026-03-06,W,2334519.5516,7924905.3938,-5590385.8422,-54.490246,16,38
SOLUSDT,2026-03-07,M,25544800.4819,29004110.1401,-3459309.6582,-6.341666,1224,1327
SOLUSDT,2026-03-07,R1,7342591.8741,6120098.3714,1222493.5027,9.080603,50951,33080
SOLUSDT,2026-03-07,R2,26419691.77,25437895.3613,981796.4087,1.893255,8447,7961
SOLUSDT,2026-03-07,W,899453.9588,2195156.9106,-1295702.9518,-41.869657,7,14
SOLUSDT,2026-03-08,M,34199583.2883,31540644.2707,2658939.0176,4.044615,1843,1605
SOLUSDT,2026-03-08,R1,11119171.2459,10699508.0164,419663.2295,1.923413,68389,49319
SOLUSDT,2026-03-08,R2,41881571.3117,41606395.4111,275175.9006,0.329599,12863,13752
SOLUSDT,2026-03-08,W,135892.9785,1813432.2905,-1677539.312,-86.057434,1,11
SOLUSDT,2026-03-09,M,66095271.3801,63993421.5922,2101849.7879,1.615705,3333,3219
SOLUSDT,2026-03-09,R1,16319306.0318,15553658.4745,765647.5573,2.402185,83872,90745
SOLUSDT,2026-03-09,R2,68821321.171,64407137.622,4414183.549,3.313244,20188,19016
SOLUSDT,2026-03-09,W,4497091.4599,4075773.6828,421317.7771,4.91455,26,23
SOLUSDT,2026-03-10,M,68479748.0407,76226607.4283,-7746859.3876,-5.353503,3332,3853
SOLUSDT,2026-03-10,R1,19592205.4718,15720973.9563,3871231.5155,10.962569,97581,81703
SOLUSDT,2026-03-10,R2,66518664.8936,65319736.3989,1198928.4947,0.909392,20537,19077
SOLUSDT,2026-03-10,W,1816962.0558,2072729.0142,-255766.9584,-6.575508,14,15
SOLUSDT,2026-03-11,M,62632436.8061,58787947.1478,3844489.6583,3.166264,3108,2997
SOLUSDT,2026-03-11,R1,14059490.7479,15874803.7496,-1815313.0017,-6.064325,72895,79187
SOLUSDT,2026-03-11,R2,61522755.1175,54786307.0577,6736448.0598,5.791851,18448,16433
SOLUSDT,2026-03-11,W,3559597.0485,3360684.6316,198912.4169,2.87434,22,21
SOLUSDT,2026-03-12,M,56481406.484,51443297.7864,5038108.6976,4.66817,2878,2680
SOLUSDT,2026-03-12,R1,14021212.9118,13785224.1363,235988.7755,0.848684,74364,68823
SOLUSDT,2026-03-12,R2,57004779.8438,51974761.2622,5030018.5816,4.615562,17872,16041
SOLUSDT,2026-03-12,W,3228221.0294,3522687.0925,-294466.0631,-4.361873,22,25
SOLUSDT,2026-03-13,M,96104203.5028,103104803.609,-7000600.1062,-3.514199,4748,5247
SOLUSDT,2026-03-13,R1,22820991.7132,21717980.8653,1103010.8479,2.476507,117961,114067
SOLUSDT,2026-03-13,R2,95350598.9907,92290952.3065,3059646.6842,1.630581,30852,27568
SOLUSDT,2026-03-13,W,7130767.4507,5862563.9091,1268203.5416,9.760419,32,34
SOLUSDT,2026-03-14,M,28715444.3793,28377623.4339,337820.9454,0.591702,1450,1431
SOLUSDT,2026-03-14,R1,7209179.8484,7881310.9871,-672131.1387,-4.454004,47011,39626
SOLUSDT,2026-03-14,R2,29024496.8107,27424613.1284,1599883.6823,2.834205,8713,9273
SOLUSDT,2026-03-14,W,870864.7928,1519517.1238,-648652.331,-27.135929,7,11
SOLUSDT,2026-03-15,M,55770338.0935,45470240.0069,10300098.0866,10.173883,2666,2249
SOLUSDT,2026-03-15,R1,12506737.9393,12601997.6518,-95259.7125,-0.379389,72115,92051
SOLUSDT,2026-03-15,R2,49436001.4438,44374114.1517,5061887.2921,5.395886,15295,13803
SOLUSDT,2026-03-15,W,10408256.3898,4199802.8282,6208453.5616,42.500194,58,28
SOLUSDT,2026-03-16,M,132320351.5445,124437365.3782,7882986.1663,3.070204,6219,5792
SOLUSDT,2026-03-16,R1,30882479.48,21109102.6483,9773376.8317,18.797999,194494,106762
SOLUSDT,2026-03-16,R2,100867668.386,95328558.7237,5539109.6623,2.82325,30484,28674
SOLUSDT,2026-03-16,W,12237690.2321,10866917.749,1370772.4831,5.932897,78,66
SOLUSDT,2026-03-17,M,58606244.6975,62547003.7704,-3940759.0729,-3.252706,2929,3207
SOLUSDT,2026-03-17,R1,14673558.9332,16320939.1155,-1647380.1823,-5.315073,82417,75922
SOLUSDT,2026-03-17,R2,55109446.0872,54995986.29,113459.7972,0.103047,16836,16507
SOLUSDT,2026-03-17,W,1896523.3902,3952012.6706,-2055489.2804,-35.145364,15,26
SOLUSDT,2026-03-18,M,65567343.9188,61087990.1505,4479353.7683,3.536648,3058,2860
SOLUSDT,2026-03-18,R1,14572206.618,24477463.6769,-9905257.0589,-25.365789,85232,162995
SOLUSDT,2026-03-18,R2,61339463.0477,60137450.3594,1202012.6883,0.989499,18863,19165
SOLUSDT,2026-03-18,W,5065011.4917,8670476.1223,-3605464.6306,-26.249266,21,48
SOLUSDT,2026-03-19,M,53063824.5061,51209303.3604,1854521.1457,1.778523,2520,2504
SOLUSDT,2026-03-19,R1,12965752.2265,11612858.0556,1352894.1709,5.504356,72298,58362
SOLUSDT,2026-03-19,R2,47573229.2928,48783569.2848,-1210339.992,-1.256102,14327,14858
SOLUSDT,2026-03-19,W,3834444.6602,3056723.4936,777721.1666,11.285767,25,22
SOLUSDT,2026-03-20,M,40382441.4027,39972174.5949,410266.8078,0.51057,1959,1980
SOLUSDT,2026-03-20,R1,11939020.3719,10712481.4599,1226538.912,5.414824,65044,51925
SOLUSDT,2026-03-20,R2,47067279.3299,40300322.366,6766956.9639,7.745385,13731,12736
SOLUSDT,2026-03-20,W,2453158.9506,3594191.5667,-1141032.6161,-18.868306,16,23
SOLUSDT,2026-03-21,M,20416920.8434,24881141.1963,-4464220.3529,-9.855213,922,1177
SOLUSDT,2026-03-21,R1,6571969.9439,6716776.4756,-144806.5317,-1.089693,40364,35618
SOLUSDT,2026-03-21,R2,21893100.7539,23549347.1007,-1656246.3468,-3.644712,6978,7508
SOLUSDT,2026-03-21,W,3941154.8442,3285681.17,655473.6742,9.069995,17,14
SOLUSDT,2026-03-22,M,37256208.2905,34831739.29,2424469.0005,3.36321,1890,1803
SOLUSDT,2026-03-22,R1,10724352.816,11317002.6681,-592649.8521,-2.688809,63192,52821
SOLUSDT,2026-03-22,R2,42227188.6268,44411825.0819,-2184636.4551,-2.521539,12923,14491
SOLUSDT,2026-03-22,W,2759801.8925,3031960.4049,-272158.5124,-4.699062,20,19
SOLUSDT,2026-03-23,M,85245366.0772,78668091.2548,6577274.8224,4.012651,4179,3989
SOLUSDT,2026-03-23,R1,22548623.008,22570786.331,-22163.323,-0.049121,112063,109635
SOLUSDT,2026-03-23,R2,94833297.2617,86866233.3497,7967063.912,4.384747,29413,25788
SOLUSDT,2026-03-23,W,11444202.4783,6492112.2237,4952090.2546,27.609296,64,43
SOLUSDT,2026-03-24,M,70845787.3521,62677934.473,8167852.8791,6.117155,3229,3097
SOLUSDT,2026-03-24,R1,12617906.8481,13764033.8904,-1146127.0423,-4.344362,66306,63645
SOLUSDT,2026-03-24,R2,52536533.6828,55678463.1511,-3141929.4683,-2.903414,15395,17025
SOLUSDT,2026-03-24,W,6300058.3324,4538833.5617,1761224.7707,16.249122,46,34
SOLUSDT,2026-03-25,M,55237506.7926,56025199.9263,-787693.1337,-0.707958,2716,2634
SOLUSDT,2026-03-25,R1,14274433.4252,10756003.3317,3518430.0935,14.056607,76218,56816
SOLUSDT,2026-03-25,R2,53590195.6424,43522234.8744,10067960.768,10.367324,17137,13191
SOLUSDT,2026-03-25,W,4546441.6605,6421294.4663,-1874852.8058,-17.094255,29,41
SOLUSDT,2026-03-26,M,63664725.7434,73074142.2257,-9409416.4823,-6.881303,2995,3531
SOLUSDT,2026-03-26,R1,13170172.6901,15026720.7908,-1856548.1007,-6.584229,81467,63520
SOLUSDT,2026-03-26,R2,58432642.3603,71060554.9773,-12627912.617,-9.751796,16879,22462
SOLUSDT,2026-03-26,W,7880441.784,11539320.199,-3658878.415,-18.841005,53,65
SOLUSDT,2026-03-27,M,50463188.7508,48712736.0953,1750452.6555,1.764998,2426,2292
SOLUSDT,2026-03-27,R1,13085835.9392,12721722.7538,364113.1854,1.410878,79500,55999
SOLUSDT,2026-03-27,R2,46555329.648,53645252.4124,-7089922.7644,-7.07573,13930,17863
SOLUSDT,2026-03-27,W,5394781.4173,8518307.2506,-3123525.8333,-22.450269,36,56
SOLUSDT,2026-03-28,M,31004007.1462,29115771.4106,1888235.7356,3.14079,1415,1309
SOLUSDT,2026-03-28,R1,7945676.4191,8753994.1196,-808317.7005,-4.840321,51386,38836
SOLUSDT,2026-03-28,R2,28472603.4067,29265221.2144,-792617.8077,-1.372788,8561,9909
SOLUSDT,2026-03-28,W,2379874.6027,1649204.9443,730669.6584,18.134903,17,13
SOLUSDT,2026-03-29,M,25363989.2341,30019677.2838,-4655688.0497,-8.406247,1216,1398
SOLUSDT,2026-03-29,R1,8310968.7165,7513950.2642,797018.4523,5.036477,50446,39419
SOLUSDT,2026-03-29,R2,27238698.8813,28300773.0685,-1062074.1872,-1.912287,8320,8365
SOLUSDT,2026-03-29,W,2440713.2348,3430487.0137,-989773.7789,-16.858117,10,21
SOLUSDT,2026-03-30,M,63892098.2994,59115728.758,4776369.5414,3.88298,3099,2941
SOLUSDT,2026-03-30,R1,11856376.3974,11409350.142,447026.2554,1.921394,63782,53304
SOLUSDT,2026-03-30,R2,49882396.9612,46276561.1838,3605835.7774,3.74987,14806,14784
SOLUSDT,2026-03-30,W,4958316.7197,5214147.9967,-255831.277,-2.514939,30,36
SOLUSDT,2026-03-31,M,74591875.0589,82584424.5372,-7992549.4783,-5.085086,3475,4062
SOLUSDT,2026-03-31,R1,18000352.4837,13934734.1609,4065618.3228,12.730882,92107,61182
SOLUSDT,2026-03-31,R2,70994444.4623,71266546.3402,-272101.8779,-0.191269,21700,22096
SOLUSDT,2026-03-31,W,13798764.8342,4997458.3847,8801306.4495,46.824867,70,36
SOLUSDT,2026-04-01,M,89924544.6775,81506379.7768,8418164.9007,4.910529,4374,4053
SOLUSDT,2026-04-01,R1,16963723.3916,32062432.7173,-15098709.3257,-30.797253,84272,115525
SOLUSDT,2026-04-01,R2,79726342.746,74468896.4967,5257446.2493,3.409603,23347,22336
SOLUSDT,2026-04-01,W,8182561.8645,7540619.2601,641942.6044,4.082778,57,52
SOLUSDT,2026-04-02,M,82187694.1183,67599394.1577,14588299.9606,9.739357,4283,3466
SOLUSDT,2026-04-02,R1,17119225.344,14970891.1577,2148334.1863,6.694691,99522,73627
SOLUSDT,2026-04-02,R2,73035855.7602,70758597.4753,2277258.2849,1.58369,22140,21785
SOLUSDT,2026-04-02,W,3094778.7797,4110687.7972,-1015909.0175,-14.099143,24,27
SOLUSDT,2026-04-03,M,43922476.2654,39839114.2626,4083362.0028,4.874981,2158,1938
SOLUSDT,2026-04-03,R1,11786950.9356,7395653.2075,4391297.7281,22.892083,53617,37647
SOLUSDT,2026-04-03,R2,42273964.2276,30141296.3782,12132667.8494,16.754297,16287,8982
SOLUSDT,2026-04-03,W,1240403.4949,1580147.9118,-339744.4169,-12.045319,8,14
SOLUSDT,2026-04-04,M,30548102.643,32789088.6688,-2240986.0258,-3.538183,1420,1526
SOLUSDT,2026-04-04,R1,6528526.7031,5641267.3859,887259.3172,7.290668,36803,32721
SOLUSDT,2026-04-04,R2,23772136.5479,21061122.9504,2711013.5975,6.04688,8599,6453
SOLUSDT,2026-04-04,W,1946474.8356,3738094.4051,-1791619.5695,-31.517244,15,22
SOLUSDT,2026-04-05,M,31845505.2789,34491535.0362,-2646029.7573,-3.988767,1602,1711
SOLUSDT,2026-04-05,R1,7688082.126,6280586.8361,1407495.2899,10.076087,44031,32961
SOLUSDT,2026-04-05,R2,27977304.5697,27927253.309,50051.2607,0.08953,8350,8213
SOLUSDT,2026-04-05,W,1202529.8104,1331393.9061,-128864.0957,-5.085555,10,10
SOLUSDT,2026-04-06,M,51972184.3413,52283762.4523,-311578.111,-0.298859,2599,2676
SOLUSDT,2026-04-06,R1,11493337.9681,11271162.3589,222175.6092,0.975974,58611,54743
SOLUSDT,2026-04-06,R2,44842258.6973,45961318.2966,-1119059.5993,-1.232396,13646,13590
SOLUSDT,2026-04-06,W,2581698.013,3313136.029,-731438.016,-12.408119,19,24
SOLUSDT,2026-04-07,M,78374922.2274,74356774.5793,4018147.6481,2.630854,3934,3797
SOLUSDT,2026-04-07,R1,18835795.499,17801041.0522,1034754.4468,2.824355,101884,86324
SOLUSDT,2026-04-07,R2,73149585.715,73884518.4975,-734932.7825,-0.499838,22598,23304
SOLUSDT,2026-04-07,W,8966426.4537,6650172.7605,2316253.6932,14.831998,57,36
SOLUSDT,2026-04-08,M,54720243.6988,61985124.3575,-7264880.6587,-6.224976,2718,2989
SOLUSDT,2026-04-08,R1,13602822.9684,12448608.0258,1154214.9426,4.430524,80555,61170
SOLUSDT,2026-04-08,R2,47659901.11,47817941.8252,-158040.7152,-0.165526,14784,15161
SOLUSDT,2026-04-08,W,4529599.9393,5412535.6108,-882935.6715,-8.880745,27,38
SOLUSDT,2026-04-09,M,54596000.487,50050126.6112,4545873.8758,4.344044,2458,2527
SOLUSDT,2026-04-09,R1,12847632.3462,12928294.4612,-80662.115,-0.312936,66641,68788
SOLUSDT,2026-04-09,R2,50704868.5831,44678601.2704,6026267.3127,6.317937,16779,13587
SOLUSDT,2026-04-09,W,2724212.3035,2493445.9978,230766.3057,4.422795,22,20
SOLUSDT,2026-04-10,M,38157318.1001,36598920.3987,1558397.7014,2.084639,1751,1666
SOLUSDT,2026-04-10,R1,11146148.6025,9861794.6025,1284354.0,6.113659,60502,53800
SOLUSDT,2026-04-10,R2,41153050.7504,37712466.4169,3440584.3335,4.362597,13474,11158
SOLUSDT,2026-04-10,W,4990322.0092,3966470.5448,1023851.4644,11.431006,34,26
SOLUSDT,2026-04-11,M,32058225.9233,29352087.9266,2706137.9967,4.406651,1352,1293
SOLUSDT,2026-04-11,R1,7519104.6806,7007722.9935,511381.6871,3.520257,44363,37571
SOLUSDT,2026-04-11,R2,26561968.3937,26316714.6711,245253.7226,0.463805,8704,8337
SOLUSDT,2026-04-11,W,2707300.9895,1727408.4183,979892.5712,22.095982,18,14
SOLUSDT,2026-04-12,M,37716575.264,41352742.1719,-3636166.9079,-4.598708,1746,1931
SOLUSDT,2026-04-12,R1,9084514.243,10353444.9378,-1268930.6948,-6.528107,55140,48704
SOLUSDT,2026-04-12,R2,34357230.593,36990050.883,-2632820.29,-3.690148,10023,11287
SOLUSDT,2026-04-12,W,4100225.4551,5093313.1751,-993087.72,-10.802018,27,31
SOLUSDT,2026-04-13,M,54145716.8132,49374158.9045,4771557.9087,4.609316,2604,2479
SOLUSDT,2026-04-13,R1,17118822.1076,12995498.5271,4123323.5805,13.692235,92352,66664
SOLUSDT,2026-04-13,R2,54498622.194,50970187.9033,3528434.2907,3.345477,17259,15432
SOLUSDT,2026-04-13,W,5388821.4833,2389215.4811,2999606.0022,38.565078,34,15
SOLUSDT,2026-04-14,M,69790627.8856,74859696.7271,-5069068.8415,-3.504361,3094,3299
SOLUSDT,2026-04-14,R1,16839023.786,14527690.5313,2311333.2547,7.368745,95687,68950
SOLUSDT,2026-04-14,R2,58773262.6457,53188400.4684,5584862.1773,4.988192,18809,16520
SOLUSDT,2026-04-14,W,4672353.3793,9932113.835,-5259760.4557,-36.014737,32,69
SOLUSDT,2026-04-15,M,48030042.1326,46585377.5635,1444664.5691,1.526881,2181,2100
SOLUSDT,2026-04-15,R1,12546456.0748,15364873.4843,-2818417.4095,-10.097754,70723,97959
SOLUSDT,2026-04-15,R2,45902709.7125,42838740.6933,3063969.0192,3.452692,14800,13605
SOLUSDT,2026-04-15,W,3821000.5628,3429258.3163,391742.2465,5.403148,30,23
SOLUSDT,2026-04-16,M,79729805.4993,70498035.0174,9231770.4819,6.14518,3695,3310
SOLUSDT,2026-04-16,R1,17346858.928,15682285.9471,1664572.9809,5.03971,90730,88619
SOLUSDT,2026-04-16,R2,77084380.3076,66478265.2058,10606115.1018,7.387796,25107,19489
SOLUSDT,2026-04-16,W,9018449.1355,6700841.6799,2317607.4556,14.743715,46,40
SOLUSDT,2026-04-17,M,82761895.3951,83183449.818,-421554.4229,-0.254032,3686,3775
SOLUSDT,2026-04-17,MW,2239327.754,0.0,2239327.754,100.0,2,0
SOLUSDT,2026-04-17,R1,22359827.4937,17107355.561,5252471.9327,13.308454,107322,80077
SOLUSDT,2026-04-17,R2,80499191.0937,65525718.6157,14973472.478,10.254054,26007,19046
SOLUSDT,2026-04-17,W,14791475.736,8839041.3309,5952434.4051,25.189607,81,61
SOLUSDT,2026-04-18,M,34652929.1026,39990239.9766,-5337310.874,-7.150434,1627,1751
SOLUSDT,2026-04-18,R1,8954690.0043,8998931.7462,-44241.7419,-0.246422,55888,42476
SOLUSDT,2026-04-18,R2,28604334.3924,36363955.4138,-7759621.0214,-11.943705,8433,11568
SOLUSDT,2026-04-18,W,3174709.3876,4509435.5151,-1334726.1275,-17.369872,21,31
SOLUSDT,2026-04-19,M,55393587.2895,52788052.0799,2605535.2096,2.408482,2309,2305
SOLUSDT,2026-04-19,R1,10355906.5095,10436277.4538,-80370.9443,-0.386544,59957,48887
SOLUSDT,2026-04-19,R2,38641359.7098,43670054.8597,-5028695.1499,-6.109353,11385,14169
SOLUSDT,2026-04-19,W,3949387.3505,5870797.7505,-1921410.4,-19.565929,31,45
SOLUSDT,2026-04-20,M,46651507.7523,43333098.6351,3318409.1172,3.687752,2164,2032
SOLUSDT,2026-04-20,R1,11627079.9558,9156920.6535,2470159.3023,11.884908,60330,43749
SOLUSDT,2026-04-20,R2,39140469.638,37370827.8141,1769641.8239,2.312916,12427,11846
SOLUSDT,2026-04-20,W,4670064.3644,3797736.3141,872328.0503,10.301707,22,20
SOLUSDT,2026-04-21,M,42725464.4413,35879665.7973,6845798.644,8.709099,1978,1742
SOLUSDT,2026-04-21,R1,10451754.9604,9865489.07,586265.8904,2.885558,58491,50656
SOLUSDT,2026-04-21,R2,36669331.4281,36298144.5575,371186.8706,0.508702,11161,11176
SOLUSDT,2026-04-21,W,3823567.4471,4976467.483,-1152900.0359,-13.101085,27,30
SOLUSDT,2026-04-22,M,64194236.9174,58977477.7216,5216759.1958,4.235355,3044,2818
SOLUSDT,2026-04-22,R1,23172955.9346,10355418.6256,12817537.309,38.228925,116750,57228
SOLUSDT,2026-04-22,R2,58141997.5275,50086524.1242,8055473.4033,7.443023,19240,14527
SOLUSDT,2026-04-22,W,6635494.1338,5748863.5041,886630.6297,7.159278,42,36
SOLUSDT,2026-04-23,M,52867678.9667,47932345.3562,4935333.6105,4.896163,2456,2259
SOLUSDT,2026-04-23,R1,12304695.2914,19356372.6718,-7051677.3804,-22.272393,68866,92179
SOLUSDT,2026-04-23,R2,61543477.7335,44239359.2451,17304118.4884,16.358153,18967,14198
SOLUSDT,2026-04-23,W,6427144.8376,3710273.2775,2716871.5601,26.800429,43,27
SOLUSDT,2026-04-24,M,36425640.1337,36248126.2999,177513.8338,0.244261,1793,1655
SOLUSDT,2026-04-24,R1,9581706.0437,7230245.5358,2351460.5079,13.986838,56422,37918
SOLUSDT,2026-04-24,R2,30028199.1336,30289478.0284,-261278.8948,-0.433171,9387,9450
SOLUSDT,2026-04-24,W,2956372.6283,3600483.8695,-644111.2412,-9.823476,20,25
SOLUSDT,2026-04-25,M,20833027.7581,21245686.2757,-412658.5176,-0.980682,921,1018
SOLUSDT,2026-04-25,R1,5528168.8023,5003082.2304,525086.5719,4.985985,37802,28662
SOLUSDT,2026-04-25,R2,16232781.5516,17711380.6768,-1478599.1252,-4.355975,5087,5440
SOLUSDT,2026-04-25,W,1656887.4858,872736.3419,784151.1439,30.998725,12,7
SOLUSDT,2026-04-26,M,28975910.6037,29709068.7654,-733158.1617,-1.249311,1349,1296
SOLUSDT,2026-04-26,R1,6434679.1903,5524895.4249,909783.7654,7.607158,39525,31924
SOLUSDT,2026-04-26,R2,23936230.1798,22572430.4555,1363799.7243,2.932356,7007,6869
SOLUSDT,2026-04-26,W,4245923.7157,4328232.0599,-82308.3442,-0.959959,22,26
SOLUSDT,2026-04-27,M,57389521.579,54911957.3486,2477564.2304,2.206172,2551,2564
SOLUSDT,2026-04-27,MW,2967950.3477,0.0,2967950.3477,100.0,1,0
SOLUSDT,2026-04-27,R1,13575333.1714,12750543.8799,824789.2915,3.132998,76405,61078
SOLUSDT,2026-04-27,R2,52547238.5966,46541344.2265,6005894.3701,6.061137,16057,14937
SOLUSDT,2026-04-27,W,9420411.3898,7914886.8471,1505524.5427,8.684734,60,58
SOLUSDT,2026-04-28,M,29307413.4676,28664961.0143,642452.4533,1.108204,1412,1304
SOLUSDT,2026-04-28,R1,8792537.8355,6475039.9053,2317497.9302,15.179212,50831,33026
SOLUSDT,2026-04-28,R2,31162061.5287,24937687.2357,6224374.293,11.095191,9832,7969
SOLUSDT,2026-04-28,W,6513482.4916,3662078.8529,2851403.6387,28.022077,27,20
SOLUSDT,2026-04-29,M,45378253.9957,52256123.0142,-6877869.0185,-7.044516,2144,2302
SOLUSDT,2026-04-29,R1,9721665.8733,11624684.2379,-1903018.3646,-8.914959,56743,57261
SOLUSDT,2026-04-29,R2,38906525.5478,41400021.0416,-2493495.4938,-3.104972,11457,13127
SOLUSDT,2026-04-29,W,4916212.975,11499406.2851,-6583193.3101,-40.103229,36,73
SOLUSDT,2026-04-30,M,25078945.905,20621542.8717,4457403.0333,9.753513,1262,970
SOLUSDT,2026-04-30,R1,8926650.0001,6118492.8646,2808157.1355,18.664875,48397,33990
SOLUSDT,2026-04-30,R2,25643338.1008,24645457.7356,997880.3652,1.9843,8073,7627
SOLUSDT,2026-04-30,W,1520976.0749,1591695.6592,-70719.5843,-2.27199,11,12
SOLUSDT,2026-05-01,M,33006921.6355,32288858.5196,718063.1159,1.099708,1563,1501
SOLUSDT,2026-05-01,R1,9167555.7659,7291811.5772,1875744.1887,11.396211,52410,39446
SOLUSDT,2026-05-01,R2,30670463.1933,29487494.2762,1182968.9171,1.966438,9339,8840
SOLUSDT,2026-05-01,W,4708154.6254,4452293.75,255860.8754,2.793104,35,30
SOLUSDT,2026-05-02,M,20566142.0827,18737438.0463,1828704.0364,4.652767,928,906
SOLUSDT,2026-05-02,R1,5348646.2207,5607034.7589,-258388.5382,-2.358489,35365,33070
SOLUSDT,2026-05-02,R2,16231908.8206,15467297.1229,764611.6977,2.412085,5294,5057
SOLUSDT,2026-05-02,W,1777781.7272,2635177.198,-857395.4708,-19.429038,12,18
SOLUSDT,2026-05-03,M,24145829.9183,23958710.3248,187119.5935,0.388985,1078,1130
SOLUSDT,2026-05-03,R1,7077211.1395,5969803.1587,1107407.9808,8.487827,39648,31272
SOLUSDT,2026-05-03,R2,21512588.8088,20290395.3462,1222193.4626,2.923699,6839,6113
SOLUSDT,2026-05-03,W,1690352.9671,2095967.5321,-405614.565,-10.712632,12,16
SOLUSDT,2026-05-04,M,66803015.1346,68325978.1145,-1522962.9799,-1.127044,2895,3077
SOLUSDT,2026-05-04,R1,14826118.9168,12749351.7197,2076767.1971,7.531212,69402,60852
SOLUSDT,2026-05-04,R2,51731607.4686,56787034.7246,-5055427.256,-4.65858,15907,17032
SOLUSDT,2026-05-04,W,9496707.8849,12841261.3348,-3344553.4499,-14.972505,66,76
SOLUSDT,2026-05-05,M,51601835.5798,49015788.7493,2586046.8305,2.570173,2324,2214
SOLUSDT,2026-05-05,R1,13152184.7308,8795783.9831,4356400.7477,19.848765,63384,44458
SOLUSDT,2026-05-05,R2,39897532.9153,36812812.8421,3084720.0732,4.021257,13097,11517
SOLUSDT,2026-05-05,W,6586174.0036,6046397.5353,539776.4683,4.272895,41,38
SOLUSDT,2026-05-06,M,74554321.6909,70054885.196,4499436.4949,3.111445,3325,3073
SOLUSDT,2026-05-06,R1,17396445.6611,14395219.3445,3001226.3166,9.440293,79775,70029
SOLUSDT,2026-05-06,R2,56614007.1592,54408104.9524,2205902.2068,1.986903,17571,17188
SOLUSDT,2026-05-06,W,13305133.4631,7423646.4042,5881487.0589,28.373532,77,45
SOLUSDT,2026-05-07,M,57218242.3402,54726633.406,2491608.9342,2.225746,2589,2491
SOLUSDT,2026-05-07,R1,14814954.1041,17141519.4693,-2326565.3652,-7.28042,77332,73067
SOLUSDT,2026-05-07,R2,49074892.8634,49681176.3075,-606283.4441,-0.61392,15229,16004
SOLUSDT,2026-05-07,W,8793580.5532,5347286.65,3446293.9032,24.371164,54,35
SOLUSDT,2026-05-08,M,57357233.3147,51507216.8343,5850016.4804,5.37367,2485,2293
SOLUSDT,2026-05-08,R1,17558125.2828,12150870.015,5407255.2678,18.200734,86925,59621
SOLUSDT,2026-05-08,R2,43819221.0349,41435524.143,2383696.8919,2.79597,13876,13326
SOLUSDT,2026-05-08,W,8975701.7519,4906317.8517,4069383.9002,29.314062,59,31
SOLUSDT,2026-05-09,M,40807533.3793,40357713.1095,449820.2698,0.554203,1840,1739
SOLUSDT,2026-05-09,R1,17791034.1964,11184497.9339,6606536.2625,22.800397,95939,51867
SOLUSDT,2026-05-09,R2,32679361.7213,29786779.9767,2892581.7446,4.630639,10244,10084
SOLUSDT,2026-05-09,W,7453249.8078,4213164.7645,3240085.0433,27.772758,45,23
SOLUSDT,2026-05-10,M,59433080.7806,47242762.2785,12190318.5021,11.427441,2738,2264
SOLUSDT,2026-05-10,MW,0.0,1407055.26,-1407055.26,-100.0,0,1
SOLUSDT,2026-05-10,R1,12164781.0761,14483767.0857,-2318986.0096,-8.70211,64778,67304
SOLUSDT,2026-05-10,R2,49309532.7656,44459211.5698,4850321.1958,5.172642,15052,14112
SOLUSDT,2026-05-10,W,9741128.6645,3939253.6043,5801875.0602,42.410182,46,24
SOLUSDT,2026-05-11,M,71613048.0959,70485143.5192,1127904.5767,0.79375,3360,3178
SOLUSDT,2026-05-11,R1,17247110.393,13505943.5525,3741166.8405,12.165188,82720,59874
SOLUSDT,2026-05-11,R2,54980297.8654,53418881.2291,1561416.6363,1.440432,15924,15675
SOLUSDT,2026-05-11,W,7952309.8511,6496647.6201,1455662.231,10.074514,51,45
SOLUSDT,2026-05-12,M,57608571.2914,67785829.3696,-10177258.0782,-8.116198,2801,3283
SOLUSDT,2026-05-12,MW,1265744.4948,0.0,1265744.4948,100.0,1,0
SOLUSDT,2026-05-12,R1,15447706.0831,13388231.8438,2059474.2393,7.14204,77099,60709
SOLUSDT,2026-05-12,R2,48153470.4257,48116348.2985,37122.1272,0.038561,16171,15155
SOLUSDT,2026-05-12,W,7358327.2414,8673262.2878,-1314935.0464,-8.20215,50,49
SOLUSDT,2026-05-13,M,68651133.5603,61249477.7956,7401655.7647,5.697938,3427,3223
SOLUSDT,2026-05-13,R1,15504910.0827,20056951.9903,-4552041.9076,-12.800347,83049,81665
SOLUSDT,2026-05-13,R2,58515048.41,65581780.7703,-7066732.3603,-5.694531,17380,20665
SOLUSDT,2026-05-13,W,3528750.5259,3596089.7673,-67339.2414,-0.945133,23,20
SOLUSDT,2026-05-14,M,58224787.2179,56199133.4349,2025653.783,1.770306,3053,2836
SOLUSDT,2026-05-14,R1,12703096.1766,14840738.8423,-2137642.6657,-7.760875,61914,63140
SOLUSDT,2026-05-14,R2,46003694.1096,51293953.261,-5290259.1514,-5.437191,13983,16239
SOLUSDT,2026-05-14,W,3088846.8291,6405204.5321,-3316357.703,-34.930901,24,34
SOLUSDT,2026-05-15,M,53714370.7903,61220965.4744,-7506594.6841,-6.531146,2822,3173
SOLUSDT,2026-05-15,R1,13811432.6028,10003889.1716,3807543.4312,15.987789,68844,43883
SOLUSDT,2026-05-15,R2,47023629.1557,46771077.7599,252551.3958,0.26926,14705,13746
SOLUSDT,2026-05-15,W,3584720.6289,5870349.9221,-2285629.2932,-24.173583,24,39
SOLUSDT,2026-05-16,M,33920197.019,40627812.8911,-6707615.8721,-8.997713,1768,2028
SOLUSDT,2026-05-16,R1,10103798.2741,9362839.6779,740958.5962,3.8063,57402,39592
SOLUSDT,2026-05-16,R2,34439629.6785,36190474.2503,-1750844.5718,-2.478893,10956,11440
SOLUSDT,2026-05-16,W,2523372.3413,3998831.2929,-1475458.9516,-22.622093,16,24
SOLUSDT,2026-05-17,M,38800430.0397,36116608.6405,2683821.3992,3.582391,2009,1891
SOLUSDT,2026-05-17,R1,7470233.8671,9681960.5978,-2211726.7307,-12.894716,42945,40881
SOLUSDT,2026-05-17,R2,31236361.6394,36641039.6513,-5404678.0119,-7.962412,9099,11696
SOLUSDT,2026-05-17,W,2276053.7144,2491100.2514,-215046.537,-4.511005,16,14
SOLUSDT,2026-05-18,M,58242136.6027,58720453.9977,-478317.395,-0.408949,3094,3202
SOLUSDT,2026-05-18,R1,11858683.2232,10564957.6415,1293725.5817,5.769472,56682,48150
SOLUSDT,2026-05-18,R2,41428351.0124,44953442.6847,-3525091.6723,-4.080827,12234,13419
SOLUSDT,2026-05-18,W,4675033.9109,4451661.0462,223372.8647,2.447467,37,32
SOLUSDT,2026-05-19,M,32029437.7499,31785603.2961,243834.4538,0.382096,1729,1774
SOLUSDT,2026-05-19,R1,8281216.291,7500724.7969,780491.4941,4.945472,44098,36469
SOLUSDT,2026-05-19,R2,28711257.8254,28582684.5743,128573.2511,0.22441,8632,8906
SOLUSDT,2026-05-19,W,1255591.171,2822458.2992,-1566867.1282,-38.421975,6,20
SOLUSDT,2026-05-20,M,50838024.7228,43765744.5322,7072280.1906,7.475685,2681,2290
SOLUSDT,2026-05-20,R1,9225961.1547,10921030.8382,-1695069.6835,-8.413512,46172,54069
SOLUSDT,2026-05-20,R2,39529702.8054,41347997.5815,-1818294.7761,-2.248203,11739,12653
SOLUSDT,2026-05-20,W,3251649.6856,3471963.7593,-220314.0737,-3.276721,23,21
SOLUSDT,2026-05-21,M,58346919.8423,51744796.7792,6602123.0631,5.99693,2838,2608
SOLUSDT,2026-05-21,R1,14086514.4328,8988365.5227,5098148.9101,22.093935,65551,42863
SOLUSDT,2026-05-21,R2,45772107.1454,39327635.3935,6444471.7519,7.572845,14839,11655
SOLUSDT,2026-05-21,W,5702395.8386,6228992.5624,-526596.7238,-4.413541,38,48
SOLUSDT,2026-05-22,M,41323550.9483,45305743.7432,-3982192.7949,-4.59682,2191,2457
SOLUSDT,2026-05-22,R1,10326381.0315,12156442.2177,-1830061.1862,-8.139819,57311,57318
SOLUSDT,2026-05-22,R2,36308507.4125,41133469.3599,-4824961.9474,-6.230422,11034,12535
SOLUSDT,2026-05-22,W,2040211.304,1871091.2272,169120.0768,4.323881,12,14
SOLUSDT,2026-05-23,M,59231675.6622,55539407.4485,3692268.2137,3.217072,2951,2818
SOLUSDT,2026-05-23,R1,12094754.5679,15042062.7405,-2947308.1726,-10.860921,64018,69059
SOLUSDT,2026-05-23,R2,50010546.2424,47151462.3389,2859083.9035,2.942594,14874,14333
SOLUSDT,2026-05-23,W,5455387.4225,5664359.5147,-208972.0922,-1.879288,38,31
SOLUSDT,2026-05-24,M,40176537.2675,41108799.6932,-932262.4257,-1.146901,2051,2073
SOLUSDT,2026-05-24,R1,9905800.5747,8296692.1081,1609108.4666,8.840045,48776,37355
SOLUSDT,2026-05-24,R2,35648229.2262,32816904.7107,2831324.5155,4.135425,11340,9984
SOLUSDT,2026-05-24,W,5326085.1979,5267130.3823,58954.8156,0.556534,27,31
SOLUSDT,2026-05-25,M,29960602.6138,28370675.4816,1589927.1322,2.725685,1571,1451
SOLUSDT,2026-05-25,R1,8503523.8885,7016331.9666,1487191.9219,9.582511,42717,35419
SOLUSDT,2026-05-25,R2,28773235.6825,27163909.6128,1609326.0697,2.877026,8869,8244
SOLUSDT,2026-05-25,W,1975339.4679,2170420.2212,-195080.7533,-4.705549,14,15
SOLUSDT,2026-05-26,M,46463752.8259,40982484.2833,5481268.5426,6.268158,2470,2288
SOLUSDT,2026-05-26,R1,11615978.773,12677738.4006,-1061759.6276,-4.370511,56333,53545
SOLUSDT,2026-05-26,R2,39391521.6591,42853678.5708,-3462156.9117,-4.209555,12044,13386
SOLUSDT,2026-05-26,W,3173035.7813,2336654.2142,836381.5671,15.180193,17,15
SOLUSDT,2026-05-27,M,43549438.0451,32590776.7044,10958661.3407,14.392738,1985,1587
SOLUSDT,2026-05-27,R1,10186033.9632,10906281.076,-720247.1128,-3.414737,52643,49279
SOLUSDT,2026-05-27,R2,33449160.728,40533829.89,-7084669.162,-9.576078,10671,12606
SOLUSDT,2026-05-27,W,3019944.1333,3146224.9477,-126280.8144,-2.047962,22,21
SOLUSDT,2026-05-28,M,39061143.7864,40875430.0641,-1814286.2777,-2.269657,1867,1986
SOLUSDT,2026-05-28,R1,11572029.7417,10109176.0598,1462853.6819,6.747105,60880,44681
SOLUSDT,2026-05-28,R2,36865002.8632,41263307.0082,-4398304.145,-5.629591,10957,13111
SOLUSDT,2026-05-28,W,4815740.7247,3218405.4038,1597335.3209,19.881831,33,23
SOLUSDT,2026-05-29,M,41173429.3108,35336561.7236,5836867.5872,7.628896,2032,1785
SOLUSDT,2026-05-29,R1,10710882.8395,6863016.5322,3847866.3073,21.895347,51629,31820
SOLUSDT,2026-05-29,R2,34838660.3318,33372583.3298,1466077.002,2.149319,10504,9667
SOLUSDT,2026-05-29,W,4837298.4748,2286763.1708,2550535.304,35.801702,37,17
SOLUSDT,2026-05-30,M,20004386.3054,17344646.5526,2659739.7528,7.121308,926,784
SOLUSDT,2026-05-30,R1,5524915.5635,4155664.2433,1369251.3202,14.144311,33825,23701
SOLUSDT,2026-05-30,R2,16866974.485,16203366.2159,663608.2691,2.006657,5111,5064
SOLUSDT,2026-05-30,W,1559104.9308,2480598.399,-921493.4682,-22.810919,11,16
SOLUSDT,2026-05-31,M,16920955.8932,17075052.1145,-154096.2213,-0.453277,810,796
SOLUSDT,2026-05-31,R1,5791837.7392,4691034.8819,1100802.8573,10.500966,35270,26227
SOLUSDT,2026-05-31,R2,17901038.3479,18345628.6959,-444590.348,-1.226569,5616,5562
SOLUSDT,2026-05-31,W,476785.2949,743427.2893,-266641.9944,-21.852093,3,5
SOLUSDT,2026-06-01,M,38431878.5527,43715243.9748,-5283365.4221,-6.431589,1877,2141
SOLUSDT,2026-06-01,R1,11307694.4284,8597359.9819,2710334.4465,13.616313,64323,42637
SOLUSDT,2026-06-01,R2,37151151.0541,41506912.3917,-4355761.3376,-5.53759,11510,11600
SOLUSDT,2026-06-01,W,3130844.2369,2948010.2613,182833.9756,3.007704,22,22
SOLUSDT,2026-06-02,M,50064046.1413,65998133.8483,-15934087.707,-13.728923,2490,3273
SOLUSDT,2026-06-02,R1,15184654.1638,16714407.0538,-1529752.89,-4.795605,89625,86839
SOLUSDT,2026-06-02,R2,57876539.478,65300218.5739,-7423679.0959,-6.026851,17303,20387
SOLUSDT,2026-06-02,W,4757804.6921,4846973.6868,-89168.9947,-0.928382,29,34
SOLUSDT,2026-06-03,M,54064322.3153,59733006.9401,-5668684.6248,-4.981386,2635,2938
SOLUSDT,2026-06-03,R1,16291865.1584,15085501.9022,1206363.2562,3.844692,86544,90527
SOLUSDT,2026-06-03,R2,54006405.3244,59134708.3929,-5128303.0685,-4.532661,16218,17936
SOLUSDT,2026-06-03,W,4708740.3093,5821729.2259,-1112988.9166,-10.569224,31,35
SOLUSDT,2026-06-04,M,57139011.8471,61521527.7988,-4382515.9517,-3.693322,2942,3224
SOLUSDT,2026-06-04,R1,23241554.7002,21325310.1535,1916244.5467,4.299707,128482,118489
SOLUSDT,2026-06-04,R2,81674529.8713,85314523.7278,-3639993.8565,-2.17978,25195,26540
SOLUSDT,2026-06-04,W,5026304.354,6780260.7228,-1753956.3688,-14.855772,33,44
SOLUSDT,2026-06-05,M,79922004.4653,89242094.8184,-9320090.3531,-5.509497,3995,4552
SOLUSDT,2026-06-05,R1,29641898.9276,30313970.0193,-672071.0917,-1.120943,156363,180350
SOLUSDT,2026-06-05,R2,102995143.2595,119382512.0228,-16387368.7633,-7.369162,31135,36677
SOLUSDT,2026-06-05,W,2683266.1171,5020410.6178,-2337144.5007,-30.33804,22,40
SOLUSDT,2026-06-06,M,31547846.9946,35657644.4718,-4109797.4772,-6.11527,1727,2058
SOLUSDT,2026-06-06,R1,16165741.771,13984516.4849,2181225.2861,7.234516,89006,85045
SOLUSDT,2026-06-06,R2,58895204.0484,63876461.6701,-4981257.6217,-4.057335,17918,18948
SOLUSDT,2026-06-06,W,872333.7172,1337491.6606,-465157.9434,-21.049534,7,9
SOLUSDT,2026-06-07,M,34746896.4871,28267610.3586,6479286.1285,10.282213,1764,1477
SOLUSDT,2026-06-07,R1,13615501.2863,13447641.8448,167859.4415,0.620251,76584,71913
SOLUSDT,2026-06-07,R2,48984546.0579,48496615.5237,487930.5342,0.500538,15141,15110
SOLUSDT,2026-06-07,W,1542027.9623,1155206.3285,386821.6338,14.341418,10,9
SOLUSDT,2026-06-08,M,38779861.7618,37517807.8188,1262053.943,1.654119,1972,2105
SOLUSDT,2026-06-08,R1,12717291.8768,11382191.5622,1335100.3146,5.539954,69687,76889
SOLUSDT,2026-06-08,R2,50317206.9834,51172307.1721,-855100.1887,-0.84255,14970,14692
SOLUSDT,2026-06-08,W,814159.3762,1279674.3388,-465514.9626,-22.232662,7,9
SOLUSDT,2026-06-09,M,37855802.8634,35087012.9577,2768789.9057,3.795836,1937,1893
SOLUSDT,2026-06-09,R1,11682723.0364,12143214.1928,-460491.1564,-1.932731,66972,54306
SOLUSDT,2026-06-09,R2,47024546.9142,54207478.9947,-7182932.0805,-7.095514,13578,15826
SOLUSDT,2026-06-09,W,2534121.8219,1995871.4041,538250.4178,11.881925,17,10
SOLUSDT,2026-06-10,M,33875072.2945,27259474.4605,6615597.834,10.821374,1817,1573
SOLUSDT,2026-06-10,R1,11703650.7836,11997453.6566,-293802.873,-1.239617,64701,58437
SOLUSDT,2026-06-10,R2,47672456.0779,54016841.2927,-6344385.2148,-6.23899,13987,17142
SOLUSDT,2026-06-10,W,1027184.4395,845526.6887,181657.7508,9.700255,7,5
SOLUSDT,2026-06-11,M,40938329.6586,28789247.2809,12149082.3777,17.423641,2067,1592
SOLUSDT,2026-06-11,R1,11778970.0006,8729870.8583,3049099.1423,14.867243,62157,44959
SOLUSDT,2026-06-11,R2,49330008.3838,47674192.1722,1655816.2116,1.706953,14905,14001
SOLUSDT,2026-06-11,W,1099523.5591,664896.5196,434627.0395,24.632855,7,5
SOLUSDT,2026-06-12,M,42595530.9329,39189084.339,3406446.5939,4.165144,2052,1977
SOLUSDT,2026-06-12,R1,9167154.222,11782704.0792,-2615549.8572,-12.484809,52217,55165
SOLUSDT,2026-06-12,R2,37935888.5978,45064965.7804,-7129077.1826,-8.589161,11154,15582
SOLUSDT,2026-06-12,W,974454.6321,4118982.8405,-3144528.2084,-61.736857,8,26
SOLUSDT,2026-06-13,M,23605010.9817,18434963.6664,5170047.3153,12.297932,1141,925
SOLUSDT,2026-06-13,R1,6241339.8843,5910394.9696,330944.9147,2.723438,36206,33344
SOLUSDT,2026-06-13,R2,25021022.7496,21812377.0561,3208645.6935,6.851191,7661,6861
SOLUSDT,2026-06-13,W,1616969.5797,932058.7783,684910.8014,26.869485,13,7
SOLUSDT,2026-06-14,M,24418999.6449,24848438.998,-429439.3531,-0.871649,1260,1228
SOLUSDT,2026-06-14,R1,7819190.68,7223476.1172,595714.5628,3.960166,44604,40953
SOLUSDT,2026-06-14,R2,30211041.1858,28624169.7062,1586871.4796,2.697146,9331,8770
SOLUSDT,2026-06-14,W,2048769.5027,2377087.1741,-328317.6714,-7.418172,14,18
SOLUSDT,2026-06-15,M,46505209.6164,43261786.1039,3243423.5125,3.613158,2383,2250
SOLUSDT,2026-06-15,R1,13699935.1709,12398654.0019,1301281.169,4.986021,71584,63573
SOLUSDT,2026-06-15,R2,52010133.3922,52292796.1385,-282662.7463,-0.271002,16410,15837
SOLUSDT,2026-06-15,W,3575314.9623,3635553.4173,-60238.455,-0.835384,23,21
SOLUSDT,2026-06-16,M,34151454.189,27882244.8896,6269209.2994,10.106135,1696,1492
SOLUSDT,2026-06-16,R1,10701068.8271,9357684.6212,1343384.2059,6.697247,58685,47067
SOLUSDT,2026-06-16,R2,37960680.5894,38823875.6395,-863195.0501,-1.124178,11799,12180
SOLUSDT,2026-06-16,W,1850022.7356,910048.0787,939974.6569,34.056179,10,6
SOLUSDT,2026-06-17,M,37929324.7404,35343865.2113,2585459.5291,3.528521,1890,1805
SOLUSDT,2026-06-17,R1,11696497.5632,9870130.5746,1826366.9886,8.468486,67016,50869
SOLUSDT,2026-06-17,R2,39757033.449,41588624.7252,-1831591.2762,-2.251615,12024,12645
SOLUSDT,2026-06-17,W,1241271.9571,696287.8629,544984.0942,28.127343,11,5
SOLUSDT,2026-06-18,M,26603747.4835,31562475.0987,-4958727.6152,-8.525098,1405,1686
SOLUSDT,2026-06-18,R1,11809837.379,8684704.3836,3125132.9954,15.248611,65288,45083
SOLUSDT,2026-06-18,R2,39380715.4393,38459544.2534,921171.1859,1.183412,12961,11761
SOLUSDT,2026-06-18,W,2355363.9821,138571.7496,2216792.2325,88.887304,15,1
SOLUSDT,2026-06-19,M,21004025.6743,32720404.2702,-11716378.5959,-21.808288,1059,1521
SOLUSDT,2026-06-19,R1,8660938.8413,6618843.571,2042095.2703,13.364688,50146,36329
SOLUSDT,2026-06-19,R2,27065891.7461,26793783.0099,272108.7362,0.505218,8866,8291
SOLUSDT,2026-06-19,W,1456903.6792,5525469.9066,-4068566.2274,-58.2691,8,38
SOLUSDT,2026-06-20,M,33313311.4853,28551850.7888,4761460.6965,7.696514,1684,1476
SOLUSDT,2026-06-20,R1,9855425.661,7824875.1964,2030550.4646,11.484819,55010,45537
SOLUSDT,2026-06-20,R2,38517644.8579,34510849.2872,4006795.5707,5.486619,12183,10401
SOLUSDT,2026-06-20,W,7318371.486,2807271.7756,4511099.7104,44.551241,40,19
SOLUSDT,2026-06-21,M,32666440.7068,35608523.2084,-2942082.5016,-4.309167,1584,1724
SOLUSDT,2026-06-21,R1,8242065.7539,7370493.775,871571.9789,5.582505,46373,39756
SOLUSDT,2026-06-21,R2,34037638.5447,32567496.0544,1470142.4903,2.207251,10741,10001
SOLUSDT,2026-06-21,W,2076577.8963,3490166.0135,-1413588.1172,-25.393446,13,26
SOLUSDT,2026-06-22,M,36608319.6228,42873649.4029,-6265329.7801,-7.882706,1850,2096
SOLUSDT,2026-06-22,R1,10271192.8373,9419606.2624,851586.5749,4.324794,61188,49127
SOLUSDT,2026-06-22,R2,43287042.9351,43049289.3642,237753.5709,0.275381,12867,12687
SOLUSDT,2026-06-22,W,1040350.5254,2492955.8556,-1452605.3302,-41.111785,7,17
SOLUSDT,2026-06-23,M,28321822.8512,30559692.1723,-2237869.3211,-3.800631,1547,1660
SOLUSDT,2026-06-23,R1,9199451.1466,8596592.5381,602858.6085,3.387599,58175,48414
SOLUSDT,2026-06-23,R2,37023686.6599,37429780.6493,-406093.9894,-0.545433,11296,11168
SOLUSDT,2026-06-23,W,856578.7727,1495749.4526,-639170.6799,-27.171832,7,10
SOLUSDT,2026-06-24,M,39626438.7311,52673844.3055,-13047405.5744,-14.135824,2054,2507
SOLUSDT,2026-06-24,R1,13501903.8116,12769351.2892,732552.5224,2.788418,80052,67376
SOLUSDT,2026-06-24,R2,49504408.9645,51491306.3357,-1986897.3712,-1.967309,15392,15917
SOLUSDT,2026-06-24,W,3737951.6108,5198310.38,-1460358.7692,-16.341942,23,38
SOLUSDT,2026-06-25,M,50735329.7177,50857828.0844,-122498.3667,-0.120577,2644,2624
SOLUSDT,2026-06-25,R1,15433292.1159,11995946.1629,3437345.953,12.531686,89626,69974
SOLUSDT,2026-06-25,R2,55881079.7791,55004865.5119,876214.2672,0.790194,16596,16017
SOLUSDT,2026-06-25,W,4911677.6627,4458689.3605,452988.3022,4.834264,30,32
SOLUSDT,2026-06-26,M,60815854.3355,53767355.789,7048498.5465,6.151424,3278,2986
SOLUSDT,2026-06-26,R1,19359538.6652,16693377.6101,2666161.0551,7.395133,105366,90318
SOLUSDT,2026-06-26,R2,76049879.3014,79325849.8394,-3275970.538,-2.108418,23076,23331
SOLUSDT,2026-06-26,W,3609087.9793,1223350.193,2385737.7863,49.369236,25,8
SOLUSDT,2026-06-27,M,29294805.2691,29302697.5132,-7892.2441,-0.013469,1503,1482
SOLUSDT,2026-06-27,R1,7296292.3003,7004394.8782,291897.4221,2.041143,42720,38790
SOLUSDT,2026-06-27,R2,28490303.1675,32868930.548,-4378627.3805,-7.136053,8689,9744
SOLUSDT,2026-06-27,W,1793257.8367,2140384.5599,-347126.7232,-8.824562,11,14
SOLUSDT,2026-06-28,M,19427153.8098,18997557.3659,429596.4439,1.118021,1059,1077
SOLUSDT,2026-06-28,R1,8530742.8582,7537427.9269,993314.9313,6.181879,51869,41328
SOLUSDT,2026-06-28,R2,32040118.9929,33796540.7762,-1756421.7833,-2.667848,10134,10007
SOLUSDT,2026-06-28,W,749540.2641,583333.1265,166207.1376,12.469837,6,4
SOLUSDT,2026-06-29,M,47578549.4981,50039032.791,-2460483.2929,-2.520533,2508,2667
SOLUSDT,2026-06-29,MW,0.0,1525898.0485,-1525898.0485,-100.0,0,1
SOLUSDT,2026-06-29,R1,19077872.3128,16759849.4467,2318022.8661,6.468109,115102,88926
SOLUSDT,2026-06-29,R2,70043260.6236,69146611.4093,896649.2143,0.644191,21572,21013
SOLUSDT,2026-06-29,W,6350248.3227,3708562.9011,2641685.4216,26.262402,40,21
SOLUSDT,2026-06-30,M,35786960.6118,39556303.4617,-3769342.8499,-5.002893,1821,2045
SOLUSDT,2026-06-30,R1,13981067.3337,10570270.3893,3410796.9444,13.89251,79240,53538
SOLUSDT,2026-06-30,R2,42758211.162,41307941.2136,1450269.9484,1.725153,14218,12862
SOLUSDT,2026-06-30,W,8899616.9171,3087810.7898,5811806.1273,48.482512,44,25
SOLUSDT,2026-07-01,M,53687723.2296,50466933.4128,3220789.8168,3.092315,2804,2627
SOLUSDT,2026-07-01,R1,16789169.7063,18245416.0616,-1456246.3553,-4.156596,84787,82035
SOLUSDT,2026-07-01,R2,61266019.1395,58239745.2289,3026273.9106,2.532325,19543,17927
SOLUSDT,2026-07-01,W,9234768.134,6494695.7171,2740072.4169,17.419999,58,41
SOLUSDT,2026-07-02,M,67337822.7665,61609717.1234,5728105.6431,4.442198,3471,3240
SOLUSDT,2026-07-02,R1,18757505.1383,16066984.9134,2690520.2249,7.725943,103192,80129
SOLUSDT,2026-07-02,R2,63262564.3124,60732663.2051,2529901.1073,2.040321,19589,18320
SOLUSDT,2026-07-02,W,6284833.9395,6658546.8648,-373712.9253,-2.88729,37,48
SOLUSDT,2026-07-03,M,26859399.6407,26985292.5207,-125892.88,-0.233807,1436,1475
SOLUSDT,2026-07-03,R1,11314327.5658,9380191.8537,1934135.7121,9.346125,61765,43655
SOLUSDT,2026-07-03,R2,32559254.6852,34167713.8308,-1608459.1456,-2.410508,10407,10976
SOLUSDT,2026-07-03,W,1405859.3496,1659363.536,-253504.1864,-8.270335,10,11
SOLUSDT,2026-07-04,M,29720609.9837,37710482.1862,-7989872.2025,-11.848944,1514,1836
SOLUSDT,2026-07-04,R1,8838581.5082,8105810.3488,732771.1594,4.324565,51034,41075
SOLUSDT,2026-07-04,R2,29929181.4141,30761897.3084,-832715.8943,-1.372057,8946,9563
SOLUSDT,2026-07-04,W,4208557.2065,3394906.2547,813650.9518,10.701057,29,23
SOLUSDT,2026-07-05,M,22623315.9662,23003574.0249,-380258.0587,-0.833408,1171,1233
SOLUSDT,2026-07-05,R1,7635227.6994,6736160.698,899067.0014,6.255951,42975,34492
SOLUSDT,2026-07-05,R2,24048817.0266,26431078.0148,-2382260.9882,-4.719227,7239,8347
SOLUSDT,2026-07-05,W,1982932.7596,1370950.6451,611982.1145,18.24697,13,10
SOLUSDT,2026-07-06,M,41057043.3418,31979394.5691,9077648.7727,12.428931,2187,1709
SOLUSDT,2026-07-06,R1,13034287.7571,11741361.1717,1292926.5854,5.218538,64965,57429
SOLUSDT,2026-07-06,R2,48232395.7748,42779816.7257,5452579.0491,5.991041,15372,13324
SOLUSDT,2026-07-06,W,2923771.9079,2600623.5846,323148.3233,5.849478,20,18
SOLUSDT,2026-07-07,M,28569119.2408,28420100.9409,149018.2999,0.261485,1541,1531
SOLUSDT,2026-07-07,R1,10919252.0527,11095503.9366,-176251.8839,-0.800608,57668,55427
SOLUSDT,2026-07-07,R2,35326586.0194,33162018.8768,2164567.1426,3.160478,10337,10390
SOLUSDT,2026-07-07,W,1545132.6951,2318842.2466,-773709.5515,-20.023669,9,15
SOLUSDT,2026-07-08,M,28198833.6348,33926887.6496,-5728054.0148,-9.220101,1490,1749
SOLUSDT,2026-07-08,R1,10899982.2591,10375713.6227,524268.6364,2.464167,61687,50693
SOLUSDT,2026-07-08,R2,39454911.2132,37848943.7055,1605967.5077,2.077474,12146,12029
SOLUSDT,2026-07-08,W,3160718.0897,5258956.8358,-2098238.7461,-24.920662,19,30
SOLUSDT,2026-07-09,M,20471431.5682,21283375.2578,-811943.6896,-1.944551,1049,1075
SOLUSDT,2026-07-09,R1,9112961.0036,8141631.1221,971329.8815,5.629399,50561,44671
SOLUSDT,2026-07-09,R2,24579922.4205,27296339.6574,-2716417.2369,-5.23634,7934,8950
SOLUSDT,2026-07-09,W,1448469.9247,1278754.4054,169715.5193,6.223013,9,9
SOLUSDT,2026-07-10,M,30143372.5178,28540537.6707,1602834.8471,2.731302,1486,1441
SOLUSDT,2026-07-10,R1,9200517.1386,8282789.6904,917727.4482,5.249164,50816,43926
SOLUSDT,2026-07-10,R2,32996406.8415,28939500.8472,4056905.9943,6.550168,10492,9111
SOLUSDT,2026-07-10,W,3808907.4013,3573137.1088,235770.2925,3.193835,23,20
SOLUSDT,2026-07-11,M,16977775.3624,22258125.7228,-5280350.3604,-13.457956,842,1059
SOLUSDT,2026-07-11,R1,7928943.9879,6599253.1013,1329690.8866,9.152484,42842,35056
SOLUSDT,2026-07-11,R2,25507018.73,18950895.7026,6556123.0274,14.746807,8094,5984
SOLUSDT,2026-07-11,W,5249342.5378,1096791.5498,4152550.988,65.434341,24,8
SOLUSDT,2026-07-12,M,15089723.3746,16740101.9171,-1650378.5425,-5.185007,781,843
SOLUSDT,2026-07-12,R1,6297232.7608,6330464.1578,-33231.397,-0.263163,38738,32972
SOLUSDT,2026-07-12,R2,19994744.0969,19064737.2023,930006.8946,2.381002,6288,5894
SOLUSDT,2026-07-12,W,563086.4646,997023.7264,-433937.2618,-27.814526,5,7
SOLUSDT,2026-07-13,M,20894190.1389,19783636.8651,1110553.2738,2.730119,1027,1008
SOLUSDT,2026-07-13,R1,9366026.3834,8835863.7405,530162.6429,2.912679,56621,49863
SOLUSDT,2026-07-13,R2,29441079.5387,30563008.9853,-1121929.4466,-1.869755,9216,9843
SOLUSDT,2026-07-13,W,676797.6409,1847692.9833,-1170895.3424,-46.381449,4,14
SOLUSDT,2026-07-14,M,27208840.1969,24691229.2305,2517610.9664,4.850882,1302,1132
SOLUSDT,2026-07-14,R1,11022149.225,8517331.8095,2504817.4155,12.819263,91692,43966
SOLUSDT,2026-07-14,R2,34375632.5963,29648807.4344,4726825.1619,7.382845,10797,9498
SOLUSDT,2026-07-14,W,983845.6756,1041629.9374,-57784.2618,-2.852874,8,5
SOLUSDT,2026-07-15,M,32516673.5239,27895709.4888,4620964.0351,7.649035,1658,1450
SOLUSDT,2026-07-15,R1,10283179.7115,8505343.0113,1777836.7002,9.462355,90736,50278
SOLUSDT,2026-07-15,R2,30970985.5363,26836150.4976,4134835.0387,7.152811,9656,8592
SOLUSDT,2026-07-15,W,1490949.2238,820871.5464,670077.6774,28.984845,8,5
SOLUSDT,2026-07-16,M,20683220.6863,23204628.1223,-2521407.436,-5.745115,1021,1188
SOLUSDT,2026-07-16,R1,8965918.0329,7880704.0355,1085213.9974,6.441731,65919,40447
SOLUSDT,2026-07-16,R2,26163980.4112,27890691.3464,-1726710.9352,-3.194379,7991,8609
SOLUSDT,2026-07-16,W,571216.3674,1089806.2693,-518589.9019,-31.221122,4,7
SOLUSDT,2026-07-17,M,20124689.2079,20090104.4192,34584.7887,0.086,962,1007
SOLUSDT,2026-07-17,R1,7450048.8761,8559520.2295,-1109471.3534,-6.930051,49540,45484
SOLUSDT,2026-07-17,R2,22416307.9573,21863147.8277,553160.1296,1.249248,7190,7331
SOLUSDT,2026-07-17,W,575447.3766,598437.6066,-22990.23,-1.958474,4,4
SOLUSDT,2026-07-18,M,10559488.1467,8858710.3103,1700777.8364,8.75868,500,464
SOLUSDT,2026-07-18,R1,4185881.8398,3845865.8385,340016.0013,4.2334,28248,25058
SOLUSDT,2026-07-18,R2,10880828.3017,10183892.3603,696935.9414,3.308546,3499,3339
SOLUSDT,2026-07-18,W,283419.2507,109258.5874,174160.6633,44.352048,2,1
SOLUSDT,2026-07-19,M,21484805.8857,19000175.7891,2484630.0966,6.137165,937,872
SOLUSDT,2026-07-19,R1,5309588.6998,5064822.3473,244766.3525,2.359328,32832,30658
SOLUSDT,2026-07-19,R2,17266864.5504,18387325.6414,-1120461.091,-3.142579,5473,5684
SOLUSDT,2026-07-19,W,1243294.5784,1736277.9195,-492983.3411,-16.545439,8,12
SOLUSDT,2026-07-20,M,28554175.1793,29935158.6683,-1380983.489,-2.361086,1496,1481
SOLUSDT,2026-07-20,R1,9617389.0086,8311993.3203,1305395.6883,7.280762,50533,43712
SOLUSDT,2026-07-20,R2,31852367.5831,33054066.6824,-1201699.0993,-1.851433,10736,10415
SOLUSDT,2026-07-20,W,1937232.6328,405184.8582,1532047.7746,65.404557,13,2
SOLUSDT,2026-07-21,M,19933668.7068,21199735.0273,-1266066.3205,-3.077952,936,954
SOLUSDT,2026-07-21,R1,7075318.8118,6342398.8644,732919.9474,5.462329,41959,37611
SOLUSDT,2026-07-21,R2,21610904.02,21778156.1938,-167252.1738,-0.385471,6940,7574
SOLUSDT,2026-07-21,W,1570776.945,879495.6773,691281.2677,28.212423,10,7
SOLUSDT,2026-07-22,M,24062018.4076,24561762.1365,-499743.7289,-1.027776,1090,1126
SOLUSDT,2026-07-22,R1,7522085.0943,6909238.326,612846.7683,4.246643,58575,50916
SOLUSDT,2026-07-22,R2,22319531.5288,22345107.9277,-25576.3989,-0.057263,7019,7207
SOLUSDT,2026-07-22,W,1720572.7357,1476805.2006,243767.5351,7.623983,13,10
SOLUSDT,2026-07-23,M,21653562.5354,22283139.477,-629576.9416,-1.432918,1018,1085
SOLUSDT,2026-07-23,R1,7171859.692,7427898.1014,-256038.4094,-1.753717,59259,43137
SOLUSDT,2026-07-23,R2,19663277.2532,22924395.0815,-3261117.8283,-7.657422,6523,7660
SOLUSDT,2026-07-23,W,844712.241,1575675.2364,-730962.9954,-30.200247,5,9
SOLUSDT,2026-07-24,M,24774398.1607,25406659.6024,-632261.4417,-1.25996,1151,1162
SOLUSDT,2026-07-24,R1,7280158.9315,6441160.7398,838998.1917,6.114559,51238,37119
SOLUSDT,2026-07-24,R2,19300810.505,21127139.8909,-1826329.3859,-4.517492,6145,6958
SOLUSDT,2026-07-24,W,979064.3669,3072006.7787,-2092942.4118,-51.663926,8,24
SOLUSDT,2026-07-25,M,13090600.5891,11504896.4414,1585704.1477,6.447132,558,520
SOLUSDT,2026-07-25,R1,4227313.8386,3734643.2578,492670.5808,6.187808,27196,21248
SOLUSDT,2026-07-25,R2,8877950.6767,9316030.4519,-438079.7752,-2.407828,3139,3316
SOLUSDT,2026-07-25,W,1031715.5647,2130094.6313,-1098379.0666,-34.738931,7,14
SOLUSDT,2026-07-26,M,14098289.0714,12836405.8441,1261883.2273,4.684973,705,633
SOLUSDT,2026-07-26,R1,6839316.204,4108534.6238,2730781.5802,24.94354,38816,24611
SOLUSDT,2026-07-26,R2,14638371.4896,13744964.3056,893407.184,3.147647,5124,4506
SOLUSDT,2026-07-26,W,525553.1475,592293.139,-66739.9915,-5.970409,3,4
SOLUSDT,2026-07-27,M,26013944.3578,26461365.8745,-447421.5167,-0.852632,1174,1227
SOLUSDT,2026-07-27,R1,9302663.9145,8523725.584,778938.3305,4.36958,54604,41543
SOLUSDT,2026-07-27,R2,24153718.6633,24966438.0223,-812719.359,-1.654554,7899,7936
SOLUSDT,2026-07-27,W,1103113.1304,1656563.6474,-553450.517,-20.054904,6,13
SOLUSDT,2026-07-28,M,28072863.7559,31153413.3415,-3080549.5856,-5.201322,1194,1323
SOLUSDT,2026-07-28,R1,7954238.427,8239891.6864,-285653.2594,-1.763931,56460,53276
SOLUSDT,2026-07-28,R2,21170626.7568,24149604.2045,-2978977.4477,-6.573174,6673,7960
SOLUSDT,2026-07-28,W,1412834.3093,2546735.7266,-1133901.4173,-28.636983,10,16
SOLUSDT,2026-07-29,M,26047869.3143,21889728.3142,4158141.0001,8.67407,1255,1107
SOLUSDT,2026-07-29,R1,8187747.1882,8828608.9417,-640861.7535,-3.766152,49545,41805
SOLUSDT,2026-07-29,R2,24962707.0417,25505007.3641,-542300.3224,-1.074549,7773,9152
SOLUSDT,2026-07-29,W,1197047.0665,918150.3042,278896.7623,13.185378,9,6
SOLUSDT,2026-07-30,M,17168869.4772,17651380.9077,-482511.4305,-1.385721,884,858
SOLUSDT,2026-07-30,R1,8267587.4978,5413249.0266,2854338.4712,20.863771,49144,30007
SOLUSDT,2026-07-30,R2,17598056.2746,23474365.4918,-5876309.2172,-14.30719,6042,7709
SOLUSDT,2026-07-30,W,288444.4168,624995.2823,-336550.8655,-36.844344,2,5
SOLUSDT,2026-07-31,M,16440074.7918,22087394.3756,-5647319.5838,-14.657904,859,1065
SOLUSDT,2026-07-31,R1,8851577.5556,5430725.409,3420852.1466,23.951685,53750,27096
SOLUSDT,2026-07-31,R2,19369479.1918,25578904.1068,-6209424.915,-13.814568,6217,7896
SOLUSDT,2026-07-31,W,174471.8333,609258.8836,-434787.0503,-55.476587,1,4
SOLUSDT,2026-08-01,M,15024849.0976,18535517.8267,-3510668.7291,-10.460758,778,892
SOLUSDT,2026-08-01,R1,5621265.0639,6916422.6448,-1295157.5809,-10.330115,36819,28446
SOLUSDT,2026-08-01,R2,12696682.446,18603709.156,-5907026.71,-18.872054,3972,5894
SOLUSDT,2026-08-01,W,1166510.8222,1819940.2779,-653429.4557,-21.879798,8,14
SOLUSDT,2026-08-02,M,11778012.5324,13205423.0728,-1427410.5404,-5.713428,589,639
SOLUSDT,2026-08-02,R1,5504976.1283,3791470.7903,1713505.338,18.43183,31624,22720
SOLUSDT,2026-08-02,R2,12350453.9203,14582911.565,-2232457.6447,-8.288818,4066,4618
SOLUSDT,2026-08-02,W,239922.2694,510018.0378,-270095.7684,-36.015636,2,4
SOLUSDT,2026-08-03,M,16727055.1134,19115751.4853,-2388696.3719,-6.664368,855,907
SOLUSDT,2026-08-03,R1,7215348.0197,5784274.2815,1431073.7382,11.008579,40056,31336
SOLUSDT,2026-08-03,R2,20126034.2284,18730438.0675,1395596.1609,3.59167,6358,5948
SOLUSDT,2026-08-03,W,455471.9466,1742164.8117,-1286692.8651,-58.548933,3,12
SOLUSDT,2026-08-04,M,17148418.8097,17749956.818,-601538.0083,-1.723685,885,900
SOLUSDT,2026-08-04,R1,7699790.4388,6031585.3786,1668205.0602,12.148856,47344,33238
SOLUSDT,2026-08-04,R2,19195337.9604,20208226.863,-1012888.9026,-2.570551,6037,6521
SOLUSDT,2026-08-04,W,139968.188,249399.669,-109431.481,-28.104909,1,2
SOLUSDT,2026-08-05,M,24309228.8904,24022254.3018,286974.5886,0.593763,1198,1153
SOLUSDT,2026-08-05,R1,8173825.9368,6774067.7321,1399758.2047,9.36425,45450,32074
SOLUSDT,2026-08-05,R2,23718903.2222,25730233.1171,-2011329.8949,-4.067472,7331,7537
SOLUSDT,2026-08-05,W,1538039.6929,489650.8796,1048388.8133,51.70359,10,4
SOLUSDT,2026-08-06,M,18846935.1887,18072634.0598,774301.1289,2.097265,929,871
SOLUSDT,2026-08-06,R1,7120639.9573,7569120.1964,-448480.2391,-3.053013,42222,45658
SOLUSDT,2026-08-06,R2,19692424.1059,21062316.1862,-1369892.0803,-3.361307,6342,6686
SOLUSDT,2026-08-06,W,877813.1513,476050.23,401762.9213,29.675293,8,3
SOLUSDT,2026-08-07,M,21295811.9544,30539627.105,-9243815.1506,-17.833003,1128,1376
SOLUSDT,2026-08-07,R1,10542308.9599,5224117.7787,5318191.1812,33.731113,52511,28576
SOLUSDT,2026-08-07,R2,24034963.4138,21125726.9527,2909236.4611,6.441966,8448,6413
SOLUSDT,2026-08-07,W,971083.811,436089.5442,534994.2668,38.019073,7,4
SOLUSDT,2026-08-08,M,27128179.0407,23722500.3819,3405678.6588,6.69741,1289,1183
SOLUSDT,2026-08-08,R1,6399995.7099,4827048.3413,1572947.3686,14.010343,59997,31140
SOLUSDT,2026-08-08,R2,21100480.5738,17960802.6318,3139677.942,8.037826,6820,5384
SOLUSDT,2026-08-08,W,2009852.9694,1207132.0877,802720.8817,24.952583,13,9
SOLUSDT,2026-08-09,M,15500434.3021,18178974.9451,-2678540.643,-7.953051,771,867
SOLUSDT,2026-08-09,R1,6083646.4581,3886318.3334,2197328.1247,22.039477,48219,25946
SOLUSDT,2026-08-09,R2,16191251.3471,13774633.4417,2416617.9054,8.064564,5628,4395
SOLUSDT,2026-08-09,W,1015608.8337,622022.0981,393586.7356,24.033909,7,5
SOLUSDT,2026-08-10,M,19509312.568,22228958.7773,-2719646.2093,-6.515953,1005,1077
SOLUSDT,2026-08-10,R1,7160501.3601,6084388.233,1076113.1271,8.124742,47737,32640
SOLUSDT,2026-08-10,R2,20987216.4644,20370215.7581,617000.7063,1.491874,6702,6740
SOLUSDT,2026-08-10,W,481403.469,875530.7344,-394127.2654,-29.045422,2,7
SOLUSDT,2026-08-11,M,22127769.2434,20442202.5551,1685566.6883,3.95952,1059,1042
SOLUSDT,2026-08-11,R1,6192395.3519,8791326.773,-2598931.4211,-17.345032,36843,52814
SOLUSDT,2026-08-11,R2,20109687.8428,20851988.6061,-742300.7633,-1.812184,6399,6808
SOLUSDT,2026-08-11,W,944406.1457,228986.0206,715420.1251,60.970249,6,2
SOLUSDT,2026-08-12,M,18950615.9262,19888710.6388,-938094.7126,-2.415322,895,958
SOLUSDT,2026-08-12,R1,5898046.8849,5299019.9935,599026.8914,5.349855,34556,40148
SOLUSDT,2026-08-12,R2,19852320.1839,17529500.0586,2322820.1253,6.213769,6373,5360
SOLUSDT,2026-08-12,W,370617.1439,227915.6382,142701.5057,23.841886,3,2
SOLUSDT,2026-08-13,M,17334280.739,20602816.8033,-3268536.0643,-8.615672,871,980
SOLUSDT,2026-08-13,R1,5742277.3927,4538669.7766,1203607.6161,11.707167,34076,28513
SOLUSDT,2026-08-13,R2,16689050.5444,17437880.0385,-748829.4941,-2.194248,5120,4978
SOLUSDT,2026-08-13,W,351146.7069,450015.3139,-98868.607,-12.340651,3,3
SOLUSDT,2026-08-14,M,16998555.4022,19535525.9303,-2536970.5281,-6.94412,794,986
SOLUSDT,2026-08-14,R1,4511225.4506,6145085.8761,-1633860.4255,-15.332326,28846,38371
SOLUSDT,2026-08-14,R2,13799373.6047,18238989.4019,-4439615.7972,-13.857187,4036,6344
SOLUSDT,2026-08-14,W,309783.8859,747842.0875,-438058.2016,-41.419009,2,6
SOLUSDT,2026-08-15,M,8860426.9792,11011545.5913,-2151118.6121,-10.824887,425,517
SOLUSDT,2026-08-15,R1,2846015.4076,3245026.3606,-399010.953,-6.550783,21373,20086
SOLUSDT,2026-08-15,R2,7533325.1026,10235806.8091,-2702481.7065,-15.208856,2468,3588
SOLUSDT,2026-08-15,W,704590.0635,998957.4418,-294367.3783,-17.279669,5,8
SOLUSDT,2026-08-16,M,11580482.637,10927579.3892,652903.2478,2.900753,546,563
SOLUSDT,2026-08-16,R1,3583028.3752,3360058.3926,222969.9826,3.211396,26636,20066
SOLUSDT,2026-08-16,R2,9507522.7747,10789446.4607,-1281923.686,-6.315838,3096,3649
SOLUSDT,2026-08-16,W,992554.5646,494635.5438,497919.0208,33.480523,5,4
SOLUSDT,2026-08-17,M,22960459.1448,20755482.5111,2204976.6337,5.043873,1076,1045
SOLUSDT,2026-08-17,R1,6080473.079,6579922.1545,-499449.0755,-3.944972,35994,38324
SOLUSDT,2026-08-17,R2,17168924.0272,21090902.7451,-3921978.7179,-10.250906,5419,6667
SOLUSDT,2026-08-17,W,823156.3444,580720.3866,242435.9578,17.269035,7,5
SOLUSDT,2026-08-18,M,25018480.1212,26839719.9891,-1821239.8679,-3.511961,1132,1281
SOLUSDT,2026-08-18,R1,9289578.105,6226423.31,3063154.795,19.741908,44122,36648
SOLUSDT,2026-08-18,R2,20473957.7838,20126051.2018,347906.582,0.856913,6557,6304
SOLUSDT,2026-08-18,W,1487395.6991,1680700.6928,-193304.9937,-6.101613,9,12
SOLUSDT,2026-08-19,M,71740994.1765,69082564.4316,2658429.7449,1.887773,3431,3439
SOLUSDT,2026-08-19,R1,18257637.5368,14999923.2898,3257714.247,9.795409,102812,89498
SOLUSDT,2026-08-19,R2,76185029.0039,63426278.9399,12758750.064,9.138766,24827,19090
SOLUSDT,2026-08-19,W,9849847.0199,6206492.4899,3643354.53,22.691066,58,45
SOLUSDT,2026-08-20,M,70983908.9362,74749481.2971,-3765572.3609,-2.583878,3727,4014
SOLUSDT,2026-08-20,R1,20365149.0364,13356283.4008,7008865.6356,20.784602,89321,70039
SOLUSDT,2026-08-20,R2,67853492.0248,63670518.1358,4182973.889,3.180388,23830,18882
SOLUSDT,2026-08-20,W,4568993.7921,4238637.177,330356.6151,3.7508,24,26
SOLUSDT,2026-08-21,M,128637601.4626,121619796.0337,7017805.4289,2.804235,6836,6885
SOLUSDT,2026-08-21,R1,40167419.6821,21221840.6541,18945579.028,30.86139,157781,113184
SOLUSDT,2026-08-21,R2,103850728.9152,96249151.4694,7601577.4458,3.798892,31751,27459
SOLUSDT,2026-08-21,W,13579150.9246,6257179.7951,7321971.1295,36.911923,75,41
SOLUSDT,2026-08-22,M,136036554.772,148932373.8988,-12895819.1268,-4.525342,7754,8585
SOLUSDT,2026-08-22,MW,1030640.2,0.0,1030640.2,100.0,1,0
SOLUSDT,2026-08-22,R1,39654961.8191,29101168.9383,10553792.8808,15.349603,212284,168692
SOLUSDT,2026-08-22,R2,156994430.2127,138421691.5868,18572738.6259,6.286975,51784,40448
SOLUSDT,2026-08-22,W,12649446.1906,9495029.9717,3154416.2189,14.244709,64,63
SOLUSDT,2026-08-23,M,67366181.9675,71694559.9114,-4328377.9439,-3.112581,3934,4328
SOLUSDT,2026-08-23,R1,29023263.7777,15673577.3365,13349686.4412,29.867181,117219,86257
SOLUSDT,2026-08-23,R2,90867831.1609,78876198.9799,11991632.181,7.064538,30616,22687
SOLUSDT,2026-08-23,W,2228320.7913,1813024.9089,415295.8824,10.276178,14,11
SOLUSDT,2026-08-24,M,90114713.9597,94807742.6253,-4693028.6656,-2.537836,4985,5270
SOLUSDT,2026-08-24,R1,24350167.6485,20929966.798,3420200.8505,7.553425,110134,103122
SOLUSDT,2026-08-24,R2,102194777.8803,96540583.2907,5654194.5896,2.845087,34235,27488
SOLUSDT,2026-08-24,W,6239656.2889,5215638.7741,1024017.5148,8.93925,35,38
SOLUSDT,2026-08-25,M,96030470.3263,94296210.4943,1734259.832,0.911202,4961,5061
SOLUSDT,2026-08-25,R1,34713616.8184,24996400.7031,9717216.1153,16.274013,137207,119975
SOLUSDT,2026-08-25,R2,125656320.8284,104771982.0064,20884338.822,9.06327,40494,30646
SOLUSDT,2026-08-25,W,10815127.9773,5138316.2094,5676811.7679,35.583613,61,35
SOLUSDT,2026-08-26,M,54739509.8012,50908681.3634,3830828.4378,3.626024,2773,2708
SOLUSDT,2026-08-26,R1,18761187.0775,12969606.6307,5791580.4468,18.252239,84594,66376
SOLUSDT,2026-08-26,R2,62671016.9882,53432153.0997,9238863.8885,7.95746,17981,15570
SOLUSDT,2026-08-26,W,2085405.0935,1761497.6239,323907.4696,8.419955,15,12
SOLUSDT,2026-08-27,M,121385390.3847,115552265.7008,5833124.6839,2.461882,5935,5823
SOLUSDT,2026-08-27,R1,33281911.4736,26220096.3573,7061815.1163,11.868196,143520,144015
SOLUSDT,2026-08-27,R2,125529577.6155,102163802.7658,23365774.8497,10.261947,40748,31343
SOLUSDT,2026-08-27,W,12210670.8855,8345384.2488,3865286.6367,18.80364,76,52
SOLUSDT,2026-08-28,M,98157306.2412,113377516.1228,-15220209.8816,-7.195132,5206,5752
SOLUSDT,2026-08-28,R1,17322389.9253,26367997.6453,-9045607.72,-20.703885,100870,140069
SOLUSDT,2026-08-28,R2,100840906.9474,99353008.3008,1487898.6466,0.743229,27986,28273
SOLUSDT,2026-08-28,W,7566442.7099,8339092.522,-772649.8121,-4.857742,43,43
SOLUSDT,2026-08-29,M,39521676.1923,32206263.2854,7315412.9069,10.198833,1960,1634
SOLUSDT,2026-08-29,R1,6786885.4261,6159165.1131,627720.313,4.84874,41236,37149
SOLUSDT,2026-08-29,R2,32756824.8296,28135727.2553,4621097.5743,7.588937,9782,8671
SOLUSDT,2026-08-29,W,2649035.6377,2077099.6011,571936.0366,12.101559,17,11
SOLUSDT,2026-08-30,M,50467738.6984,51441727.0778,-973988.3794,-0.955739,2504,2564
SOLUSDT,2026-08-30,R1,9357960.1544,8777443.3129,580516.8415,3.201014,56371,50024
SOLUSDT,2026-08-30,R2,42662553.1476,49708860.6209,-7046307.4733,-7.628234,12603,14417
SOLUSDT,2026-08-30,W,1677724.5386,3391673.8471,-1713949.3085,-33.809718,10,21
SOLUSDT,2026-08-31,M,48833028.9097,45371977.3349,3461051.5748,3.673957,2566,2324
SOLUSDT,2026-08-31,R1,10502414.6693,13127190.0037,-2624775.3344,-11.107995,59694,56029
SOLUSDT,2026-08-31,R2,49487398.5647,52348589.7572,-2861191.1925,-2.809607,14397,17926
SOLUSDT,2026-08-31,W,1032677.561,1662652.671,-629975.11,-23.372836,7,12
SOLUSDT,2026-09-01,M,58885619.3662,61449569.7789,-2563950.4127,-2.130674,2985,2968
SOLUSDT,2026-09-01,R1,10589741.1604,11396848.9758,-807107.8154,-3.670909,60800,58910
SOLUSDT,2026-09-01,R2,46917731.9035,58937336.769,-12019604.8655,-11.354775,13089,21016
SOLUSDT,2026-09-01,W,1125863.0972,4067003.8356,-2941140.7384,-56.638092,8,27
SUIUSDT,2026-03-04,M,961342.3355,896047.4882,65294.8473,3.515409,53,59
SUIUSDT,2026-03-04,R1,11825576.7245,10719125.6723,1106451.0522,4.90781,72511,61358
SUIUSDT,2026-03-04,R2,15973332.2477,15403743.6595,569588.5882,1.815302,7749,7453
SUIUSDT,2026-03-04,W,102075.3058,0.0,102075.3058,100.0,1,0
SUIUSDT,2026-03-05,M,1344985.3101,1373980.179,-28994.8689,-1.066393,78,83
SUIUSDT,2026-03-05,R1,8205020.7938,8168755.6222,36265.1716,0.221483,49052,45778
SUIUSDT,2026-03-05,R2,11030076.3544,11350475.9721,-320399.6177,-1.431598,5141,5371
SUIUSDT,2026-03-05,W,264123.9632,290851.3492,-26727.386,-4.815959,2,2
SUIUSDT,2026-03-06,M,1109239.2634,1306378.1033,-197138.8399,-8.161013,77,74
SUIUSDT,2026-03-06,R1,6669208.7995,9022853.5869,-2353644.7874,-14.998951,45196,57726
SUIUSDT,2026-03-06,R2,12683023.5888,10882582.0971,1800441.4917,7.640124,5231,4863
SUIUSDT,2026-03-07,M,1499078.9844,1370355.965,128723.0194,4.486006,72,66
SUIUSDT,2026-03-07,R1,3276081.944,4168814.3429,-892732.3989,-11.9912,19846,21123
SUIUSDT,2026-03-07,R2,4556029.511,5261978.5902,-705949.0792,-7.190349,1993,2198
SUIUSDT,2026-03-07,W,256062.6384,110849.615,145213.0234,39.577044,2,1
SUIUSDT,2026-03-08,M,460477.0731,702077.523,-241600.4499,-20.781858,30,38
SUIUSDT,2026-03-08,R1,4199827.432,4168582.2605,31245.1715,0.37337,25876,25704
SUIUSDT,2026-03-08,R2,6003440.4668,6188854.1169,-185413.6501,-1.520745,2863,2961
SUIUSDT,2026-03-09,M,1998309.4939,2286733.7975,-288424.3036,-6.730954,95,140
SUIUSDT,2026-03-09,R1,9217021.6343,7510779.8214,1706241.8129,10.200036,61888,46683
SUIUSDT,2026-03-09,R2,14490416.7635,16387895.9918,-1897479.2283,-6.145022,6530,6884
SUIUSDT,2026-03-09,W,227975.8963,418090.2283,-190114.332,-29.426451,2,2
SUIUSDT,2026-03-10,M,1662169.8408,1855927.091,-193757.2502,-5.507445,93,111
SUIUSDT,2026-03-10,R1,9737925.4452,9190315.6002,547609.845,2.893084,64315,57957
SUIUSDT,2026-03-10,R2,16885948.8313,17247013.5496,-361064.7183,-1.057818,7182,7400
SUIUSDT,2026-03-10,W,0.0,420904.5057,-420904.5057,-100.0,0,3
SUIUSDT,2026-03-11,M,1322854.582,1135245.3938,187609.1882,7.632285,80,69
SUIUSDT,2026-03-11,R1,6249494.0489,6008233.6237,241260.4252,1.968231,40382,38284
SUIUSDT,2026-03-11,R2,12786218.6853,12789076.7344,-2858.0491,-0.011175,5380,5642
SUIUSDT,2026-03-11,W,204419.5328,379594.9084,-175175.3756,-29.995042,1,3
SUIUSDT,2026-03-12,M,851630.5868,1129370.0209,-277739.4341,-14.020159,49,64
SUIUSDT,2026-03-12,R1,5416622.5106,5105172.3591,311450.1515,2.960048,34798,31713
SUIUSDT,2026-03-12,R2,8650412.4205,8625048.8685,25363.552,0.146818,4004,4009
SUIUSDT,2026-03-13,M,3473647.5381,3247108.7703,226538.7678,3.370733,203,186
SUIUSDT,2026-03-13,R1,12248358.3548,10689779.619,1558578.7358,6.794705,62117,55792
SUIUSDT,2026-03-13,R2,20517028.921,17583656.7591,2933372.1619,7.699001,9239,8160
SUIUSDT,2026-03-13,W,112212.818,223915.06,-111702.242,-33.232067,1,2
SUIUSDT,2026-03-14,M,1313573.7824,1311846.0698,1727.7126,0.065807,67,71
SUIUSDT,2026-03-14,R1,3307380.6812,3319649.2131,-12268.5319,-0.185129,19168,20521
SUIUSDT,2026-03-14,R2,5374336.4353,5701335.0224,-326998.5871,-2.952404,2309,2459
SUIUSDT,2026-03-14,W,516997.927,0.0,516997.927,100.0,3,0
SUIUSDT,2026-03-15,M,1013862.3488,1483949.481,-470087.1322,-18.819958,59,68
SUIUSDT,2026-03-15,R1,4943276.5096,4604065.2832,339211.2264,3.552939,25904,25668
SUIUSDT,2026-03-15,R2,7695144.9458,6468777.4466,1226367.4992,8.658389,3565,2957
SUIUSDT,2026-03-15,W,139221.5173,0.0,139221.5173,100.0,1,0
SUIUSDT,2026-03-16,M,3273899.2268,3845492.3992,-571593.1724,-8.02868,171,213
SUIUSDT,2026-03-16,R1,12616875.8515,10257296.1959,2359579.6556,10.315476,76174,59058
SUIUSDT,2026-03-16,R2,20377834.0867,17068723.77,3309110.3167,8.836888,9109,7257
SUIUSDT,2026-03-16,W,329602.0456,282242.2175,47359.8281,7.740504,2,2
SUIUSDT,2026-03-17,M,2973535.7615,3809569.0052,-836033.2437,-12.32523,155,203
SUIUSDT,2026-03-17,R1,7716766.7202,8381374.033,-664607.3128,-4.128472,41936,45785
SUIUSDT,2026-03-17,R2,14729545.4013,13454240.8053,1275304.596,4.524958,6565,5724
SUIUSDT,2026-03-17,W,0.0,187508.228,-187508.228,-100.0,0,1
SUIUSDT,2026-03-18,M,2701232.6865,2615360.8049,85871.8816,1.615167,127,140
SUIUSDT,2026-03-18,R1,5842029.1108,6523297.7844,-681268.6736,-5.509508,38395,42177
SUIUSDT,2026-03-18,R2,9120871.6175,10333811.8977,-1212940.2802,-6.234696,4041,4484
SUIUSDT,2026-03-18,W,0.0,246680.8043,-246680.8043,-100.0,0,2
SUIUSDT,2026-03-19,M,1653551.5801,1677714.1171,-24162.537,-0.725326,83,95
SUIUSDT,2026-03-19,R1,3917469.5894,4330228.2725,-412758.6831,-5.004532,27029,28313
SUIUSDT,2026-03-19,R2,6288651.4833,7182996.5215,-894345.0382,-6.63872,2810,3147
SUIUSDT,2026-03-19,W,111350.356,0.0,111350.356,100.0,1,0
SUIUSDT,2026-03-20,M,2624339.4206,1209563.6527,1414775.7679,36.901709,156,63
SUIUSDT,2026-03-20,R1,3722372.0118,4145337.0322,-422965.0204,-5.375962,23903,30032
SUIUSDT,2026-03-20,R2,7756683.6499,5993113.8729,1763569.777,12.826151,3242,2687
SUIUSDT,2026-03-20,W,0.0,200877.1821,-200877.1821,-100.0,0,1
SUIUSDT,2026-03-21,M,485869.5923,1006919.7191,-521050.1268,-34.904465,28,52
SUIUSDT,2026-03-21,R1,2240167.9981,2410191.8723,-170023.8742,-3.656144,13616,13859
SUIUSDT,2026-03-21,R2,3549257.3953,3877940.5246,-328683.1293,-4.425399,1508,1710
SUIUSDT,2026-03-21,W,134178.9241,273619.1793,-139440.2552,-34.193454,1,2
SUIUSDT,2026-03-22,M,1441889.6134,985141.5783,456748.0351,18.819207,70,64
SUIUSDT,2026-03-22,R1,4344696.3286,4419390.268,-74693.9394,-0.852273,28227,24920
SUIUSDT,2026-03-22,R2,6863463.7082,7264651.0251,-401187.3169,-2.839638,2935,3188
SUIUSDT,2026-03-22,W,349897.7092,238642.8198,111254.8894,18.903522,1,2
SUIUSDT,2026-03-23,M,2045489.6868,2145239.4817,-99749.7949,-2.380249,113,135
SUIUSDT,2026-03-23,R1,8425372.5977,8370171.337,55201.2607,0.328666,50217,53616
SUIUSDT,2026-03-23,R2,10556223.7531,11279724.8769,-723501.1238,-3.313349,4911,5199
SUIUSDT,2026-03-23,W,774698.5272,347493.797,427204.7302,38.068762,5,2
SUIUSDT,2026-03-24,M,1015612.6434,1497709.5903,-482096.9469,-19.181661,45,75
SUIUSDT,2026-03-24,R1,3851236.92,3848516.8722,2720.0478,0.035326,26086,24569
SUIUSDT,2026-03-24,R2,6179294.5379,6596303.2078,-417008.6699,-3.264103,2892,3113
SUIUSDT,2026-03-24,W,137873.8874,272058.9854,-134185.098,-32.733432,1,2
SUIUSDT,2026-03-25,M,1107579.2019,1980445.7443,-872866.5424,-28.266175,59,106
SUIUSDT,2026-03-25,R1,4231767.2696,3948922.1666,282845.103,3.457473,25036,24876
SUIUSDT,2026-03-25,R2,6195470.8748,6342376.3272,-146905.4524,-1.171696,2963,2872
SUIUSDT,2026-03-25,W,129869.6458,0.0,129869.6458,100.0,1,0
SUIUSDT,2026-03-26,M,1235050.4313,1078263.8878,156786.5435,6.777572,75,60
SUIUSDT,2026-03-26,R1,3767649.982,5857409.4579,-2089759.4759,-21.711653,24608,31330
SUIUSDT,2026-03-26,R2,6821955.7368,8150226.9212,-1328271.1844,-8.871594,2910,4065
SUIUSDT,2026-03-26,W,175341.489,127127.9099,48213.5791,15.939986,1,1
SUIUSDT,2026-03-27,M,1408715.3761,1771617.9951,-362902.619,-11.410836,74,105
SUIUSDT,2026-03-27,R1,4106911.7546,4814385.5681,-707473.8135,-7.930167,26146,28826
SUIUSDT,2026-03-27,R2,5527414.9295,5548524.7088,-21109.7793,-0.190591,2343,2509
SUIUSDT,2026-03-27,W,268784.3157,100033.9044,168750.4113,45.754359,2,1
SUIUSDT,2026-03-28,M,1523006.338,2912536.0554,-1389529.7174,-31.327166,84,154
SUIUSDT,2026-03-28,R1,4500712.3853,5339649.6719,-838937.2866,-8.525472,25994,29279
SUIUSDT,2026-03-28,R2,6014425.4717,7400716.2492,-1386290.7775,-10.333777,2707,3253
SUIUSDT,2026-03-28,W,187387.611,0.0,187387.611,100.0,1,0
SUIUSDT,2026-03-29,M,1083071.0681,1067364.3077,15706.7604,0.730399,60,53
SUIUSDT,2026-03-29,R1,3824301.7425,5008880.718,-1184578.9755,-13.410557,22802,26270
SUIUSDT,2026-03-29,R2,4864283.1306,4510491.4329,353791.6977,3.773869,2217,2067
SUIUSDT,2026-03-29,W,291702.9235,106391.389,185311.5345,46.549656,2,1
SUIUSDT,2026-03-30,M,811837.9278,833675.0029,-21837.0751,-1.327068,47,44
SUIUSDT,2026-03-30,R1,4159146.4155,4142941.52,16204.8955,0.195191,29744,23895
SUIUSDT,2026-03-30,R2,6242440.2814,6794210.7416,-551770.4602,-4.232456,2917,3104
SUIUSDT,2026-03-30,W,393899.5686,0.0,393899.5686,100.0,3,0
SUIUSDT,2026-03-31,M,620828.2171,629955.7929,-9127.5758,-0.729748,39,40
SUIUSDT,2026-03-31,R1,3733703.7417,3467652.0083,266051.7334,3.694467,26984,23912
SUIUSDT,2026-03-31,R2,5612357.5963,5754774.9069,-142417.3106,-1.252887,2572,2594
SUIUSDT,2026-03-31,W,0.0,127127.9615,-127127.9615,-100.0,0,1
SUIUSDT,2026-04-01,M,828871.661,1251154.2883,-422282.6273,-20.301796,48,73
SUIUSDT,2026-04-01,R1,4207141.7635,4595208.8593,-388067.0958,-4.408676,25162,29819
SUIUSDT,2026-04-01,R2,5779394.0861,6075545.3386,-296151.2525,-2.498125,2636,2780
SUIUSDT,2026-04-01,W,406668.6037,133778.0082,272890.5955,50.493534,2,1
SUIUSDT,2026-04-02,M,708336.07,802486.6855,-94150.6155,-6.231745,43,46
SUIUSDT,2026-04-02,R1,4071805.9587,4255600.0067,-183794.048,-2.207098,27541,28233
SUIUSDT,2026-04-02,R2,6395903.2836,6760083.2181,-364179.9345,-2.768169,2830,3060
SUIUSDT,2026-04-02,W,249060.8298,263534.3948,-14473.565,-2.823586,2,2
SUIUSDT,2026-04-03,M,278196.223,291538.449,-13342.226,-2.341831,15,16
SUIUSDT,2026-04-03,R1,2659069.3289,2479383.6577,179685.6712,3.496883,19311,15612
SUIUSDT,2026-04-03,R2,3916718.2132,4062239.4616,-145521.2484,-1.823813,1664,1654
SUIUSDT,2026-04-03,W,137767.7249,0.0,137767.7249,100.0,1,0
SUIUSDT,2026-04-04,M,243659.4321,170631.1175,73028.3146,17.627318,10,14
SUIUSDT,2026-04-04,R1,1667417.3467,1697450.949,-30033.6023,-0.892564,10057,10008
SUIUSDT,2026-04-04,R2,2673380.8754,2607346.7648,66034.1106,1.250474,1215,1217
SUIUSDT,2026-04-04,W,0.0,121660.7344,-121660.7344,-100.0,0,1
SUIUSDT,2026-04-05,M,320313.8261,467747.3386,-147433.5125,-18.708384,20,26
SUIUSDT,2026-04-05,R1,2527081.8244,2804677.4828,-277595.6584,-5.206455,15222,17365
SUIUSDT,2026-04-05,R2,4391179.8734,4057048.1643,334131.7091,3.955051,2010,1905
SUIUSDT,2026-04-05,W,0.0,123502.6286,-123502.6286,-100.0,0,1
SUIUSDT,2026-04-06,M,880051.4063,1413622.281,-533570.8747,-23.262719,52,87
SUIUSDT,2026-04-06,R1,5535149.3196,5592112.2205,-56962.9009,-0.511922,31328,28924
SUIUSDT,2026-04-06,R2,8795882.8138,9405640.0634,-609757.2496,-3.350034,3895,4063
SUIUSDT,2026-04-06,W,169139.3384,102863.7461,66275.5923,24.36575,1,1
SUIUSDT,2026-04-07,M,2753143.2299,2487573.282,265569.9479,5.067436,157,157
SUIUSDT,2026-04-07,R1,6278637.7361,6399430.7595,-120793.0234,-0.952772,38525,41150
SUIUSDT,2026-04-07,R2,10178884.9963,9641203.147,537681.8493,2.712813,4303,4015
SUIUSDT,2026-04-07,W,222485.5066,106880.179,115605.3276,35.099384,1,1
SUIUSDT,2026-04-08,M,1831875.8343,2407022.5728,-575146.7385,-13.568307,94,143
SUIUSDT,2026-04-08,R1,5873760.2539,5390782.5192,482977.7347,4.287593,33834,30554
SUIUSDT,2026-04-08,R2,9223732.5248,10437177.6947,-1213445.1699,-6.171867,3743,4191
SUIUSDT,2026-04-08,W,141267.168,0.0,141267.168,100.0,1,0
SUIUSDT,2026-04-09,M,1099949.8121,781471.6451,318478.167,16.927529,62,49
SUIUSDT,2026-04-09,R1,4192191.2767,4455200.677,-263009.4003,-3.041488,25953,27876
SUIUSDT,2026-04-09,R2,7378377.2085,7046218.8863,332158.3222,2.302722,3201,3125
SUIUSDT,2026-04-10,M,968920.1858,727985.7305,240934.4553,14.198457,46,42
SUIUSDT,2026-04-10,R1,4301213.1896,3906639.7642,394573.4254,4.807267,25027,23010
SUIUSDT,2026-04-10,R2,7012176.1793,6186011.7706,826164.4087,6.259681,2971,2675
SUIUSDT,2026-04-10,W,105849.2666,0.0,105849.2666,100.0,1,0
SUIUSDT,2026-04-11,M,924881.7333,1150529.0756,-225647.3423,-10.872418,55,62
SUIUSDT,2026-04-11,R1,3366364.7947,3422402.2517,-56037.457,-0.825444,18737,18562
SUIUSDT,2026-04-11,R2,5308244.7989,5412959.7927,-104714.9938,-0.976709,2391,2535
SUIUSDT,2026-04-11,W,0.0,109503.796,-109503.796,-100.0,0,1
SUIUSDT,2026-04-12,M,1202860.9855,1198113.5818,4747.4037,0.197728,76,70
SUIUSDT,2026-04-12,R1,3463519.8738,3724135.9176,-260616.0438,-3.625884,19647,21932
SUIUSDT,2026-04-12,R2,5223704.8353,5840144.9983,-616440.163,-5.571661,2305,2593
SUIUSDT,2026-04-13,M,933774.2625,667205.9548,266568.3077,16.650319,57,45
SUIUSDT,2026-04-13,R1,4701151.6738,4442073.1018,259078.572,2.833558,26372,24056
SUIUSDT,2026-04-13,R2,6431102.9807,6013017.5852,418085.3955,3.359702,2979,2618
SUIUSDT,2026-04-13,W,254387.316,0.0,254387.316,100.0,2,0
SUIUSDT,2026-04-14,M,1006460.5321,769361.7388,237098.7933,13.351493,54,52
SUIUSDT,2026-04-14,R1,4337442.9085,4338116.9653,-674.0568,-0.00777,25649,25773
SUIUSDT,2026-04-14,R2,5462977.5551,6086083.5373,-623105.9822,-5.395296,2476,2710
SUIUSDT,2026-04-14,W,0.0,487078.5553,-487078.5553,-100.0,0,4
SUIUSDT,2026-04-15,M,601055.3269,627067.7582,-26012.4313,-2.118064,37,38
SUIUSDT,2026-04-15,R1,3835785.1264,3506360.9836,329424.1428,4.486755,23944,21539
SUIUSDT,2026-04-15,R2,6079016.2976,5847464.8324,231551.4652,1.94149,2707,2602
SUIUSDT,2026-04-15,W,247547.7716,0.0,247547.7716,100.0,2,0
SUIUSDT,2026-04-16,M,1288530.425,1480435.8174,-191905.3924,-6.930579,67,88
SUIUSDT,2026-04-16,R1,8655538.3379,7563560.7141,1091977.6238,6.732665,50095,45809
SUIUSDT,2026-04-16,R2,15055904.7675,14357931.092,697973.6755,2.372943,6759,6416
SUIUSDT,2026-04-16,W,439167.968,0.0,439167.968,100.0,3,0
SUIUSDT,2026-04-17,M,1212436.2184,1686111.4183,-473675.1999,-16.341812,64,103
SUIUSDT,2026-04-17,R1,9145692.9712,8131404.2448,1014288.7264,5.870713,45627,44189
SUIUSDT,2026-04-17,R2,12176079.6516,13190848.8663,-1014769.2147,-4.000363,5806,5870
SUIUSDT,2026-04-17,W,0.0,616041.1619,-616041.1619,-100.0,0,3
SUIUSDT,2026-04-18,M,978657.6191,905444.4501,73213.169,3.885839,63,48
SUIUSDT,2026-04-18,R1,5096517.7359,4769045.957,327471.7789,3.319342,26490,23212
SUIUSDT,2026-04-18,R2,10706987.4723,9937041.9574,769945.5149,3.729628,4653,4459
SUIUSDT,2026-04-18,W,0.0,101025.5115,-101025.5115,-100.0,0,1
SUIUSDT,2026-04-19,M,863573.4759,1191062.5926,-327489.1167,-15.939033,53,69
SUIUSDT,2026-04-19,R1,5188381.8332,5282664.0046,-94282.1714,-0.900408,27912,28723
SUIUSDT,2026-04-19,R2,8607117.2718,8744916.2572,-137798.9854,-0.794137,4183,4091
SUIUSDT,2026-04-19,W,175219.4675,123837.0655,51382.402,17.181501,1,1
SUIUSDT,2026-04-20,M,561155.6234,739964.3283,-178808.7049,-13.742676,39,50
SUIUSDT,2026-04-20,R1,4982208.8597,4504575.6822,477633.1775,5.034721,26185,22805
SUIUSDT,2026-04-20,R2,9547153.9804,7309437.4127,2237716.5677,13.275024,4423,3475
SUIUSDT,2026-04-21,M,301296.0777,578574.275,-277278.1973,-31.513529,21,29
SUIUSDT,2026-04-21,R1,4942158.3233,4129726.091,812432.2323,8.955496,25916,22259
SUIUSDT,2026-04-21,R2,7527292.3447,6412988.1791,1114304.1656,7.993413,3531,3192
SUIUSDT,2026-04-21,W,313168.5192,0.0,313168.5192,100.0,1,0
SUIUSDT,2026-04-22,M,1074900.9064,1387866.0358,-312965.1294,-12.707866,68,84
SUIUSDT,2026-04-22,R1,5033680.6746,4879859.6885,153820.9861,1.551625,26256,26679
SUIUSDT,2026-04-22,R2,9421753.3401,8228124.2659,1193629.0742,6.762818,4264,3776
SUIUSDT,2026-04-22,W,185763.0489,467207.2843,-281444.2354,-43.102147,1,3
SUIUSDT,2026-04-23,M,838333.596,736520.5281,101813.0679,6.464921,59,42
SUIUSDT,2026-04-23,R1,3601472.4601,4434250.7619,-832778.3018,-10.363452,21727,24539
SUIUSDT,2026-04-23,R2,6469643.8344,6692393.0154,-222749.181,-1.692361,2986,3230
SUIUSDT,2026-04-24,M,349502.0296,383373.948,-33871.9184,-4.62178,23,26
SUIUSDT,2026-04-24,R1,2512005.9007,2842841.8403,-330835.9396,-6.178251,16927,15832
SUIUSDT,2026-04-24,R2,3855649.1133,4118984.0704,-263334.9571,-3.302158,1811,1882
SUIUSDT,2026-04-25,M,689230.0754,783427.9671,-94197.8917,-6.396454,39,43
SUIUSDT,2026-04-25,R1,2592256.011,2378941.0662,213314.9448,4.291018,13145,12855
SUIUSDT,2026-04-25,R2,3312444.0107,3592401.1353,-279957.1246,-4.054503,1550,1580
SUIUSDT,2026-04-25,W,383676.4861,111632.2908,272044.1953,54.924162,2,1
SUIUSDT,2026-04-26,M,383122.3343,464566.6248,-81444.2905,-9.607804,21,27
SUIUSDT,2026-04-26,R1,2324548.6606,2129904.2256,194644.435,4.36966,12624,11493
SUIUSDT,2026-04-26,R2,3019801.4151,3490845.5802,-471044.1651,-7.234982,1484,1571
SUIUSDT,2026-04-27,M,1445705.3221,1482155.727,-36450.4049,-1.24495,95,93
SUIUSDT,2026-04-27,R1,3998873.6772,5076361.5853,-1077487.9081,-11.872837,23963,30120
SUIUSDT,2026-04-27,R2,8317511.463,8067927.1234,249584.3396,1.523208,3517,3678
SUIUSDT,2026-04-27,W,151943.0165,292417.1834,-140474.1669,-31.61268,1,2
SUIUSDT,2026-04-28,M,530030.7366,637577.7029,-107546.9663,-9.210876,32,34
SUIUSDT,2026-04-28,R1,2766582.9536,2422799.8286,343783.125,6.62474,15033,13302
SUIUSDT,2026-04-28,R2,4352130.1961,4382792.7871,-30662.591,-0.351034,2037,1994
SUIUSDT,2026-04-29,M,1053817.6078,1330570.1678,-276752.56,-11.60686,64,81
SUIUSDT,2026-04-29,R1,4483224.5582,4425351.9216,57872.6366,0.649628,26307,23665
SUIUSDT,2026-04-29,R2,6595941.5421,7450962.3382,-855020.7961,-6.086899,2996,3300
SUIUSDT,2026-04-30,M,294868.3963,457923.4456,-163055.0493,-21.660045,19,32
SUIUSDT,2026-04-30,R1,2352754.3381,2187418.0299,165336.3082,3.641631,14307,13053
SUIUSDT,2026-04-30,R2,2767186.311,3133921.5469,-366735.2359,-6.214685,1358,1483
SUIUSDT,2026-05-01,M,520889.2993,712020.257,-191130.9577,-15.502431,30,40
SUIUSDT,2026-05-01,R1,2485502.0387,2661180.8206,-175678.7819,-3.413437,14292,13320
SUIUSDT,2026-05-01,R2,4320818.8871,4638684.3048,-317865.4177,-3.547802,2095,2215
SUIUSDT,2026-05-02,M,577737.1396,620059.8187,-42322.6791,-3.533377,27,30
SUIUSDT,2026-05-02,R1,2152562.4998,2000626.3714,151936.1284,3.6583,11538,10195
SUIUSDT,2026-05-02,R2,3081425.1847,3176845.3023,-95420.1176,-1.524704,1439,1424
SUIUSDT,2026-05-03,M,275489.0757,492497.5111,-217008.4354,-28.2568,15,24
SUIUSDT,2026-05-03,R1,2014414.2688,2173098.8114,-158684.5426,-3.78947,11355,12059
SUIUSDT,2026-05-03,R2,2536680.7364,2808235.4606,-271554.7242,-5.080617,1187,1272
SUIUSDT,2026-05-04,M,1102748.0766,1384460.1351,-281712.0585,-11.326436,62,75
SUIUSDT,2026-05-04,R1,5545513.6307,5366149.74,179363.8907,1.643781,28720,28008
SUIUSDT,2026-05-04,R2,8680193.9704,9722423.9985,-1042230.0281,-5.663488,3928,4440
SUIUSDT,2026-05-04,W,118454.007,0.0,118454.007,100.0,1,0
SUIUSDT,2026-05-05,M,1227410.8377,923954.7825,303456.0552,14.105276,59,54
SUIUSDT,2026-05-05,R1,4982613.7293,5082213.0855,-99599.3562,-0.989578,27166,26404
SUIUSDT,2026-05-05,R2,7606481.7413,7735465.3147,-128983.5734,-0.840725,3509,3580
SUIUSDT,2026-05-05,W,296681.3452,144139.69,152541.6552,34.603987,2,1
SUIUSDT,2026-05-06,M,2412044.5658,2576410.8292,-164366.2634,-3.294933,134,136
SUIUSDT,2026-05-06,R1,9617362.6861,8988682.1561,628680.53,3.378905,50951,47616
SUIUSDT,2026-05-06,R2,15626905.0485,17740551.4237,-2113646.3752,-6.334455,6923,7804
SUIUSDT,2026-05-06,W,543084.0855,0.0,543084.0855,100.0,4,0
SUIUSDT,2026-05-07,M,1215302.6654,1295006.9129,-79704.2475,-3.175076,67,72
SUIUSDT,2026-05-07,R1,7543867.0506,7441064.5982,102802.4524,0.686039,40755,41747
SUIUSDT,2026-05-07,R2,10249527.1629,10264757.9709,-15230.808,-0.074245,4626,4741
SUIUSDT,2026-05-07,W,0.0,130481.6175,-130481.6175,-100.0,0,1
SUIUSDT,2026-05-08,M,1772990.9487,1330542.1742,442448.7745,14.256293,115,75
SUIUSDT,2026-05-08,R1,6963223.1177,6342725.0409,620498.0768,4.663314,37092,36842
SUIUSDT,2026-05-08,R2,13286714.1046,10575667.938,2711046.1666,11.361172,5688,4664
SUIUSDT,2026-05-08,W,107733.7222,100501.8763,7231.8459,3.472915,1,1
SUIUSDT,2026-05-09,M,2643239.6633,1988579.7643,654659.899,14.133969,164,117
SUIUSDT,2026-05-09,R1,13122587.0202,13517556.7182,-394969.698,-1.482611,64307,69614
SUIUSDT,2026-05-09,R2,26924714.783,20220956.7862,6703757.9968,14.219244,11115,9086
SUIUSDT,2026-05-09,W,316496.8015,127579.65,188917.1515,42.541583,2,1
SUIUSDT,2026-05-10,M,9289510.4175,8457795.1731,831715.2444,4.686431,529,482
SUIUSDT,2026-05-10,R1,60789375.5047,57860043.1059,2929332.3988,2.468897,393534,339075
SUIUSDT,2026-05-10,R2,73709028.2078,69939750.1523,3769278.0555,2.623954,33580,32001
SUIUSDT,2026-05-10,W,1287418.9059,445072.8713,842346.0346,48.620493,9,2
SUIUSDT,2026-05-11,M,5126006.8209,7788636.0603,-2662629.2394,-20.617134,304,405
SUIUSDT,2026-05-11,R1,38311754.4561,39498966.3474,-1187211.8913,-1.525769,255597,260783
SUIUSDT,2026-05-11,R2,42860975.1833,43186238.9675,-325263.7842,-0.378006,19345,18843
SUIUSDT,2026-05-11,W,262013.7195,677425.64,-415411.9205,-44.219131,1,5
SUIUSDT,2026-05-12,M,2979308.9068,4222547.2476,-1243238.3408,-17.262749,164,255
SUIUSDT,2026-05-12,R1,17178394.7483,18697865.6157,-1519470.8674,-4.23531,103663,112895
SUIUSDT,2026-05-12,R2,21647668.191,24585484.1837,-2937815.9927,-6.354349,9657,10721
SUIUSDT,2026-05-12,W,501567.7899,150327.3548,351240.4351,53.879897,4,1
SUIUSDT,2026-05-13,M,3112342.1049,5812780.9483,-2700438.8434,-30.256601,183,321
SUIUSDT,2026-05-13,R1,11938048.0216,17982072.3465,-6044024.3249,-20.200535,70223,105079
SUIUSDT,2026-05-13,R2,16130959.5473,20714528.8058,-4583569.2585,-12.439974,6948,8832
SUIUSDT,2026-05-13,W,176621.9246,2552461.2395,-2375839.3149,-87.056318,1,12
SUIUSDT,2026-05-14,M,1914658.0013,2201932.8418,-287274.8405,-6.978465,128,137
SUIUSDT,2026-05-14,R1,10364458.0529,12271902.7105,-1907444.6576,-8.426463,62673,75580
SUIUSDT,2026-05-14,R2,16068403.1152,13978844.6849,2089558.4303,6.954242,6775,6499
SUIUSDT,2026-05-14,W,143248.5552,0.0,143248.5552,100.0,1,0
SUIUSDT,2026-05-15,M,6151232.6012,9282069.0423,-3130836.4411,-20.286239,294,468
SUIUSDT,2026-05-15,R1,17739401.4544,12604743.7625,5134657.6919,16.921412,98529,62482
SUIUSDT,2026-05-15,R2,23290639.2553,28588732.4872,-5298093.2319,-10.212331,10168,11966
SUIUSDT,2026-05-15,W,3488458.6181,2315667.3201,1172791.298,20.206166,20,16
SUIUSDT,2026-05-16,M,1747286.0098,2575608.8842,-828322.8744,-19.1613,92,135
SUIUSDT,2026-05-16,R1,7315484.6734,8309846.8083,-994362.1349,-6.363783,45479,51269
SUIUSDT,2026-05-16,R2,10265416.1916,11837046.8117,-1571630.6201,-7.110658,4624,5203
SUIUSDT,2026-05-16,W,142356.5806,339258.9811,-196902.4005,-40.883729,1,2
SUIUSDT,2026-05-17,M,2168002.0974,2151336.2863,16665.8111,0.385842,126,127
SUIUSDT,2026-05-17,R1,8439407.8313,8651951.6553,-212543.824,-1.243575,46759,50264
SUIUSDT,2026-05-17,R2,13099374.0639,10936631.0833,2162742.9806,8.99793,5517,4724
SUIUSDT,2026-05-17,W,283052.8975,0.0,283052.8975,100.0,2,0
SUIUSDT,2026-05-18,M,904838.2082,1556030.6587,-651192.4505,-26.461892,59,94
SUIUSDT,2026-05-18,R1,9452076.5676,9193007.2718,259069.2958,1.389478,55977,53650
SUIUSDT,2026-05-18,R2,13034100.25,13375369.7771,-341269.5271,-1.292224,5761,6008
SUIUSDT,2026-05-19,M,823718.4069,1318536.7745,-494818.3676,-23.098012,59,91
SUIUSDT,2026-05-19,R1,7340035.778,7866090.7101,-526054.9321,-3.459493,42520,49769
SUIUSDT,2026-05-19,R2,12684687.8991,11271407.6309,1413280.2682,5.89946,5811,5118
SUIUSDT,2026-05-19,W,100494.5832,0.0,100494.5832,100.0,1,0
SUIUSDT,2026-05-20,M,2412872.2644,2122346.2916,290525.9728,6.405997,152,153
SUIUSDT,2026-05-20,R1,7908475.3855,6790531.251,1117944.1345,7.605576,47776,38089
SUIUSDT,2026-05-20,R2,13482687.5732,13247043.2648,235644.3084,0.881581,5667,5588
SUIUSDT,2026-05-20,W,221528.8002,0.0,221528.8002,100.0,2,0
SUIUSDT,2026-05-21,M,4506175.0401,6143345.7752,-1637170.7351,-15.373187,299,369
SUIUSDT,2026-05-21,R1,17049955.2608,20167373.7254,-3117418.4646,-8.376255,99423,109620
SUIUSDT,2026-05-21,R2,38347263.7071,35492461.431,2854802.2761,3.866215,16382,15700
SUIUSDT,2026-05-22,M,3483415.4177,4508644.4847,-1025229.067,-12.828095,198,258
SUIUSDT,2026-05-22,R1,14360301.1231,13115004.8578,1245296.2653,4.53242,81620,74396
SUIUSDT,2026-05-22,R2,31848909.0033,34090879.4347,-2241970.4314,-3.400027,14034,14749
SUIUSDT,2026-05-22,W,110333.3434,133183.435,-22850.0916,-9.383375,1,1
SUIUSDT,2026-05-23,M,5412100.2984,7084086.522,-1671986.2236,-13.379971,331,417
SUIUSDT,2026-05-23,R1,12047190.9256,12629740.4095,-582549.4839,-2.360705,68775,64063
SUIUSDT,2026-05-23,R2,28745222.2884,35032634.3513,-6287412.0629,-9.858299,11756,14253
SUIUSDT,2026-05-23,W,399825.5145,1492548.7506,-1092723.2361,-57.743505,3,6
SUIUSDT,2026-05-24,M,3095625.8889,3630422.3609,-534796.472,-7.951125,188,228
SUIUSDT,2026-05-24,R1,9077113.3181,6936530.2582,2140583.0599,13.367246,48614,39089
SUIUSDT,2026-05-24,R2,18124537.6929,21806835.998,-3682298.3051,-9.221567,7585,9277
SUIUSDT,2026-05-24,W,1374210.3315,213014.403,1161195.9285,73.158886,5,1
SUIUSDT,2026-05-25,M,1958417.9677,1960437.6213,-2019.6536,-0.051537,119,120
SUIUSDT,2026-05-25,R1,6295654.1541,6386575.789,-90921.6349,-0.716922,36935,33423
SUIUSDT,2026-05-25,R2,13607479.9234,17046406.4758,-3438926.5524,-11.218566,5605,7824
SUIUSDT,2026-05-25,W,0.0,107441.1267,-107441.1267,-100.0,0,1
SUIUSDT,2026-05-26,M,3200186.8167,3164503.3015,35683.5152,0.560648,213,202
SUIUSDT,2026-05-26,R1,7564210.8784,8293485.336,-729274.4576,-4.598868,51835,47643
SUIUSDT,2026-05-26,R2,23382560.0148,27422310.2984,-4039750.2836,-7.951502,9976,11247
SUIUSDT,2026-05-26,W,342483.1554,0.0,342483.1554,100.0,2,0
SUIUSDT,2026-05-27,M,2831016.5339,3643066.4457,-812049.9118,-12.543088,184,227
SUIUSDT,2026-05-27,R1,8462547.0903,8951587.0229,-489039.9326,-2.808293,56531,43677
SUIUSDT,2026-05-27,R2,19641288.9576,24655832.9751,-5014544.0175,-11.320248,8220,9773
SUIUSDT,2026-05-27,W,0.0,228851.56,-228851.56,-100.0,0,1
SUIUSDT,2026-05-28,M,2966171.7875,3074219.3968,-108047.6093,-1.788752,171,192
SUIUSDT,2026-05-28,R1,9339698.1403,8837366.5688,502331.5715,2.763546,58676,50274
SUIUSDT,2026-05-28,R2,20315466.4909,22542247.4609,-2226780.97,-5.195753,9097,9727
SUIUSDT,2026-05-28,W,455298.8297,410329.2246,44969.6051,5.195026,2,3
SUIUSDT,2026-05-29,M,2471626.5202,3553438.3064,-1081811.7862,-17.955189,150,200
SUIUSDT,2026-05-29,R1,8921740.4429,8723030.2258,198710.2171,1.126171,53525,47157
SUIUSDT,2026-05-29,R2,15111323.929,15279219.3997,-167895.4707,-0.55246,6114,6250
SUIUSDT,2026-05-29,W,0.0,596362.8058,-596362.8058,-100.0,0,1
SUIUSDT,2026-05-30,M,1035627.167,1291969.3084,-256342.1414,-11.013169,55,70
SUIUSDT,2026-05-30,R1,4080833.8838,4051205.5503,29628.3335,0.364341,25750,31686
SUIUSDT,2026-05-30,R2,4434143.7876,4873342.5018,-439198.7142,-4.718768,2079,2078
SUIUSDT,2026-05-30,W,133810.859,174699.883,-40889.024,-13.253679,1,1
SUIUSDT,2026-05-31,M,1630273.1917,2804691.17,-1174417.9783,-26.480889,92,158
SUIUSDT,2026-05-31,R1,6938455.0865,7440438.6304,-501983.5439,-3.491114,42515,45422
SUIUSDT,2026-05-31,R2,8436847.8761,9890998.1628,-1454150.2867,-7.934104,3825,4465
SUIUSDT,2026-05-31,W,0.0,396147.6271,-396147.6271,-100.0,0,3
SUIUSDT,2026-06-01,M,3656240.2788,3104361.5639,551878.7149,8.16316,216,191
SUIUSDT,2026-06-01,R1,8345563.5636,6953439.6347,1392123.9289,9.099442,46029,37411
SUIUSDT,2026-06-01,R2,14625234.4827,15958165.7396,-1332931.2569,-4.358349,6403,6491
SUIUSDT,2026-06-01,W,101901.2036,0.0,101901.2036,100.0,1,0
SUIUSDT,2026-06-02,M,4321290.6743,5092084.8767,-770794.2024,-8.188287,275,304
SUIUSDT,2026-06-02,R1,13561207.9134,10010802.9271,3550404.9863,15.061952,71352,60121
SUIUSDT,2026-06-02,R2,22940312.6987,24109233.052,-1168920.3533,-2.484446,9906,10048
SUIUSDT,2026-06-03,M,6459487.1084,7924590.1153,-1465103.0069,-10.185589,363,414
SUIUSDT,2026-06-03,R1,9390821.6239,9104776.1732,286045.4507,1.54656,54723,53976
SUIUSDT,2026-06-03,R2,20377914.7303,21745806.2347,-1367891.5044,-3.247319,8277,8875
SUIUSDT,2026-06-03,W,261143.4472,1370962.1589,-1109818.7117,-67.999197,1,6
SUIUSDT,2026-06-04,M,6124589.2043,9046990.5037,-2922401.2994,-19.26234,401,506
SUIUSDT,2026-06-04,R1,16812504.3182,14934223.2575,1878281.0607,5.916456,100046,85834
SUIUSDT,2026-06-04,R2,32266699.0348,30536276.5167,1730422.5181,2.755319,14213,13350
SUIUSDT,2026-06-04,W,399218.1964,252469.1208,146749.0756,22.518326,3,2
SUIUSDT,2026-06-05,M,3905301.7899,4364689.4579,-459387.668,-5.554875,210,276
SUIUSDT,2026-06-05,R1,19947630.592,19940748.1176,6882.4744,0.017254,130827,120653
SUIUSDT,2026-06-05,R2,31843755.5396,30873546.8027,970208.7369,1.546955,15110,14522
SUIUSDT,2026-06-05,W,2269599.598,334528.18,1935071.418,74.307852,9,1
SUIUSDT,2026-06-06,M,816148.7301,526510.8677,289637.8624,21.57195,49,34
SUIUSDT,2026-06-06,R1,11190776.2767,11366826.9422,-176050.6655,-0.780449,66482,64911
SUIUSDT,2026-06-06,R2,13032711.437,12366527.8074,666183.6296,2.622849,6589,6453
SUIUSDT,2026-06-07,M,1711439.8261,1947748.8621,-236309.036,-6.457963,106,123
SUIUSDT,2026-06-07,R1,11360365.9722,10174848.4063,1185517.5659,5.505019,71019,53263
SUIUSDT,2026-06-07,R2,20089826.7716,20092952.5789,-3125.8073,-0.007779,8848,8701
SUIUSDT,2026-06-07,W,102774.336,156995.406,-54221.07,-20.872743,1,1
SUIUSDT,2026-06-08,M,1521605.6998,2391804.4599,-870198.7601,-22.236329,107,155
SUIUSDT,2026-06-08,R1,6603496.8432,8474863.3522,-1871366.509,-12.410942,41643,53408
SUIUSDT,2026-06-08,R2,11605644.5229,13405719.018,-1800074.4951,-7.197027,5124,5903
SUIUSDT,2026-06-08,W,135236.2499,0.0,135236.2499,100.0,1,0
SUIUSDT,2026-06-09,M,1699944.7807,1681744.7131,18200.0676,0.538195,108,107
SUIUSDT,2026-06-09,R1,5087466.2675,6885709.6057,-1798243.3382,-15.018934,35518,45866
SUIUSDT,2026-06-09,R2,8892687.6428,10449675.9691,-1556988.3263,-8.049628,3898,4673
SUIUSDT,2026-06-09,W,0.0,190780.6737,-190780.6737,-100.0,0,1
SUIUSDT,2026-06-10,M,521432.7732,828255.1218,-306822.3486,-22.732837,25,53
SUIUSDT,2026-06-10,R1,5830423.2719,6320170.8521,-489747.5802,-4.030647,39843,42625
SUIUSDT,2026-06-10,R2,6161167.9278,7358320.9245,-1197152.9967,-8.855017,2997,3432
SUIUSDT,2026-06-11,M,966312.443,850658.7037,115653.7393,6.365194,45,60
SUIUSDT,2026-06-11,R1,5850482.8916,5295009.8192,555473.0724,4.983836,34331,33726
SUIUSDT,2026-06-11,R2,7729692.1301,8169243.5086,-439551.3785,-2.764659,3744,3777
SUIUSDT,2026-06-11,W,0.0,205190.5517,-205190.5517,-100.0,0,2
SUIUSDT,2026-06-12,M,431623.9171,886851.3561,-455227.439,-34.526809,25,59
SUIUSDT,2026-06-12,R1,4264279.144,4782263.9234,-517984.7794,-5.725776,26536,28964
SUIUSDT,2026-06-12,R2,6422854.0394,8903921.2625,-2481067.2231,-16.187797,3111,3726
SUIUSDT,2026-06-12,W,107042.0074,0.0,107042.0074,100.0,1,0
SUIUSDT,2026-06-13,M,844763.6751,764674.6666,80089.0085,4.976209,42,43
SUIUSDT,2026-06-13,R1,3690821.7351,4176960.0677,-486138.3326,-6.178849,22402,29704
SUIUSDT,2026-06-13,R2,5518546.3596,5865076.4097,-346530.0501,-3.04411,2563,2676
SUIUSDT,2026-06-13,W,151751.1577,129351.3057,22399.852,7.968572,1,1
SUIUSDT,2026-06-14,M,2175961.6977,929072.4891,1246889.2086,40.15702,118,52
SUIUSDT,2026-06-14,R1,3176724.6799,3627946.823,-451222.1431,-6.631064,21280,24078
SUIUSDT,2026-06-14,R2,6159044.0932,5307007.6841,852036.4091,7.430949,2549,2365
SUIUSDT,2026-06-14,W,101050.8634,353608.5095,-252557.6461,-55.54876,1,2
SUIUSDT,2026-06-15,M,2166528.2939,1970855.4918,195672.8021,4.729385,121,122
SUIUSDT,2026-06-15,R1,7287316.6518,7043738.7028,243577.949,1.699651,48787,50663
SUIUSDT,2026-06-15,R2,12172831.834,12215423.6168,-42591.7828,-0.174641,5199,5341
SUIUSDT,2026-06-15,W,100208.3603,0.0,100208.3603,100.0,1,0
SUIUSDT,2026-06-16,M,1270176.9997,1596058.0609,-325881.0612,-11.369656,75,99
SUIUSDT,2026-06-16,R1,4071599.9271,4682103.8597,-610503.9326,-6.974236,26326,40271
SUIUSDT,2026-06-16,R2,6961039.2192,8690703.1474,-1729663.9282,-11.050935,3108,3696
SUIUSDT,2026-06-17,M,1041697.6631,1342708.2581,-301010.595,-12.624134,64,79
SUIUSDT,2026-06-17,R1,6259126.1103,5752867.3418,506258.7685,4.214611,38648,39661
SUIUSDT,2026-06-17,R2,7504724.8661,8244612.8685,-739888.0024,-4.697899,3262,3623
SUIUSDT,2026-06-17,W,155895.3669,0.0,155895.3669,100.0,1,0
SUIUSDT,2026-06-18,M,2430815.2347,1826867.1537,603948.081,14.184902,137,101
SUIUSDT,2026-06-18,R1,6537656.6645,5501826.3895,1035830.275,8.603611,37962,37816
SUIUSDT,2026-06-18,R2,9391077.0356,8431077.8951,959999.1405,5.386549,4185,3637
SUIUSDT,2026-06-19,M,875730.4005,991740.6955,-116010.295,-6.21216,36,54
SUIUSDT,2026-06-19,R1,3235102.7431,3294265.5598,-59162.8167,-0.906103,23011,23300
SUIUSDT,2026-06-19,R2,5046628.5198,5310309.9691,-263681.4493,-2.54594,2161,2273
SUIUSDT,2026-06-20,M,1228796.2977,1876179.3815,-647383.0838,-20.84986,69,98
SUIUSDT,2026-06-20,R1,3451021.0184,3152888.7507,298132.2677,4.514481,22045,16961
SUIUSDT,2026-06-20,R2,5855342.6434,6075830.7727,-220488.1293,-1.848,2500,2623
SUIUSDT,2026-06-20,W,135772.2659,132593.02,3179.2459,1.184671,1,1
SUIUSDT,2026-06-21,M,1387790.7005,972596.1078,415194.5927,17.590108,82,60
SUIUSDT,2026-06-21,R1,2631388.1372,2930904.9094,-299516.7722,-5.384772,18892,17286
SUIUSDT,2026-06-21,R2,5298851.6195,5147314.4974,151537.1221,1.450648,2149,2260
SUIUSDT,2026-06-21,W,0.0,130766.8858,-130766.8858,-100.0,0,1
SUIUSDT,2026-06-22,M,1553624.7108,1537014.3915,16610.3193,0.53744,96,98
SUIUSDT,2026-06-22,R1,5427209.3945,4463782.0559,963427.3386,9.740453,33732,27047
SUIUSDT,2026-06-22,R2,8132585.0286,7983239.0032,149346.0254,0.926704,3722,3403
SUIUSDT,2026-06-22,W,188094.3104,0.0,188094.3104,100.0,1,0
SUIUSDT,2026-06-23,M,1675478.4008,1599245.4928,76232.908,2.327919,102,99
SUIUSDT,2026-06-23,R1,5651844.8018,6029541.3009,-377696.4991,-3.233319,38154,35508
SUIUSDT,2026-06-23,R2,7978471.3158,8689180.4095,-710709.0937,-4.264003,3544,3894
SUIUSDT,2026-06-23,W,126728.017,0.0,126728.017,100.0,1,0
SUIUSDT,2026-06-24,M,955719.8042,1448604.6122,-492884.808,-20.499929,67,86
SUIUSDT,2026-06-24,R1,5632965.7638,6155865.282,-522899.5182,-4.43555,37046,42281
SUIUSDT,2026-06-24,R2,9229826.9201,9138465.3359,91361.5842,0.497387,4066,4027
SUIUSDT,2026-06-24,W,0.0,148494.1708,-148494.1708,-100.0,0,1
SUIUSDT,2026-06-25,M,723560.1386,812252.009,-88691.8704,-5.774917,44,56
SUIUSDT,2026-06-25,R1,6724130.2364,5173314.8758,1550815.3606,13.03486,39516,35461
SUIUSDT,2026-06-25,R2,9151772.0286,10420018.9608,-1268246.9322,-6.479974,4107,4351
SUIUSDT,2026-06-26,M,845023.9384,661824.8622,183199.0762,12.157761,46,36
SUIUSDT,2026-06-26,R1,5068894.3094,4794176.3973,274717.9121,2.785318,33261,31346
SUIUSDT,2026-06-26,R2,7765008.9132,8392107.9736,-627099.0604,-3.881256,3600,3815
SUIUSDT,2026-06-26,W,145649.616,0.0,145649.616,100.0,1,0
SUIUSDT,2026-06-27,M,776911.828,1405924.5931,-629012.7651,-28.816303,52,90
SUIUSDT,2026-06-27,R1,3709477.8268,3923761.7294,-214283.9026,-2.807247,19609,23925
SUIUSDT,2026-06-27,R2,6067434.69,5961639.6141,105795.0759,0.879495,2781,2577
SUIUSDT,2026-06-27,W,115219.2546,131009.2,-15789.9454,-6.412722,1,1
SUIUSDT,2026-06-28,M,301277.6773,394565.5098,-93287.8325,-13.406445,19,25
SUIUSDT,2026-06-28,R1,2012263.6875,2108713.8046,-96450.1171,-2.340467,15180,15238
SUIUSDT,2026-06-28,R2,2811624.8142,3085899.3877,-274274.5735,-4.650673,1357,1418
SUIUSDT,2026-06-29,M,711820.7522,663110.4316,48710.3206,3.542746,41,41
SUIUSDT,2026-06-29,R1,3811037.3501,3454253.7566,356783.5935,4.910796,31858,25077
SUIUSDT,2026-06-29,R2,5156062.5953,5242571.6002,-86509.0049,-0.831927,2380,2402
SUIUSDT,2026-06-30,M,1464593.0184,1203473.5248,261119.4936,9.786843,68,67
SUIUSDT,2026-06-30,R1,3222780.743,3216539.2655,6241.4775,0.096928,20725,22274
SUIUSDT,2026-06-30,R2,4472274.072,5302201.4927,-829927.4207,-8.490762,2078,2414
SUIUSDT,2026-06-30,W,107002.1261,0.0,107002.1261,100.0,1,0
SUIUSDT,2026-07-01,M,465279.8595,600339.7792,-135059.9197,-12.674308,30,33
SUIUSDT,2026-07-01,R1,4344852.4962,3939014.209,405838.2872,4.899141,29673,25852
SUIUSDT,2026-07-01,R2,7394959.6865,6885850.5769,509109.1096,3.564988,3440,3173
SUIUSDT,2026-07-02,M,578569.5339,682689.5972,-104120.0633,-8.255248,26,34
SUIUSDT,2026-07-02,R1,3959253.317,3966916.7603,-7663.4433,-0.096685,28374,24202
SUIUSDT,2026-07-02,R2,6571460.6774,6600842.3933,-29381.7159,-0.223057,2973,2958
SUIUSDT,2026-07-03,M,322085.5255,330034.2523,-7948.7268,-1.218906,18,22
SUIUSDT,2026-07-03,R1,5252289.757,5828187.4674,-575897.7104,-5.197409,41901,26990
SUIUSDT,2026-07-03,R2,6140825.9179,5941051.7042,199774.2137,1.653503,2928,2908
SUIUSDT,2026-07-04,M,782015.4345,596680.9273,185334.5072,13.442736,36,28
SUIUSDT,2026-07-04,R1,2886214.0006,2891775.9899,-5561.9893,-0.096262,22861,17486
SUIUSDT,2026-07-04,R2,4024824.3708,4067961.4212,-43137.0504,-0.533031,1861,1887
SUIUSDT,2026-07-04,W,0.0,100686.856,-100686.856,-100.0,0,1
SUIUSDT,2026-07-05,M,981636.2671,1357864.0896,-376227.8225,-16.081546,57,80
SUIUSDT,2026-07-05,R1,3055509.8748,3430993.0713,-375483.1965,-5.788685,18277,20855
SUIUSDT,2026-07-05,R2,3707874.1433,3672159.7679,35714.3754,0.483932,1665,1689
SUIUSDT,2026-07-06,M,1463925.8984,1598782.4104,-134856.512,-4.403178,84,103
SUIUSDT,2026-07-06,R1,4342674.6177,4128359.0527,214315.565,2.529981,26805,25525
SUIUSDT,2026-07-06,R2,5737940.9691,6008377.6762,-270436.7071,-2.30231,2673,2596
SUIUSDT,2026-07-07,M,843728.0988,863158.8643,-19430.7655,-1.138374,53,41
SUIUSDT,2026-07-07,R1,3042620.9986,3096289.8016,-53668.803,-0.87424,19757,23797
SUIUSDT,2026-07-07,R2,4106723.309,4427565.8154,-320842.5064,-3.759452,1886,2092
SUIUSDT,2026-07-08,M,1112894.8601,1314254.9469,-201360.0868,-8.296154,70,72
SUIUSDT,2026-07-08,R1,3372115.5047,3520674.9775,-148559.4728,-2.155288,22180,31182
SUIUSDT,2026-07-08,R2,4857207.339,5359114.5643,-501907.2253,-4.912798,2232,2411
SUIUSDT,2026-07-09,M,365408.1946,352757.7349,12650.4597,1.761495,16,21
SUIUSDT,2026-07-09,R1,2876635.945,2507598.5012,369037.4438,6.854037,17451,17053
SUIUSDT,2026-07-09,R2,2648144.1476,2726188.3437,-78044.1961,-1.452165,1321,1379
SUIUSDT,2026-07-10,M,718809.991,475586.1581,243223.8329,20.363749,33,30
SUIUSDT,2026-07-10,R1,3658412.8953,3158527.5562,499885.3391,7.332987,21234,19192
SUIUSDT,2026-07-10,R2,3806631.0837,4323904.6062,-517273.5225,-6.362109,1889,1983
SUIUSDT,2026-07-11,M,1158922.3353,787018.7199,371903.6154,19.111762,57,45
SUIUSDT,2026-07-11,R1,2750336.8527,2418469.0841,331867.7686,6.420589,16352,16978
SUIUSDT,2026-07-11,R2,3546769.1961,3535578.8171,11190.379,0.158004,1629,1613
SUIUSDT,2026-07-11,W,205276.725,0.0,205276.725,100.0,1,0
SUIUSDT,2026-07-12,M,1327536.4444,1054344.5135,273191.9309,11.469588,83,67
SUIUSDT,2026-07-12,R1,1977925.9261,2248771.3091,-270845.383,-6.407967,13415,15108
SUIUSDT,2026-07-12,R2,3394920.5022,2963478.4325,431442.0697,6.785388,1413,1284
SUIUSDT,2026-07-12,W,0.0,107227.6148,-107227.6148,-100.0,0,1
SUIUSDT,2026-07-13,M,266896.7593,315290.5428,-48393.7835,-8.312408,16,22
SUIUSDT,2026-07-13,R1,2420642.8995,2490489.8949,-69846.9954,-1.422218,17621,18417
SUIUSDT,2026-07-13,R2,2359813.2346,2708638.4396,-348825.205,-6.882283,1247,1345
SUIUSDT,2026-07-13,W,0.0,100167.9575,-100167.9575,-100.0,0,1
SUIUSDT,2026-07-14,M,913026.5743,963699.8901,-50673.3158,-2.700091,59,59
SUIUSDT,2026-07-14,R1,5776702.6644,4183564.4604,1593138.204,15.994935,32925,23351
SUIUSDT,2026-07-14,R2,6154714.5292,6995016.1331,-840301.6039,-6.390257,2916,3204
SUIUSDT,2026-07-14,W,230346.46,0.0,230346.46,100.0,1,0
SUIUSDT,2026-07-15,M,701715.0915,534091.6565,167623.435,13.563887,49,33
SUIUSDT,2026-07-15,R1,3085313.762,3040840.7994,44472.9626,0.725952,17977,17619
SUIUSDT,2026-07-15,R2,4170225.0772,3783922.0322,386303.045,4.856624,1934,1829
SUIUSDT,2026-07-15,W,0.0,135280.296,-135280.296,-100.0,0,1
SUIUSDT,2026-07-16,M,1538547.1046,1481444.3434,57102.7612,1.890825,83,93
SUIUSDT,2026-07-16,R1,3565178.0402,3666713.0059,-101534.9657,-1.403989,21605,20209
SUIUSDT,2026-07-16,R2,5376756.9766,6000922.9341,-624165.9575,-5.485881,2440,2578
SUIUSDT,2026-07-16,W,168596.869,101527.725,67069.144,24.828966,1,1
SUIUSDT,2026-07-17,M,1384771.5186,1466810.5145,-82038.9959,-2.876964,82,89
SUIUSDT,2026-07-17,R1,2491164.1879,2902471.5405,-411307.3526,-7.62579,17415,18832
SUIUSDT,2026-07-17,R2,3873554.2016,4307000.3738,-433446.1722,-5.298494,1746,1861
SUIUSDT,2026-07-18,M,427835.9429,353268.9334,74567.0095,9.546351,26,17
SUIUSDT,2026-07-18,R1,1185050.4424,1708461.3465,-523410.9041,-18.089123,8013,11625
SUIUSDT,2026-07-18,R2,1757284.1496,1981122.0657,-223837.9161,-5.987523,790,939
SUIUSDT,2026-07-19,M,436724.0968,740407.7106,-303683.6138,-25.798607,26,36
SUIUSDT,2026-07-19,R1,1569476.7498,2138689.4965,-569212.7467,-15.350249,10571,13843
SUIUSDT,2026-07-19,R2,2581054.932,2526399.1634,54655.7686,1.070118,1154,1155
SUIUSDT,2026-07-19,W,0.0,719811.3636,-719811.3636,-100.0,0,5
SUIUSDT,2026-07-20,M,791595.8758,885841.8211,-94245.9453,-5.618447,41,55
SUIUSDT,2026-07-20,R1,3621816.7142,3438897.007,182919.7072,2.590669,23943,21407
SUIUSDT,2026-07-20,R2,4599032.8194,4956382.5912,-357349.7718,-3.739762,2124,2164
SUIUSDT,2026-07-21,M,570580.4437,583710.3573,-13129.9136,-1.137488,33,33
SUIUSDT,2026-07-21,R1,2572164.595,3143272.2613,-571107.6663,-9.992371,16935,15783
SUIUSDT,2026-07-21,R2,3376270.8662,3914864.0535,-538593.1873,-7.38696,1571,1820
SUIUSDT,2026-07-21,W,173936.455,0.0,173936.455,100.0,1,0
SUIUSDT,2026-07-22,M,1358684.8738,933793.9314,424890.9424,18.534127,87,48
SUIUSDT,2026-07-22,R1,3486292.8805,4042785.2437,-556492.3632,-7.391242,22780,24502
SUIUSDT,2026-07-22,R2,6144076.6181,6295563.592,-151486.9739,-1.217776,2646,2877
SUIUSDT,2026-07-23,M,572245.6187,738160.0283,-165914.4096,-12.661301,38,42
SUIUSDT,2026-07-23,R1,2501369.242,3498631.4775,-997262.2355,-16.621035,15634,21838
SUIUSDT,2026-07-23,R2,4025039.5727,3928232.6986,96806.8741,1.217196,1830,1817
SUIUSDT,2026-07-24,M,367484.5347,642647.8709,-275163.3362,-27.240324,25,46
SUIUSDT,2026-07-24,R1,4613547.2134,3547932.7498,1065614.4636,13.056633,23874,18996
SUIUSDT,2026-07-24,R2,5558197.9902,5257160.3487,301037.6415,2.783427,2510,2339
SUIUSDT,2026-07-25,M,392098.56,331689.4134,60409.1466,8.346249,26,22
SUIUSDT,2026-07-25,R1,1857053.9191,1887171.2973,-30117.3782,-0.804369,10854,10156
SUIUSDT,2026-07-25,R2,2178579.3328,2203599.2024,-25019.8696,-0.570946,1006,989
SUIUSDT,2026-07-25,W,0.0,120945.6366,-120945.6366,-100.0,0,1
SUIUSDT,2026-07-26,M,315811.6044,289331.4931,26480.1113,4.375843,21,20
SUIUSDT,2026-07-26,R1,2092693.0324,1851868.2987,240824.7337,6.105235,12145,11473
SUIUSDT,2026-07-26,R2,2164519.8382,2147197.5669,17322.2713,0.401749,1013,1033
SUIUSDT,2026-07-27,M,598588.0611,924158.4073,-325570.3462,-21.38047,34,63
SUIUSDT,2026-07-27,R1,3636648.612,4151844.2041,-515195.5921,-6.61483,20796,28394
SUIUSDT,2026-07-27,R2,4043485.9782,5129100.4938,-1085614.5156,-11.835424,1857,2307
SUIUSDT,2026-07-28,M,531100.1455,684171.0141,-153070.8686,-12.595614,33,45
SUIUSDT,2026-07-28,R1,2569912.3402,2579846.3945,-9934.0543,-0.192903,16164,14474
SUIUSDT,2026-07-28,R2,3694025.5375,3840514.7233,-146489.1858,-1.944235,1719,1778
SUIUSDT,2026-07-29,M,283132.1347,399580.8798,-116448.7451,-17.056764,18,28
SUIUSDT,2026-07-29,R1,2259640.4354,2356534.3037,-96893.8683,-2.099008,17675,15267
SUIUSDT,2026-07-29,R2,2376282.0826,3204345.0002,-828062.9176,-14.83817,1180,1490
SUIUSDT,2026-07-30,M,216665.2816,242921.8165,-26256.5349,-5.71307,16,12
SUIUSDT,2026-07-30,R1,1971002.0809,1985329.7129,-14327.632,-0.362144,12251,13133
SUIUSDT,2026-07-30,R2,2901008.9133,2715342.5453,185666.368,3.305818,1311,1260
SUIUSDT,2026-07-31,M,149149.7492,453431.6916,-304281.9424,-50.496401,7,30
SUIUSDT,2026-07-31,R1,2115546.471,2171044.9461,-55498.4751,-1.294699,14045,13222
SUIUSDT,2026-07-31,R2,2118275.3543,2648527.0504,-530251.6961,-11.123845,1079,1237
SUIUSDT,2026-07-31,W,0.0,153471.4622,-153471.4622,-100.0,0,1
SUIUSDT,2026-08-01,M,333458.6832,436910.6155,-103451.9323,-13.428875,24,33
SUIUSDT,2026-08-01,R1,1304359.2315,1417752.9087,-113393.6772,-4.16565,9091,11001
SUIUSDT,2026-08-01,R2,1964205.4804,1958475.6597,5729.8207,0.146069,806,828
SUIUSDT,2026-08-02,M,496814.6799,680756.2035,-183941.5236,-15.62042,35,46
SUIUSDT,2026-08-02,R1,1695490.441,1406418.2313,289072.2097,9.319172,10516,8051
SUIUSDT,2026-08-02,R2,2341544.3916,2625775.2913,-284230.8997,-5.722017,995,1103
SUIUSDT,2026-08-03,M,362114.0786,223946.649,138167.4296,23.575617,18,16
SUIUSDT,2026-08-03,R1,1564340.5913,2065738.4967,-501397.9054,-13.812314,11110,18532
SUIUSDT,2026-08-03,R2,1968434.627,2171104.9243,-202670.2973,-4.895962,915,986
SUIUSDT,2026-08-04,M,138031.2474,211200.4749,-73169.2275,-20.951484,11,14
SUIUSDT,2026-08-04,R1,1446726.4803,1314994.1521,131732.3282,4.769937,9639,10115
SUIUSDT,2026-08-04,R2,1991504.5661,1491339.0129,500165.5532,14.360839,906,686
SUIUSDT,2026-08-05,M,332521.1094,316881.0526,15640.0568,2.408378,22,18
SUIUSDT,2026-08-05,R1,1550995.1599,1848429.3801,-297434.2202,-8.749546,10994,12333
SUIUSDT,2026-08-05,R2,2222249.8322,2413289.6931,-191039.8609,-4.1212,948,1042
SUIUSDT,2026-08-06,M,417531.8206,362533.7003,54998.1203,7.050449,28,27
SUIUSDT,2026-08-06,R1,2086135.1668,2376988.2855,-290853.1187,-6.516806,12891,14397
SUIUSDT,2026-08-06,R2,4015771.514,3556785.9202,458985.5938,6.06117,1680,1570
SUIUSDT,2026-08-07,M,399068.3504,448835.3682,-49767.0178,-5.869419,27,33
SUIUSDT,2026-08-07,R1,4002474.5793,2704667.9105,1297806.6688,19.349621,32956,15568
SUIUSDT,2026-08-07,R2,4861207.5189,5022221.9199,-161014.401,-1.629135,2193,2110
SUIUSDT,2026-08-08,M,558941.8366,541675.995,17265.8416,1.568741,33,37
SUIUSDT,2026-08-08,R1,3423158.6849,2338665.0145,1084493.6704,18.822056,32466,11662
SUIUSDT,2026-08-08,R2,4242999.7962,4220342.3041,22657.4921,0.267713,2008,1859
SUIUSDT,2026-08-09,M,297905.4252,416831.0134,-118925.5882,-16.639083,16,26
SUIUSDT,2026-08-09,R1,1932522.849,1833095.176,99427.673,2.640408,11343,11447
SUIUSDT,2026-08-09,R2,3050260.4795,3306953.8845,-256693.405,-4.037828,1356,1420
SUIUSDT,2026-08-10,M,145005.9736,350436.3089,-205430.3353,-41.46403,10,17
SUIUSDT,2026-08-10,R1,2425365.4477,2528924.1115,-103558.6638,-2.090283,13556,15192
SUIUSDT,2026-08-10,R2,3461021.6961,3852258.7518,-391237.0557,-5.349679,1681,1947
SUIUSDT,2026-08-11,M,321388.7412,396162.8913,-74774.1501,-10.420734,18,26
SUIUSDT,2026-08-11,R1,2723222.9725,2182932.9113,540290.0612,11.012493,14842,12641
SUIUSDT,2026-08-11,R2,4094551.2493,3909449.4439,185101.8054,2.312616,1887,1744
SUIUSDT,2026-08-12,M,332833.8591,412208.9364,-79375.0773,-10.653761,23,23
SUIUSDT,2026-08-12,R1,2452759.2253,2627356.4831,-174597.2578,-3.436876,11834,20052
SUIUSDT,2026-08-12,R2,3758270.9434,3485983.6474,272287.296,3.758665,1681,1586
SUIUSDT,2026-08-12,W,115065.341,0.0,115065.341,100.0,1,0
SUIUSDT,2026-08-13,M,243764.1295,240738.9019,3025.2276,0.624398,16,16
SUIUSDT,2026-08-13,R1,2014217.2257,1799713.4786,214503.7471,5.624217,9564,9856
SUIUSDT,2026-08-13,R2,3566927.6984,3043399.5997,523528.0987,7.919851,1672,1422
SUIUSDT,2026-08-14,M,563821.999,669322.1585,-105500.1595,-8.555379,35,41
SUIUSDT,2026-08-14,R1,1897870.6209,2020497.142,-122626.5211,-3.129531,11881,14969
SUIUSDT,2026-08-14,R2,3626878.9065,3785107.1096,-158228.2031,-2.134761,1626,1622
SUIUSDT,2026-08-15,M,126616.4394,216672.2096,-90055.7702,-26.23325,9,16
SUIUSDT,2026-08-15,R1,872671.0609,868400.9363,4270.1246,0.245258,5679,5324
SUIUSDT,2026-08-15,R2,1353205.4155,1477236.4753,-124031.0598,-4.382039,600,647
SUIUSDT,2026-08-16,M,189151.2534,311244.2237,-122092.9703,-24.399295,10,16
SUIUSDT,2026-08-16,R1,884555.088,908500.3844,-23945.2964,-1.335446,5978,7530
SUIUSDT,2026-08-16,R2,1170672.4572,1237082.1053,-66409.6481,-2.758157,538,542
SUIUSDT,2026-08-16,W,147796.9532,0.0,147796.9532,100.0,1,0
SUIUSDT,2026-08-17,M,76419.505,180469.4507,-104049.9457,-40.503861,6,11
SUIUSDT,2026-08-17,R1,1493347.2185,1144999.7272,348347.4913,13.203248,8871,6836
SUIUSDT,2026-08-17,R2,2189166.7038,2887805.5093,-698638.8055,-13.760934,1038,1175
SUIUSDT,2026-08-18,M,1325964.4217,1353303.2971,-27338.8754,-1.020386,87,82
SUIUSDT,2026-08-18,R1,4652549.4773,4715080.5861,-62531.1088,-0.667523,25338,29677
SUIUSDT,2026-08-18,R2,8741002.5356,8277567.199,463435.3366,2.723116,3754,3537
SUIUSDT,2026-08-18,W,0.0,100545.575,-100545.575,-100.0,0,1
SUIUSDT,2026-08-19,M,1825086.8737,1582609.4243,242477.4494,7.115583,121,102
SUIUSDT,2026-08-19,R1,6552659.8282,6600089.0969,-47429.2687,-0.360603,37307,35005
SUIUSDT,2026-08-19,R2,10732067.8348,11595548.3315,-863480.4967,-3.867321,4979,5380
SUIUSDT,2026-08-19,W,442609.8109,0.0,442609.8109,100.0,2,0
SUIUSDT,2026-08-20,M,2459306.1402,1899882.1088,559424.0314,12.833216,148,112
SUIUSDT,2026-08-20,R1,8814614.1636,7263712.1781,1550901.9855,9.645917,48743,38274
SUIUSDT,2026-08-20,R2,13574649.4433,12193430.3422,1381219.1011,5.360194,6652,5818
SUIUSDT,2026-08-20,W,527355.8982,0.0,527355.8982,100.0,4,0
SUIUSDT,2026-08-21,M,5854159.2241,5280782.9556,573376.2685,5.149342,341,299
SUIUSDT,2026-08-21,R1,18875580.8458,16391335.6535,2484245.1923,7.044124,102045,87965
SUIUSDT,2026-08-21,R2,29007573.4755,25087407.0565,3920166.419,7.246821,14265,12022
SUIUSDT,2026-08-21,W,828402.4655,572802.1131,255600.3524,18.241473,5,3
SUIUSDT,2026-08-22,M,6039519.2107,6057595.1183,-18075.9076,-0.149423,393,377
SUIUSDT,2026-08-22,R1,33898805.3179,33341683.7199,557121.598,0.828551,231763,226832
SUIUSDT,2026-08-22,R2,26002592.6206,28315254.3709,-2312661.7503,-4.257646,12105,13601
SUIUSDT,2026-08-22,W,1162605.5066,168247.0935,994358.4131,74.715894,5,1
SUIUSDT,2026-08-23,M,2124535.4714,4737601.2341,-2613065.7627,-38.079477,146,257
SUIUSDT,2026-08-23,R1,15838116.9007,16695638.4933,-857521.5926,-2.63579,82888,85979
SUIUSDT,2026-08-23,R2,20781489.6691,22949985.2265,-2168495.5574,-4.958661,9661,10905
SUIUSDT,2026-08-23,W,109098.488,843903.4525,-734804.9645,-77.104246,1,5
SUIUSDT,2026-08-24,M,3181305.2628,3845259.8036,-663954.5408,-9.449205,184,209
SUIUSDT,2026-08-24,R1,16869958.4587,15625130.5337,1244827.925,3.830819,102407,88072
SUIUSDT,2026-08-24,R2,18228241.2864,19659848.9407,-1431607.6543,-3.778516,8951,9751
SUIUSDT,2026-08-24,W,489423.6308,100035.064,389388.5668,66.058669,2,1
SUIUSDT,2026-08-25,M,3224042.5298,4223207.3097,-999164.7799,-13.41656,189,252
SUIUSDT,2026-08-25,R1,11944112.6232,11988999.139,-44886.5158,-0.18755,57812,62060
SUIUSDT,2026-08-25,R2,18193435.3116,21122214.5363,-2928779.2247,-7.449398,8544,10016
SUIUSDT,2026-08-25,W,601288.6823,755177.6826,-153889.0003,-11.344845,3,4
SUIUSDT,2026-08-26,M,2134906.4056,2184533.9994,-49627.5938,-1.148936,129,136
SUIUSDT,2026-08-26,R1,7098831.7147,7342505.4709,-243673.7562,-1.687335,36300,44986
SUIUSDT,2026-08-26,R2,11390828.1818,12198829.4643,-808001.2825,-3.425235,5342,6003
SUIUSDT,2026-08-26,W,146069.6028,104381.9504,41687.6524,16.644997,1,1
SUIUSDT,2026-08-27,M,3286829.524,4134012.6957,-847183.1717,-11.416267,210,262
SUIUSDT,2026-08-27,R1,9192396.2638,8204397.3379,987998.9259,5.679201,45418,66665
SUIUSDT,2026-08-27,R2,19680532.9611,17266332.4838,2414200.4773,6.53425,8393,7347
SUIUSDT,2026-08-27,W,240875.1219,421952.784,-181077.6621,-27.318956,2,3
SUIUSDT,2026-08-28,M,2347999.0882,2579741.8032,-231742.715,-4.702819,124,148
SUIUSDT,2026-08-28,R1,7587191.1966,7368709.2222,218481.9744,1.460841,44559,45225
SUIUSDT,2026-08-28,R2,14785650.8309,14584403.5416,201247.2893,0.685213,6324,6246
SUIUSDT,2026-08-28,W,262308.36,0.0,262308.36,100.0,1,0
SUIUSDT,2026-08-29,M,1303015.7543,1395542.1271,-92526.3728,-3.428734,69,72
SUIUSDT,2026-08-29,R1,2782534.963,2801050.0931,-18515.1301,-0.331599,15194,16787
SUIUSDT,2026-08-29,R2,6444774.829,6141583.8182,303191.0108,2.408886,2765,2622
SUIUSDT,2026-08-30,M,2207719.1955,3356563.6719,-1148844.4764,-20.646766,101,166
SUIUSDT,2026-08-30,R1,5972109.3037,7050320.8486,-1078211.5449,-8.279649,30135,47155
SUIUSDT,2026-08-30,R2,11295660.3886,12567641.279,-1271980.8904,-5.33028,5021,5583
SUIUSDT,2026-08-30,W,336017.9647,603191.0889,-267173.1242,-28.446609,2,4
SUIUSDT,2026-08-31,M,3082191.0815,3554352.723,-472161.6415,-7.114571,161,197
SUIUSDT,2026-08-31,R1,5698258.8464,5522174.0765,176084.7699,1.569322,29207,29571
SUIUSDT,2026-08-31,R2,12641908.7776,14246576.9678,-1604668.1902,-5.967864,4896,5848
SUIUSDT,2026-08-31,W,196108.461,710257.3235,-514148.8625,-56.72642,1,6
SUIUSDT,2026-09-01,M,2902876.2141,2509846.0955,393030.1186,7.261228,161,150
SUIUSDT,2026-09-01,R1,6197565.0555,4958002.6595,1239562.396,11.111603,31631,29293
SUIUSDT,2026-09-01,R2,11355859.9442,12553137.4375,-1197277.4933,-5.007644,4632,4865
SUIUSDT,2026-09-01,W,588422.9336,0.0,588422.9336,100.0,4,0
TAOUSDT,2026-03-04,M,1694854.6806,2360908.7583,-666054.0777,-16.422409,103,116
TAOUSDT,2026-03-04,R1,5029244.0064,4453334.3435,575909.6629,6.073345,41876,31488
TAOUSDT,2026-03-04,R2,6942384.9692,6752247.2477,190137.7215,1.388411,3018,2811
TAOUSDT,2026-03-04,W,358436.475,0.0,358436.475,100.0,2,0
TAOUSDT,2026-03-05,M,1070640.1875,1203123.7379,-132483.5504,-5.826619,67,63
TAOUSDT,2026-03-05,R1,2443785.4491,2580201.7457,-136416.2966,-2.715299,15411,26206
TAOUSDT,2026-03-05,R2,4991577.0698,4897238.8627,94338.2071,0.953989,2066,2043
TAOUSDT,2026-03-05,W,107646.0904,0.0,107646.0904,100.0,1,0
TAOUSDT,2026-03-06,M,977938.5551,1196854.7599,-218916.2048,-10.066069,53,63
TAOUSDT,2026-03-06,R1,1998618.5114,2671577.1719,-672958.6605,-14.409646,11050,15425
TAOUSDT,2026-03-06,R2,4375052.6839,4624122.9542,-249070.2703,-2.767701,1786,1881
TAOUSDT,2026-03-06,W,108761.5114,0.0,108761.5114,100.0,1,0
TAOUSDT,2026-03-07,M,1559266.2098,1555600.3138,3665.896,0.11769,94,87
TAOUSDT,2026-03-07,R1,3207692.9956,3941581.4214,-733888.4258,-10.265216,26060,30050
TAOUSDT,2026-03-07,R2,6714806.0356,6874576.844,-159770.8084,-1.175703,2748,2903
TAOUSDT,2026-03-08,M,1253139.1266,1509536.2121,-256397.0855,-9.280753,80,95
TAOUSDT,2026-03-08,R1,3102913.3731,2667734.2554,435179.1177,7.541253,28069,13244
TAOUSDT,2026-03-08,R2,4968632.4082,5793494.4847,-824862.0765,-7.664489,1993,2256
TAOUSDT,2026-03-08,W,0.0,125683.7225,-125683.7225,-100.0,0,1
TAOUSDT,2026-03-09,M,2387509.6473,1893930.9302,493578.7171,11.528333,139,116
TAOUSDT,2026-03-09,R1,6406671.2435,4879610.379,1527060.8645,13.530239,63870,31495
TAOUSDT,2026-03-09,R2,10531298.6438,10155358.91,375939.7338,1.817305,4055,4008
TAOUSDT,2026-03-10,M,2211990.7417,2237770.0111,-25779.2694,-0.579341,128,124
TAOUSDT,2026-03-10,R1,3950944.9053,5146356.0118,-1195411.1065,-13.140283,23975,43879
TAOUSDT,2026-03-10,R2,9797848.2338,8351113.1273,1446735.1065,7.971448,3859,3459
TAOUSDT,2026-03-11,M,1425813.5772,1489576.0609,-63762.4837,-2.1871,89,86
TAOUSDT,2026-03-11,R1,2357084.6502,2600814.42,-243729.7698,-4.915989,13424,15753
TAOUSDT,2026-03-11,R2,5490461.6699,5229453.4856,261008.1843,2.434797,2187,2191
TAOUSDT,2026-03-11,W,0.0,100074.4731,-100074.4731,-100.0,0,1
TAOUSDT,2026-03-12,M,2525056.8603,1942312.9922,582743.8681,13.044451,156,126
TAOUSDT,2026-03-12,R1,4135050.9984,4436536.0343,-301485.0359,-3.51726,23339,26626
TAOUSDT,2026-03-12,R2,7561090.8335,6966988.4438,594102.3897,4.089339,3013,2803
TAOUSDT,2026-03-12,W,105452.3638,139347.64,-33895.2762,-13.846109,1,1
TAOUSDT,2026-03-13,M,6054056.235,6091755.78,-37699.545,-0.310391,338,338
TAOUSDT,2026-03-13,R1,8580755.2953,10097554.1025,-1516798.8072,-8.120643,51581,71434
TAOUSDT,2026-03-13,R2,21867161.1488,20452864.4046,1414296.7442,3.341909,8658,8273
TAOUSDT,2026-03-13,W,425873.0842,572083.5806,-146210.4964,-14.650987,3,4
TAOUSDT,2026-03-14,M,3121293.9528,2965875.6516,155418.3012,2.553211,195,162
TAOUSDT,2026-03-14,R1,4601428.022,4595765.8051,5662.2169,0.061565,22438,22298
TAOUSDT,2026-03-14,R2,9178394.1366,8628704.3561,549689.7805,3.086914,3577,3460
TAOUSDT,2026-03-14,W,0.0,146650.0366,-146650.0366,-100.0,0,1
TAOUSDT,2026-03-15,M,6594503.4223,6180753.0803,413750.342,3.238685,357,343
TAOUSDT,2026-03-15,R1,14399483.1996,13147193.8428,1252289.3568,4.546063,67775,65947
TAOUSDT,2026-03-15,R2,31698818.8681,28292781.5727,3406037.2954,5.677524,13252,12047
TAOUSDT,2026-03-15,W,870411.7174,572130.9681,298280.7493,20.67743,6,4
TAOUSDT,2026-03-16,M,5193623.7906,6709058.4527,-1515434.6621,-12.731875,319,355
TAOUSDT,2026-03-16,R1,12603550.0344,10914322.9506,1689227.0838,7.182738,69557,61392
TAOUSDT,2026-03-16,R2,29671683.5723,29729212.9368,-57529.3645,-0.096849,12483,12282
TAOUSDT,2026-03-16,W,1011702.7926,0.0,1011702.7926,100.0,6,0
TAOUSDT,2026-03-17,M,3938729.5518,6029138.1263,-2090408.5745,-20.971472,232,317
TAOUSDT,2026-03-17,R1,7141861.1646,5887717.5725,1254143.5921,9.625358,51377,29312
TAOUSDT,2026-03-17,R2,14849305.5509,15886712.0275,-1037406.4766,-3.375214,6398,6747
TAOUSDT,2026-03-17,W,0.0,107462.985,-107462.985,-100.0,0,1
TAOUSDT,2026-03-18,M,3120183.0774,4403638.2752,-1283455.1978,-17.058555,176,249
TAOUSDT,2026-03-18,R1,8085444.6376,5048645.913,3036798.7246,23.1215,67346,26410
TAOUSDT,2026-03-18,R2,13058940.6392,14751012.5492,-1692071.91,-6.084411,5348,5770
TAOUSDT,2026-03-18,W,484012.9522,156153.4513,327859.5009,51.214731,2,1
TAOUSDT,2026-03-19,M,6033454.1437,5927586.1365,105868.0072,0.885107,285,307
TAOUSDT,2026-03-19,R1,10103062.0626,7384780.7081,2718281.3545,15.543835,60505,46294
TAOUSDT,2026-03-19,R2,19413906.385,19205779.9224,208126.4626,0.538913,8119,7615
TAOUSDT,2026-03-19,W,977879.6951,431625.2788,546254.4163,38.755054,5,3
TAOUSDT,2026-03-20,M,13191809.9191,13190380.8963,1429.0228,0.005417,702,731
TAOUSDT,2026-03-20,R1,12084405.5969,13002156.3377,-917750.7408,-3.658336,65750,104332
TAOUSDT,2026-03-20,R2,37023633.802,34544061.625,2479572.177,3.464653,14710,13748
TAOUSDT,2026-03-20,W,2549241.8212,993590.8037,1555651.0175,43.909808,13,7
TAOUSDT,2026-03-21,M,3645858.5384,3768955.7556,-123097.2172,-1.660152,208,207
TAOUSDT,2026-03-21,R1,4903406.747,5934470.4604,-1031063.7134,-9.513521,26006,43879
TAOUSDT,2026-03-21,R2,9875234.0437,9959186.4618,-83952.4181,-0.423266,4091,4091
TAOUSDT,2026-03-21,W,598121.205,665005.859,-66884.654,-5.295164,2,4
TAOUSDT,2026-03-22,M,4839201.611,5761068.7218,-921867.1108,-8.696638,267,343
TAOUSDT,2026-03-22,R1,6280425.3846,6697344.9071,-416919.5225,-3.212567,37387,45599
TAOUSDT,2026-03-22,R2,12735965.2026,12611301.2194,124663.9832,0.491824,4946,4814
TAOUSDT,2026-03-22,W,230428.4548,0.0,230428.4548,100.0,2,0
TAOUSDT,2026-03-23,M,9304063.0818,8436069.6277,867993.4541,4.892824,506,471
TAOUSDT,2026-03-23,R1,9900287.8984,10136270.05,-235982.1516,-1.177758,59184,75085
TAOUSDT,2026-03-23,R2,26101729.6458,23698004.27,2403725.3758,4.826784,10507,9608
TAOUSDT,2026-03-23,W,723265.6182,1020733.7171,-297468.0989,-17.056664,3,6
TAOUSDT,2026-03-24,M,18933884.5853,17693968.8728,1239915.7125,3.385172,997,964
TAOUSDT,2026-03-24,R1,18395003.4971,16928321.727,1466681.7701,4.152162,134154,116356
TAOUSDT,2026-03-24,R2,50581801.8847,46511819.8327,4069982.052,4.191812,19536,18490
TAOUSDT,2026-03-24,W,3929922.9166,2957311.5814,972611.3352,14.121943,21,18
TAOUSDT,2026-03-25,M,20524881.5732,19573742.4801,951139.0931,2.371999,1131,1112
TAOUSDT,2026-03-25,R1,20462157.8043,21112547.2391,-650389.4348,-1.564387,110760,122709
TAOUSDT,2026-03-25,R2,61965627.1936,53293686.1478,8671941.0458,7.523853,25424,22193
TAOUSDT,2026-03-25,W,2225621.0058,1651089.6975,574531.3083,14.820072,11,12
TAOUSDT,2026-03-26,M,11584072.7383,15763789.2174,-4179716.4791,-15.283522,672,909
TAOUSDT,2026-03-26,R1,12333644.9922,12746761.7273,-413116.7351,-1.647169,97844,97437
TAOUSDT,2026-03-26,R2,34580224.8236,36106333.7443,-1526108.9207,-2.15898,12954,13369
TAOUSDT,2026-03-26,W,1733763.9426,1231308.1955,502455.7471,16.945819,9,8
TAOUSDT,2026-03-27,M,10375928.7999,14656575.0897,-4280646.2898,-17.100352,557,730
TAOUSDT,2026-03-27,R1,11010537.9082,10772539.5954,237998.3128,1.092584,104237,73029
TAOUSDT,2026-03-27,R2,23615864.9995,27039197.8622,-3423332.8627,-6.758126,9673,10658
TAOUSDT,2026-03-27,W,1622522.3138,1819675.6998,-197153.386,-5.727543,8,13
TAOUSDT,2026-03-28,M,6016290.4002,8139325.4566,-2123035.0564,-14.997829,321,412
TAOUSDT,2026-03-28,R1,5605502.4795,6040100.9561,-434598.4766,-3.731867,35454,47067
TAOUSDT,2026-03-28,R2,17742219.8991,16660176.8789,1082043.0202,3.145255,6967,6449
TAOUSDT,2026-03-28,W,1468884.4462,2162618.2784,-693733.8322,-19.103217,5,7
TAOUSDT,2026-03-29,M,3312748.0385,3818758.9187,-506010.8802,-7.095427,191,219
TAOUSDT,2026-03-29,R1,3557569.6792,3533770.2424,23799.4368,0.335613,19605,19956
TAOUSDT,2026-03-29,R2,11080856.2866,11936309.8741,-855453.5875,-3.71659,4499,4701
TAOUSDT,2026-03-29,W,129091.0909,0.0,129091.0909,100.0,1,0
TAOUSDT,2026-03-30,M,7113511.9119,8008105.057,-894593.1451,-5.915989,375,407
TAOUSDT,2026-03-30,R1,7711122.7675,7109426.7205,601696.047,4.059877,43856,52933
TAOUSDT,2026-03-30,R2,20076579.3427,17606206.6698,2470372.6729,6.555706,7913,6716
TAOUSDT,2026-03-30,W,424791.2766,574986.4157,-150195.1391,-15.022854,2,5
TAOUSDT,2026-03-31,M,4600603.3059,6205583.4108,-1604980.1049,-14.852419,244,341
TAOUSDT,2026-03-31,R1,6522262.1733,6443203.2867,79058.8866,0.609765,67426,58790
TAOUSDT,2026-03-31,R2,13142318.181,13373502.0597,-231183.8787,-0.871871,4755,4737
TAOUSDT,2026-03-31,W,557165.3876,436954.8241,120210.5635,12.092156,3,3
TAOUSDT,2026-04-01,M,8892474.5406,10447306.3059,-1554831.7653,-8.039552,498,535
TAOUSDT,2026-04-01,R1,7769048.9725,9066482.8547,-1297433.8822,-7.706522,60876,79412
TAOUSDT,2026-04-01,R2,22248547.0226,23280090.6418,-1031543.6192,-2.265703,8134,8940
TAOUSDT,2026-04-01,W,1866559.9996,1513437.3377,353122.6619,10.447424,10,8
TAOUSDT,2026-04-02,M,6912643.6724,8564968.7869,-1652325.1145,-10.675581,383,428
TAOUSDT,2026-04-02,R1,6207189.601,6899199.9542,-692010.3532,-5.279946,52346,60432
TAOUSDT,2026-04-02,R2,15548268.5491,16058580.2954,-510311.7463,-1.614561,5562,5640
TAOUSDT,2026-04-02,W,1517963.9944,1393257.3627,124706.6317,4.283653,9,8
TAOUSDT,2026-04-03,M,3296699.6991,3787762.1788,-491062.4797,-6.931542,192,206
TAOUSDT,2026-04-03,R1,3723340.0123,4322058.0634,-598718.0511,-7.441746,35216,38047
TAOUSDT,2026-04-03,R2,9387323.753,9010959.5977,376364.1553,2.045648,3529,3363
TAOUSDT,2026-04-03,W,0.0,554224.0598,-554224.0598,-100.0,0,2
TAOUSDT,2026-04-04,M,1647486.2231,2001790.5981,-354304.375,-9.708893,91,109
TAOUSDT,2026-04-04,R1,2214010.5318,2945654.0271,-731643.4953,-14.180059,20811,26371
TAOUSDT,2026-04-04,R2,6162482.1228,6217061.2466,-54579.1238,-0.440882,2281,2363
TAOUSDT,2026-04-05,M,1922319.0385,2100581.8597,-178262.8212,-4.431201,103,121
TAOUSDT,2026-04-05,R1,4149678.8604,3730796.071,418882.7894,5.315451,31445,27241
TAOUSDT,2026-04-05,R2,5696974.924,5819304.1473,-122329.2233,-1.062229,2420,2433
TAOUSDT,2026-04-05,W,350106.0623,124297.0893,225808.973,47.59854,2,1
TAOUSDT,2026-04-06,M,7199258.4025,7028225.4072,171032.9953,1.202131,400,362
TAOUSDT,2026-04-06,R1,7550167.4067,8858725.0938,-1308557.6871,-7.974686,64946,65449
TAOUSDT,2026-04-06,R2,14814169.5178,15019891.5489,-205722.0311,-0.689554,5608,5729
TAOUSDT,2026-04-06,W,729224.1916,382850.464,346373.7276,31.146625,3,2
TAOUSDT,2026-04-07,M,9627857.26,9384403.4291,243453.8309,1.28051,555,504
TAOUSDT,2026-04-07,R1,12628794.3185,13195386.535,-566592.2165,-2.194038,57985,69818
TAOUSDT,2026-04-07,R2,35809578.8596,34422615.9399,1386962.9197,1.974825,14656,14429
TAOUSDT,2026-04-07,W,1004634.219,395254.0569,609380.1621,43.530628,6,3
TAOUSDT,2026-04-08,M,11152372.7774,12769770.6377,-1617397.8603,-6.761091,673,780
TAOUSDT,2026-04-08,R1,28149479.4308,27264237.726,885241.7048,1.597514,132213,118644
TAOUSDT,2026-04-08,R2,39737709.9266,40739057.9053,-1001347.9787,-1.24427,16238,16378
TAOUSDT,2026-04-08,W,402892.7512,290834.3276,112058.4236,16.153099,3,2
TAOUSDT,2026-04-09,M,32635382.3806,32227521.9142,407860.4664,0.628804,1927,1855
TAOUSDT,2026-04-09,R1,59182774.2576,64326019.0287,-5143244.7711,-4.164274,178131,212326
TAOUSDT,2026-04-09,R2,81861814.3483,81937855.2949,-76040.9466,-0.046423,38924,38457
TAOUSDT,2026-04-09,W,176786.1367,106102.62,70683.5167,24.986329,1,1
TAOUSDT,2026-04-10,M,21042274.9228,27556884.7267,-6514609.8039,-13.404779,1147,1456
TAOUSDT,2026-04-10,R1,28002739.3888,56386414.9879,-28383675.5991,-33.634269,143515,209186
TAOUSDT,2026-04-10,R2,68605273.3905,69980855.1847,-1375581.7942,-0.992583,27375,26192
TAOUSDT,2026-04-10,W,2145432.0385,3416634.4021,-1271202.3636,-22.854858,15,16
TAOUSDT,2026-04-11,M,5254770.1917,4872614.7587,382155.433,3.773486,290,281
TAOUSDT,2026-04-11,R1,6337604.1073,5815831.5979,521772.5094,4.29321,36182,26361
TAOUSDT,2026-04-11,R2,14718063.3561,14960544.2359,-242480.8798,-0.817022,5567,5825
TAOUSDT,2026-04-11,W,667358.4929,0.0,667358.4929,100.0,4,0
TAOUSDT,2026-04-12,M,3642865.2995,5128307.231,-1485441.9315,-16.9355,198,257
TAOUSDT,2026-04-12,R1,3523902.1768,4187756.2926,-663854.1158,-8.608448,20577,24052
TAOUSDT,2026-04-12,R2,9210107.0043,11431498.243,-2221391.2387,-10.761717,3499,4269
TAOUSDT,2026-04-12,W,1555545.2306,182586.1079,1372959.1227,78.990528,6,1
TAOUSDT,2026-04-13,M,3475044.2663,3874819.0875,-399774.8212,-5.439214,182,204
TAOUSDT,2026-04-13,R1,4102684.5344,4349822.0385,-247137.5041,-2.923837,24663,25065
TAOUSDT,2026-04-13,R2,11867819.5286,11977358.3451,-109538.8165,-0.459375,4233,4509
TAOUSDT,2026-04-13,W,421035.3835,251721.5805,169313.803,25.167157,1,1
TAOUSDT,2026-04-14,M,4537624.8328,7318853.9321,-2781229.0993,-23.457463,259,387
TAOUSDT,2026-04-14,R1,3819551.2722,6046794.2259,-2227242.9537,-22.574143,22020,38909
TAOUSDT,2026-04-14,R2,13410748.0412,15653949.8179,-2243201.7767,-7.71796,5053,5891
TAOUSDT,2026-04-14,W,732381.7955,388333.0694,344048.7261,30.699042,5,3
TAOUSDT,2026-04-15,M,1998646.7355,2186541.417,-187894.6815,-4.489516,119,123
TAOUSDT,2026-04-15,R1,3461194.1919,3087726.5911,373467.6008,5.702735,18933,17734
TAOUSDT,2026-04-15,R2,8109454.5948,8310523.4887,-201068.8939,-1.224538,3244,3225
TAOUSDT,2026-04-15,W,122679.1777,0.0,122679.1777,100.0,1,0
TAOUSDT,2026-04-16,M,4489026.9122,5088360.2404,-599333.3282,-6.257796,261,259
TAOUSDT,2026-04-16,R1,4613542.6473,4101290.0119,512252.6354,5.87794,30922,25787
TAOUSDT,2026-04-16,R2,11221590.8641,12060739.3209,-839148.4568,-3.604229,4173,4307
TAOUSDT,2026-04-16,W,115733.9348,240421.8464,-124687.9116,-35.009375,1,2
TAOUSDT,2026-04-17,M,6336807.0188,4660140.8481,1676666.1707,15.24665,345,268
TAOUSDT,2026-04-17,R1,6729288.4399,5818800.9063,910487.5336,7.255985,43928,35781
TAOUSDT,2026-04-17,R2,16038269.801,16209105.0857,-170835.2847,-0.529765,6025,6539
TAOUSDT,2026-04-17,W,236060.9004,163698.3236,72362.5768,18.10154,2,1
TAOUSDT,2026-04-18,M,1709353.0015,2685245.7723,-975892.7708,-22.206641,104,147
TAOUSDT,2026-04-18,R1,2664724.6869,3561003.2446,-896278.5577,-14.396366,16443,19069
TAOUSDT,2026-04-18,R2,6333876.6885,7461821.4052,-1127944.7167,-8.176061,2512,2980
TAOUSDT,2026-04-19,M,2231508.1278,3394435.5773,-1162927.4495,-20.670798,126,175
TAOUSDT,2026-04-19,R1,2483678.3277,2630008.9749,-146330.6472,-2.861549,16785,13622
TAOUSDT,2026-04-19,R2,6321876.9559,7431610.1779,-1109733.222,-8.068741,2448,2995
TAOUSDT,2026-04-20,M,1245858.363,1677073.5736,-431215.2106,-14.752831,70,97
TAOUSDT,2026-04-20,R1,1853780.4077,2307241.2325,-453460.8248,-10.897824,12173,13576
TAOUSDT,2026-04-20,R2,5227057.7488,5940492.2791,-713434.5303,-6.388461,2051,2372
TAOUSDT,2026-04-20,W,0.0,110990.6309,-110990.6309,-100.0,0,1
TAOUSDT,2026-04-21,M,1003135.3787,1864962.095,-861826.7163,-30.048725,59,101
TAOUSDT,2026-04-21,R1,1765163.8135,1934227.1811,-169063.3676,-4.570032,11760,11489
TAOUSDT,2026-04-21,R2,4287299.4445,4776406.0735,-489106.629,-5.396321,1623,1822
TAOUSDT,2026-04-22,M,2291383.9105,2856980.5681,-565596.6576,-10.985948,123,153
TAOUSDT,2026-04-22,R1,2156512.0705,2168458.5965,-11946.526,-0.276222,12845,12230
TAOUSDT,2026-04-22,R2,6043264.499,6842672.0407,-799407.5417,-6.203721,2125,2461
TAOUSDT,2026-04-22,W,370331.4819,0.0,370331.4819,100.0,2,0
TAOUSDT,2026-04-23,M,2446905.5519,2189222.8757,257682.6762,5.558144,118,114
TAOUSDT,2026-04-23,R1,2496478.5565,2777194.3116,-280715.7551,-5.322965,15141,15784
TAOUSDT,2026-04-23,R2,6030281.4281,6588745.3429,-558463.9148,-4.42557,2330,2548
TAOUSDT,2026-04-23,W,0.0,119105.6107,-119105.6107,-100.0,0,1
TAOUSDT,2026-04-24,M,1656697.1783,2050996.5627,-394299.3844,-10.634627,87,99
TAOUSDT,2026-04-24,R1,1945871.0672,2308109.8539,-362238.7867,-8.515289,10736,12426
TAOUSDT,2026-04-24,R2,5628348.934,5398877.9389,229470.9951,2.080949,2177,2065
TAOUSDT,2026-04-25,M,1908851.6689,1236223.8322,672627.8367,21.386699,98,60
TAOUSDT,2026-04-25,R1,1296962.4367,1490394.044,-193431.6073,-6.939608,8303,9048
TAOUSDT,2026-04-25,R2,3185173.2674,3195505.9527,-10332.6853,-0.161937,1303,1254
TAOUSDT,2026-04-26,M,1750661.4677,1269731.7928,480929.6749,15.92275,87,67
TAOUSDT,2026-04-26,R1,1196211.619,1065226.0955,130985.5235,5.792135,7333,6207
TAOUSDT,2026-04-26,R2,2773921.6604,2965655.4466,-191733.7862,-3.340556,1103,1152
TAOUSDT,2026-04-26,W,204406.774,133521.3386,70885.4354,20.976484,1,1
TAOUSDT,2026-04-27,M,1762657.2893,1783867.9458,-21210.6565,-0.598069,97,91
TAOUSDT,2026-04-27,R1,1903231.6178,2323715.8927,-420484.2749,-9.947705,10320,14943
TAOUSDT,2026-04-27,R2,4193823.2652,4174639.5421,19183.7231,0.229238,1763,1689
TAOUSDT,2026-04-28,M,3225171.8544,3593591.2,-368419.3456,-5.403023,176,183
TAOUSDT,2026-04-28,R1,2915141.3609,3245042.7408,-329901.3799,-5.355382,19071,20575
TAOUSDT,2026-04-28,R2,5263655.9618,5862874.9731,-599219.0113,-5.385497,1971,1992
TAOUSDT,2026-04-28,W,207335.4515,119546.646,87788.8055,26.856413,2,1
TAOUSDT,2026-04-29,M,2965655.5043,3306456.7242,-340801.2199,-5.433596,158,181
TAOUSDT,2026-04-29,R1,3237458.3583,3373376.2271,-135917.8688,-2.055987,21827,21123
TAOUSDT,2026-04-29,R2,6745809.5539,6719740.4094,26069.1445,0.193599,2755,2496
TAOUSDT,2026-04-29,W,257163.9808,0.0,257163.9808,100.0,2,0
TAOUSDT,2026-04-30,M,1779971.8928,1777925.7852,2046.1076,0.057509,91,91
TAOUSDT,2026-04-30,R1,1429355.9618,2036816.6968,-607460.735,-17.525403,7240,13985
TAOUSDT,2026-04-30,R2,3104426.5946,3367202.5877,-262775.9931,-4.06043,1209,1230
TAOUSDT,2026-05-01,M,5725795.0657,5427237.6397,298557.426,2.676917,294,292
TAOUSDT,2026-05-01,R1,6258573.3506,4123132.254,2135441.0966,20.56927,34621,24769
TAOUSDT,2026-05-01,R2,10086994.2148,10361690.9176,-274696.7028,-1.343347,3785,3821
TAOUSDT,2026-05-01,W,210412.863,0.0,210412.863,100.0,2,0
TAOUSDT,2026-05-02,M,3834788.2902,3524320.1192,310468.171,4.218829,209,197
TAOUSDT,2026-05-02,R1,3435575.5283,3400744.0765,34831.4518,0.509506,21369,19895
TAOUSDT,2026-05-02,R2,8096607.8034,7197217.5232,899390.2802,5.880741,2878,2567
TAOUSDT,2026-05-02,W,1137995.4214,119346.2019,1018649.2195,81.016106,6,1
TAOUSDT,2026-05-03,M,2333657.3404,2638325.3271,-304667.9867,-6.127696,126,143
TAOUSDT,2026-05-03,R1,2876403.7057,2929975.8123,-53572.1066,-0.922642,17206,17123
TAOUSDT,2026-05-03,R2,5960825.2781,6132474.2982,-171649.0201,-1.419373,2228,2252
TAOUSDT,2026-05-03,W,287370.4405,307207.179,-19836.7385,-3.336274,2,1
TAOUSDT,2026-05-04,M,3794963.44,5075654.58,-1280691.14,-14.437451,206,277
TAOUSDT,2026-05-04,R1,3754593.1088,3710286.1174,44306.9914,0.593539,23444,22660
TAOUSDT,2026-05-04,R2,8647253.059,9080952.7686,-433699.7096,-2.446382,3048,3271
TAOUSDT,2026-05-04,W,182674.561,133055.8647,49618.6963,15.715526,1,1
TAOUSDT,2026-05-05,M,4160162.525,4217642.2989,-57479.7739,-0.686096,245,237
TAOUSDT,2026-05-05,R1,4865380.6528,4380345.1663,485035.4865,5.246051,37754,29592
TAOUSDT,2026-05-05,R2,10052927.3573,10043884.9444,9042.4129,0.044994,3956,3822
TAOUSDT,2026-05-05,W,595535.0432,0.0,595535.0432,100.0,4,0
TAOUSDT,2026-05-06,M,9853219.8675,7444511.0543,2408708.8132,13.924999,538,438
TAOUSDT,2026-05-06,R1,7658955.806,9891544.067,-2232588.261,-12.720938,44994,60788
TAOUSDT,2026-05-06,R2,20801774.2369,20953363.1064,-151588.8695,-0.363042,7325,7499
TAOUSDT,2026-05-06,W,535971.1697,550845.5814,-14874.4117,-1.368622,4,3
TAOUSDT,2026-05-07,M,4165889.8161,4562266.1691,-396376.353,-4.541353,251,273
TAOUSDT,2026-05-07,R1,4883561.029,5979744.0757,-1096183.0467,-10.090696,27982,37047
TAOUSDT,2026-05-07,R2,9309887.4877,10338723.9082,-1028836.4205,-5.236179,3621,3887
TAOUSDT,2026-05-07,W,243174.302,265686.6946,-22512.3926,-4.424075,2,2
TAOUSDT,2026-05-08,M,3541829.4611,3542872.0472,-1042.5861,-0.014716,233,209
TAOUSDT,2026-05-08,R1,4337204.7487,4455790.0997,-118585.351,-1.348634,27467,29613
TAOUSDT,2026-05-08,R2,9526408.0591,9123470.7877,402937.2714,2.160536,3365,3333
TAOUSDT,2026-05-08,W,307310.0332,271125.1665,36184.8667,6.255647,2,2
TAOUSDT,2026-05-09,M,1716454.5475,3547072.0049,-1830617.4574,-34.779296,93,187
TAOUSDT,2026-05-09,R1,2422577.1222,2190647.9574,231929.1648,5.027484,16520,13867
TAOUSDT,2026-05-09,R2,4287288.7875,5327523.6818,-1040234.8943,-10.819087,1648,1912
TAOUSDT,2026-05-09,W,0.0,102513.5832,-102513.5832,-100.0,0,1
TAOUSDT,2026-05-10,M,5434530.2345,5157920.9876,276609.2469,2.611381,316,270
TAOUSDT,2026-05-10,R1,8751762.8639,7035643.8698,1716118.9941,10.870177,64649,56771
TAOUSDT,2026-05-10,R2,13009164.8565,13750599.1662,-741434.3097,-2.770706,4831,5186
TAOUSDT,2026-05-10,W,658359.2462,0.0,658359.2462,100.0,4,0
TAOUSDT,2026-05-11,M,4068313.5732,4708879.0625,-640565.4893,-7.298068,243,267
TAOUSDT,2026-05-11,R1,5560810.614,6613028.3166,-1052217.7026,-8.643269,38026,52281
TAOUSDT,2026-05-11,R2,10690372.3295,11077945.6941,-387573.3646,-1.780447,4300,4417
TAOUSDT,2026-05-11,W,100191.2045,0.0,100191.2045,100.0,1,0
TAOUSDT,2026-05-12,M,2055314.2219,4208807.1705,-2153492.9486,-34.378212,127,222
TAOUSDT,2026-05-12,R1,3332469.9499,4466928.1321,-1134458.1822,-14.545458,22543,31206
TAOUSDT,2026-05-12,R2,6321441.7968,7898159.6029,-1576717.8061,-11.08834,2498,3078
TAOUSDT,2026-05-12,W,0.0,264744.9573,-264744.9573,-100.0,0,2
TAOUSDT,2026-05-13,M,3249015.3871,4418658.2995,-1169642.9124,-15.254208,153,226
TAOUSDT,2026-05-13,R1,3261094.2424,5067404.0715,-1806309.8291,-21.688302,17738,34138
TAOUSDT,2026-05-13,R2,7138957.6656,8637638.9786,-1498681.313,-9.499396,2835,3300
TAOUSDT,2026-05-13,W,0.0,444741.2849,-444741.2849,-100.0,0,4
TAOUSDT,2026-05-14,M,2046734.4581,2223882.4542,-177147.9961,-4.148066,112,126
TAOUSDT,2026-05-14,R1,3083408.4802,4112167.9238,-1028759.4436,-14.29711,19604,22281
TAOUSDT,2026-05-14,R2,5491732.1118,6002738.8883,-511006.7765,-4.445675,2109,2793
TAOUSDT,2026-05-14,W,162442.5109,0.0,162442.5109,100.0,1,0
TAOUSDT,2026-05-15,M,2366159.1687,4457626.9883,-2091467.8196,-30.649668,131,210
TAOUSDT,2026-05-15,R1,3530644.2339,3753520.4792,-222876.2453,-3.059736,25771,24664
TAOUSDT,2026-05-15,R2,5012937.4692,6273985.9369,-1261048.4677,-11.17265,2040,2422
TAOUSDT,2026-05-15,W,156299.7966,111690.6787,44609.1179,16.645785,1,1
TAOUSDT,2026-05-16,M,1668961.0252,2551755.6962,-882794.671,-20.915753,89,136
TAOUSDT,2026-05-16,R1,2815585.6401,3611226.3096,-795640.6695,-12.380021,17013,23897
TAOUSDT,2026-05-16,R2,4543590.0646,5318173.5789,-774583.5143,-7.854412,1920,2114
TAOUSDT,2026-05-16,W,166897.2571,331442.1255,-164544.8684,-33.018636,1,2
TAOUSDT,2026-05-17,M,1521585.2948,3390095.4912,-1868510.1964,-38.042175,103,156
TAOUSDT,2026-05-17,R1,3366761.3653,3650971.3415,-284209.9762,-4.049883,17992,20158
TAOUSDT,2026-05-17,R2,6025969.6596,6567643.6714,-541674.0118,-4.30118,2552,2768
TAOUSDT,2026-05-17,W,820470.1303,589373.2617,231096.8686,16.391669,3,5
TAOUSDT,2026-05-18,M,2106917.618,2056953.037,49964.581,1.199955,110,116
TAOUSDT,2026-05-18,R1,3121977.9241,3275752.3274,-153774.4033,-2.403577,18462,21651
TAOUSDT,2026-05-18,R2,6086601.2528,6997274.2615,-910673.0087,-6.96027,2414,2610
TAOUSDT,2026-05-18,W,225466.0414,116630.7966,108835.2448,31.814163,2,1
TAOUSDT,2026-05-19,M,1014159.4649,1203749.732,-189590.2671,-8.548153,60,64
TAOUSDT,2026-05-19,R1,1601841.7574,1548551.4936,53290.2638,1.691543,9626,9842
TAOUSDT,2026-05-19,R2,3400659.1701,3206860.3732,193798.7969,2.933004,1347,1211
TAOUSDT,2026-05-20,M,3291606.6042,2633464.6237,658141.9805,11.107748,168,146
TAOUSDT,2026-05-20,R1,2878187.9458,2850735.7213,27452.2245,0.479186,18385,17806
TAOUSDT,2026-05-20,R2,6261233.7642,5613729.3369,647504.4273,5.452686,2432,2296
TAOUSDT,2026-05-20,W,0.0,247368.1797,-247368.1797,-100.0,0,1
TAOUSDT,2026-05-21,M,3303316.0835,3066755.0032,236561.0803,3.713633,188,163
TAOUSDT,2026-05-21,R1,4490169.1312,5022153.2959,-531984.1647,-5.592579,43054,32758
TAOUSDT,2026-05-21,R2,8807444.6808,8877444.3807,-69999.6999,-0.395816,3246,3325
TAOUSDT,2026-05-21,W,114566.673,108175.7936,6390.8794,2.869179,1,1
TAOUSDT,2026-05-22,M,3256405.0813,4489093.4888,-1232688.4075,-15.914901,196,260
TAOUSDT,2026-05-22,R1,4125791.1157,5783582.7974,-1657791.6817,-16.72953,30117,37393
TAOUSDT,2026-05-22,R2,9105911.3063,10738799.9576,-1632888.6513,-8.228332,3257,3691
TAOUSDT,2026-05-22,W,217260.9961,191265.0607,25995.9354,6.363348,2,1
TAOUSDT,2026-05-23,M,2817794.6531,3405836.5351,-588041.882,-9.448534,162,192
TAOUSDT,2026-05-23,R1,4191557.9729,4813512.9176,-621954.9447,-6.906719,24258,38168
TAOUSDT,2026-05-23,R2,10258697.8051,10285433.9743,-26736.1692,-0.13014,3862,3900
TAOUSDT,2026-05-23,W,100129.2041,543768.3705,-443639.1664,-68.899027,1,3
TAOUSDT,2026-05-24,M,1804146.1572,1374454.309,429691.8482,13.518272,107,81
TAOUSDT,2026-05-24,R1,2126038.1255,2178385.3316,-52347.2061,-1.216126,12937,14463
TAOUSDT,2026-05-24,R2,4622000.8465,5365676.6439,-743675.7974,-7.445933,1945,2153
TAOUSDT,2026-05-24,W,718586.9234,300959.5015,417627.4219,40.96208,3,1
TAOUSDT,2026-05-25,M,2686597.7101,3098215.0172,-411617.3071,-7.115482,146,185
TAOUSDT,2026-05-25,R1,3354762.8209,2365423.6673,989339.1536,17.295575,19874,13481
TAOUSDT,2026-05-25,R2,7071235.948,7329123.8588,-257887.9108,-1.790844,2543,2566
TAOUSDT,2026-05-25,W,112651.0912,338242.9985,-225591.9073,-50.032128,1,2
TAOUSDT,2026-05-26,M,6321720.3407,6089324.51,232395.8307,1.872492,385,347
TAOUSDT,2026-05-26,R1,5012759.9385,5359932.1196,-347172.1811,-3.346982,30804,37253
TAOUSDT,2026-05-26,R2,16506855.3099,14928110.7568,1578744.5531,5.022256,6023,5422
TAOUSDT,2026-05-26,W,463424.7412,255141.0335,208283.7077,28.986032,3,2
TAOUSDT,2026-05-27,M,2521080.0108,3620675.5267,-1099595.5159,-17.903603,132,183
TAOUSDT,2026-05-27,R1,3129358.4918,4148585.9739,-1019227.4821,-14.004332,22790,24211
TAOUSDT,2026-05-27,R2,5445426.4081,6684515.3639,-1239088.9558,-10.215127,2267,2654
TAOUSDT,2026-05-28,M,2201969.8532,2859425.503,-657455.6498,-12.989613,129,157
TAOUSDT,2026-05-28,R1,3506644.3717,4564522.0497,-1057877.678,-13.106875,25554,28971
TAOUSDT,2026-05-28,R2,6212584.1638,6904114.7067,-691530.5429,-5.272139,2221,2591
TAOUSDT,2026-05-28,W,100846.5347,0.0,100846.5347,100.0,1,0
TAOUSDT,2026-05-29,M,2158974.7086,2941909.5094,-782934.8008,-15.349002,126,161
TAOUSDT,2026-05-29,R1,3027428.1341,4463489.2912,-1436061.1571,-19.170698,18301,27145
TAOUSDT,2026-05-29,R2,6249532.9952,7227809.3496,-978276.3544,-7.258674,2493,2836
TAOUSDT,2026-05-30,M,1123122.2483,1357370.5025,-234248.2542,-9.443618,67,82
TAOUSDT,2026-05-30,R1,1780294.2694,1801324.8669,-21030.5975,-0.587181,12068,9895
TAOUSDT,2026-05-30,R2,3768978.6962,3973870.5773,-204891.8811,-2.646208,1516,1677
TAOUSDT,2026-05-30,W,0.0,101893.5918,-101893.5918,-100.0,0,1
TAOUSDT,2026-05-31,M,1392607.6201,1125066.7095,267540.9106,10.62651,82,67
TAOUSDT,2026-05-31,R1,1668582.0625,1610081.5705,58500.492,1.784279,10974,10462
TAOUSDT,2026-05-31,R2,3377431.1228,3699814.5746,-322383.4518,-4.555211,1359,1438
TAOUSDT,2026-05-31,W,141854.986,0.0,141854.986,100.0,1,0
TAOUSDT,2026-06-01,M,1622517.5739,2003016.3638,-380498.7899,-10.494973,95,114
TAOUSDT,2026-06-01,R1,3463738.3269,4008588.3649,-544850.038,-7.291571,26318,24783
TAOUSDT,2026-06-01,R2,5339383.99,6603976.1469,-1264592.1569,-10.588244,2288,2656
TAOUSDT,2026-06-01,W,116667.98,0.0,116667.98,100.0,1,0
TAOUSDT,2026-06-02,M,3394424.7949,4324125.8921,-929701.0972,-12.045022,191,243
TAOUSDT,2026-06-02,R1,4992169.6043,5441932.0031,-449762.3988,-4.310504,33473,36662
TAOUSDT,2026-06-02,R2,9271959.1452,10143926.9763,-871967.8311,-4.491002,3852,4177
TAOUSDT,2026-06-02,W,147870.225,222230.919,-74360.694,-20.091992,1,2
TAOUSDT,2026-06-03,M,2198926.1879,3322910.5861,-1123984.3982,-20.355263,137,182
TAOUSDT,2026-06-03,R1,4398530.9188,4865192.3627,-466661.4439,-5.037515,29139,33447
TAOUSDT,2026-06-03,R2,9299719.7753,9398382.8694,-98663.0941,-0.527664,3918,3865
TAOUSDT,2026-06-03,W,117435.0847,145529.6354,-28094.5507,-10.683772,1,1
TAOUSDT,2026-06-04,M,3364733.0835,4113254.0086,-748520.9251,-10.009658,195,234
TAOUSDT,2026-06-04,R1,7723534.0336,7413456.0752,310077.9584,2.048478,50134,46230
TAOUSDT,2026-06-04,R2,9986503.0438,11490801.5352,-1504298.4914,-7.004131,4235,4694
TAOUSDT,2026-06-04,W,115937.753,374591.8816,-258654.1286,-52.729562,1,2
TAOUSDT,2026-06-05,M,3066838.8557,4049043.6036,-982204.7479,-13.802993,176,233
TAOUSDT,2026-06-05,R1,7723082.9805,9103066.2609,-1379983.2804,-8.201421,54864,60467
TAOUSDT,2026-06-05,R2,13000860.7805,14703048.5118,-1702187.7313,-6.144215,5601,6319
TAOUSDT,2026-06-05,W,528770.7338,0.0,528770.7338,100.0,2,0
TAOUSDT,2026-06-06,M,2141843.4268,2367661.3185,-225817.8917,-5.007598,124,135
TAOUSDT,2026-06-06,R1,4300327.9671,3958102.7091,342225.258,4.14395,32180,23305
TAOUSDT,2026-06-06,R2,5524167.3015,5616070.835,-91903.5335,-0.824969,2374,2547
TAOUSDT,2026-06-06,W,0.0,108931.95,-108931.95,-100.0,0,1
TAOUSDT,2026-06-07,M,2770803.1546,2650351.216,120451.9386,2.221887,165,165
TAOUSDT,2026-06-07,R1,4399540.7738,3297314.0023,1102226.7715,14.320483,29788,20286
TAOUSDT,2026-06-07,R2,8250717.1234,7722012.9155,528704.2079,3.310043,3450,3297
TAOUSDT,2026-06-07,W,0.0,251192.8646,-251192.8646,-100.0,0,2
TAOUSDT,2026-06-08,M,1628979.0041,1761684.4132,-132705.4091,-3.913848,93,98
TAOUSDT,2026-06-08,R1,3247917.0661,3361962.9273,-114045.8612,-1.725385,20219,21286
TAOUSDT,2026-06-08,R2,5284365.137,5002757.6967,281607.4403,2.737475,2196,2165
TAOUSDT,2026-06-09,M,1715843.8746,2281558.7418,-565714.8672,-14.152061,102,136
TAOUSDT,2026-06-09,R1,2928219.8225,3470588.0622,-542368.2397,-8.476083,21870,22361
TAOUSDT,2026-06-09,R2,4399596.5291,5690099.6663,-1290503.1372,-12.790307,1953,2307
TAOUSDT,2026-06-09,W,167314.1049,0.0,167314.1049,100.0,1,0
TAOUSDT,2026-06-10,M,1130080.436,1110065.5664,20014.8696,0.893463,65,71
TAOUSDT,2026-06-10,R1,3242981.0723,3104641.0253,138340.047,2.1794,25680,22609
TAOUSDT,2026-06-10,R2,4089065.3556,4417893.9881,-328828.6325,-3.865407,1766,1853
TAOUSDT,2026-06-11,M,1208073.2235,1235187.6906,-27114.4671,-1.109766,71,76
TAOUSDT,2026-06-11,R1,2630377.2807,2110210.0188,520167.2619,10.972633,18340,13086
TAOUSDT,2026-06-11,R2,4569705.8199,4077965.1395,491740.6804,5.686394,1791,1693
TAOUSDT,2026-06-12,M,1696730.6397,1811915.6984,-115185.0587,-3.282892,89,94
TAOUSDT,2026-06-12,R1,1654433.4074,1823039.8763,-168606.4689,-4.848534,12662,13852
TAOUSDT,2026-06-12,R2,2893063.4028,2697124.5654,195938.8374,3.505049,1157,1088
TAOUSDT,2026-06-13,M,6739067.6396,6465996.7715,273070.8681,2.067925,393,396
TAOUSDT,2026-06-13,R1,13190030.1785,12080592.9854,1109437.1931,4.390225,103566,71849
TAOUSDT,2026-06-13,R2,23700894.4857,23124852.5375,576041.9482,1.230182,9156,9188
TAOUSDT,2026-06-13,W,785102.5334,315640.1017,469462.4317,42.649609,5,1
TAOUSDT,2026-06-14,M,5505957.5525,6782149.4395,-1276191.887,-10.385586,342,425
TAOUSDT,2026-06-14,R1,8797120.7145,9827377.1973,-1030256.4828,-5.531728,90551,65402
TAOUSDT,2026-06-14,R2,15312895.1385,16385771.1392,-1072876.0007,-3.384609,5997,6435
TAOUSDT,2026-06-14,W,170892.909,0.0,170892.909,100.0,1,0
TAOUSDT,2026-06-15,M,5462167.9837,6445710.1635,-983542.1798,-8.259592,321,339
TAOUSDT,2026-06-15,R1,13389632.9115,15839748.0692,-2450115.1577,-8.382371,85161,96257
TAOUSDT,2026-06-15,R2,18512465.7593,19492346.9089,-979881.1496,-2.578308,7881,8593
TAOUSDT,2026-06-15,W,407883.3655,256744.0722,151139.2933,22.740453,2,2
TAOUSDT,2026-06-16,M,2390051.4788,3297931.1385,-907879.6597,-15.961365,162,216
TAOUSDT,2026-06-16,R1,7911830.2534,8220807.4333,-308977.1799,-1.91523,71990,78625
TAOUSDT,2026-06-16,R2,11131080.7605,13525029.2428,-2393948.4823,-9.709352,4969,5860
TAOUSDT,2026-06-16,W,613346.2302,255981.8636,357364.3666,41.108112,3,2
TAOUSDT,2026-06-17,M,2427330.2275,2654209.2709,-226879.0434,-4.46477,143,162
TAOUSDT,2026-06-17,R1,9186296.8308,10402619.1188,-1216322.288,-6.209237,86094,97465
TAOUSDT,2026-06-17,R2,10879317.0744,11746607.7756,-867290.7012,-3.833172,4716,5192
TAOUSDT,2026-06-18,M,1569535.5292,2319054.8737,-749519.3445,-19.274834,101,149
TAOUSDT,2026-06-18,R1,6716688.3522,8332494.8344,-1615806.4822,-10.736838,100619,128058
TAOUSDT,2026-06-18,R2,6731718.7415,7570398.4442,-838679.7027,-5.864025,2816,3096
TAOUSDT,2026-06-19,M,2182699.0569,2223790.47,-41091.4131,-0.93252,128,141
TAOUSDT,2026-06-19,R1,8027857.4484,9788913.376,-1761055.9276,-9.88426,190034,218515
TAOUSDT,2026-06-19,R2,7507942.2503,7711765.0825,-203822.8322,-1.339203,3212,3383
TAOUSDT,2026-06-20,M,5784131.2768,5022985.934,761145.3428,7.043001,358,314
TAOUSDT,2026-06-20,R1,9262015.2658,11762995.1396,-2500979.8738,-11.895261,213714,246786
TAOUSDT,2026-06-20,R2,16684213.0009,17901639.5228,-1217426.5219,-3.520013,6230,6913
TAOUSDT,2026-06-20,W,0.0,258173.5087,-258173.5087,-100.0,0,2
TAOUSDT,2026-06-21,M,6302579.6146,5328366.1027,974213.5119,8.376047,387,314
TAOUSDT,2026-06-21,R1,8333932.8998,8460934.3229,-127001.4231,-0.756192,78934,93757
TAOUSDT,2026-06-21,R2,21379291.8256,21432217.5593,-52925.7337,-0.123625,7613,7972
TAOUSDT,2026-06-22,M,6331297.8754,5585806.5294,745491.346,6.255642,399,353
TAOUSDT,2026-06-22,R1,10661822.0106,10027353.8026,634468.208,3.066667,130290,137453
TAOUSDT,2026-06-22,R2,21586255.2778,22108283.6877,-522028.4099,-1.194722,7468,7728
TAOUSDT,2026-06-23,M,64443699.6721,62475758.0242,1967941.6479,1.550544,2759,2775
TAOUSDT,2026-06-23,R1,25732143.7977,44134198.46,-18402054.6623,-26.338941,208752,297800
TAOUSDT,2026-06-23,R2,39455165.3526,46610732.1989,-7155566.8463,-8.314056,12953,15222
TAOUSDT,2026-06-23,W,791293.1521,358248.9711,433044.181,37.671015,4,3
TAOUSDT,2026-06-24,M,1833792.8119,1947558.3611,-113765.5492,-3.008595,105,116
TAOUSDT,2026-06-24,R1,3556167.8943,3708780.3415,-152612.4472,-2.100668,21985,24935
TAOUSDT,2026-06-24,R2,7539717.0933,8004595.0152,-464877.9219,-2.990663,3063,3257
TAOUSDT,2026-06-24,W,281924.687,0.0,281924.687,100.0,2,0
TAOUSDT,2026-06-25,M,935920.5185,1626701.6099,-690781.0914,-26.956026,68,97
TAOUSDT,2026-06-25,R1,3283514.7513,3856706.636,-573191.8847,-8.027649,21374,22748
TAOUSDT,2026-06-25,R2,6147143.6224,7185032.2673,-1037888.6449,-7.784841,2762,3203
TAOUSDT,2026-06-26,M,1301461.6868,1532817.4463,-231355.7595,-8.162773,82,98
TAOUSDT,2026-06-26,R1,3451696.3517,3762558.8022,-310862.4505,-4.309003,23182,23237
TAOUSDT,2026-06-26,R2,7243649.9361,7873527.9018,-629877.9657,-4.166637,3015,3265
TAOUSDT,2026-06-27,M,752805.0897,1080332.9803,-327527.8906,-17.867061,46,68
TAOUSDT,2026-06-27,R1,1774041.6102,1722751.1325,51290.4777,1.466786,10139,10555
TAOUSDT,2026-06-27,R2,3150462.4668,3480186.9037,-329724.4369,-4.972732,1292,1448
TAOUSDT,2026-06-28,M,481566.4518,767626.8881,-286060.4363,-22.899613,30,45
TAOUSDT,2026-06-28,R1,1880181.0914,1731443.9089,148737.1825,4.11829,13092,9387
TAOUSDT,2026-06-28,R2,2135941.657,2566846.4622,-430904.8052,-9.162752,952,1076
TAOUSDT,2026-06-29,M,1785468.1291,1464569.9785,320898.1506,9.873673,96,88
TAOUSDT,2026-06-29,R1,2099193.0316,2211913.1008,-112720.0692,-2.614644,14842,13048
TAOUSDT,2026-06-29,R2,4726341.6338,5011407.3567,-285065.7229,-2.927429,1866,2073
TAOUSDT,2026-06-30,M,1179263.3212,1815981.7369,-636718.4157,-21.25764,62,98
TAOUSDT,2026-06-30,R1,1704596.8426,2023848.351,-319251.5084,-8.562591,11937,11046
TAOUSDT,2026-06-30,R2,4016682.6113,4604435.0338,-587752.4225,-6.81759,1530,1737
TAOUSDT,2026-06-30,W,0.0,100554.7906,-100554.7906,-100.0,0,1
TAOUSDT,2026-07-01,M,2251526.9371,2345422.3818,-93895.4447,-2.04256,118,120
TAOUSDT,2026-07-01,R1,3112686.4657,2085715.362,1026971.1037,19.755516,19430,11472
TAOUSDT,2026-07-01,R2,5722807.486,6243920.2502,-521112.7642,-4.354681,2394,2533
TAOUSDT,2026-07-01,W,101225.2783,162813.4974,-61588.2191,-23.325445,1,1
TAOUSDT,2026-07-02,M,1952570.8122,1961827.2016,-9256.3894,-0.23647,128,124
TAOUSDT,2026-07-02,R1,2863103.9895,2443147.9334,419956.0561,7.914363,18217,12548
TAOUSDT,2026-07-02,R2,8152946.7414,7438098.4463,714848.2951,4.584993,2880,2726
TAOUSDT,2026-07-03,M,1181085.1561,1255337.0457,-74251.8896,-3.047579,69,75
TAOUSDT,2026-07-03,R1,1583326.3592,1769600.6008,-186274.2416,-5.555571,10397,9754
TAOUSDT,2026-07-03,R2,3854682.9457,3757909.4102,96773.5355,1.27123,1603,1655
TAOUSDT,2026-07-04,M,1907559.0019,1209552.3082,698006.6937,22.392742,114,73
TAOUSDT,2026-07-04,R1,1273445.5366,1323990.2982,-50544.7616,-1.945948,9209,8862
TAOUSDT,2026-07-04,R2,3047943.6313,3070184.263,-22240.6317,-0.36352,1033,1150
TAOUSDT,2026-07-05,M,914410.8743,1236312.8184,-321901.9441,-14.967145,57,69
TAOUSDT,2026-07-05,R1,1505657.3955,1683679.792,-178022.3965,-5.581799,11587,11893
TAOUSDT,2026-07-05,R2,2544548.6185,2708771.9634,-164223.3449,-3.126086,921,1063
TAOUSDT,2026-07-06,M,1219002.7211,1332837.2415,-113834.5204,-4.46088,72,78
TAOUSDT,2026-07-06,R1,1981648.0057,2020801.9878,-39153.9821,-0.97825,13482,12297
TAOUSDT,2026-07-06,R2,3169772.2753,3465364.4079,-295592.1326,-4.454952,1238,1448
TAOUSDT,2026-07-07,M,884039.4038,1200963.4711,-316924.0673,-15.200174,61,75
TAOUSDT,2026-07-07,R1,2078470.326,1983781.8381,94688.4879,2.330936,15408,12753
TAOUSDT,2026-07-07,R2,3259491.4819,3546010.595,-286519.1131,-4.21011,1247,1367
TAOUSDT,2026-07-08,M,731603.9948,1469499.2926,-737895.2978,-33.523883,46,83
TAOUSDT,2026-07-08,R1,1873483.0626,2238014.7665,-364531.7039,-8.866153,13312,14571
TAOUSDT,2026-07-08,R2,3270935.7203,3837786.3082,-566850.5879,-7.974015,1392,1584
TAOUSDT,2026-07-09,M,1407681.7057,755976.4197,651705.286,30.12053,72,46
TAOUSDT,2026-07-09,R1,1796748.3312,1342819.535,453928.7962,14.458321,14712,8219
TAOUSDT,2026-07-09,R2,2731744.8287,2797203.8378,-65459.0091,-1.183932,1150,1291
TAOUSDT,2026-07-10,M,746380.9301,910034.0356,-163653.1055,-9.879958,47,51
TAOUSDT,2026-07-10,R1,1650082.2001,1311236.6772,338845.5229,11.442386,13686,7915
TAOUSDT,2026-07-10,R2,2824583.1544,3159160.577,-334577.4226,-5.59144,1095,1265
TAOUSDT,2026-07-11,M,333037.0304,759666.1277,-426629.0973,-39.043458,20,45
TAOUSDT,2026-07-11,R1,1203260.9848,1173793.7489,29467.2359,1.239653,10620,6366
TAOUSDT,2026-07-11,R2,1786641.7688,2142549.0387,-355907.2699,-9.05803,757,1004
TAOUSDT,2026-07-12,M,776763.3533,982336.6032,-205573.2499,-11.686275,50,58
TAOUSDT,2026-07-12,R1,1832293.1977,1413674.8376,418618.3601,12.896564,17926,8707
TAOUSDT,2026-07-12,R2,2201337.9162,2414400.0656,-213062.1494,-4.615993,891,1118
TAOUSDT,2026-07-13,M,1664076.0036,2360108.6663,-696032.6627,-17.296241,82,143
TAOUSDT,2026-07-13,R1,2343150.1952,2252396.6262,90753.569,1.974815,15658,17819
TAOUSDT,2026-07-13,R2,4696731.7084,5159998.4035,-463266.6951,-4.700004,1817,1853
TAOUSDT,2026-07-13,W,108538.839,132523.5466,-23984.7076,-9.949585,1,1
TAOUSDT,2026-07-14,M,1552665.3076,1947994.4767,-395329.1691,-11.29299,79,102
TAOUSDT,2026-07-14,R1,2352365.2695,2419428.0999,-67062.8304,-1.405401,15883,18470
TAOUSDT,2026-07-14,R2,5338657.3689,5053362.9951,285294.3738,2.745322,2094,1937
TAOUSDT,2026-07-15,M,956012.3056,1449711.3555,-493699.0499,-20.521852,65,80
TAOUSDT,2026-07-15,R1,1914734.1065,2533211.7205,-618477.614,-13.904792,12043,19238
TAOUSDT,2026-07-15,R2,4983342.821,4700098.0877,283244.7333,2.925042,1970,1859
TAOUSDT,2026-07-16,M,1292051.1353,1951565.945,-659514.8097,-20.332696,74,122
TAOUSDT,2026-07-16,R1,2391089.1575,2560694.3704,-169605.2129,-3.425134,19832,15917
TAOUSDT,2026-07-16,R2,4310932.152,4540416.0245,-229483.8725,-2.592643,1807,1804
TAOUSDT,2026-07-16,W,141792.1964,0.0,141792.1964,100.0,1,0
TAOUSDT,2026-07-17,M,1535060.745,1373765.8035,161294.9415,5.545018,82,71
TAOUSDT,2026-07-17,R1,2224419.6673,1381455.2144,842964.4529,23.377529,17722,9561
TAOUSDT,2026-07-17,R2,2878599.0771,3017963.1499,-139364.0728,-2.36348,1063,1053
TAOUSDT,2026-07-18,M,856886.19,841509.2514,15376.9386,0.90538,53,44
TAOUSDT,2026-07-18,R1,729078.8539,758368.45,-29289.5961,-1.969118,5664,5487
TAOUSDT,2026-07-18,R2,1626377.9002,1552321.618,74056.2822,2.329767,549,575
TAOUSDT,2026-07-19,M,824550.3287,909109.7579,-84559.4292,-4.877509,49,51
TAOUSDT,2026-07-19,R1,963374.1166,917914.9288,45459.1878,2.416385,7592,5806
TAOUSDT,2026-07-19,R2,1653966.1428,2037865.6806,-383899.5378,-10.398619,563,682
TAOUSDT,2026-07-19,W,0.0,280734.8043,-280734.8043,-100.0,0,2
TAOUSDT,2026-07-20,M,584259.2359,905247.8629,-320988.627,-21.54999,39,57
TAOUSDT,2026-07-20,R1,1296496.0184,1320872.9913,-24376.9729,-0.931354,8810,9131
TAOUSDT,2026-07-20,R2,1967871.7614,2216328.356,-248456.5946,-5.937971,719,826
TAOUSDT,2026-07-21,M,2344574.5728,1877143.3652,467431.2076,11.072062,121,98
TAOUSDT,2026-07-21,R1,1940859.4379,1306621.2845,634238.1534,19.530159,13195,6835
TAOUSDT,2026-07-21,R2,3263733.7379,3260708.1297,3025.6082,0.046373,1262,1295
TAOUSDT,2026-07-21,W,101107.1,0.0,101107.1,100.0,1,0
TAOUSDT,2026-07-22,M,923779.5065,1401405.9068,-477626.4003,-20.541433,51,83
TAOUSDT,2026-07-22,R1,1535080.2583,1412800.2059,122280.0524,4.148067,11534,7498
TAOUSDT,2026-07-22,R2,2764420.42,3137953.7942,-373533.3742,-6.328527,1116,1295
TAOUSDT,2026-07-23,M,414201.1752,681758.8159,-267557.6407,-24.413085,25,39
TAOUSDT,2026-07-23,R1,961312.6035,923737.0289,37575.5746,1.993347,6593,6212
TAOUSDT,2026-07-23,R2,1748526.1968,1931506.6972,-182980.5004,-4.972252,697,759
TAOUSDT,2026-07-24,M,1101347.0223,1288190.3238,-186843.3015,-7.819225,63,64
TAOUSDT,2026-07-24,R1,1141743.2093,1406102.0548,-264358.8455,-10.375781,8121,12293
TAOUSDT,2026-07-24,R2,2487922.9185,2581596.2326,-93673.3141,-1.847775,947,1022
TAOUSDT,2026-07-25,M,510573.1984,493917.1217,16656.0767,1.658162,28,32
TAOUSDT,2026-07-25,R1,1019416.854,455830.8248,563586.0292,38.202807,8233,2891
TAOUSDT,2026-07-25,R2,1062377.2051,1225324.7247,-162947.5196,-7.12276,367,466
TAOUSDT,2026-07-26,M,1045731.3514,780091.2521,265640.0993,14.549064,56,50
TAOUSDT,2026-07-26,R1,2537141.1329,1378032.4691,1159108.6638,29.60555,12485,7463
TAOUSDT,2026-07-26,R2,2546378.1785,3171590.829,-625212.6505,-10.934173,927,1160
TAOUSDT,2026-07-27,M,822989.5147,1070633.0637,-247643.549,-13.077767,51,56
TAOUSDT,2026-07-27,R1,1529520.7051,1926990.5884,-397469.8833,-11.499163,10377,11493
TAOUSDT,2026-07-27,R2,2732130.4765,3136920.5386,-404790.0621,-6.897027,1064,1275
TAOUSDT,2026-07-28,M,959349.6377,872859.0468,86490.5909,4.720564,62,55
TAOUSDT,2026-07-28,R1,2807998.5837,2343131.4429,464867.1408,9.024566,22766,11737
TAOUSDT,2026-07-28,R2,3186044.3055,3532941.6008,-346897.2953,-5.162941,1157,1424
TAOUSDT,2026-07-29,M,611224.0506,765384.1863,-154160.1357,-11.198548,44,43
TAOUSDT,2026-07-29,R1,1462547.6951,1484988.7197,-22441.0246,-0.761349,10501,9791
TAOUSDT,2026-07-29,R2,2671431.2357,3048576.6242,-377145.3885,-6.593442,1020,1196
TAOUSDT,2026-07-29,W,0.0,118667.2356,-118667.2356,-100.0,0,1
TAOUSDT,2026-07-30,M,941479.0713,1040986.7791,-99507.7078,-5.019391,48,60
TAOUSDT,2026-07-30,R1,1298272.7729,1324526.8772,-26254.1043,-1.000995,8288,6497
TAOUSDT,2026-07-30,R2,2124776.7367,2352353.8193,-227577.0826,-5.083101,819,941
TAOUSDT,2026-07-31,M,1143529.261,1320663.639,-177134.378,-7.188332,63,76
TAOUSDT,2026-07-31,R1,1388995.7783,1376280.6519,12715.1264,0.459814,10676,11009
TAOUSDT,2026-07-31,R2,2501082.211,2840092.7535,-339010.5425,-6.347115,994,1126
TAOUSDT,2026-08-01,M,739240.2075,544016.7234,195223.4841,15.213125,43,37
TAOUSDT,2026-08-01,R1,1202276.537,1358191.8441,-155915.3071,-6.089328,11933,11323
TAOUSDT,2026-08-01,R2,1870772.2272,2075711.3305,-204939.1033,-5.192955,796,883
TAOUSDT,2026-08-02,M,347798.2256,650108.1223,-302309.8967,-30.294416,19,38
TAOUSDT,2026-08-02,R1,787131.0192,598183.1662,188947.853,13.63935,5259,3937
TAOUSDT,2026-08-02,R2,1119306.024,1315716.5614,-196410.5374,-8.066066,470,524
TAOUSDT,2026-08-03,M,825277.7636,618656.5108,206621.2528,14.309602,52,32
TAOUSDT,2026-08-03,R1,938488.3095,1086263.3082,-147774.9987,-7.298426,6581,8310
TAOUSDT,2026-08-03,R2,1930673.3386,1854428.6564,76244.6822,2.014336,817,705
TAOUSDT,2026-08-04,M,1412942.5843,823471.3068,589471.2775,26.357879,79,55
TAOUSDT,2026-08-04,R1,1523966.7955,1233689.9512,290276.8443,10.526214,12090,7684
TAOUSDT,2026-08-04,R2,3007055.7288,3192492.6686,-185436.9398,-2.991136,1072,1207
TAOUSDT,2026-08-04,W,125794.4049,0.0,125794.4049,100.0,1,0
TAOUSDT,2026-08-05,M,517247.2045,993084.8821,-475837.6776,-31.5055,31,58
TAOUSDT,2026-08-05,R1,1371904.5285,1013974.9227,357929.6058,15.001999,11052,5724
TAOUSDT,2026-08-05,R2,2140216.7091,2591126.0747,-450909.3656,-9.530262,815,991
TAOUSDT,2026-08-06,M,348593.2675,720854.8722,-372261.6047,-34.808757,21,47
TAOUSDT,2026-08-06,R1,923257.4092,1445587.8636,-522330.4544,-22.050003,6066,13189
TAOUSDT,2026-08-06,R2,1796086.0298,2010366.5539,-214280.5241,-5.629402,734,775
TAOUSDT,2026-08-07,M,800114.2829,1077249.2242,-277134.9413,-14.761922,44,66
TAOUSDT,2026-08-07,R1,1328406.8806,900096.6973,428310.1833,19.219632,9351,5282
TAOUSDT,2026-08-07,R2,1617392.7861,2214700.688,-597307.9019,-15.586987,675,897
TAOUSDT,2026-08-08,M,952065.4823,733934.6387,218130.8436,12.937772,58,46
TAOUSDT,2026-08-08,R1,1391395.7107,1265432.4829,125963.2278,4.741113,12004,8796
TAOUSDT,2026-08-08,R2,1715884.0867,1819779.9988,-103895.9121,-2.938512,638,776
TAOUSDT,2026-08-08,W,134150.8007,0.0,134150.8007,100.0,1,0
TAOUSDT,2026-08-09,M,810179.3696,1100971.8606,-290792.491,-15.215567,54,70
TAOUSDT,2026-08-09,R1,2190186.4676,2045740.7038,144445.7638,3.410015,16104,12018
TAOUSDT,2026-08-09,R2,3081743.0026,3099994.8509,-18251.8483,-0.295254,1214,1344
TAOUSDT,2026-08-10,M,693759.4399,1070191.2159,-376431.776,-21.340267,37,63
TAOUSDT,2026-08-10,R1,1513209.3023,1584232.5138,-71023.2115,-2.292964,9961,12442
TAOUSDT,2026-08-10,R2,1833675.7748,2324908.0572,-491232.2824,-11.81249,740,902
TAOUSDT,2026-08-11,M,803341.2929,513759.3745,289581.9184,21.986316,38,34
TAOUSDT,2026-08-11,R1,1134768.7969,1815130.5711,-680361.7742,-23.063898,7358,17063
TAOUSDT,2026-08-11,R2,1982296.0916,2037579.4284,-55283.3368,-1.37525,818,869
TAOUSDT,2026-08-12,M,849730.061,670756.8811,178973.1799,11.77078,54,44
TAOUSDT,2026-08-12,R1,1485354.455,2090700.9153,-605346.4603,-16.927771,10901,16756
TAOUSDT,2026-08-12,R2,2561608.0308,2958960.2942,-397352.2634,-7.19767,1054,1240
TAOUSDT,2026-08-13,M,570802.392,487934.6321,82867.7599,7.827039,39,26
TAOUSDT,2026-08-13,R1,1147265.9235,1824711.1943,-677445.2708,-22.794431,8193,15198
TAOUSDT,2026-08-13,R2,1756801.881,2054743.1233,-297941.2423,-7.81681,765,880
TAOUSDT,2026-08-14,M,1113935.6624,1073266.3007,40669.3617,1.859424,67,65
TAOUSDT,2026-08-14,R1,1317656.9833,1614249.8367,-296592.8534,-10.11604,10283,11041
TAOUSDT,2026-08-14,R2,2397296.9049,2510784.227,-113487.3221,-2.312254,971,945
TAOUSDT,2026-08-15,M,367915.6072,753497.7577,-385582.1505,-34.383588,21,42
TAOUSDT,2026-08-15,R1,693350.0076,468849.5057,224500.5019,19.316864,5380,2591
TAOUSDT,2026-08-15,R2,789514.4949,1082679.6601,-293165.1652,-15.658908,308,413
TAOUSDT,2026-08-16,M,213736.3113,438467.7879,-224731.4766,-34.457232,10,23
TAOUSDT,2026-08-16,R1,430538.6731,457828.8395,-27290.1664,-3.071946,3312,2526
TAOUSDT,2026-08-16,R2,1032253.8994,763660.9652,268592.9342,14.955772,388,311
TAOUSDT,2026-08-17,M,819593.4789,482397.4208,337196.0581,25.898496,45,29
TAOUSDT,2026-08-17,R1,776306.1261,907870.6844,-131564.5583,-7.811802,5778,5319
TAOUSDT,2026-08-17,R2,1830082.7466,1518702.5139,311380.2327,9.298304,711,585
TAOUSDT,2026-08-18,M,370056.3558,878253.63,-508197.2742,-40.710823,25,54
TAOUSDT,2026-08-18,R1,1263675.2525,1468902.3493,-205227.0968,-7.510385,7966,10574
TAOUSDT,2026-08-18,R2,2078010.5144,2467510.6733,-389500.1589,-8.568878,791,934
TAOUSDT,2026-08-19,M,2527105.216,2330256.2367,196848.9793,4.052591,151,130
TAOUSDT,2026-08-19,R1,3049481.4951,2607756.0775,441725.4176,7.808147,20200,17416
TAOUSDT,2026-08-19,R2,5284146.7557,5995721.5267,-711574.771,-6.308361,1916,2209
TAOUSDT,2026-08-19,W,100482.0128,0.0,100482.0128,100.0,1,0
TAOUSDT,2026-08-20,M,1953590.248,2671245.8886,-717655.6406,-15.517428,125,153
TAOUSDT,2026-08-20,R1,3117423.7854,2393561.1961,723862.5893,13.134904,19659,14595
TAOUSDT,2026-08-20,R2,6986205.2552,6904213.0477,81992.2075,0.590279,2398,2418
TAOUSDT,2026-08-20,W,183473.9372,116867.1766,66606.7606,22.177037,1,1
TAOUSDT,2026-08-21,M,3885268.6113,3653922.9521,231345.6592,3.068574,217,217
TAOUSDT,2026-08-21,R1,5094629.1132,4051352.8579,1043276.2553,11.406935,34049,26443
TAOUSDT,2026-08-21,R2,11824134.1944,12969796.3223,-1145662.1279,-4.620736,4341,4585
TAOUSDT,2026-08-21,W,592644.48,226971.2618,365673.2182,44.615202,4,2
TAOUSDT,2026-08-22,M,2727995.3127,3409753.0702,-681757.7575,-11.10762,172,202
TAOUSDT,2026-08-22,R1,7256394.8256,7265893.3236,-9498.498,-0.065406,39736,40822
TAOUSDT,2026-08-22,R2,12873568.5858,13750553.987,-876985.4012,-3.29395,5486,5639
TAOUSDT,2026-08-22,W,117826.5707,111265.4153,6561.1554,2.863983,1,1
TAOUSDT,2026-08-23,M,2596971.7556,1718059.4917,878912.2639,20.368619,140,97
TAOUSDT,2026-08-23,R1,4212204.0626,4079515.6277,132688.4349,1.600252,26639,22455
TAOUSDT,2026-08-23,R2,8922391.7874,9550354.1119,-627962.3245,-3.399399,3891,4277
TAOUSDT,2026-08-23,W,701748.7554,210668.615,491080.1404,53.821875,4,1
TAOUSDT,2026-08-24,M,2120659.0545,2371106.3821,-250447.3276,-5.575699,124,139
TAOUSDT,2026-08-24,R1,6219401.7901,5368546.3977,850855.3924,7.342589,30082,24587
TAOUSDT,2026-08-24,R2,7020714.8585,7672490.191,-651775.3325,-4.435896,3033,3230
TAOUSDT,2026-08-24,W,0.0,311997.9505,-311997.9505,-100.0,0,2
TAOUSDT,2026-08-25,M,2089062.4359,2602262.7461,-513200.3102,-10.939346,114,140
TAOUSDT,2026-08-25,R1,5118612.1068,4523842.5672,594769.5396,6.168238,24346,21735
TAOUSDT,2026-08-25,R2,5697016.1755,6258210.9417,-561194.7662,-4.694137,2459,2564
TAOUSDT,2026-08-25,W,455681.7274,0.0,455681.7274,100.0,3,0
TAOUSDT,2026-08-26,M,1561662.6432,2257495.8061,-695833.1629,-18.219542,102,140
TAOUSDT,2026-08-26,R1,2862549.6487,2856459.3698,6090.2789,0.106492,16005,13206
TAOUSDT,2026-08-26,R2,3748757.5783,4595477.5947,-846720.0164,-10.147365,1545,1843
TAOUSDT,2026-08-26,W,152895.1356,112894.0576,40001.078,15.049926,1,1
TAOUSDT,2026-08-27,M,4653415.1103,3712498.2616,940916.8487,11.247031,268,216
TAOUSDT,2026-08-27,R1,9974054.7644,6376695.9118,3597358.8526,22.001185,55629,28408
TAOUSDT,2026-08-27,R2,12398920.2127,11487091.7818,911828.4309,3.817416,5020,5020
TAOUSDT,2026-08-27,W,843273.8237,152233.3577,691040.466,69.41592,5,1
TAOUSDT,2026-08-28,M,2225775.7085,2599230.4836,-373454.7751,-7.739985,106,140
TAOUSDT,2026-08-28,R1,4419721.6209,3865339.7846,554381.8363,6.691343,22884,20897
TAOUSDT,2026-08-28,R2,6678663.5171,7955775.8515,-1277112.3344,-8.72676,2854,3468
TAOUSDT,2026-08-28,W,113180.0003,206554.9018,-93374.9015,-29.20385,1,2
TAOUSDT,2026-08-29,M,614350.2105,1072412.3802,-458062.1697,-27.156292,37,59
TAOUSDT,2026-08-29,R1,1316647.6341,1552484.9205,-235837.2864,-8.219811,7086,8371
TAOUSDT,2026-08-29,R2,1883109.7384,2099309.1651,-216199.4267,-5.428847,794,902
TAOUSDT,2026-08-30,M,986501.5555,2244101.6029,-1257600.0474,-38.927717,59,117
TAOUSDT,2026-08-30,R1,2523084.4426,2822091.0818,-299006.6392,-5.593954,12000,19553
TAOUSDT,2026-08-30,R2,3418107.5573,3642332.4578,-224224.9005,-3.175792,1474,1576
TAOUSDT,2026-08-30,W,134806.4958,0.0,134806.4958,100.0,1,0
TAOUSDT,2026-08-31,M,1140720.7713,1714974.5365,-574253.7652,-20.10907,65,89
TAOUSDT,2026-08-31,R1,2106908.2805,2116380.4353,-9472.1548,-0.224284,12104,15037
TAOUSDT,2026-08-31,R2,3045019.2304,3432345.4108,-387326.1804,-5.979688,1367,1535
TAOUSDT,2026-09-01,M,1165505.3376,2008579.8039,-843074.4663,-26.56118,51,103
TAOUSDT,2026-09-01,R1,2334213.4807,2152537.3193,181676.1614,4.04917,11594,13461
TAOUSDT,2026-09-01,R2,3080976.9159,3802273.6628,-721296.7469,-10.479013,1376,1743
TAOUSDT,2026-09-01,W,109593.0657,126393.0287,-16799.963,-7.119048,1,1
UNIUSDT,2026-03-04,M,1147331.7671,655298.6507,492033.1164,27.295285,57,42
UNIUSDT,2026-03-04,R1,3709771.5464,3620690.1844,89081.362,1.215222,20839,21551
UNIUSDT,2026-03-04,R2,5154024.2227,4726043.1478,427981.0749,4.331763,2386,2172
UNIUSDT,2026-03-04,W,251320.8354,0.0,251320.8354,100.0,1,0
UNIUSDT,2026-03-05,M,618279.1276,439875.0387,178404.0889,16.859934,33,30
UNIUSDT,2026-03-05,R1,2471280.5738,2836488.9697,-365208.3959,-6.880638,14544,16531
UNIUSDT,2026-03-05,R2,3983931.9334,4239173.271,-255241.3376,-3.103953,1845,2086
UNIUSDT,2026-03-05,W,132990.2985,0.0,132990.2985,100.0,1,0
UNIUSDT,2026-03-06,M,536574.1241,805610.4286,-269036.3045,-20.044658,30,43
UNIUSDT,2026-03-06,R1,2162366.8507,2513804.4782,-351437.6275,-7.515499,12610,13727
UNIUSDT,2026-03-06,R2,2697393.4617,3613693.0516,-916299.5899,-14.518888,1255,1468
UNIUSDT,2026-03-06,W,0.0,152156.0166,-152156.0166,-100.0,0,1
UNIUSDT,2026-03-07,M,136857.1617,365340.9921,-228483.8304,-45.496748,9,28
UNIUSDT,2026-03-07,R1,1117505.9564,1061194.6638,56311.2926,2.584627,7185,5069
UNIUSDT,2026-03-07,R2,1202246.7689,1527051.2455,-324804.4766,-11.90066,598,687
UNIUSDT,2026-03-08,M,134798.4098,242753.7079,-107955.2981,-28.593482,7,19
UNIUSDT,2026-03-08,R1,1692831.5702,1613353.2956,79478.2746,2.403927,11553,8509
UNIUSDT,2026-03-08,R2,1724745.5705,2345839.5392,-621093.9687,-15.258101,770,1067
UNIUSDT,2026-03-09,M,607602.3283,545609.2473,61993.081,5.37569,36,31
UNIUSDT,2026-03-09,R1,3532293.4372,3047255.4062,485038.031,7.371904,21878,19199
UNIUSDT,2026-03-09,R2,3425231.9789,3527973.4551,-102741.4762,-1.477613,1727,1822
UNIUSDT,2026-03-09,W,119658.162,0.0,119658.162,100.0,1,0
UNIUSDT,2026-03-10,M,769559.631,891187.6116,-121627.9806,-7.32369,48,42
UNIUSDT,2026-03-10,R1,2709891.5943,2745672.1408,-35780.5465,-0.655854,14392,14759
UNIUSDT,2026-03-10,R2,3264834.9427,3672456.7113,-407621.7686,-5.875806,1459,1762
UNIUSDT,2026-03-10,W,123499.2642,0.0,123499.2642,100.0,1,0
UNIUSDT,2026-03-11,M,414085.0666,260845.1895,153239.8771,22.70455,20,18
UNIUSDT,2026-03-11,R1,2039277.9761,2020221.3593,19056.6168,0.469433,11861,11157
UNIUSDT,2026-03-11,R2,2054254.9088,2225636.8525,-171381.9437,-4.004352,850,953
UNIUSDT,2026-03-12,M,611087.1514,199730.5009,411356.6505,50.733559,36,14
UNIUSDT,2026-03-12,R1,1734169.7177,2100072.814,-365903.0963,-9.543035,10047,11526
UNIUSDT,2026-03-12,R2,2033921.9988,2054423.4606,-20501.4618,-0.501461,904,1036
UNIUSDT,2026-03-12,W,0.0,103349.174,-103349.174,-100.0,0,1
UNIUSDT,2026-03-13,M,503555.5245,770206.6103,-266651.0858,-20.934135,32,49
UNIUSDT,2026-03-13,R1,3594669.2707,3378215.1729,216454.0978,3.104226,20143,16774
UNIUSDT,2026-03-13,R2,4000896.3287,4225461.978,-224565.6493,-2.729831,2071,2016
UNIUSDT,2026-03-14,M,156886.2995,186012.2749,-29125.9754,-8.49405,8,7
UNIUSDT,2026-03-14,R1,1041897.0153,1823122.2465,-781225.2312,-27.267713,5680,9131
UNIUSDT,2026-03-14,R2,1429272.3069,2435634.9883,-1006362.6814,-26.038469,654,1407
UNIUSDT,2026-03-15,M,114470.7904,158234.4894,-43763.699,-16.047984,8,11
UNIUSDT,2026-03-15,R1,1415564.843,1410417.9108,5146.9322,0.182129,7924,8340
UNIUSDT,2026-03-15,R2,1765639.4275,1755324.5768,10314.8507,0.292955,851,886
UNIUSDT,2026-03-16,M,1020106.1781,1074405.8399,-54299.6618,-2.592473,56,60
UNIUSDT,2026-03-16,R1,5323786.4385,4564124.6065,759661.832,7.682733,25317,23885
UNIUSDT,2026-03-16,R2,7564756.6261,7282996.7771,281759.849,1.89766,3625,3477
UNIUSDT,2026-03-16,W,0.0,120585.9659,-120585.9659,-100.0,0,1
UNIUSDT,2026-03-17,M,795753.0898,831364.8184,-35611.7286,-2.188638,38,45
UNIUSDT,2026-03-17,R1,2697067.1843,2975333.9947,-278266.8104,-4.905626,13507,13899
UNIUSDT,2026-03-17,R2,3698582.9823,3867883.073,-169300.0907,-2.237505,1742,1878
UNIUSDT,2026-03-17,W,0.0,215101.6859,-215101.6859,-100.0,0,2
UNIUSDT,2026-03-18,M,1063089.5807,1079550.3465,-16460.7658,-0.768247,55,59
UNIUSDT,2026-03-18,R1,3134701.9305,3561445.5764,-426743.6459,-6.372973,15205,17826
UNIUSDT,2026-03-18,R2,4156321.5751,4728918.6443,-572597.0692,-6.444362,1861,2212
UNIUSDT,2026-03-19,M,254236.7746,441123.0737,-186886.2991,-26.876199,16,26
UNIUSDT,2026-03-19,R1,1995569.9494,2596361.5085,-600791.5591,-13.083635,10581,19280
UNIUSDT,2026-03-19,R2,2314342.4468,2680801.0274,-366458.5806,-7.336297,1074,1216
UNIUSDT,2026-03-20,M,749253.6873,523336.8669,225916.8204,17.752514,47,33
UNIUSDT,2026-03-20,R1,1453406.2147,2297228.8031,-843822.5884,-22.498126,7845,17866
UNIUSDT,2026-03-20,R2,2025030.987,2140772.981,-115741.994,-2.778383,857,981
UNIUSDT,2026-03-21,M,98134.1389,287185.3035,-189051.1646,-49.06349,5,17
UNIUSDT,2026-03-21,R1,815081.8825,975629.7879,-160547.9054,-8.965592,4635,4856
UNIUSDT,2026-03-21,R2,867439.2932,1093235.6647,-225796.3715,-11.516257,428,511
UNIUSDT,2026-03-22,M,175542.9042,131883.3087,43659.5955,14.20165,11,8
UNIUSDT,2026-03-22,R1,1251224.9784,1289009.4782,-37784.4998,-1.487441,7664,7052
UNIUSDT,2026-03-22,R2,1171136.7958,1112592.8711,58543.9247,2.563523,599,627
UNIUSDT,2026-03-23,M,595326.0324,638449.5389,-43123.5065,-3.495247,37,36
UNIUSDT,2026-03-23,R1,2847731.0516,2732530.7447,115200.3069,2.064425,14910,14830
UNIUSDT,2026-03-23,R2,3168205.6125,3009952.7816,158252.8309,2.561489,1490,1492
UNIUSDT,2026-03-24,M,349104.1421,579419.2795,-230315.1374,-24.804451,18,28
UNIUSDT,2026-03-24,R1,1390943.8292,1191503.7004,199440.1288,7.722911,9187,6662
UNIUSDT,2026-03-24,R2,1588585.3561,1803454.267,-214868.9109,-6.334505,690,788
UNIUSDT,2026-03-24,W,171789.343,0.0,171789.343,100.0,1,0
UNIUSDT,2026-03-25,M,1073766.1416,484471.5707,589294.5709,37.818015,68,33
UNIUSDT,2026-03-25,R1,1807212.2799,2124695.7203,-317483.4404,-8.074539,9348,11689
UNIUSDT,2026-03-25,R2,3674967.5943,2946314.0135,728653.5808,11.004721,1550,1411
UNIUSDT,2026-03-26,M,266998.3086,355739.5357,-88741.2271,-14.250174,21,19
UNIUSDT,2026-03-26,R1,1427067.6212,2372431.6465,-945364.0253,-24.881279,7842,10382
UNIUSDT,2026-03-26,R2,2273857.068,2417363.0597,-143505.9917,-3.059033,1146,1236
UNIUSDT,2026-03-27,M,531442.6013,528024.8938,3417.7075,0.322587,30,31
UNIUSDT,2026-03-27,R1,1566148.09,1964466.8926,-398318.8026,-11.281853,8892,10326
UNIUSDT,2026-03-27,R2,2178687.1804,2228267.5072,-49580.3268,-1.125047,1040,1129
UNIUSDT,2026-03-28,M,131010.5628,253234.1049,-122223.5421,-31.80878,10,17
UNIUSDT,2026-03-28,R1,900075.6839,945312.677,-45236.9931,-2.451354,5129,4608
UNIUSDT,2026-03-28,R2,1039255.3023,848052.862,191202.4403,10.13096,454,420
UNIUSDT,2026-03-29,M,22341.3563,66061.4531,-43720.0968,-49.455551,2,5
UNIUSDT,2026-03-29,R1,1169430.234,1141233.6329,28196.6011,1.220281,6454,6776
UNIUSDT,2026-03-29,R2,1118021.7264,1221610.0701,-103588.3437,-4.427549,560,605
UNIUSDT,2026-03-30,M,173534.7102,230501.2379,-56966.5277,-14.099371,5,13
UNIUSDT,2026-03-30,R1,1633867.6927,1281854.6726,352013.0201,12.072927,10086,8086
UNIUSDT,2026-03-30,R2,1843865.2768,2066956.576,-223091.2992,-5.704461,1011,1021
UNIUSDT,2026-03-31,M,436856.5127,273098.8664,163757.6463,23.065907,23,17
UNIUSDT,2026-03-31,R1,1660174.3976,1655885.9888,4288.4088,0.129322,9854,8641
UNIUSDT,2026-03-31,R2,2113866.5226,2363150.6052,-249284.0826,-5.568084,1067,1148
UNIUSDT,2026-03-31,W,102825.7807,0.0,102825.7807,100.0,1,0
UNIUSDT,2026-04-01,M,398639.0989,709071.4485,-310432.3496,-28.024681,17,38
UNIUSDT,2026-04-01,R1,1635730.4164,1438503.4676,197226.9488,6.415483,9047,7706
UNIUSDT,2026-04-01,R2,2222763.0977,2937871.6986,-715108.6009,-13.856989,1167,1246
UNIUSDT,2026-04-02,M,2406222.1596,5060572.659,-2654350.4994,-35.548727,125,226
UNIUSDT,2026-04-02,R1,6964430.4269,11326964.8352,-4362534.4083,-23.8502,36946,44156
UNIUSDT,2026-04-02,R2,11969112.9467,14723532.6634,-2754419.7167,-10.319021,5469,6115
UNIUSDT,2026-04-02,W,230877.2486,211124.204,19753.0446,4.469,2,2
UNIUSDT,2026-04-03,M,376441.2565,378372.1792,-1930.9227,-0.255815,23,19
UNIUSDT,2026-04-03,R1,1751760.0057,2265967.0602,-514207.0545,-12.798457,8522,9712
UNIUSDT,2026-04-03,R2,2463595.9899,2540601.6138,-77005.6239,-1.538821,1152,1342
UNIUSDT,2026-04-04,M,350172.1083,756482.4565,-406310.3482,-36.715192,22,46
UNIUSDT,2026-04-04,R1,1362369.3215,1396606.3289,-34237.0074,-1.240932,7462,6359
UNIUSDT,2026-04-04,R2,1486439.6311,2176544.6163,-690104.9852,-18.839966,667,935
UNIUSDT,2026-04-05,M,174923.3265,190288.0246,-15364.6981,-4.20707,12,11
UNIUSDT,2026-04-05,R1,1276207.2037,1538318.7287,-262111.525,-9.312813,6404,7058
UNIUSDT,2026-04-05,R2,1644686.3616,2093789.8631,-449103.5015,-12.013009,824,1096
UNIUSDT,2026-04-06,M,441957.677,328777.6546,113180.0224,14.684681,25,20
UNIUSDT,2026-04-06,R1,1257518.1778,1261467.3582,-3949.1804,-0.156777,6809,6696
UNIUSDT,2026-04-06,R2,2532504.2588,2663914.1551,-131409.8963,-2.528855,1140,1242
UNIUSDT,2026-04-07,M,951235.4141,922088.7646,29146.6495,1.555879,42,49
UNIUSDT,2026-04-07,R1,2356954.0793,2249363.1043,107590.975,2.335727,12664,10825
UNIUSDT,2026-04-07,R2,3844358.36,4288337.7895,-443979.4295,-5.459191,1774,2106
UNIUSDT,2026-04-08,M,337732.6811,370766.6794,-33033.9983,-4.66253,17,19
UNIUSDT,2026-04-08,R1,1585042.6458,1558795.9308,26246.715,0.834862,7704,8851
UNIUSDT,2026-04-08,R2,2757460.3179,2710574.0751,46886.2428,0.857461,1296,1289
UNIUSDT,2026-04-09,M,334964.4445,495943.0002,-160978.5557,-19.373825,26,29
UNIUSDT,2026-04-09,R1,1772466.4783,1545172.3779,227294.1004,6.85108,9152,7451
UNIUSDT,2026-04-09,R2,2988094.1665,2767935.3033,220158.8632,3.824839,1426,1284
UNIUSDT,2026-04-10,M,104362.298,768012.7272,-663650.4292,-76.073983,7,48
UNIUSDT,2026-04-10,R1,1558863.1971,1410457.7214,148405.4757,4.99796,8327,6756
UNIUSDT,2026-04-10,R2,2262904.9792,2479346.7998,-216441.8206,-4.564115,1111,1124
UNIUSDT,2026-04-11,M,50488.1736,135215.7273,-84727.5537,-45.62508,4,10
UNIUSDT,2026-04-11,R1,991280.5113,933942.7946,57337.7167,2.978237,5114,4864
UNIUSDT,2026-04-11,R2,1783439.334,2049294.1251,-265854.7911,-6.936428,828,893
UNIUSDT,2026-04-12,M,297655.7561,445075.1875,-147419.4314,-19.848295,18,22
UNIUSDT,2026-04-12,R1,1364467.6194,1467575.1429,-103107.5235,-3.640747,7036,7543
UNIUSDT,2026-04-12,R2,2035317.2286,2251401.4943,-216084.2657,-5.040785,959,1042
UNIUSDT,2026-04-13,M,241562.034,536941.7646,-295379.7306,-37.941977,12,36
UNIUSDT,2026-04-13,R1,1929401.1455,1631809.298,297591.8475,8.35648,9860,7956
UNIUSDT,2026-04-13,R2,3237641.4695,3634453.6894,-396812.2199,-5.774254,1589,1666
UNIUSDT,2026-04-13,W,0.0,146987.97,-146987.97,-100.0,0,1
UNIUSDT,2026-04-14,M,269208.8425,747982.491,-478773.6485,-47.0682,16,51
UNIUSDT,2026-04-14,R1,1520348.9342,1721742.4421,-201393.5079,-6.211839,8237,7248
UNIUSDT,2026-04-14,R2,2613255.9204,3264875.3251,-651619.4047,-11.085486,1258,1510
UNIUSDT,2026-04-15,M,161956.7277,284105.9509,-122149.2232,-27.38387,10,18
UNIUSDT,2026-04-15,R1,1139212.2276,971842.9674,167369.2602,7.928228,6752,5746
UNIUSDT,2026-04-15,R2,1959950.2296,1914412.4287,45537.8009,1.175362,1006,879
UNIUSDT,2026-04-16,M,625469.5532,815942.3874,-190472.8342,-13.214323,40,48
UNIUSDT,2026-04-16,R1,3244800.7971,2372613.8289,872186.9682,15.526484,14400,12766
UNIUSDT,2026-04-16,R2,4940233.3276,5096238.6035,-156005.2759,-1.554384,2368,2080
UNIUSDT,2026-04-17,M,656155.5388,549971.0011,106184.5377,8.803764,37,37
UNIUSDT,2026-04-17,R1,3178480.0632,2348615.4426,829864.6206,15.014479,15755,12599
UNIUSDT,2026-04-17,R2,3672384.6202,4213301.3246,-540916.7044,-6.859476,1724,1779
UNIUSDT,2026-04-18,M,324111.2693,504565.1667,-180453.8974,-21.776159,13,33
UNIUSDT,2026-04-18,R1,1680448.7644,1716501.3819,-36052.6175,-1.061323,8788,9212
UNIUSDT,2026-04-18,R2,2003078.4086,2644542.245,-641463.8364,-13.801984,983,1158
UNIUSDT,2026-04-19,M,254665.1695,474076.2849,-219411.1154,-30.108225,14,33
UNIUSDT,2026-04-19,R1,2683662.4626,1959858.4363,723804.0263,15.587397,12149,10842
UNIUSDT,2026-04-19,R2,2346848.4872,3005197.6064,-658349.1192,-12.300887,1295,1473
UNIUSDT,2026-04-20,M,122525.49,225514.6441,-102989.1541,-29.591172,8,17
UNIUSDT,2026-04-20,R1,1880478.5461,1611511.142,268967.4041,7.702411,9800,7893
UNIUSDT,2026-04-20,R2,2267943.1906,2394787.0078,-126843.8172,-2.720377,1132,1126
UNIUSDT,2026-04-21,M,136769.5103,171277.1493,-34507.639,-11.202082,8,9
UNIUSDT,2026-04-21,R1,2258963.9439,1619379.5133,639584.4306,16.491176,10106,9469
UNIUSDT,2026-04-21,R2,1732839.5881,1637260.3841,95579.204,2.836094,902,869
UNIUSDT,2026-04-22,M,382729.7527,285072.9445,97656.8082,14.623602,24,19
UNIUSDT,2026-04-22,R1,2732413.6524,1688210.0688,1044203.5836,23.621182,9689,7850
UNIUSDT,2026-04-22,R2,3066573.5885,2890568.0426,176005.5459,2.95453,1506,1319
UNIUSDT,2026-04-23,M,744129.7801,643641.2433,100488.5368,7.241003,48,40
UNIUSDT,2026-04-23,R1,2041341.0303,1906604.197,134736.8333,3.412834,9156,8705
UNIUSDT,2026-04-23,R2,2937198.6255,2954134.1732,-16935.5477,-0.287465,1443,1442
UNIUSDT,2026-04-24,M,268706.6912,572419.988,-303713.2968,-36.107914,12,35
UNIUSDT,2026-04-24,R1,1825548.4868,1266270.0877,559278.3991,18.088979,8505,5570
UNIUSDT,2026-04-24,R2,1655073.614,2066818.9951,-411745.3811,-11.062796,780,927
UNIUSDT,2026-04-25,M,33710.9575,29555.3796,4155.5779,6.568387,3,2
UNIUSDT,2026-04-25,R1,848033.843,736913.2173,111120.6257,7.010999,3743,3672
UNIUSDT,2026-04-25,R2,768154.6876,1002114.1656,-233959.478,-13.216042,407,563
UNIUSDT,2026-04-26,M,90626.9799,174265.4754,-83638.4955,-31.57451,4,13
UNIUSDT,2026-04-26,R1,1322554.4975,969573.059,352981.4385,15.399729,6778,5755
UNIUSDT,2026-04-26,R2,1047012.094,1028579.2114,18432.8826,0.888079,528,514
UNIUSDT,2026-04-27,M,101702.733,233577.8387,-131875.1057,-39.332761,6,16
UNIUSDT,2026-04-27,R1,1593297.5874,1669601.7735,-76304.1861,-2.338539,7277,7773
UNIUSDT,2026-04-27,R2,2192531.8226,2343852.2616,-151320.439,-3.335706,1145,1131
UNIUSDT,2026-04-28,M,129745.6028,68357.872,61387.7308,30.98771,9,5
UNIUSDT,2026-04-28,R1,1061417.5849,1606251.5138,-544833.9289,-20.423595,5854,8546
UNIUSDT,2026-04-28,R2,1340420.6539,1667290.4252,-326869.7713,-10.867725,748,821
UNIUSDT,2026-04-29,M,343319.6744,409441.3046,-66121.6302,-8.783881,17,26
UNIUSDT,2026-04-29,R1,1869349.7673,2038437.3822,-169087.6149,-4.32694,10173,11277
UNIUSDT,2026-04-29,R2,2454474.2418,2822272.9636,-367798.7218,-6.970179,1357,1459
UNIUSDT,2026-04-29,W,117933.4539,0.0,117933.4539,100.0,1,0
UNIUSDT,2026-04-30,M,113262.316,107397.7362,5864.5798,2.657744,9,8
UNIUSDT,2026-04-30,R1,734994.6301,776817.4617,-41822.8316,-2.766404,4430,5091
UNIUSDT,2026-04-30,R2,1208894.2389,1251126.5356,-42232.2967,-1.716746,661,754
UNIUSDT,2026-05-01,M,68824.9225,196005.1302,-127180.2077,-48.023329,4,13
UNIUSDT,2026-05-01,R1,1039773.1223,866367.2016,173405.9207,9.097227,5942,4775
UNIUSDT,2026-05-01,R2,1762059.7935,2123904.3706,-361844.5771,-9.311578,905,973
UNIUSDT,2026-05-02,M,174055.7372,93432.7242,80623.013,30.140744,13,6
UNIUSDT,2026-05-02,R1,750030.4788,881159.1107,-131128.6319,-8.038835,3862,6713
UNIUSDT,2026-05-02,R2,1017434.5775,921703.835,95730.7425,4.936767,501,431
UNIUSDT,2026-05-03,M,254882.6991,345638.0683,-90755.3692,-15.112778,15,21
UNIUSDT,2026-05-03,R1,931840.3843,793650.31,138190.0743,8.008741,5480,4863
UNIUSDT,2026-05-03,R2,991339.7619,1267652.716,-276312.9541,-12.23169,503,575
UNIUSDT,2026-05-04,M,1300405.7471,1887586.3007,-587180.5536,-18.418507,71,103
UNIUSDT,2026-05-04,R1,3130972.5866,2855411.6249,275560.9617,4.603129,15146,14192
UNIUSDT,2026-05-04,R2,7233191.6856,7009656.0412,223535.6444,1.569459,3309,3190
UNIUSDT,2026-05-04,W,129481.4768,0.0,129481.4768,100.0,1,0
UNIUSDT,2026-05-05,M,360255.2698,489821.9973,-129566.7275,-15.241759,18,28
UNIUSDT,2026-05-05,R1,1284181.6928,1401022.8013,-116841.1085,-4.351293,8014,6637
UNIUSDT,2026-05-05,R2,2750022.6699,3261214.1012,-511191.4313,-8.503931,1195,1382
UNIUSDT,2026-05-06,M,1092239.3577,866212.6937,226026.664,11.541087,69,54
UNIUSDT,2026-05-06,R1,2431227.9399,2179723.9955,251503.9444,5.454491,13123,11484
UNIUSDT,2026-05-06,R2,5274415.7059,4701120.1123,573295.5936,5.747016,2470,2165
UNIUSDT,2026-05-07,M,1129152.4567,1375067.5413,-245915.0846,-9.820027,66,82
UNIUSDT,2026-05-07,R1,1974435.8514,2165704.0949,-191268.2435,-4.61985,11118,12099
UNIUSDT,2026-05-07,R2,4324980.5043,4319661.144,5319.3603,0.061534,1975,1965
UNIUSDT,2026-05-08,M,1289222.8197,781329.4626,507893.3571,24.529366,68,49
UNIUSDT,2026-05-08,R1,3004272.9698,3100241.0117,-95968.0419,-1.572083,16754,16069
UNIUSDT,2026-05-08,R2,6665694.7813,5559116.374,1106578.4073,9.051906,3081,2492
UNIUSDT,2026-05-09,M,1116929.7727,1067213.4396,49716.3331,2.27624,66,71
UNIUSDT,2026-05-09,R1,2167603.8615,2534855.0591,-367251.1976,-7.809769,12295,14179
UNIUSDT,2026-05-09,R2,5080082.8425,4722973.4715,357109.371,3.642837,2179,2078
UNIUSDT,2026-05-09,W,136793.0928,0.0,136793.0928,100.0,1,0
UNIUSDT,2026-05-10,M,2568725.458,2547467.3818,21258.0762,0.415506,133,168
UNIUSDT,2026-05-10,R1,9675128.013,8043950.5856,1631177.4274,9.205769,51970,42141
UNIUSDT,2026-05-10,R2,16917354.059,15538835.609,1378518.45,4.247321,7841,6744
UNIUSDT,2026-05-10,W,222784.1445,296063.2622,-73279.1177,-14.123443,2,2
UNIUSDT,2026-05-11,M,808381.7606,776335.4016,32046.359,2.022213,50,42
UNIUSDT,2026-05-11,R1,3181481.5381,2885555.4635,295926.0746,4.877605,17829,16674
UNIUSDT,2026-05-11,R2,4059040.2824,5084872.8799,-1025832.5975,-11.218748,1963,2314
UNIUSDT,2026-05-11,W,100269.6837,0.0,100269.6837,100.0,1,0
UNIUSDT,2026-05-12,M,636907.9342,503736.1706,133171.7636,11.675137,30,37
UNIUSDT,2026-05-12,R1,2113655.3502,1916468.6396,197186.7106,4.89282,13465,11234
UNIUSDT,2026-05-12,R2,2812981.8429,4365032.9439,-1552051.101,-21.622289,1369,1842
UNIUSDT,2026-05-13,M,663006.3726,626834.863,36171.5096,2.804338,36,40
UNIUSDT,2026-05-13,R1,2049354.7982,1735890.9752,313463.823,8.281201,12320,10504
UNIUSDT,2026-05-13,R2,2843686.0752,3794243.9521,-950557.8769,-14.320095,1273,1736
UNIUSDT,2026-05-14,M,580298.0363,291594.938,288703.0983,33.112218,38,22
UNIUSDT,2026-05-14,R1,2931302.7195,3914180.5273,-982877.8078,-14.358049,17876,18894
UNIUSDT,2026-05-14,R2,6360534.231,6673588.9355,-313054.7045,-2.401809,3044,2936
UNIUSDT,2026-05-15,M,364750.4523,302506.5799,62243.8724,9.32832,23,17
UNIUSDT,2026-05-15,R1,2503607.321,3179590.8625,-675983.5415,-11.894421,13181,16975
UNIUSDT,2026-05-15,R2,3426232.5866,3235384.9281,190847.6585,2.864885,1641,1604
UNIUSDT,2026-05-15,W,105610.8112,0.0,105610.8112,100.0,1,0
UNIUSDT,2026-05-16,M,579866.9181,260972.7728,318894.1453,37.925677,23,16
UNIUSDT,2026-05-16,R1,1456017.0213,1677214.8492,-221197.8279,-7.059734,8898,10894
UNIUSDT,2026-05-16,R2,1523546.8741,2129293.0345,-605746.1604,-16.582883,700,1001
UNIUSDT,2026-05-16,W,572481.3178,0.0,572481.3178,100.0,4,0
UNIUSDT,2026-05-17,M,860973.3682,658576.4423,202396.9259,13.319532,50,36
UNIUSDT,2026-05-17,R1,1610205.1846,1663910.0309,-53704.8463,-1.640286,9604,9953
UNIUSDT,2026-05-17,R2,2163134.6184,2610010.8296,-446876.2112,-9.3623,942,1243
UNIUSDT,2026-05-17,W,518108.5629,0.0,518108.5629,100.0,3,0
UNIUSDT,2026-05-18,M,1441066.1396,1914561.1313,-473494.9917,-14.110476,59,114
UNIUSDT,2026-05-18,R1,4261204.4973,2599913.0379,1661291.4594,24.213132,23026,12565
UNIUSDT,2026-05-18,R2,4062460.8904,5977200.6023,-1914739.7119,-19.071756,1953,2501
UNIUSDT,2026-05-18,W,597771.5858,210988.8453,386782.7405,47.824142,3,2
UNIUSDT,2026-05-19,M,128002.4079,70274.2204,57728.1875,29.114973,8,5
UNIUSDT,2026-05-19,R1,1263127.6644,1288762.3994,-25634.735,-1.004539,8397,8482
UNIUSDT,2026-05-19,R2,1373251.6564,1723949.8641,-350698.2077,-11.323067,685,941
UNIUSDT,2026-05-19,W,227837.5366,0.0,227837.5366,100.0,1,0
UNIUSDT,2026-05-20,M,638655.6716,341562.4557,297093.2159,30.308888,43,18
UNIUSDT,2026-05-20,R1,2260756.645,2013263.889,247492.756,5.790631,13222,10838
UNIUSDT,2026-05-20,R2,4368885.2589,4510875.9738,-141990.7149,-1.599038,2077,1954
UNIUSDT,2026-05-20,W,268720.2414,0.0,268720.2414,100.0,2,0
UNIUSDT,2026-05-21,M,555280.9095,246790.8212,308490.0883,38.461658,36,14
UNIUSDT,2026-05-21,R1,2060802.6057,2847252.2545,-786449.6488,-16.023652,12828,14015
UNIUSDT,2026-05-21,R2,2465373.4818,2692411.854,-227038.3722,-4.401858,1203,1362
UNIUSDT,2026-05-22,M,416491.2138,623354.7443,-206863.5305,-19.893671,23,33
UNIUSDT,2026-05-22,R1,2924628.5791,3428647.032,-504018.4529,-7.933206,17013,19005
UNIUSDT,2026-05-22,R2,3762748.2915,4756331.4522,-993583.1607,-11.663034,1781,2326
UNIUSDT,2026-05-23,M,1995058.0321,801886.9292,1193171.1029,42.659799,102,47
UNIUSDT,2026-05-23,R1,3768933.7399,3546880.8439,222052.896,3.035245,19577,19167
UNIUSDT,2026-05-23,R2,5547498.8045,5103490.5557,444008.2488,4.168704,2313,2386
UNIUSDT,2026-05-23,W,629169.5409,0.0,629169.5409,100.0,3,0
UNIUSDT,2026-05-24,M,329009.6234,269942.8609,59066.7625,9.861678,19,19
UNIUSDT,2026-05-24,R1,1016077.3596,941848.4942,74228.8654,3.791199,6616,6792
UNIUSDT,2026-05-24,R2,1145665.7324,1317233.4435,-171567.7111,-6.966087,496,618
UNIUSDT,2026-05-25,M,2594920.949,1036865.0089,1558055.9401,42.900544,170,60
UNIUSDT,2026-05-25,R1,4813775.8011,2736296.9735,2077478.8276,27.516011,27572,12848
UNIUSDT,2026-05-25,R2,7609321.2507,3571020.4388,4038300.8119,36.119655,2996,1636
UNIUSDT,2026-05-26,M,546256.3525,282503.7249,263752.6276,31.824968,34,19
UNIUSDT,2026-05-26,R1,1571832.5614,3063265.1067,-1491432.5453,-32.176939,9411,14756
UNIUSDT,2026-05-26,R2,2202362.0428,2506950.5846,-304588.5418,-6.467792,948,1284
UNIUSDT,2026-05-27,M,3439415.6168,1586200.9987,1853214.6181,36.875368,250,93
UNIUSDT,2026-05-27,R1,5480358.7193,3156270.7933,2324087.926,26.909663,29217,16768
UNIUSDT,2026-05-27,R2,6518994.2674,4831112.9888,1687881.2786,14.87106,2770,2077
UNIUSDT,2026-05-27,W,128374.4316,0.0,128374.4316,100.0,1,0
UNIUSDT,2026-05-28,M,1116402.0026,1001813.3541,114588.6485,5.409679,61,53
UNIUSDT,2026-05-28,R1,2540934.4078,6626129.5175,-4085195.1097,-44.563834,13843,20610
UNIUSDT,2026-05-28,R2,4006915.3588,4146636.8673,-139721.5085,-1.713627,1687,2129
UNIUSDT,2026-05-28,W,0.0,107438.69,-107438.69,-100.0,0,1
UNIUSDT,2026-05-29,M,1876812.0405,1358051.408,518760.6325,16.036554,130,78
UNIUSDT,2026-05-29,R1,3962226.8383,2891325.3748,1070901.4635,15.625495,19644,14048
UNIUSDT,2026-05-29,R2,6934274.582,4315190.4356,2619084.1464,23.281855,2987,1811
UNIUSDT,2026-05-29,W,211965.4341,0.0,211965.4341,100.0,1,0
UNIUSDT,2026-05-30,M,495549.1568,483397.2499,12151.9069,1.241325,28,31
UNIUSDT,2026-05-30,R1,928966.1046,1160596.2683,-231630.1637,-11.085104,5287,6423
UNIUSDT,2026-05-30,R2,1462891.7387,1348990.0638,113901.6749,4.050728,590,601
UNIUSDT,2026-05-31,M,201669.6814,483041.9478,-281372.2664,-41.093543,12,27
UNIUSDT,2026-05-31,R1,1074182.0952,1209290.5765,-135108.4813,-5.916799,6509,6533
UNIUSDT,2026-05-31,R2,1570667.1495,1457294.1662,113372.9833,3.744202,675,734
UNIUSDT,2026-06-01,M,953059.4988,634757.6898,318301.809,20.046502,46,39
UNIUSDT,2026-06-01,R1,1643378.3588,1472589.1532,170789.2056,5.481097,9452,8345
UNIUSDT,2026-06-01,R2,1891895.9246,2488033.0843,-596137.1597,-13.610658,835,1136
UNIUSDT,2026-06-01,W,104705.9448,0.0,104705.9448,100.0,1,0
UNIUSDT,2026-06-02,M,451542.3396,512183.0483,-60640.7087,-6.292322,29,33
UNIUSDT,2026-06-02,R1,2196905.3629,2139901.6448,57003.7181,1.314417,13152,12641
UNIUSDT,2026-06-02,R2,2367100.0358,2821812.7353,-454712.6995,-8.763159,1070,1284
UNIUSDT,2026-06-03,M,613062.483,554500.3195,58562.1635,5.015761,36,33
UNIUSDT,2026-06-03,R1,2175971.2281,1819812.5222,356158.7059,8.913363,12527,10124
UNIUSDT,2026-06-03,R2,2575032.1294,2682720.0604,-107687.931,-2.048174,1195,1212
UNIUSDT,2026-06-04,M,837369.5117,872067.8134,-34698.3017,-2.029808,49,53
UNIUSDT,2026-06-04,R1,3008867.5872,2903753.0236,105114.5636,1.7778,17924,18026
UNIUSDT,2026-06-04,R2,3345316.0792,3648152.2069,-302836.1277,-4.330271,1500,1507
UNIUSDT,2026-06-05,M,780968.9617,1139403.1496,-358434.1879,-18.66483,47,63
UNIUSDT,2026-06-05,R1,3748671.4279,3557646.3165,191025.1114,2.61452,22467,23568
UNIUSDT,2026-06-05,R2,3860454.8151,4933696.2715,-1073241.4564,-12.204037,1761,2280
UNIUSDT,2026-06-05,W,0.0,101247.0999,-101247.0999,-100.0,0,1
UNIUSDT,2026-06-06,M,224423.5544,123141.599,101281.9554,29.140423,12,6
UNIUSDT,2026-06-06,R1,1484614.4807,1360854.6372,123759.8435,4.349365,9891,9700
UNIUSDT,2026-06-06,R2,1288143.2835,1344427.6638,-56284.3803,-2.138001,553,640
UNIUSDT,2026-06-06,W,108026.259,0.0,108026.259,100.0,1,0
UNIUSDT,2026-06-07,M,208550.8498,295158.3043,-86607.4545,-17.193941,15,21
UNIUSDT,2026-06-07,R1,2022796.7182,3647730.9873,-1624934.2691,-28.655786,11885,17314
UNIUSDT,2026-06-07,R2,1775848.3799,2222155.9956,-446307.6157,-11.16326,874,945
UNIUSDT,2026-06-08,M,195566.0741,339292.7477,-143726.6736,-26.87189,13,19
UNIUSDT,2026-06-08,R1,2349808.426,4883821.95,-2534013.524,-35.031006,12247,20289
UNIUSDT,2026-06-08,R2,2098292.3869,2318076.1641,-219783.7772,-4.976572,1038,1123
UNIUSDT,2026-06-09,M,34718.2195,199780.5449,-165062.3254,-70.389422,3,13
UNIUSDT,2026-06-09,R1,1523523.0611,1969700.3793,-446177.3182,-12.772653,9481,10547
UNIUSDT,2026-06-09,R2,1381130.1675,1748911.0962,-367780.9287,-11.750035,693,864
UNIUSDT,2026-06-10,M,261942.3086,177321.5059,84620.8027,19.264233,16,12
UNIUSDT,2026-06-10,R1,2322193.4297,3230687.8315,-908494.4018,-16.360775,12746,16692
UNIUSDT,2026-06-10,R2,1672833.9181,1584947.2033,87886.7148,2.697748,820,801
UNIUSDT,2026-06-11,M,83987.2978,173694.3795,-89707.0817,-34.813139,7,13
UNIUSDT,2026-06-11,R1,2510944.6126,4343110.3283,-1832165.7157,-26.731121,12448,18317
UNIUSDT,2026-06-11,R2,3516097.1472,2721481.4283,794615.7189,12.73917,1625,1316
UNIUSDT,2026-06-12,M,177968.333,46824.5994,131143.7336,58.339794,9,4
UNIUSDT,2026-06-12,R1,1794682.6831,1725808.6274,68874.0557,1.956376,10300,9071
UNIUSDT,2026-06-12,R2,1483829.1169,1681377.3856,-197548.2687,-6.241244,842,800
UNIUSDT,2026-06-13,M,71115.4348,126897.6346,-55782.1998,-28.170969,6,11
UNIUSDT,2026-06-13,R1,1182522.1645,1820014.1448,-637491.9803,-21.231783,7693,12548
UNIUSDT,2026-06-13,R2,1008142.8045,1141021.3583,-132878.5538,-6.182801,502,499
UNIUSDT,2026-06-14,M,192180.5447,103963.8559,88216.6888,29.788403,11,7
UNIUSDT,2026-06-14,R1,1035655.2372,860892.7489,174762.4883,9.214768,6915,5166
UNIUSDT,2026-06-14,R2,955049.6878,1446847.8956,-491798.2078,-20.475403,455,607
UNIUSDT,2026-06-15,M,398225.6016,687336.649,-289111.0474,-26.632378,25,38
UNIUSDT,2026-06-15,R1,2501171.9207,2251485.3136,249686.6071,5.253621,14156,13801
UNIUSDT,2026-06-15,R2,4405192.9033,3547469.8866,857723.0167,10.785356,1889,1532
UNIUSDT,2026-06-16,M,2073908.2466,2349637.4727,-275729.2261,-6.233218,111,116
UNIUSDT,2026-06-16,R1,10706232.4057,9484987.0392,1221245.3665,6.048398,60678,51863
UNIUSDT,2026-06-16,R2,16253971.8881,15635146.9889,618824.8992,1.940552,7593,6868
UNIUSDT,2026-06-16,W,0.0,102382.6117,-102382.6117,-100.0,0,1
UNIUSDT,2026-06-17,M,3855084.91,4036743.2346,-181658.3246,-2.301854,245,247
UNIUSDT,2026-06-17,R1,16040288.6803,16661502.3763,-621213.696,-1.899632,83957,96816
UNIUSDT,2026-06-17,R2,27365659.3426,23458044.1513,3907615.1913,7.688568,13014,10568
UNIUSDT,2026-06-17,W,0.0,101457.7255,-101457.7255,-100.0,0,1
UNIUSDT,2026-06-18,M,3147019.8635,3369629.3408,-222609.4773,-3.416011,192,196
UNIUSDT,2026-06-18,R1,6833134.5472,5725812.5444,1107322.0028,8.816997,39476,35613
UNIUSDT,2026-06-18,R2,10095634.8626,10332725.7364,-237090.8738,-1.160597,4390,4639
UNIUSDT,2026-06-18,W,100168.2461,600489.3419,-500321.0958,-71.407361,1,5
UNIUSDT,2026-06-19,M,886240.025,900502.1448,-14262.1198,-0.798219,59,49
UNIUSDT,2026-06-19,R1,2833949.3269,2790647.7628,43301.5641,0.769861,16926,17437
UNIUSDT,2026-06-19,R2,3583868.7254,4224011.2386,-640142.5132,-8.198673,1663,1938
UNIUSDT,2026-06-19,W,150210.1541,0.0,150210.1541,100.0,1,0
UNIUSDT,2026-06-20,M,399420.9527,609470.3424,-210049.3897,-20.819824,21,33
UNIUSDT,2026-06-20,R1,1611819.1857,1832032.4442,-220213.2585,-6.394389,9672,12960
UNIUSDT,2026-06-20,R2,2089366.3161,2355710.9747,-266344.6586,-5.991902,914,1102
UNIUSDT,2026-06-20,W,0.0,124823.8926,-124823.8926,-100.0,0,1
UNIUSDT,2026-06-21,M,725582.0956,347489.2151,378092.8805,35.234646,32,20
UNIUSDT,2026-06-21,R1,1913840.7381,2087451.4209,-173610.6828,-4.338865,11589,13084
UNIUSDT,2026-06-21,R2,2074899.1713,2311825.8678,-236926.6965,-5.400993,904,1115
UNIUSDT,2026-06-22,M,346607.7375,335069.0402,11538.6973,1.692693,27,17
UNIUSDT,2026-06-22,R1,1785720.7486,2241761.9449,-456041.1963,-11.323232,9724,15044
UNIUSDT,2026-06-22,R2,2438284.7273,2717203.8284,-278919.1011,-5.410139,1241,1402
UNIUSDT,2026-06-23,M,432914.5645,654227.4908,-221312.9263,-20.357314,29,34
UNIUSDT,2026-06-23,R1,2395832.9576,2751264.0933,-355431.1357,-6.905468,15467,16072
UNIUSDT,2026-06-23,R2,2595468.0728,3219344.5521,-623876.4793,-10.72909,1271,1428
UNIUSDT,2026-06-23,W,0.0,121471.0296,-121471.0296,-100.0,0,1
UNIUSDT,2026-06-24,M,221884.7305,370823.8107,-148939.0802,-25.128553,17,17
UNIUSDT,2026-06-24,R1,2676466.1158,2324179.7399,352286.3759,7.044818,17716,15815
UNIUSDT,2026-06-24,R2,2763123.0187,2794187.2518,-31064.2331,-0.55898,1356,1341
UNIUSDT,2026-06-25,M,307497.3968,281171.0244,26326.3724,4.47219,19,17
UNIUSDT,2026-06-25,R1,2746654.978,2611186.3933,135468.5847,2.528417,15599,16436
UNIUSDT,2026-06-25,R2,3793733.0329,3617016.6266,176716.4063,2.384596,1816,1671
UNIUSDT,2026-06-26,M,315352.3221,628906.7245,-313554.4024,-33.206396,16,27
UNIUSDT,2026-06-26,R1,2608983.6525,2800985.0792,-192001.4267,-3.54903,15509,16963
UNIUSDT,2026-06-26,R2,3107781.2031,2947747.3113,160033.8918,2.642773,1545,1385
UNIUSDT,2026-06-27,M,335351.2638,443976.5523,-108625.2885,-13.938331,16,18
UNIUSDT,2026-06-27,R1,1527966.6803,1194885.1347,333081.5456,12.232819,8730,7215
UNIUSDT,2026-06-27,R2,2010144.3364,1887365.7884,122778.548,3.150179,929,878
UNIUSDT,2026-06-27,W,0.0,113674.3443,-113674.3443,-100.0,0,1
UNIUSDT,2026-06-28,M,150366.0579,146984.3528,3381.7051,1.137279,9,9
UNIUSDT,2026-06-28,R1,1182131.5733,1207313.0931,-25181.5198,-1.053865,8387,7912
UNIUSDT,2026-06-28,R2,1838486.5776,1915509.8406,-77023.263,-2.051767,737,783
UNIUSDT,2026-06-29,M,367716.235,160883.8904,206832.3446,39.128319,18,9
UNIUSDT,2026-06-29,R1,2569927.4791,2516935.2193,52992.2598,1.041747,16216,14643
UNIUSDT,2026-06-29,R2,2721753.8177,2716951.102,4802.7157,0.088306,1374,1319
UNIUSDT,2026-06-30,M,273367.5531,603863.1703,-330495.6172,-37.674879,17,24
UNIUSDT,2026-06-30,R1,1965490.6364,2755843.8118,-790353.1754,-16.740038,11002,15233
UNIUSDT,2026-06-30,R2,2025688.3743,2459484.3614,-433795.9871,-9.671779,906,1123
UNIUSDT,2026-07-01,M,651041.3584,462305.9352,188735.4232,16.952071,34,28
UNIUSDT,2026-07-01,R1,2338155.9511,2052439.935,285716.0161,6.507454,12723,10940
UNIUSDT,2026-07-01,R2,3394137.2306,3428110.166,-33972.9354,-0.497973,1622,1426
UNIUSDT,2026-07-01,W,0.0,101118.985,-101118.985,-100.0,0,1
UNIUSDT,2026-07-02,M,682676.0525,449853.9849,232822.0676,20.557695,43,31
UNIUSDT,2026-07-02,R1,6793895.0196,5427444.8583,1366450.1613,11.180854,51097,28497
UNIUSDT,2026-07-02,R2,7747741.6628,7061620.3687,686121.2941,4.633024,3712,3402
UNIUSDT,2026-07-03,M,246620.21,210414.5475,36205.6625,7.921862,17,12
UNIUSDT,2026-07-03,R1,2477121.951,2918652.1109,-441530.1599,-8.182888,14026,14475
UNIUSDT,2026-07-03,R2,3355790.932,3086327.4967,269463.4353,4.182839,1524,1595
UNIUSDT,2026-07-04,M,178774.7826,140537.6882,38237.0944,11.97482,13,7
UNIUSDT,2026-07-04,R1,1161495.6307,1277868.8559,-116373.2252,-4.770637,7199,7345
UNIUSDT,2026-07-04,R2,1349082.5473,1429357.3566,-80274.8093,-2.889204,590,702
UNIUSDT,2026-07-05,M,127273.5002,173916.7667,-46643.2665,-15.486313,8,12
UNIUSDT,2026-07-05,R1,1154789.2406,1368584.1067,-213794.8661,-8.472582,7272,7461
UNIUSDT,2026-07-05,R2,1556608.6699,1738278.5245,-181669.8546,-5.51369,668,769
UNIUSDT,2026-07-06,M,444600.287,367556.6216,77043.6654,9.486303,17,21
UNIUSDT,2026-07-06,R1,2314985.6456,1855117.6334,459868.0122,11.027737,12451,10291
UNIUSDT,2026-07-06,R2,2347048.0579,2267088.9467,79959.1112,1.732916,1104,1102
UNIUSDT,2026-07-07,M,337791.1881,409463.6307,-71672.4426,-9.591433,22,26
UNIUSDT,2026-07-07,R1,2432605.7226,2004179.2431,428426.4795,9.656237,12615,11273
UNIUSDT,2026-07-07,R2,2724822.5586,2707176.5103,17646.0483,0.324854,1307,1252
UNIUSDT,2026-07-08,M,541122.2398,636143.5316,-95021.2918,-8.071354,28,44
UNIUSDT,2026-07-08,R1,5594961.4545,5422132.7738,172828.6807,1.568732,28345,31766
UNIUSDT,2026-07-08,R2,8379730.2049,7714773.49,664956.7149,4.131576,4199,3663
UNIUSDT,2026-07-09,M,397076.5972,426626.2105,-29549.6133,-3.587412,22,19
UNIUSDT,2026-07-09,R1,3678649.0077,3551301.3445,127347.6632,1.761391,19357,18328
UNIUSDT,2026-07-09,R2,5147969.8167,4825127.6476,322842.1691,3.23713,2488,2505
UNIUSDT,2026-07-10,M,597510.9208,525033.143,72477.7778,6.456564,40,29
UNIUSDT,2026-07-10,R1,4416980.7063,3746120.0067,670860.6996,8.218209,25037,20073
UNIUSDT,2026-07-10,R2,6540713.0467,6042463.5196,498249.5271,3.959648,3170,2979
UNIUSDT,2026-07-11,M,854820.6397,320422.9751,534397.6646,45.471225,48,19
UNIUSDT,2026-07-11,R1,3560404.9774,3622384.8264,-61979.849,-0.862894,18791,22672
UNIUSDT,2026-07-11,R2,6583800.9212,5127427.6242,1456373.297,12.4357,2903,2518
UNIUSDT,2026-07-12,M,384507.613,294032.4885,90475.1245,13.333792,21,16
UNIUSDT,2026-07-12,R1,2055459.9089,2367362.1489,-311902.24,-7.052109,12205,15929
UNIUSDT,2026-07-12,R2,3165853.7017,3344308.5244,-178454.8227,-2.741173,1382,1585
UNIUSDT,2026-07-13,M,418683.7004,668297.1231,-249613.4227,-22.963921,31,38
UNIUSDT,2026-07-13,R1,3588435.0223,3418305.2024,170129.8199,2.428088,18649,19094
UNIUSDT,2026-07-13,R2,4924445.7875,4970233.4003,-45787.6128,-0.46275,2092,2226
UNIUSDT,2026-07-14,M,520825.7022,359254.494,161571.2082,18.358692,23,20
UNIUSDT,2026-07-14,R1,3607738.0131,3457262.3052,150475.7079,2.129875,18131,26899
UNIUSDT,2026-07-14,R2,3884795.2803,3931465.8432,-46670.5629,-0.597096,1949,1971
UNIUSDT,2026-07-15,M,343005.5137,396270.7219,-53265.2082,-7.205048,24,26
UNIUSDT,2026-07-15,R1,2190027.0965,2623584.564,-433557.4675,-9.006906,11551,16067
UNIUSDT,2026-07-15,R2,2897122.5723,3385946.181,-488823.6087,-7.780014,1370,1658
UNIUSDT,2026-07-16,M,587649.8562,397155.0623,190494.7939,19.343404,33,29
UNIUSDT,2026-07-16,R1,2802234.1533,3525512.5011,-723278.3478,-11.430267,15744,19718
UNIUSDT,2026-07-16,R2,3222785.3623,3640107.7422,-417322.3799,-6.080852,1574,1770
UNIUSDT,2026-07-17,M,453579.5093,522828.8336,-69249.3243,-7.09225,23,30
UNIUSDT,2026-07-17,R1,2219102.5813,2256722.6446,-37620.0633,-0.840517,14250,13038
UNIUSDT,2026-07-17,R2,2697412.8676,3087619.3665,-390206.4989,-6.745105,1123,1381
UNIUSDT,2026-07-18,M,62911.1655,312416.4657,-249505.3002,-66.476667,5,15
UNIUSDT,2026-07-18,R1,1164740.839,1598115.1446,-433374.3056,-15.685736,6458,9669
UNIUSDT,2026-07-18,R2,1837911.4331,1586762.7835,251148.6496,7.333505,786,827
UNIUSDT,2026-07-19,M,75281.7068,100509.5394,-25227.8326,-14.351018,4,8
UNIUSDT,2026-07-19,R1,737700.0104,811325.8447,-73625.8343,-4.753041,4798,5463
UNIUSDT,2026-07-19,R2,687717.5385,1059297.8201,-371580.2816,-21.269434,339,553
UNIUSDT,2026-07-20,M,333489.0674,297289.4142,36199.6532,5.738885,15,19
UNIUSDT,2026-07-20,R1,2118234.6898,2554524.1002,-436289.4104,-9.33687,14263,15816
UNIUSDT,2026-07-20,R2,2444485.362,2611717.621,-167232.259,-3.307467,1141,1282
UNIUSDT,2026-07-21,M,370832.7711,460339.0365,-89506.2654,-10.768684,19,28
UNIUSDT,2026-07-21,R1,2105941.6435,2158413.6366,-52471.9931,-1.230479,13949,11512
UNIUSDT,2026-07-21,R2,2675935.5001,2582393.7116,93541.7885,1.778926,1338,1233
UNIUSDT,2026-07-22,M,381922.833,366581.9646,15340.8684,2.049535,22,24
UNIUSDT,2026-07-22,R1,2289424.2444,2425312.5691,-135888.3247,-2.882204,14123,13837
UNIUSDT,2026-07-22,R2,3008523.7826,3024631.5173,-16107.7347,-0.266987,1447,1386
UNIUSDT,2026-07-23,M,318247.2051,206580.5351,111666.67,21.276823,20,13
UNIUSDT,2026-07-23,R1,2252354.1189,2075526.8406,176827.2783,4.08577,12732,11704
UNIUSDT,2026-07-23,R2,2267378.537,2554714.527,-287335.99,-5.95874,1173,1216
UNIUSDT,2026-07-24,M,451754.9121,707330.5451,-255575.633,-22.049766,27,37
UNIUSDT,2026-07-24,R1,2249263.4133,2239392.5018,9870.9115,0.219908,13228,13679
UNIUSDT,2026-07-24,R2,2955954.9997,2776109.5589,179845.4408,3.137533,1422,1277
UNIUSDT,2026-07-24,W,0.0,113955.3758,-113955.3758,-100.0,0,1
UNIUSDT,2026-07-25,M,312802.7652,582346.5737,-269543.8085,-30.111602,19,30
UNIUSDT,2026-07-25,R1,1578299.8664,1336542.183,241757.6834,8.294023,9445,7264
UNIUSDT,2026-07-25,R2,2272573.2907,2594890.3545,-322317.0638,-6.621869,1085,1173
UNIUSDT,2026-07-25,W,111817.3152,0.0,111817.3152,100.0,1,0
UNIUSDT,2026-07-26,M,356629.1587,294000.1005,62629.0582,9.625921,20,19
UNIUSDT,2026-07-26,R1,3013663.2932,2210793.0093,802870.2839,15.367538,19447,13145
UNIUSDT,2026-07-26,R2,3273173.5515,3461761.2802,-188587.7287,-2.800142,1581,1585
UNIUSDT,2026-07-27,M,421385.5564,507693.2969,-86307.7405,-9.289603,21,26
UNIUSDT,2026-07-27,R1,2159966.8005,2697059.4372,-537092.6367,-11.058055,13742,17757
UNIUSDT,2026-07-27,R2,3195726.2819,2962439.0317,233287.2502,3.788259,1397,1392
UNIUSDT,2026-07-28,M,857317.1289,768391.982,88925.1469,5.46993,41,41
UNIUSDT,2026-07-28,R1,2752816.9825,2735164.8321,17652.1504,0.321651,14997,15927
UNIUSDT,2026-07-28,R2,4637691.5452,5324201.906,-686510.3608,-6.891364,2246,2273
UNIUSDT,2026-07-29,M,690913.5307,795330.1231,-104416.5924,-7.025537,34,47
UNIUSDT,2026-07-29,R1,3709207.058,4822804.1015,-1113597.0435,-13.051988,22067,30858
UNIUSDT,2026-07-29,R2,6544428.7101,6000638.4302,543790.2799,4.334694,2910,2854
UNIUSDT,2026-07-30,M,890885.1025,1326764.4013,-435879.2988,-19.655013,55,74
UNIUSDT,2026-07-30,R1,6104072.3603,5180541.626,923530.7343,8.183982,33944,32330
UNIUSDT,2026-07-30,R2,10551227.7366,8255775.6651,2295452.0715,12.205305,5125,3732
UNIUSDT,2026-07-30,W,123410.0704,0.0,123410.0704,100.0,1,0
UNIUSDT,2026-07-31,M,1594266.5608,1653352.4443,-59085.8835,-1.81936,74,101
UNIUSDT,2026-07-31,R1,6571266.2349,6440225.6768,131040.5581,1.007114,35711,36000
UNIUSDT,2026-07-31,R2,8925495.8334,10853601.5951,-1928105.7617,-9.748199,4115,4517
UNIUSDT,2026-07-31,W,254739.4095,385435.2945,-130695.885,-20.415659,2,3
UNIUSDT,2026-08-01,M,432065.4309,1498946.2572,-1066880.8263,-55.249838,29,97
UNIUSDT,2026-08-01,R1,3223934.2791,2695801.433,528132.8461,8.921561,20992,13151
UNIUSDT,2026-08-01,R2,3352624.9435,6062241.1941,-2709616.2506,-28.780189,1456,2294
UNIUSDT,2026-08-01,W,0.0,110876.054,-110876.054,-100.0,0,1
UNIUSDT,2026-08-02,M,709098.3532,643102.5961,65995.7571,4.880618,30,36
UNIUSDT,2026-08-02,R1,2381832.119,2491461.0161,-109628.8971,-2.249586,14832,13842
UNIUSDT,2026-08-02,R2,3385599.9314,3405611.5434,-20011.612,-0.294669,1426,1524
UNIUSDT,2026-08-02,W,111816.7103,134306.0752,-22489.3649,-9.137457,1,1
UNIUSDT,2026-08-03,M,599952.6092,1084652.1723,-484699.5631,-28.772301,37,57
UNIUSDT,2026-08-03,R1,3486290.2558,4869327.0409,-1383036.7851,-16.55218,20796,28694
UNIUSDT,2026-08-03,R2,4549157.8973,5195457.4495,-646299.5522,-6.632376,1887,2308
UNIUSDT,2026-08-04,M,411359.1496,653198.8663,-241839.7167,-22.717383,24,40
UNIUSDT,2026-08-04,R1,2694492.7916,3150220.0372,-455727.2456,-7.797256,14259,16934
UNIUSDT,2026-08-04,R2,3188531.9953,3782321.3871,-593789.3918,-8.518174,1423,1621
UNIUSDT,2026-08-05,M,796211.9091,627635.8935,168576.0156,11.839469,41,38
UNIUSDT,2026-08-05,R1,3736404.4126,4428147.1988,-691742.7862,-8.472514,21137,30281
UNIUSDT,2026-08-05,R2,5424337.2391,4931430.685,492906.5541,4.75973,2446,2275
UNIUSDT,2026-08-06,M,254947.1974,614504.9762,-359557.7788,-41.354521,15,39
UNIUSDT,2026-08-06,R1,4062475.4377,3265374.7259,797100.7118,10.877688,26636,18404
UNIUSDT,2026-08-06,R2,4587997.8215,4105992.4888,482005.3327,5.544121,2145,1842
UNIUSDT,2026-08-06,W,0.0,241648.4402,-241648.4402,-100.0,0,2
UNIUSDT,2026-08-07,M,239967.7395,409843.1595,-169875.42,-26.142285,19,26
UNIUSDT,2026-08-07,R1,2247329.5091,2240749.9647,6579.5444,0.1466,15239,13829
UNIUSDT,2026-08-07,R2,2012709.534,2501615.5029,-488905.9689,-10.830101,918,1140
UNIUSDT,2026-08-07,W,119649.5274,0.0,119649.5274,100.0,1,0
UNIUSDT,2026-08-08,M,126974.5054,23222.4673,103752.0381,69.077316,8,2
UNIUSDT,2026-08-08,R1,1398657.1682,1074093.887,324563.2812,13.125595,8008,5964
UNIUSDT,2026-08-08,R2,1097816.5026,1054678.4524,43138.0502,2.004095,565,518
UNIUSDT,2026-08-09,M,378520.6234,397782.7984,-19262.175,-2.481269,14,19
UNIUSDT,2026-08-09,R1,1814751.1271,1516648.7305,298102.3966,8.948262,14543,7837
UNIUSDT,2026-08-09,R2,1898796.2197,1885620.0116,13176.2081,0.34817,917,911
UNIUSDT,2026-08-09,W,0.0,134934.485,-134934.485,-100.0,0,1
UNIUSDT,2026-08-10,M,353615.8547,99756.54,253859.3147,55.993554,12,6
UNIUSDT,2026-08-10,R1,1523462.7904,1741873.0114,-218410.221,-6.688752,11197,10576
UNIUSDT,2026-08-10,R2,1394148.8473,1406551.0624,-12402.2151,-0.442826,613,643
UNIUSDT,2026-08-11,M,238629.0165,508316.4271,-269687.4106,-36.105369,19,31
UNIUSDT,2026-08-11,R1,2960436.7059,3265176.364,-304739.6581,-4.894934,17028,20917
UNIUSDT,2026-08-11,R2,3122997.0557,3254822.14,-131825.0843,-2.06693,1399,1488
UNIUSDT,2026-08-12,M,833019.8327,1126531.191,-293511.3583,-14.9785,48,67
UNIUSDT,2026-08-12,R1,5092871.7192,6370805.2425,-1277933.5233,-11.147676,30431,40046
UNIUSDT,2026-08-12,R2,7098568.6854,7784451.399,-685882.7136,-4.608491,3248,3510
UNIUSDT,2026-08-12,W,279856.6398,0.0,279856.6398,100.0,2,0
UNIUSDT,2026-08-13,M,346252.3349,384776.5547,-38524.2198,-5.269863,21,26
UNIUSDT,2026-08-13,R1,1823871.2749,2065789.8746,-241918.5997,-6.219529,10151,13867
UNIUSDT,2026-08-13,R2,2114125.3997,2389297.3304,-275171.9307,-6.110284,938,1054
UNIUSDT,2026-08-14,M,745213.4898,1313436.96,-568223.4702,-27.601746,45,67
UNIUSDT,2026-08-14,R1,4350364.9483,4550342.5959,-199977.6476,-2.246761,26854,22766
UNIUSDT,2026-08-14,R2,5906888.5704,6874930.2285,-968041.6581,-7.573583,2675,3151
UNIUSDT,2026-08-15,M,363284.3625,248650.2346,114634.1279,18.733069,23,18
UNIUSDT,2026-08-15,R1,1473214.6371,1376270.5995,96944.0376,3.40216,7948,7984
UNIUSDT,2026-08-15,R2,2380737.1237,1864692.6018,516044.5219,12.155295,1076,836
UNIUSDT,2026-08-16,M,68915.8178,87444.0607,-18528.2429,-11.849742,6,6
UNIUSDT,2026-08-16,R1,1032130.4961,1094940.9474,-62810.4513,-2.952907,6053,8571
UNIUSDT,2026-08-16,R2,1300706.9326,1150399.2472,150307.6854,6.132239,584,505
UNIUSDT,2026-08-17,M,291291.3686,223255.3153,68036.0533,13.222523,16,16
UNIUSDT,2026-08-17,R1,1434909.3135,1282908.0321,152001.2814,5.59277,7834,8177
UNIUSDT,2026-08-17,R2,1460681.2108,1713762.9632,-253081.7524,-7.972475,646,748
UNIUSDT,2026-08-18,M,106738.5384,284052.831,-177314.2926,-45.373134,7,14
UNIUSDT,2026-08-18,R1,1538184.3864,1237697.9612,300486.4252,10.824898,8079,7152
UNIUSDT,2026-08-18,R2,1684731.7487,1694354.846,-9623.0973,-0.284784,744,783
UNIUSDT,2026-08-19,M,1150433.0378,1041383.4501,109049.5877,4.975306,67,60
UNIUSDT,2026-08-19,R1,5519090.7917,4379334.2008,1139756.5909,11.514525,32740,24399
UNIUSDT,2026-08-19,R2,6747254.6435,6514917.1414,232337.5021,1.751881,2995,2801
UNIUSDT,2026-08-19,W,269542.5271,0.0,269542.5271,100.0,2,0
UNIUSDT,2026-08-20,M,1166011.4142,1238496.3578,-72484.9436,-3.014544,58,72
UNIUSDT,2026-08-20,R1,4572381.2655,3965134.5609,607246.7046,7.112686,24557,21261
UNIUSDT,2026-08-20,R2,6324439.2895,6067976.496,256462.7935,2.069514,2883,2717
UNIUSDT,2026-08-21,M,1619089.8321,1565318.8294,53771.0027,1.688571,83,85
UNIUSDT,2026-08-21,R1,6620590.3485,6166825.6272,453764.7213,3.548526,37632,35915
UNIUSDT,2026-08-21,R2,8536987.0439,8334171.7505,202815.2934,1.202142,3972,3768
UNIUSDT,2026-08-21,W,101693.3702,130294.2644,-28600.8942,-12.328629,1,1
UNIUSDT,2026-08-22,M,1868825.9551,2289781.1177,-420955.1626,-10.122504,94,101
UNIUSDT,2026-08-22,R1,12373723.3762,11282265.6986,1091457.6776,4.613875,71864,66053
UNIUSDT,2026-08-22,R2,12874642.1171,13097210.96,-222568.8429,-0.856962,6116,6223
UNIUSDT,2026-08-22,W,148800.3618,241964.7859,-93164.4241,-23.841539,1,2
UNIUSDT,2026-08-23,M,1664793.6123,1416721.1021,248072.5102,8.050343,88,86
UNIUSDT,2026-08-23,R1,8961863.3189,9890345.6346,-928482.3157,-4.925058,48950,49185
UNIUSDT,2026-08-23,R2,13211767.3031,11343929.5043,1867837.7988,7.606536,6125,5403
UNIUSDT,2026-08-23,W,110493.68,344045.5541,-233551.8741,-51.382115,1,3
UNIUSDT,2026-08-24,M,822147.5733,1062488.0367,-240340.4634,-12.752622,51,64
UNIUSDT,2026-08-24,R1,8314980.8533,7964013.3664,350967.4869,2.155953,41495,42542
UNIUSDT,2026-08-24,R2,8212679.5286,10021175.1082,-1808495.5796,-9.918339,3901,5010
UNIUSDT,2026-08-24,W,142345.5615,104373.9693,37971.5922,15.39059,1,1
UNIUSDT,2026-08-25,M,711019.7081,890605.5298,-179585.8217,-11.212724,40,53
UNIUSDT,2026-08-25,R1,4825047.0438,4526933.9748,298113.069,3.1877,26752,28920
UNIUSDT,2026-08-25,R2,5536858.4566,5448243.5378,88614.9188,0.806683,2718,2452
UNIUSDT,2026-08-25,W,265969.8002,0.0,265969.8002,100.0,2,0
UNIUSDT,2026-08-26,M,588719.2827,549315.2698,39404.0129,3.462462,25,40
UNIUSDT,2026-08-26,R1,2931302.7766,2962918.6235,-31615.8469,-0.536387,19130,18878
UNIUSDT,2026-08-26,R2,3432871.7086,3813894.8181,-381023.1095,-5.257836,1587,1727
UNIUSDT,2026-08-26,W,115881.6932,101098.308,14783.3852,6.813248,1,1
UNIUSDT,2026-08-27,M,1091768.8787,1082601.4269,9167.4518,0.421614,69,58
UNIUSDT,2026-08-27,R1,5013798.6804,4630061.0703,383737.6101,3.979087,28123,27748
UNIUSDT,2026-08-27,R2,7352846.4518,6336786.3175,1016060.1343,7.422114,3229,2872
UNIUSDT,2026-08-27,W,109253.848,0.0,109253.848,100.0,1,0
UNIUSDT,2026-08-28,M,1216710.0772,1194584.2956,22125.7816,0.917589,59,62
UNIUSDT,2026-08-28,R1,5417681.3398,5120799.2955,296882.0443,2.817124,28891,28705
UNIUSDT,2026-08-28,R2,6679974.6195,6732044.2262,-52069.6067,-0.388231,3198,3118
UNIUSDT,2026-08-28,W,264857.9489,101378.368,163479.5809,44.637731,2,1
UNIUSDT,2026-08-29,M,787343.7433,696957.1113,90386.632,6.089509,45,38
UNIUSDT,2026-08-29,R1,3205291.5892,2584689.7258,620601.8634,10.718547,16585,16061
UNIUSDT,2026-08-29,R2,5076294.9889,3650324.6333,1425970.3556,16.340466,2453,1642
UNIUSDT,2026-08-30,M,4114764.4265,3855685.1387,259079.2878,3.250498,214,214
UNIUSDT,2026-08-30,R1,17142952.8191,12246059.895,4896892.9241,16.662325,101872,66507
UNIUSDT,2026-08-30,R2,19727389.518,18862615.6964,864773.8216,2.240927,8611,8188
UNIUSDT,2026-08-30,W,720650.6363,264251.6834,456398.9529,46.339514,5,2
UNIUSDT,2026-08-31,M,2378182.6787,3053004.2776,-674821.5989,-12.424938,129,148
UNIUSDT,2026-08-31,R1,8071672.4939,6999910.148,1071762.3459,7.111147,43786,59942
UNIUSDT,2026-08-31,R2,8675362.7884,10093795.8221,-1418433.0337,-7.557254,3778,4189
UNIUSDT,2026-08-31,W,432703.8709,294795.9183,137907.9526,18.956425,3,2
UNIUSDT,2026-09-01,M,6339105.2503,5426383.1942,912722.0561,7.757621,341,274
UNIUSDT,2026-09-01,R1,15090494.5009,12719199.0112,2371295.4897,8.526867,101294,70163
UNIUSDT,2026-09-01,R2,21455284.8509,19820614.7165,1634670.1344,3.96035,9291,8401
UNIUSDT,2026-09-01,W,212081.0344,193232.9122,18848.1222,4.650253,2,1
XLMUSDT,2026-03-04,M,475913.997,676174.3832,-200260.3862,-17.382381,32,33
XLMUSDT,2026-03-04,R1,2170229.0528,2034607.4728,135621.58,3.225371,18087,15303
XLMUSDT,2026-03-04,R2,3460264.5754,2989608.6834,470655.892,7.297134,1489,1297
XLMUSDT,2026-03-05,M,373981.6652,376374.04,-2392.3748,-0.318832,19,22
XLMUSDT,2026-03-05,R1,1219136.36,1195423.4333,23712.9267,0.982081,9880,11054
XLMUSDT,2026-03-05,R2,1951097.913,2066624.5057,-115526.5927,-2.875425,903,848
XLMUSDT,2026-03-06,M,374464.9385,310667.056,63797.8825,9.311765,25,19
XLMUSDT,2026-03-06,R1,1180778.0648,1217131.811,-36353.7462,-1.51606,9346,10064
XLMUSDT,2026-03-06,R2,1693328.2536,1907578.9303,-214250.6767,-5.949908,720,765
XLMUSDT,2026-03-07,M,147631.1995,86997.1128,60634.0867,25.842613,8,6
XLMUSDT,2026-03-07,R1,559335.0529,524037.0937,35297.9592,3.258156,4557,3632
XLMUSDT,2026-03-07,R2,903675.3992,1011918.2031,-108242.8039,-5.650614,359,429
XLMUSDT,2026-03-08,M,96392.6119,107176.6406,-10784.0287,-5.297474,7,7
XLMUSDT,2026-03-08,R1,833314.1014,925713.8268,-92399.7254,-5.252886,6751,6195
XLMUSDT,2026-03-08,R2,1120037.2563,1129066.6742,-9029.4179,-0.401467,511,547
XLMUSDT,2026-03-09,M,68983.1722,60104.0813,8879.0909,6.878364,6,5
XLMUSDT,2026-03-09,R1,1245966.4231,997685.5607,248280.8624,11.065926,9721,6867
XLMUSDT,2026-03-09,R2,1265291.2109,1284567.8196,-19276.6087,-0.755987,562,612
XLMUSDT,2026-03-10,M,393820.0591,800894.462,-407074.4029,-34.072943,32,51
XLMUSDT,2026-03-10,R1,2352987.4289,2077911.4437,275075.9852,6.208131,24026,16890
XLMUSDT,2026-03-10,R2,3765408.8962,3715202.5884,50206.3078,0.671152,1637,1512
XLMUSDT,2026-03-11,M,329923.9257,303559.8247,26364.101,4.161764,16,21
XLMUSDT,2026-03-11,R1,1204675.9048,1017942.735,186733.1698,8.401494,10480,7417
XLMUSDT,2026-03-11,R2,1990794.7702,1895951.0716,94843.6986,2.440183,879,783
XLMUSDT,2026-03-12,M,192820.7539,223223.6455,-30402.8916,-7.307607,11,12
XLMUSDT,2026-03-12,R1,1019826.1144,835792.2628,184033.8516,9.917656,8771,6207
XLMUSDT,2026-03-12,R2,1377671.9618,1253920.9557,123751.0061,4.702513,584,547
XLMUSDT,2026-03-13,M,538548.854,171210.1377,367338.7163,51.755416,32,13
XLMUSDT,2026-03-13,R1,1398720.9819,1341739.1468,56981.8351,2.07928,10422,9263
XLMUSDT,2026-03-13,R2,2546087.4628,2289637.1533,256450.3095,5.303245,1198,975
XLMUSDT,2026-03-14,M,381845.1785,97733.1158,284112.0627,59.24206,18,6
XLMUSDT,2026-03-14,R1,829027.872,716708.9677,112318.9043,7.266367,6176,5088
XLMUSDT,2026-03-14,R2,1211828.3495,1021421.4992,190406.8503,8.525999,541,451
XLMUSDT,2026-03-15,M,373105.1179,471808.729,-98703.6111,-11.682092,23,27
XLMUSDT,2026-03-15,R1,1027552.3857,811215.5409,216336.8448,11.765315,8428,5979
XLMUSDT,2026-03-15,R2,1484438.4138,1246590.1819,237848.2319,8.709108,612,515
XLMUSDT,2026-03-16,M,1217403.0947,877293.4252,340109.6695,16.236704,71,50
XLMUSDT,2026-03-16,R1,1670270.9554,1691494.9065,-21223.9511,-0.631333,11459,14778
XLMUSDT,2026-03-16,R2,3965651.2347,3577150.4805,388500.7542,5.150616,1534,1432
XLMUSDT,2026-03-17,M,336850.2422,616040.0847,-279189.8425,-29.299263,21,35
XLMUSDT,2026-03-17,R1,1329617.2407,1444733.5246,-115116.2839,-4.149305,9816,11417
XLMUSDT,2026-03-17,R2,2556258.371,2452829.0084,103429.3626,2.064834,1114,1044
XLMUSDT,2026-03-18,M,599890.6194,654517.5196,-54626.9002,-4.354795,39,33
XLMUSDT,2026-03-18,R1,1034416.1359,1110366.3324,-75950.1965,-3.541161,7813,9191
XLMUSDT,2026-03-18,R2,2023298.3817,2128125.2809,-104826.8992,-2.525083,812,868
XLMUSDT,2026-03-18,W,105117.8733,0.0,105117.8733,100.0,1,0
XLMUSDT,2026-03-19,M,129069.4216,165177.96,-36108.5384,-12.27149,7,10
XLMUSDT,2026-03-19,R1,942021.5376,903779.7656,38241.772,2.071825,7679,6442
XLMUSDT,2026-03-19,R2,1530249.1658,1315982.4177,214266.7481,7.528086,720,555
XLMUSDT,2026-03-20,M,184134.4537,148432.4127,35702.041,10.735297,10,9
XLMUSDT,2026-03-20,R1,843107.3967,670884.8703,172222.5264,11.37539,6571,5106
XLMUSDT,2026-03-20,R2,1314582.1403,998842.0708,315740.0695,13.64817,600,446
XLMUSDT,2026-03-21,M,82512.0807,165877.3822,-83365.3015,-33.562334,6,10
XLMUSDT,2026-03-21,R1,536236.4312,485693.1709,50543.2603,4.945865,4479,3459
XLMUSDT,2026-03-21,R2,745616.4456,691063.4784,54552.9672,3.797155,337,280
XLMUSDT,2026-03-22,M,315730.4946,166112.0002,149618.4944,31.051328,20,12
XLMUSDT,2026-03-22,R1,1049256.1744,1071523.4515,-22267.2771,-1.049957,7146,9611
XLMUSDT,2026-03-22,R2,1312196.1904,1346535.4984,-34339.308,-1.291567,559,606
XLMUSDT,2026-03-23,M,606555.3181,511179.4272,95375.8909,8.532963,32,28
XLMUSDT,2026-03-23,R1,2001329.0612,1833775.038,167554.0232,4.368956,14058,11869
XLMUSDT,2026-03-23,R2,2854252.7597,2602831.9872,251420.7725,4.607236,1375,1205
XLMUSDT,2026-03-24,M,511594.831,737414.7811,-225819.9501,-18.079921,26,41
XLMUSDT,2026-03-24,R1,1787443.3894,1181081.7139,606361.6755,20.426362,14124,8149
XLMUSDT,2026-03-24,R2,2125428.7489,2045156.1585,80272.5904,1.924732,892,840
XLMUSDT,2026-03-25,M,801708.1101,773057.6045,28650.5056,1.81935,54,48
XLMUSDT,2026-03-25,R1,1909947.534,1937710.7966,-27763.2626,-0.721563,12345,13452
XLMUSDT,2026-03-25,R2,4764784.3761,4416023.6177,348760.7584,3.798802,1931,1677
XLMUSDT,2026-03-26,M,433913.4071,417474.1598,16439.2473,1.930877,26,27
XLMUSDT,2026-03-26,R1,1383036.4381,1443202.6396,-60166.2015,-2.128843,10351,9462
XLMUSDT,2026-03-26,R2,2378103.8375,2775511.3813,-397407.5438,-7.711238,995,1160
XLMUSDT,2026-03-27,M,181536.0667,333742.6465,-152206.5798,-29.53869,12,20
XLMUSDT,2026-03-27,R1,1250703.2043,1033316.755,217386.4493,9.517712,8895,8368
XLMUSDT,2026-03-27,R2,1640468.6636,1629800.1361,10668.5275,0.326228,738,670
XLMUSDT,2026-03-28,M,198267.0562,263409.6982,-65142.642,-14.110011,13,17
XLMUSDT,2026-03-28,R1,806459.1901,830441.8219,-23982.6318,-1.465124,6424,8980
XLMUSDT,2026-03-28,R2,1280141.6024,1379076.8968,-98935.2944,-3.720465,541,549
XLMUSDT,2026-03-29,M,271313.6893,402947.1498,-131633.4605,-19.522632,16,17
XLMUSDT,2026-03-29,R1,784682.8031,949185.4173,-164502.6142,-9.487608,6169,9859
XLMUSDT,2026-03-29,R2,1185316.6818,1343861.7749,-158545.0931,-6.26864,527,563
XLMUSDT,2026-03-29,W,0.0,100401.9737,-100401.9737,-100.0,0,1
XLMUSDT,2026-03-30,M,370274.6939,112609.5615,257665.1324,53.359605,20,9
XLMUSDT,2026-03-30,R1,1259482.6564,1043146.9899,216335.6665,9.395157,11994,8526
XLMUSDT,2026-03-30,R2,1526471.4231,1408535.7386,117935.6845,4.018242,705,652
XLMUSDT,2026-03-31,M,233093.5195,434831.5427,-201738.0232,-30.203691,14,26
XLMUSDT,2026-03-31,R1,1199343.656,1396475.7446,-197132.0886,-7.594214,10122,11844
XLMUSDT,2026-03-31,R2,1717149.3125,1519611.0148,197538.2977,6.102963,802,698
XLMUSDT,2026-04-01,M,171569.5703,367035.8136,-195466.2433,-36.291179,10,20
XLMUSDT,2026-04-01,R1,1617109.5417,1084713.3686,532396.1731,19.705073,10304,7818
XLMUSDT,2026-04-01,R2,1771259.5637,1752584.1471,18675.4166,0.529973,823,731
XLMUSDT,2026-04-02,M,296035.6987,407302.0301,-111266.3314,-15.819759,19,26
XLMUSDT,2026-04-02,R1,1279573.51,1331319.6142,-51746.1042,-1.981931,8519,12126
XLMUSDT,2026-04-02,R2,1820136.2268,1615692.8859,204443.3409,5.950335,788,713
XLMUSDT,2026-04-02,W,194981.248,0.0,194981.248,100.0,1,0
XLMUSDT,2026-04-03,M,240036.2795,157265.1307,82771.1488,20.833339,14,10
XLMUSDT,2026-04-03,R1,822420.8694,639127.5813,183293.2881,12.541034,6142,5174
XLMUSDT,2026-04-03,R2,886726.2134,876314.3416,10411.8718,0.590563,411,373
XLMUSDT,2026-04-04,M,100395.1288,159835.1004,-59439.9716,-22.841302,8,9
XLMUSDT,2026-04-04,R1,604175.2863,956656.5078,-352481.2215,-22.582909,4338,8662
XLMUSDT,2026-04-04,R2,838042.5057,710489.7974,127552.7083,8.237007,382,316
XLMUSDT,2026-04-05,M,397249.064,430470.085,-33221.021,-4.013562,22,27
XLMUSDT,2026-04-05,R1,902697.4108,1237919.2732,-335221.8624,-15.66006,5918,13492
XLMUSDT,2026-04-05,R2,1752473.8483,1852384.9112,-99911.0629,-2.771567,661,729
XLMUSDT,2026-04-06,M,730549.367,363482.5433,367066.8237,33.551747,46,28
XLMUSDT,2026-04-06,R1,1405648.4149,2083106.6353,-677458.2204,-19.418337,8091,14108
XLMUSDT,2026-04-06,R2,3964088.4412,2735761.9555,1228326.4857,18.33364,1526,1102
XLMUSDT,2026-04-07,M,409015.0291,380154.0622,28860.9669,3.657133,24,24
XLMUSDT,2026-04-07,R1,1371112.4111,1454966.747,-83854.3359,-2.967162,9369,11920
XLMUSDT,2026-04-07,R2,2731860.4048,2706554.5712,25305.8336,0.465316,1066,1110
XLMUSDT,2026-04-08,M,377796.3565,331203.4433,46592.9132,6.57164,28,21
XLMUSDT,2026-04-08,R1,1105114.2358,1032395.6914,72718.5444,3.402021,8806,6648
XLMUSDT,2026-04-08,R2,2397421.5108,2168622.1217,228799.3891,5.010889,965,837
XLMUSDT,2026-04-09,M,1382969.2026,1172439.7586,210529.444,8.238581,78,62
XLMUSDT,2026-04-09,R1,1159630.6194,1463722.7767,-304092.1573,-11.591734,7356,12071
XLMUSDT,2026-04-09,R2,3468561.9443,2840517.6421,628044.3022,9.954611,1241,1100
XLMUSDT,2026-04-09,W,176982.9732,0.0,176982.9732,100.0,1,0
XLMUSDT,2026-04-10,M,424745.0124,200679.4773,224065.5351,35.826153,25,13
XLMUSDT,2026-04-10,R1,1129086.5195,989789.0468,139297.4727,6.574122,7307,5885
XLMUSDT,2026-04-10,R2,1889150.2073,1909071.3629,-19921.1556,-0.524486,762,797
XLMUSDT,2026-04-11,M,199802.0014,164201.2368,35600.7646,9.780343,10,9
XLMUSDT,2026-04-11,R1,653021.5454,794179.3511,-141157.8057,-9.75385,4602,4645
XLMUSDT,2026-04-11,R2,1172284.4322,1146796.7604,25487.6718,1.099042,479,537
XLMUSDT,2026-04-12,M,178006.1629,168943.112,9063.0509,2.612212,12,9
XLMUSDT,2026-04-12,R1,701249.8859,851362.2374,-150112.3515,-9.668374,4986,5381
XLMUSDT,2026-04-12,R2,910390.7491,918541.6148,-8150.8657,-0.445663,403,381
XLMUSDT,2026-04-13,M,248028.9064,449139.2049,-201110.2985,-28.846744,14,23
XLMUSDT,2026-04-13,R1,911592.3605,824120.7248,87471.6357,5.039522,6280,5290
XLMUSDT,2026-04-13,R2,1064884.3927,1237400.9817,-172516.589,-7.493276,473,553
XLMUSDT,2026-04-14,M,142902.2259,148823.2214,-5920.9955,-2.029647,8,8
XLMUSDT,2026-04-14,R1,818659.025,779272.9548,39386.0702,2.464815,5683,5018
XLMUSDT,2026-04-14,R2,1616013.033,1762654.438,-146641.405,-4.340214,704,723
XLMUSDT,2026-04-15,M,266378.8468,346187.3199,-79808.4731,-13.028547,16,18
XLMUSDT,2026-04-15,R1,775944.532,799340.9533,-23396.4213,-1.485218,5079,5081
XLMUSDT,2026-04-15,R2,1929673.4143,1551459.9385,378213.4758,10.864665,886,637
XLMUSDT,2026-04-16,M,678057.1941,746400.373,-68343.1789,-4.797839,40,42
XLMUSDT,2026-04-16,R1,1771078.6414,1440850.628,330228.0134,10.281298,12308,8917
XLMUSDT,2026-04-16,R2,4481500.8346,3599426.2446,882074.59,10.915512,1887,1397
XLMUSDT,2026-04-17,M,810793.6776,663750.7535,147042.9241,9.972092,44,39
XLMUSDT,2026-04-17,R1,1625290.4514,1378348.7043,246941.7471,8.221419,12796,10317
XLMUSDT,2026-04-17,R2,3387142.3198,3015281.3151,371861.0047,5.808129,1396,1141
XLMUSDT,2026-04-18,M,367167.8285,804471.9108,-437304.0823,-37.324108,22,41
XLMUSDT,2026-04-18,R1,1262466.147,1285058.0979,-22591.9509,-0.88682,10714,8791
XLMUSDT,2026-04-18,R2,2322848.5037,2044167.7597,278680.744,6.381491,1033,842
XLMUSDT,2026-04-19,M,633878.6653,695447.3641,-61568.6988,-4.631572,33,42
XLMUSDT,2026-04-19,R1,1200615.9808,1164746.5979,35869.3829,1.516443,9085,7962
XLMUSDT,2026-04-19,R2,1494247.1382,1659518.8427,-165271.7045,-5.240456,633,686
XLMUSDT,2026-04-20,M,598952.3038,559643.6494,39308.6544,3.392784,35,35
XLMUSDT,2026-04-20,R1,1249483.094,1258574.1685,-9091.0745,-0.362475,8274,7666
XLMUSDT,2026-04-20,R2,2188563.5284,1970124.5123,218439.0161,5.252594,972,883
XLMUSDT,2026-04-21,M,1483821.3837,1092235.412,391585.9717,15.200984,80,67
XLMUSDT,2026-04-21,R1,1999647.3841,1849662.3422,149985.0419,3.896414,14812,11433
XLMUSDT,2026-04-21,R2,3229733.0307,3552766.5238,-323033.4931,-4.76275,1344,1491
XLMUSDT,2026-04-22,M,552760.5146,893902.7098,-341142.1952,-23.581314,31,49
XLMUSDT,2026-04-22,R1,1446740.732,1560969.3465,-114228.6145,-3.79786,8016,10961
XLMUSDT,2026-04-22,R2,2870616.4103,2370013.5266,500602.8837,9.552342,1191,999
XLMUSDT,2026-04-23,M,762600.1056,955922.8768,-193322.7712,-11.249356,40,56
XLMUSDT,2026-04-23,R1,1464298.6632,1131234.1347,333064.5285,12.832222,10570,8264
XLMUSDT,2026-04-23,R2,2058451.4171,2321348.9108,-262897.4937,-6.0025,871,910
XLMUSDT,2026-04-24,M,469042.3605,668169.8378,-199127.4773,-17.510143,30,38
XLMUSDT,2026-04-24,R1,1314151.7989,993044.5225,321107.2764,13.91764,7575,5668
XLMUSDT,2026-04-24,R2,2265162.4432,1786310.2511,478852.1921,11.819213,999,741
XLMUSDT,2026-04-25,M,707239.6655,411667.0942,295572.5713,26.416193,38,23
XLMUSDT,2026-04-25,R1,935968.9123,842234.5791,93734.3332,5.271294,5417,5476
XLMUSDT,2026-04-25,R2,1350016.0159,1412407.7524,-62391.7365,-2.258587,548,527
XLMUSDT,2026-04-26,M,1455383.4914,836548.8131,618834.6783,27.000565,82,53
XLMUSDT,2026-04-26,R1,1128566.9597,975070.3267,153496.633,7.296725,6630,7779
XLMUSDT,2026-04-26,R2,2201989.8227,1745432.6813,456557.1414,11.565956,807,685
XLMUSDT,2026-04-26,W,256685.7836,0.0,256685.7836,100.0,1,0
XLMUSDT,2026-04-27,M,1866217.4198,927882.2509,938335.1689,33.582738,88,58
XLMUSDT,2026-04-27,R1,1573400.6497,1326983.8853,246416.7644,8.496003,8766,11275
XLMUSDT,2026-04-27,R2,3316867.9319,3014747.8443,302120.0876,4.771611,1300,1219
XLMUSDT,2026-04-28,M,1675670.9593,502388.0314,1173282.9279,53.868281,77,30
XLMUSDT,2026-04-28,R1,1396164.4335,1079395.8748,316768.5587,12.795833,7437,9388
XLMUSDT,2026-04-28,R2,2632652.1249,1593008.7981,1039643.3268,24.603094,1041,703
XLMUSDT,2026-04-28,W,238790.6625,0.0,238790.6625,100.0,1,0
XLMUSDT,2026-04-29,M,2753936.1339,1339707.148,1414228.9859,34.546952,140,75
XLMUSDT,2026-04-29,R1,1702047.3616,1612060.7934,89986.5682,2.715257,8623,11497
XLMUSDT,2026-04-29,R2,3970473.8762,2898639.0679,1071834.8083,15.603686,1509,1155
XLMUSDT,2026-04-30,M,567546.8694,360056.3938,207490.4756,22.36845,38,19
XLMUSDT,2026-04-30,R1,829024.0953,852186.5128,-23162.4175,-1.377723,5218,6082
XLMUSDT,2026-04-30,R2,1803391.7385,1055122.1828,748269.5557,26.176873,813,484
XLMUSDT,2026-05-01,M,643445.3306,311916.942,331528.3886,34.701851,35,18
XLMUSDT,2026-05-01,R1,885212.9676,911159.7924,-25946.8248,-1.444401,5059,6176
XLMUSDT,2026-05-01,R2,2088358.9964,1394017.947,694341.0494,19.93871,851,584
XLMUSDT,2026-05-02,M,167007.4235,196302.5969,-29295.1734,-8.063409,6,12
XLMUSDT,2026-05-02,R1,557353.5403,724385.1952,-167031.6549,-13.031646,3385,5641
XLMUSDT,2026-05-02,R2,1329217.7759,929722.7683,399495.0076,17.685061,509,344
XLMUSDT,2026-05-03,M,177773.3154,292827.7695,-115054.4541,-24.448404,12,18
XLMUSDT,2026-05-03,R1,682879.449,1119975.7401,-437096.2911,-24.24467,3745,7529
XLMUSDT,2026-05-03,R2,1679722.2978,1256282.1981,423440.0997,14.422325,662,497
XLMUSDT,2026-05-04,M,1106395.7663,576463.0993,529932.667,31.490024,56,26
XLMUSDT,2026-05-04,R1,1178777.4881,1311025.0731,-132247.585,-5.311569,6172,9406
XLMUSDT,2026-05-04,R2,3507862.1555,2637049.4052,870812.7503,14.171282,1341,1074
XLMUSDT,2026-05-05,M,1605968.4095,1018528.2744,587440.1351,22.382964,83,43
XLMUSDT,2026-05-05,R1,854976.4261,935738.4661,-80762.04,-4.510045,5588,6059
XLMUSDT,2026-05-05,R2,2596929.8567,1923785.2539,673144.6028,14.890224,947,780
XLMUSDT,2026-05-05,W,133730.0891,0.0,133730.0891,100.0,1,0
XLMUSDT,2026-05-06,M,957753.0616,573289.8744,384463.1872,25.111196,52,35
XLMUSDT,2026-05-06,R1,1167465.6468,1346033.7361,-178568.0893,-7.104362,6781,9152
XLMUSDT,2026-05-06,R2,3590282.0766,2772099.6831,818182.3935,12.859687,1361,1138
XLMUSDT,2026-05-07,M,1370403.7523,1180398.0172,190005.7351,7.448863,78,63
XLMUSDT,2026-05-07,R1,1301121.9797,1305674.8088,-4552.8291,-0.174652,6530,8930
XLMUSDT,2026-05-07,R2,3602052.6037,2547517.4383,1054535.1654,17.148112,1307,1039
XLMUSDT,2026-05-07,W,121648.3261,0.0,121648.3261,100.0,1,0
XLMUSDT,2026-05-08,M,879470.3176,1051952.0028,-172481.6852,-8.930294,52,54
XLMUSDT,2026-05-08,R1,1353229.8026,860966.5004,492263.3022,22.232144,10511,4884
XLMUSDT,2026-05-08,R2,3228412.1058,2374068.1379,854343.9679,15.249388,1240,859
XLMUSDT,2026-05-09,M,790592.466,950684.244,-160091.778,-9.193931,46,48
XLMUSDT,2026-05-09,R1,1314800.497,984716.618,330083.879,14.354487,7301,5757
XLMUSDT,2026-05-09,R2,2982397.7794,2620570.4875,361827.2919,6.457779,1155,961
XLMUSDT,2026-05-10,M,3353464.6308,3236260.4396,117204.1912,1.77859,174,147
XLMUSDT,2026-05-10,R1,2549347.053,2172415.3445,376931.7085,7.982861,18936,15068
XLMUSDT,2026-05-10,R2,5474417.4649,5044637.1462,429780.3187,4.085731,2043,1869
XLMUSDT,2026-05-11,M,1262700.832,1231953.4964,30747.3356,1.232529,55,57
XLMUSDT,2026-05-11,R1,1543625.2412,1222224.8545,321400.3867,11.620311,8518,7005
XLMUSDT,2026-05-11,R2,3204356.1828,2940184.9552,264171.2276,4.299283,1286,1161
XLMUSDT,2026-05-12,M,770020.3842,708607.8293,61412.5549,4.153347,45,43
XLMUSDT,2026-05-12,R1,1247308.4326,1299231.5291,-51923.0965,-2.038966,6384,9757
XLMUSDT,2026-05-12,R2,3626922.3628,2460267.3309,1166655.0319,19.165741,1418,992
XLMUSDT,2026-05-13,M,429788.5211,195225.8002,234562.7209,37.529175,33,15
XLMUSDT,2026-05-13,R1,1096821.6419,1387274.3799,-290452.738,-11.692492,6280,9036
XLMUSDT,2026-05-13,R2,2869052.2486,1916275.5811,952776.6675,19.910374,1116,730
XLMUSDT,2026-05-14,M,845656.1618,1340994.922,-495338.7602,-22.652849,55,80
XLMUSDT,2026-05-14,R1,1678445.5021,1165135.6477,513309.8544,18.051528,10305,7366
XLMUSDT,2026-05-14,R2,3115940.7163,2951809.9801,164130.7362,2.704968,1154,1020
XLMUSDT,2026-05-15,M,1455805.3457,925519.7454,530285.6003,22.268509,90,58
XLMUSDT,2026-05-15,R1,1421466.9421,1770298.4152,-348831.4731,-10.929108,7178,11960
XLMUSDT,2026-05-15,R2,3735693.133,2830522.4857,905170.6473,13.785271,1405,1092
XLMUSDT,2026-05-16,M,708981.0105,435562.1382,273418.8723,23.888909,36,22
XLMUSDT,2026-05-16,R1,798739.0554,858550.1799,-59811.1245,-3.608973,4870,5391
XLMUSDT,2026-05-16,R2,2629058.3664,1818887.5184,810170.848,18.214494,943,702
XLMUSDT,2026-05-17,M,377293.9992,337464.6374,39829.3618,5.572421,25,20
XLMUSDT,2026-05-17,R1,847313.1533,929691.598,-82378.4447,-4.635803,4837,5571
XLMUSDT,2026-05-17,R2,2415576.8481,1892816.4035,522760.4446,12.133536,919,797
XLMUSDT,2026-05-18,M,478777.3603,765784.5047,-287007.1444,-23.060898,33,45
XLMUSDT,2026-05-18,R1,1156098.824,1023150.9942,132947.8298,6.100624,6523,6544
XLMUSDT,2026-05-18,R2,2703075.0325,2461466.3865,241608.646,4.678221,1054,975
XLMUSDT,2026-05-19,M,2224211.0053,1693588.6644,530622.3409,13.543887,115,77
XLMUSDT,2026-05-19,R1,1174703.5735,1064938.921,109764.6525,4.90099,5962,5970
XLMUSDT,2026-05-19,R2,2783920.0439,1871776.9132,912143.1307,19.591978,976,818
XLMUSDT,2026-05-19,W,219321.462,0.0,219321.462,100.0,1,0
XLMUSDT,2026-05-20,M,448118.8684,232254.5929,215864.2755,31.727322,28,16
XLMUSDT,2026-05-20,R1,894091.4515,915069.7999,-20978.3484,-1.159562,4978,5755
XLMUSDT,2026-05-20,R2,1852211.3212,1339256.048,512955.2732,16.072709,752,561
XLMUSDT,2026-05-21,M,228386.5273,438699.6522,-210313.1249,-31.52713,14,25
XLMUSDT,2026-05-21,R1,781723.6988,866393.8126,-84670.1138,-5.137383,4730,5019
XLMUSDT,2026-05-21,R2,1647460.9113,1632422.9156,15037.9957,0.458492,677,688
XLMUSDT,2026-05-22,M,265659.5452,393344.213,-127684.6678,-19.375408,18,27
XLMUSDT,2026-05-22,R1,920238.1225,983602.8603,-63364.7378,-3.328258,5387,5626
XLMUSDT,2026-05-22,R2,1826577.0323,2046996.7834,-220419.7511,-5.690346,744,748
XLMUSDT,2026-05-23,M,447504.4733,343205.5083,104298.965,13.190546,32,21
XLMUSDT,2026-05-23,R1,837034.016,890731.5206,-53697.5046,-3.107916,5177,5855
XLMUSDT,2026-05-23,R2,1521950.6414,1466167.4025,55783.2389,1.866835,563,584
XLMUSDT,2026-05-24,M,321884.6124,548097.0753,-226212.4629,-26.00198,21,32
XLMUSDT,2026-05-24,R1,561318.8932,714983.2784,-153664.3852,-12.039812,3700,4032
XLMUSDT,2026-05-24,R2,926763.1389,1044322.6311,-117559.4922,-5.9642,418,403
XLMUSDT,2026-05-25,M,448451.0447,618955.1721,-170504.1274,-15.973687,28,33
XLMUSDT,2026-05-25,R1,769967.937,818943.6155,-48975.6785,-3.082341,5052,4815
XLMUSDT,2026-05-25,R2,1715311.7108,1983612.0506,-268300.3398,-7.25347,598,707
XLMUSDT,2026-05-26,M,337538.0208,454077.1688,-116539.148,-14.721692,20,21
XLMUSDT,2026-05-26,R1,778131.6336,885317.3235,-107185.6899,-6.443582,5380,5543
XLMUSDT,2026-05-26,R2,1144263.6027,1299644.9131,-155381.3104,-6.357902,480,500
XLMUSDT,2026-05-27,M,4925885.6276,4496295.6063,429590.0213,4.559348,292,249
XLMUSDT,2026-05-27,R1,4839899.348,5778701.9372,-938802.5892,-8.841113,26638,37294
XLMUSDT,2026-05-27,R2,15979720.4036,15392703.6825,587016.7211,1.871123,5417,5448
XLMUSDT,2026-05-27,W,194941.89,0.0,194941.89,100.0,1,0
XLMUSDT,2026-05-28,M,14813135.1686,11449413.5185,3363721.6501,12.808055,849,676
XLMUSDT,2026-05-28,R1,19717864.3799,22154669.4667,-2436805.0868,-5.819579,123965,128571
XLMUSDT,2026-05-28,R2,54767761.7474,51343488.7052,3424273.0422,3.227059,20226,19729
XLMUSDT,2026-05-28,W,449642.9205,538029.5066,-88386.5861,-8.948978,1,4
XLMUSDT,2026-05-29,M,9424479.4426,11194261.7569,-1769782.3143,-8.583367,556,660
XLMUSDT,2026-05-29,R1,25610342.3351,25918200.9653,-307858.6302,-0.597453,150719,149188
XLMUSDT,2026-05-29,R2,57456645.3979,55655423.1811,1801222.2168,1.592423,22884,23560
XLMUSDT,2026-05-29,W,745333.6864,998231.1206,-252897.4342,-14.504619,6,4
XLMUSDT,2026-05-30,M,7501708.7274,9337276.2655,-1835567.5381,-10.900702,441,575
XLMUSDT,2026-05-30,R1,30263161.3916,31104830.1297,-841668.7381,-1.371511,191231,181931
XLMUSDT,2026-05-30,R2,52697159.4649,53642486.163,-945326.6981,-0.888969,22442,24261
XLMUSDT,2026-05-30,W,1369395.961,1285995.8505,83400.1105,3.140784,6,5
XLMUSDT,2026-05-31,M,9072883.4824,8708013.8146,364869.6678,2.052032,568,496
XLMUSDT,2026-05-31,R1,19359534.6364,21440607.2805,-2081072.6441,-5.100651,108001,137615
XLMUSDT,2026-05-31,R2,40738884.1841,35314858.5335,5424025.6506,7.131833,16192,15107
XLMUSDT,2026-05-31,W,408343.5434,0.0,408343.5434,100.0,4,0
XLMUSDT,2026-06-01,M,8593065.1532,9046608.9134,-453543.7602,-2.571157,542,560
XLMUSDT,2026-06-01,R1,17063517.1134,16956047.8488,107469.2646,0.315904,93667,97159
XLMUSDT,2026-06-01,R2,44507875.665,44495055.1256,12820.5394,0.014405,16994,18511
XLMUSDT,2026-06-01,W,101913.5124,0.0,101913.5124,100.0,1,0
XLMUSDT,2026-06-02,M,5616161.3187,5863451.0296,-247289.7109,-2.154164,384,386
XLMUSDT,2026-06-02,R1,9960145.1973,8556215.7454,1403929.4519,7.582102,67810,41789
XLMUSDT,2026-06-02,R2,21356283.2215,23526281.8462,-2169998.6247,-4.834836,8446,9503
XLMUSDT,2026-06-03,M,6367674.5984,5725373.7726,642300.8258,5.311323,398,380
XLMUSDT,2026-06-03,R1,11501889.187,11817445.231,-315556.044,-1.353195,88261,95391
XLMUSDT,2026-06-03,R2,29356421.4896,27941860.8395,1414560.6501,2.468766,11534,11339
XLMUSDT,2026-06-03,W,244321.5068,106449.648,137871.8588,39.305358,2,1
XLMUSDT,2026-06-04,M,5579679.1227,5862304.718,-282625.5953,-2.470075,363,372
XLMUSDT,2026-06-04,R1,12612477.096,14402867.4485,-1790390.3525,-6.627309,126953,135058
XLMUSDT,2026-06-04,R2,25450538.348,24690416.8277,760121.5203,1.515969,10142,10299
XLMUSDT,2026-06-04,W,108098.4222,0.0,108098.4222,100.0,1,0
XLMUSDT,2026-06-05,M,4863555.8194,6214426.8583,-1350871.0389,-12.194197,339,386
XLMUSDT,2026-06-05,R1,16197416.3374,17430077.8344,-1232661.497,-3.665636,164181,170441
XLMUSDT,2026-06-05,R2,45060309.6056,50179785.8432,-5119476.2376,-5.375337,20269,19263
XLMUSDT,2026-06-06,M,5911385.5367,3594391.05,2316994.4867,24.374594,356,234
XLMUSDT,2026-06-06,R1,9986760.8947,11165014.1674,-1178253.2727,-5.57047,122420,137519
XLMUSDT,2026-06-06,R2,23031460.2925,21509241.8722,1522218.4203,3.41759,9778,8763
XLMUSDT,2026-06-06,W,0.0,179793.0576,-179793.0576,-100.0,0,1
XLMUSDT,2026-06-07,M,9050889.0508,10323859.624,-1272970.5732,-6.570256,577,662
XLMUSDT,2026-06-07,R1,11546233.7957,23053846.7224,-11507612.9267,-33.25892,67963,128857
XLMUSDT,2026-06-07,R2,25785744.5186,28757862.0919,-2972117.5733,-5.449067,9240,10529
XLMUSDT,2026-06-08,M,2700447.4482,3504099.2215,-803651.7733,-12.952627,159,193
XLMUSDT,2026-06-08,R1,4678858.2024,4580213.9115,98644.2909,1.06538,47529,47764
XLMUSDT,2026-06-08,R2,8829314.612,9223076.0466,-393761.4346,-2.181215,3606,3682
XLMUSDT,2026-06-09,M,1649348.0627,2328164.4253,-678816.3626,-17.066354,100,131
XLMUSDT,2026-06-09,R1,6368310.9608,6605222.8933,-236911.9325,-1.826117,76560,78691
XLMUSDT,2026-06-09,R2,9376090.9312,9784686.7196,-408595.7884,-2.132459,3900,4069
XLMUSDT,2026-06-10,M,8879660.1469,8200580.0704,679080.0765,3.975823,569,516
XLMUSDT,2026-06-10,R1,11394753.5162,16260903.5676,-4866150.0514,-17.595496,109965,128783
XLMUSDT,2026-06-10,R2,18020082.3327,19115056.1154,-1094973.7827,-2.948619,6230,7008
XLMUSDT,2026-06-11,M,1081879.6104,1317986.131,-236106.5206,-9.838322,63,73
XLMUSDT,2026-06-11,R1,2731126.0597,2656259.4536,74866.6061,1.389665,14801,14939
XLMUSDT,2026-06-11,R2,4558951.6827,4717086.4337,-158134.751,-1.704766,1848,2052
XLMUSDT,2026-06-12,M,821358.9677,1341887.9252,-520528.9575,-24.062392,48,82
XLMUSDT,2026-06-12,R1,2193691.0333,2436746.9064,-243055.8731,-5.24909,11709,15752
XLMUSDT,2026-06-12,R2,4863738.8521,4620049.8067,243689.0454,2.569533,1998,1955
XLMUSDT,2026-06-13,M,634077.9433,740312.8736,-106234.9303,-7.729601,44,46
XLMUSDT,2026-06-13,R1,1575352.372,1707733.0285,-132380.6565,-4.032203,7828,10337
XLMUSDT,2026-06-13,R2,3631032.3879,3307115.3037,323917.0842,4.668639,1577,1469
XLMUSDT,2026-06-14,M,1365480.687,963778.9156,401701.7714,17.2459,78,61
XLMUSDT,2026-06-14,R1,1744473.3343,1627363.8837,117109.4506,3.473164,8925,9013
XLMUSDT,2026-06-14,R2,3398169.0206,3501989.386,-103820.3654,-1.504608,1378,1438
XLMUSDT,2026-06-15,M,5118317.6626,5225077.3822,-106759.7196,-1.032154,286,312
XLMUSDT,2026-06-15,R1,9375778.1512,9754420.8217,-378642.6705,-1.979293,59643,51673
XLMUSDT,2026-06-15,R2,27833378.8081,29507208.3111,-1673829.503,-2.919101,11462,12031
XLMUSDT,2026-06-15,W,107244.08,0.0,107244.08,100.0,1,0
XLMUSDT,2026-06-16,M,3360820.0833,2861880.9631,498939.1202,8.018047,214,167
XLMUSDT,2026-06-16,R1,7688583.6324,6599926.2455,1088657.3869,7.619111,38695,33497
XLMUSDT,2026-06-16,R2,15883223.743,12711985.0017,3171238.7413,11.090105,6565,5584
XLMUSDT,2026-06-16,W,0.0,153561.912,-153561.912,-100.0,0,1
XLMUSDT,2026-06-17,M,2993946.1179,2699220.4602,294725.6577,5.176832,171,157
XLMUSDT,2026-06-17,R1,6538304.1208,6822194.5006,-283890.3798,-2.124849,40135,35803
XLMUSDT,2026-06-17,R2,11568990.2567,11485201.4345,83788.8222,0.363443,4607,5110
XLMUSDT,2026-06-18,M,4969585.6365,4667808.4512,301777.1853,3.131315,322,280
XLMUSDT,2026-06-18,R1,10252691.0499,10472432.4717,-219741.4218,-1.060266,54602,51824
XLMUSDT,2026-06-18,R2,18478735.9102,19148339.4133,-669603.5031,-1.779579,7458,8226
XLMUSDT,2026-06-18,W,107280.881,204159.384,-96878.503,-31.106608,1,1
XLMUSDT,2026-06-19,M,2451481.3657,2754327.2986,-302845.9329,-5.817462,157,158
XLMUSDT,2026-06-19,R1,5022366.9698,4552195.8137,470171.1561,4.910628,23522,25927
XLMUSDT,2026-06-19,R2,8059717.2672,6955751.8828,1103965.3844,7.352187,3300,3022
XLMUSDT,2026-06-20,M,1222921.4361,1087709.3369,135212.0992,5.85174,69,64
XLMUSDT,2026-06-20,R1,2258428.5791,2513178.0269,-254749.4478,-5.338861,11591,11851
XLMUSDT,2026-06-20,R2,3575362.198,3753108.3405,-177746.1425,-2.425419,1536,1592
XLMUSDT,2026-06-21,M,884078.8411,854007.7796,30071.0615,1.730124,59,59
XLMUSDT,2026-06-21,R1,1842621.8269,2136743.7241,-294121.8972,-7.391176,9856,11858
XLMUSDT,2026-06-21,R2,2884370.3133,3153780.9012,-269410.5879,-4.461806,1131,1282
XLMUSDT,2026-06-22,M,953991.4736,1201626.7388,-247635.2652,-11.4879,59,72
XLMUSDT,2026-06-22,R1,2847431.6957,2684988.1574,162443.5383,2.936211,13777,13756
XLMUSDT,2026-06-22,R2,5159575.0252,4685261.7418,474313.2834,4.817889,2130,1950
XLMUSDT,2026-06-22,W,122592.316,0.0,122592.316,100.0,1,0
XLMUSDT,2026-06-23,M,937569.742,1204975.2501,-267405.5081,-12.480742,59,67
XLMUSDT,2026-06-23,R1,2329462.1969,2023491.8081,305970.3888,7.029029,12634,10195
XLMUSDT,2026-06-23,R2,3696067.832,3485128.1721,210939.6599,2.937389,1531,1463
XLMUSDT,2026-06-24,M,1409261.0074,1711869.1726,-302608.1652,-9.695468,82,95
XLMUSDT,2026-06-24,R1,2884182.1918,2143482.1932,740699.9986,14.732487,15094,10241
XLMUSDT,2026-06-24,R2,4582595.4114,4226114.2999,356481.1115,4.046916,1938,1698
XLMUSDT,2026-06-25,M,1028325.4194,985946.8383,42378.5811,2.103915,69,63
XLMUSDT,2026-06-25,R1,2906735.3732,2253538.2665,653197.1067,12.658187,14303,11977
XLMUSDT,2026-06-25,R2,5388628.483,4483420.4449,905208.0381,9.169404,2391,1907
XLMUSDT,2026-06-26,M,812018.6229,1277902.2438,-465883.6209,-22.291926,54,82
XLMUSDT,2026-06-26,R1,2321860.2629,2138392.2655,183467.9974,4.113399,11682,10879
XLMUSDT,2026-06-26,R2,3903938.5935,3450342.9633,453595.6302,6.167776,1642,1416
XLMUSDT,2026-06-27,M,651834.8977,695120.3731,-43285.4754,-3.213579,39,39
XLMUSDT,2026-06-27,R1,2078995.4232,1441284.2512,637711.172,18.115355,9042,12043
XLMUSDT,2026-06-27,R2,3692686.1787,2777573.3861,915112.7926,14.143371,1648,1298
XLMUSDT,2026-06-28,M,348813.9801,381875.5721,-33061.592,-4.524711,24,26
XLMUSDT,2026-06-28,R1,1244227.2109,1164468.2801,79758.9308,3.311292,6665,6337
XLMUSDT,2026-06-28,R2,2012366.5388,1867805.5449,144560.9939,3.725634,874,797
XLMUSDT,2026-06-29,M,792543.7669,605390.1817,187153.5852,13.38787,48,39
XLMUSDT,2026-06-29,R1,1770905.7545,1780813.6975,-9907.943,-0.278962,9972,8357
XLMUSDT,2026-06-29,R2,3104605.3655,3000458.5903,104146.7752,1.705908,1237,1239
XLMUSDT,2026-06-30,M,1397140.4664,1681057.3303,-283916.8639,-9.223477,95,108
XLMUSDT,2026-06-30,R1,4141284.4129,3843209.7489,298074.664,3.733169,22303,19042
XLMUSDT,2026-06-30,R2,9283062.8415,8596690.2452,686372.5963,3.838826,3904,3687
XLMUSDT,2026-07-01,M,3422174.6875,4291460.8302,-869286.1427,-11.269474,209,261
XLMUSDT,2026-07-01,R1,6697903.4095,6358634.8341,339268.5754,2.598457,32812,31436
XLMUSDT,2026-07-01,R2,14082124.5297,13573685.4077,508439.122,1.838453,5777,5553
XLMUSDT,2026-07-01,W,0.0,102734.5416,-102734.5416,-100.0,0,1
XLMUSDT,2026-07-02,M,1483309.7681,2007153.8487,-523844.0806,-15.007865,90,119
XLMUSDT,2026-07-02,R1,4069385.6379,4000943.0958,68442.5421,0.848076,42166,41280
XLMUSDT,2026-07-02,R2,5893912.2999,6230549.2277,-336636.9278,-2.77651,2474,2598
XLMUSDT,2026-07-03,M,1465837.7264,1636680.2549,-170842.5285,-5.506577,93,106
XLMUSDT,2026-07-03,R1,5431622.8667,5539558.7988,-107935.9321,-0.983813,68877,69444
XLMUSDT,2026-07-03,R2,6166301.8822,6278909.1453,-112607.2631,-0.904824,2431,2476
XLMUSDT,2026-07-04,M,23174196.1058,20596085.9465,2578110.1593,5.890093,965,921
XLMUSDT,2026-07-04,R1,6441015.5771,14188715.91,-7747700.3329,-37.555992,58939,81314
XLMUSDT,2026-07-04,R2,21641672.3461,27085865.2576,-5444192.9115,-11.172723,8336,10917
XLMUSDT,2026-07-05,M,1346110.8126,1292803.1421,53307.6705,2.020061,79,79
XLMUSDT,2026-07-05,R1,3161091.2895,3233950.3599,-72859.0704,-1.139306,47629,47692
XLMUSDT,2026-07-05,R2,4817993.8754,4952841.6539,-134847.7785,-1.380105,2089,2133
XLMUSDT,2026-07-06,M,20270058.8887,19981933.9812,288124.9075,0.715803,931,965
XLMUSDT,2026-07-06,R1,8057718.1889,20473986.9467,-12416268.7578,-43.517444,113622,150079
XLMUSDT,2026-07-06,R2,19459673.1385,21899281.1453,-2439608.0068,-5.898621,8177,9565
XLMUSDT,2026-07-07,M,1647668.2002,1234695.6215,412972.5787,14.327566,104,71
XLMUSDT,2026-07-07,R1,4934705.8841,5100828.1691,-166122.285,-1.655341,107610,109111
XLMUSDT,2026-07-07,R2,4632022.2817,4381931.1258,250091.1559,2.774489,1808,1705
XLMUSDT,2026-07-08,M,1406576.07,1289193.1409,117382.9291,4.354339,90,78
XLMUSDT,2026-07-08,R1,5983311.6742,5524252.7248,459058.9494,3.989193,116940,114787
XLMUSDT,2026-07-08,R2,5837586.2937,5333047.7832,504538.5105,4.516651,2209,1994
XLMUSDT,2026-07-09,M,20113417.7767,18471318.0534,1642099.7233,4.255827,921,869
XLMUSDT,2026-07-09,R1,17347447.2945,22488280.1593,-5140832.8648,-12.905081,138236,163941
XLMUSDT,2026-07-09,R2,28292590.4444,36959754.9496,-8667164.5052,-13.282533,10250,12763
XLMUSDT,2026-07-09,W,4920993.2055,3710763.043,1210230.1625,14.020671,27,24
XLMUSDT,2026-07-10,M,1746555.0824,2185881.874,-439326.7916,-11.171871,106,126
XLMUSDT,2026-07-10,R1,1764992.5128,1621566.6909,143425.8219,4.235149,9015,9880
XLMUSDT,2026-07-10,R2,5862276.9317,5946228.7543,-83951.8226,-0.710944,2119,2158
XLMUSDT,2026-07-10,W,114024.2103,0.0,114024.2103,100.0,1,0
XLMUSDT,2026-07-11,M,437293.9966,456514.2246,-19220.228,-2.150375,27,27
XLMUSDT,2026-07-11,R1,1120283.2833,966924.8948,153358.3885,7.347537,8683,6591
XLMUSDT,2026-07-11,R2,2353806.4577,2815130.471,-461324.0133,-8.92493,963,1034
XLMUSDT,2026-07-12,M,504026.7314,561248.1417,-57221.4103,-5.371516,30,33
XLMUSDT,2026-07-12,R1,1027309.8242,1153121.0283,-125811.2041,-5.770016,6134,6887
XLMUSDT,2026-07-12,R2,2236883.8366,2358065.9801,-121182.1435,-2.63729,910,959
XLMUSDT,2026-07-13,M,935710.5387,1362223.3917,-426512.853,-18.56071,58,82
XLMUSDT,2026-07-13,R1,1388992.2354,1676210.4767,-287218.2413,-9.370285,7103,9208
XLMUSDT,2026-07-13,R2,4276649.4149,3834415.7644,442233.6505,5.452227,1614,1442
XLMUSDT,2026-07-14,M,1191013.0281,776509.9887,414503.0394,21.067252,75,45
XLMUSDT,2026-07-14,R1,1699014.0347,1257836.8117,441177.223,14.92051,9200,6787
XLMUSDT,2026-07-14,R2,4718059.9488,3522441.5775,1195618.3713,14.509049,1749,1357
XLMUSDT,2026-07-14,W,0.0,131795.704,-131795.704,-100.0,0,1
XLMUSDT,2026-07-15,M,1248776.6282,1964117.7734,-715341.1452,-22.264695,85,119
XLMUSDT,2026-07-15,R1,2330771.9365,1751800.3176,578971.6189,14.18154,13476,9258
XLMUSDT,2026-07-15,R2,6246831.6954,5479259.8028,767571.8926,6.545846,2347,2006
XLMUSDT,2026-07-15,W,310767.9652,0.0,310767.9652,100.0,1,0
XLMUSDT,2026-07-16,M,945124.9174,1438864.1215,-493739.2041,-20.710632,61,91
XLMUSDT,2026-07-16,R1,2403501.9859,2140914.0225,262587.9634,5.778255,16094,10769
XLMUSDT,2026-07-16,R2,5144502.5925,4770314.6345,374187.958,3.774028,2033,1895
XLMUSDT,2026-07-17,M,515172.6001,716977.6865,-201805.0864,-16.378285,35,39
XLMUSDT,2026-07-17,R1,1315509.3184,1379055.7806,-63546.4622,-2.35832,7261,8055
XLMUSDT,2026-07-17,R2,3135393.3157,3568104.9609,-432711.6452,-6.455012,1337,1451
XLMUSDT,2026-07-18,M,307468.2559,389659.6261,-82191.3702,-11.789999,20,21
XLMUSDT,2026-07-18,R1,885110.3001,707286.3204,177823.9797,11.167066,5700,4774
XLMUSDT,2026-07-18,R2,1502347.1095,1337871.0024,164476.1071,5.790967,617,569
XLMUSDT,2026-07-18,W,0.0,102064.6256,-102064.6256,-100.0,0,1
XLMUSDT,2026-07-19,M,768735.7946,631163.4003,137572.3943,9.827307,39,31
XLMUSDT,2026-07-19,R1,1169088.5868,1023781.226,145307.3608,6.626356,8910,6923
XLMUSDT,2026-07-19,R2,2187118.239,2265752.8978,-78634.6588,-1.765932,882,918
XLMUSDT,2026-07-19,W,0.0,155717.5134,-155717.5134,-100.0,0,1
XLMUSDT,2026-07-20,M,1436478.4019,1615764.7347,-179286.3328,-5.87392,70,88
XLMUSDT,2026-07-20,R1,1440451.0068,1493162.584,-52711.5772,-1.796814,9008,9427
XLMUSDT,2026-07-20,R2,2935606.4474,3245894.9191,-310288.4717,-5.01963,1196,1239
XLMUSDT,2026-07-21,M,875518.8341,1029782.1789,-154263.3448,-8.096534,58,64
XLMUSDT,2026-07-21,R1,1975815.4604,1371492.4307,604323.0297,18.054002,9776,8241
XLMUSDT,2026-07-21,R2,3979457.6437,3077472.3219,901985.3218,12.781554,1617,1197
XLMUSDT,2026-07-22,M,580238.7236,1110584.1842,-530345.4606,-31.366115,42,64
XLMUSDT,2026-07-22,R1,1538311.2167,1336660.97,201650.2467,7.013989,8066,9578
XLMUSDT,2026-07-22,R2,4272769.2666,2778564.6586,1494204.608,21.190382,1700,1097
XLMUSDT,2026-07-23,M,899566.266,940021.612,-40455.346,-2.199153,53,55
XLMUSDT,2026-07-23,R1,1128593.9513,1352445.6225,-223851.6712,-9.022495,6570,9303
XLMUSDT,2026-07-23,R2,3143734.2422,2508308.8896,635425.3526,11.242401,1256,1091
XLMUSDT,2026-07-24,M,1867871.9575,1357031.5478,510840.4097,15.840487,101,68
XLMUSDT,2026-07-24,R1,1049860.9042,1456794.0414,-406933.1372,-16.234111,6828,10278
XLMUSDT,2026-07-24,R2,2699148.4869,2769970.699,-70822.2121,-1.294947,1013,1119
XLMUSDT,2026-07-25,M,106087.4616,141042.1696,-34954.708,-14.14428,7,10
XLMUSDT,2026-07-25,R1,540628.9432,588750.3709,-48121.4277,-4.260874,3728,4357
XLMUSDT,2026-07-25,R2,830472.8461,831327.0517,-854.2056,-0.051402,324,351
XLMUSDT,2026-07-26,M,497648.9724,678276.2537,-180627.2813,-15.360439,25,36
XLMUSDT,2026-07-26,R1,825159.0468,814145.8322,11013.2146,0.671822,6432,4997
XLMUSDT,2026-07-26,R2,1458460.8134,1407135.677,51325.1364,1.79108,576,572
XLMUSDT,2026-07-27,M,1083989.4383,1150280.7605,-66291.3222,-2.967024,69,64
XLMUSDT,2026-07-27,R1,1290840.5555,2028620.2859,-737779.7304,-22.22589,7814,13816
XLMUSDT,2026-07-27,R2,4078919.6816,3932413.1092,146506.5724,1.828742,1439,1534
XLMUSDT,2026-07-27,W,150999.0573,0.0,150999.0573,100.0,1,0
XLMUSDT,2026-07-28,M,863377.6497,809744.9218,53632.7279,3.205547,48,40
XLMUSDT,2026-07-28,R1,868926.832,1047814.1036,-178887.2716,-9.332887,5377,7520
XLMUSDT,2026-07-28,R2,2007199.9518,1997814.1782,9385.7736,0.234351,758,761
XLMUSDT,2026-07-29,M,654977.3094,932382.1608,-277404.8514,-17.475868,36,56
XLMUSDT,2026-07-29,R1,1073307.4632,1070264.8307,3042.6325,0.141942,7286,6840
XLMUSDT,2026-07-29,R2,1743914.2553,1791183.9893,-47269.734,-1.337155,694,702
XLMUSDT,2026-07-30,M,290578.5743,414247.2409,-123668.6666,-17.54599,17,23
XLMUSDT,2026-07-30,R1,662442.1308,634395.2624,28046.8684,2.162713,5006,4290
XLMUSDT,2026-07-30,R2,1117367.5194,1130681.9077,-13314.3883,-0.592264,443,450
XLMUSDT,2026-07-31,M,613163.7318,516708.5827,96455.1491,8.536819,35,35
XLMUSDT,2026-07-31,R1,986267.0981,1293849.0538,-307581.9557,-13.489749,5815,6529
XLMUSDT,2026-07-31,R2,2075350.9964,2412443.669,-337092.6726,-7.511321,864,996
XLMUSDT,2026-08-01,M,272439.0055,378392.6473,-105953.6418,-16.279731,17,19
XLMUSDT,2026-08-01,R1,486977.6347,423770.2247,63207.41,6.940166,4952,3098
XLMUSDT,2026-08-01,R2,872376.4296,965548.0356,-93171.606,-5.069393,353,397
XLMUSDT,2026-08-02,M,624542.0857,560403.0701,64139.0156,5.412826,35,34
XLMUSDT,2026-08-02,R1,1230652.0511,897910.1356,332741.9155,15.632238,13816,5385
XLMUSDT,2026-08-02,R2,2020484.4882,1687080.3864,333404.1018,8.992536,855,670
XLMUSDT,2026-08-02,W,115492.2828,0.0,115492.2828,100.0,1,0
XLMUSDT,2026-08-03,M,559974.1083,640512.3281,-80538.2198,-6.708799,32,37
XLMUSDT,2026-08-03,R1,893999.7084,687181.8572,206817.8512,13.079956,5117,4290
XLMUSDT,2026-08-03,R2,2148242.6058,1606086.7683,542155.8375,14.440817,886,656
XLMUSDT,2026-08-04,M,542262.0461,571798.1699,-29536.1238,-2.651214,33,32
XLMUSDT,2026-08-04,R1,905829.7199,751083.2957,154746.4242,9.339442,5069,5619
XLMUSDT,2026-08-04,R2,1923826.5979,1724693.8905,199132.7074,5.457903,812,702
XLMUSDT,2026-08-05,M,582701.391,856240.0684,-273538.6774,-19.009715,38,38
XLMUSDT,2026-08-05,R1,1011830.7237,1090017.4465,-78186.7228,-3.719903,7122,7282
XLMUSDT,2026-08-05,R2,2439827.1442,2470590.5676,-30763.4234,-0.626493,1012,1024
XLMUSDT,2026-08-05,W,0.0,276669.6514,-276669.6514,-100.0,0,1
XLMUSDT,2026-08-06,M,1043433.9811,772531.677,270902.3041,14.91781,53,48
XLMUSDT,2026-08-06,R1,1130567.3249,1121425.4781,9141.8468,0.405945,8029,6494
XLMUSDT,2026-08-06,R2,2771361.7944,2743342.2543,28019.5401,0.508088,1116,1099
XLMUSDT,2026-08-07,M,452048.8543,282296.5765,169752.2778,23.116135,28,20
XLMUSDT,2026-08-07,R1,637603.2674,750182.2542,-112578.9868,-8.112132,5230,4747
XLMUSDT,2026-08-07,R2,1534725.6578,1535766.0457,-1040.3879,-0.033883,641,654
XLMUSDT,2026-08-08,M,331009.6917,217470.4599,113539.2318,20.7007,13,14
XLMUSDT,2026-08-08,R1,507521.0566,411434.8051,96086.2515,10.456025,3673,2951
XLMUSDT,2026-08-08,R2,1130601.3424,1073223.1985,57378.1439,2.603571,474,444
XLMUSDT,2026-08-08,W,105334.719,0.0,105334.719,100.0,1,0
XLMUSDT,2026-08-09,M,184991.8278,385388.9465,-200397.1187,-35.133919,12,21
XLMUSDT,2026-08-09,R1,601691.2164,555653.8615,46037.3549,3.977842,3653,4174
XLMUSDT,2026-08-09,R2,1659892.8706,1270866.8295,389026.0411,13.273898,676,538
XLMUSDT,2026-08-10,M,515238.2733,485292.5959,29945.6774,2.992979,31,30
XLMUSDT,2026-08-10,R1,815873.9151,726300.2875,89573.6276,5.808269,5401,5389
XLMUSDT,2026-08-10,R2,2086978.3967,1955954.111,131024.2857,3.240823,817,795
XLMUSDT,2026-08-11,M,337837.3809,531973.8915,-194136.5106,-22.319383,20,34
XLMUSDT,2026-08-11,R1,688408.1668,793416.1272,-105007.9604,-7.086398,5208,4999
XLMUSDT,2026-08-11,R2,1322841.2424,1468906.202,-146064.9596,-5.232026,547,570
XLMUSDT,2026-08-12,M,296197.7475,534875.9421,-238678.1946,-28.719258,18,31
XLMUSDT,2026-08-12,R1,790084.3623,1107865.4479,-317781.0856,-16.743387,4990,6170
XLMUSDT,2026-08-12,R2,1920354.1572,2046418.442,-126064.2848,-3.178006,762,759
XLMUSDT,2026-08-13,M,111450.6004,603719.4087,-492268.8083,-68.832418,8,30
XLMUSDT,2026-08-13,R1,763656.9087,940119.1125,-176462.2038,-10.357125,4612,4859
XLMUSDT,2026-08-13,R2,1540107.6243,1685067.0018,-144959.3775,-4.494621,703,704
XLMUSDT,2026-08-14,M,169369.76,372180.1287,-202810.3687,-37.449988,10,21
XLMUSDT,2026-08-14,R1,607988.0574,939359.5788,-331371.5214,-21.415454,3980,5177
XLMUSDT,2026-08-14,R2,1332513.5824,1494887.8556,-162374.2732,-5.74288,539,563
XLMUSDT,2026-08-15,M,327614.7919,385279.8906,-57665.0987,-8.088866,18,22
XLMUSDT,2026-08-15,R1,389109.2734,659867.2027,-270757.9293,-25.81163,3180,3462
XLMUSDT,2026-08-15,R2,731723.3813,705414.759,26308.6223,1.830626,313,283
XLMUSDT,2026-08-16,M,248236.6779,328558.4949,-80321.817,-13.925536,13,18
XLMUSDT,2026-08-16,R1,433065.0889,781816.8563,-348751.7674,-28.706638,3736,4293
XLMUSDT,2026-08-16,R2,1001840.3314,817783.1552,184057.1762,10.115124,431,342
XLMUSDT,2026-08-17,M,422966.3309,499839.0208,-76872.6899,-8.330326,18,23
XLMUSDT,2026-08-17,R1,641434.9211,761452.5439,-120017.6228,-8.555043,4220,4967
XLMUSDT,2026-08-17,R2,1265417.8117,1223356.3072,42061.5045,1.690049,508,509
XLMUSDT,2026-08-18,M,451123.3246,510277.0675,-59153.7429,-6.152873,30,36
XLMUSDT,2026-08-18,R1,727997.4834,1002547.1368,-274549.6534,-15.864928,5818,6818
XLMUSDT,2026-08-18,R2,2308421.2329,1872200.401,436220.8319,10.434353,826,741
XLMUSDT,2026-08-19,M,1030220.6924,1080997.0974,-50776.405,-2.405077,55,59
XLMUSDT,2026-08-19,R1,1742995.921,1489636.859,253359.062,7.837545,13651,10949
XLMUSDT,2026-08-19,R2,4172393.9932,3912309.6959,260084.2973,3.216992,1735,1586
XLMUSDT,2026-08-19,W,169028.5824,0.0,169028.5824,100.0,1,0
XLMUSDT,2026-08-20,M,2193930.9948,2188173.406,5757.5888,0.131389,136,139
XLMUSDT,2026-08-20,R1,3823897.1094,2961853.198,862043.9114,12.703738,21769,20714
XLMUSDT,2026-08-20,R2,10226681.6627,9045867.0278,1180814.6349,6.126925,4048,3385
XLMUSDT,2026-08-20,W,0.0,101564.26,-101564.26,-100.0,0,1
XLMUSDT,2026-08-21,M,2802313.8639,2694758.2488,107555.6151,1.956598,146,158
XLMUSDT,2026-08-21,R1,4900644.8834,3703541.3277,1197103.5557,13.913036,29219,24005
XLMUSDT,2026-08-21,R2,10812460.8728,11021071.7378,-208610.865,-0.955461,4332,4258
XLMUSDT,2026-08-21,W,106019.76,0.0,106019.76,100.0,1,0
XLMUSDT,2026-08-22,M,3568893.1208,3764253.8912,-195360.7704,-2.664078,205,228
XLMUSDT,2026-08-22,R1,9145399.4256,8393516.0776,751883.348,4.286943,55613,46584
XLMUSDT,2026-08-22,R2,18560448.9749,19448689.6279,-888240.653,-2.336913,8270,8836
XLMUSDT,2026-08-22,W,258034.464,0.0,258034.464,100.0,2,0
XLMUSDT,2026-08-23,M,1491674.5707,1599719.3048,-108044.7341,-3.495017,91,101
XLMUSDT,2026-08-23,R1,3615761.9647,3511669.604,104092.3607,1.460447,22587,21524
XLMUSDT,2026-08-23,R2,8374570.5386,8660424.4652,-285853.9266,-1.678039,3510,3576
XLMUSDT,2026-08-23,W,170767.5236,117889.596,52877.9276,18.318595,1,1
XLMUSDT,2026-08-24,M,2519692.5936,1908858.8945,610833.6991,13.793081,156,122
XLMUSDT,2026-08-24,R1,3269470.7048,3105746.5991,163724.1057,2.568134,18640,17857
XLMUSDT,2026-08-24,R2,8861168.5012,7848063.1926,1013105.3086,6.063147,3463,2893
XLMUSDT,2026-08-24,W,111184.0688,0.0,111184.0688,100.0,1,0
XLMUSDT,2026-08-25,M,1622359.0808,1681923.6118,-59564.531,-1.802646,105,97
XLMUSDT,2026-08-25,R1,2338696.4285,2407083.6525,-68387.224,-1.441011,12663,13911
XLMUSDT,2026-08-25,R2,7514276.7378,7228636.5871,285640.1507,1.937474,2917,2679
XLMUSDT,2026-08-25,W,106938.0684,0.0,106938.0684,100.0,1,0
XLMUSDT,2026-08-26,M,1435054.226,984029.4391,451024.7869,18.644448,78,54
XLMUSDT,2026-08-26,R1,1429596.2299,1618382.1876,-188785.9577,-6.193809,9741,11981
XLMUSDT,2026-08-26,R2,3835801.1213,3903408.4652,-67607.3439,-0.873569,1575,1651
XLMUSDT,2026-08-27,M,708484.7386,1147297.2326,-438812.494,-23.645692,45,63
XLMUSDT,2026-08-27,R1,1680516.7125,1292720.4656,387796.2469,13.042896,11344,9420
XLMUSDT,2026-08-27,R2,4342590.6805,3659497.8575,683092.823,8.536432,1663,1440
XLMUSDT,2026-08-28,M,1121101.3425,1145819.2093,-24717.8668,-1.090372,66,66
XLMUSDT,2026-08-28,R1,1487835.5615,1498066.6035,-10231.042,-0.342645,11337,10917
XLMUSDT,2026-08-28,R2,4341823.8434,4139516.5363,202307.3071,2.385322,1635,1506
XLMUSDT,2026-08-29,M,190103.9954,289370.5676,-99266.5722,-20.703199,15,16
XLMUSDT,2026-08-29,R1,671928.3329,575431.2287,96497.1042,7.73611,5429,4467
XLMUSDT,2026-08-29,R2,1817203.5828,1235267.0174,581936.5654,19.064445,686,472
XLMUSDT,2026-08-30,M,608274.7885,707584.9421,-99310.1536,-7.547169,38,46
XLMUSDT,2026-08-30,R1,1003951.755,1205932.7252,-201980.9702,-9.139888,7549,7465
XLMUSDT,2026-08-30,R2,3245375.0396,3763143.5695,-517768.5299,-7.387703,1210,1383
XLMUSDT,2026-08-31,M,813392.3583,400485.9867,412906.3716,34.015466,52,32
XLMUSDT,2026-08-31,R1,1526796.9075,1214113.3073,312683.6002,11.408021,9251,8066
XLMUSDT,2026-08-31,R2,4116455.0241,3408945.7517,707509.2724,9.401616,1670,1233
XLMUSDT,2026-09-01,M,602704.4494,510989.2859,91715.1635,8.235223,36,31
XLMUSDT,2026-09-01,R1,1404234.8033,1056815.1874,347419.6159,14.116723,6763,5932
XLMUSDT,2026-09-01,R2,3492062.0637,3001420.4159,490641.6478,7.555909,1408,1247
XRPUSDT,2026-03-04,M,53477752.6711,64806275.3101,-11328522.639,-9.57739,2769,3587
XRPUSDT,2026-03-04,R1,23328529.0541,19150765.0803,4177763.9738,9.834824,137387,111202
XRPUSDT,2026-03-04,R2,78096678.5433,95064880.2046,-16968201.6613,-9.799058,26579,29961
XRPUSDT,2026-03-04,W,2775554.6698,826403.4218,1949151.248,54.113657,14,6
XRPUSDT,2026-03-05,M,26478050.4231,28015707.9946,-1537657.5715,-2.821713,1502,1566
XRPUSDT,2026-03-05,R1,11053860.4636,10762768.0679,291092.3957,1.334268,73987,77275
XRPUSDT,2026-03-05,R2,48515880.1492,42228662.291,6287217.8582,6.92848,16472,14179
XRPUSDT,2026-03-05,W,510723.9258,504642.3295,6081.5963,0.598956,4,4
XRPUSDT,2026-03-06,M,25084287.9455,26387920.6446,-1303632.6991,-2.532692,1361,1377
XRPUSDT,2026-03-06,R1,11476208.3062,15128957.0227,-3652748.7165,-13.729472,95617,106819
XRPUSDT,2026-03-06,R2,36071310.036,41126730.2676,-5055420.2316,-6.548638,13416,15201
XRPUSDT,2026-03-06,W,510925.5586,976451.8995,-465526.3409,-31.298467,3,6
XRPUSDT,2026-03-07,M,9871895.2866,12386818.8585,-2514923.5719,-11.298602,494,680
XRPUSDT,2026-03-07,R1,4777742.4601,5517731.8492,-739989.3891,-7.187521,36910,37462
XRPUSDT,2026-03-07,R2,15720060.9413,15621048.6246,99012.3167,0.315918,5577,5355
XRPUSDT,2026-03-07,W,283294.4916,869229.0467,-585934.5551,-50.83927,2,5
XRPUSDT,2026-03-08,M,13976684.6644,17008375.2374,-3031690.573,-9.784362,787,964
XRPUSDT,2026-03-08,R1,7704486.1026,10536479.0466,-2831992.944,-15.525456,46772,60256
XRPUSDT,2026-03-08,R2,29046667.2957,28876300.7805,170366.5152,0.294126,10570,9672
XRPUSDT,2026-03-08,W,395627.9971,137358.2168,258269.7803,48.457122,2,1
XRPUSDT,2026-03-09,M,28373624.8854,27483786.0392,889838.8462,1.593054,1490,1566
XRPUSDT,2026-03-09,R1,11954781.2981,12338744.7996,-383963.5015,-1.580518,87486,95559
XRPUSDT,2026-03-09,R2,49520007.5202,44637461.7809,4882545.7393,5.185511,16989,14209
XRPUSDT,2026-03-09,W,1790778.0853,532425.5309,1258352.5544,54.16454,10,4
XRPUSDT,2026-03-10,M,42849273.674,53610755.2033,-10761481.5293,-11.156415,2207,2792
XRPUSDT,2026-03-10,R1,18013838.9893,19303287.2072,-1289448.2179,-3.455379,113548,115831
XRPUSDT,2026-03-10,R2,53715073.6625,57828979.8234,-4113906.1609,-3.688145,17191,18030
XRPUSDT,2026-03-10,W,909152.1217,800045.953,109106.1687,6.383471,7,6
XRPUSDT,2026-03-11,M,28829850.3446,30634737.1252,-1804886.7806,-3.03523,1522,1635
XRPUSDT,2026-03-11,R1,7936081.4048,11011358.4713,-3075277.0665,-16.230568,65677,74948
XRPUSDT,2026-03-11,R2,34079407.5401,40265859.4224,-6186451.8823,-8.321245,11224,12666
XRPUSDT,2026-03-11,W,247103.4882,1304461.0601,-1057357.5719,-68.14783,2,12
XRPUSDT,2026-03-12,M,20079858.2345,21684531.0912,-1604672.8567,-3.842204,1131,1209
XRPUSDT,2026-03-12,R1,7817920.3088,8606651.0012,-788730.6924,-4.802139,61598,60830
XRPUSDT,2026-03-12,R2,32348174.9421,32156767.7938,191407.1483,0.296733,10833,10049
XRPUSDT,2026-03-12,W,225637.8113,720182.6508,-494544.8395,-52.287391,2,5
XRPUSDT,2026-03-13,M,51076730.2967,60694384.802,-9617654.5053,-8.604776,2607,3163
XRPUSDT,2026-03-13,R1,16832178.3847,14257341.9418,2574836.4429,8.282008,102176,76870
XRPUSDT,2026-03-13,R2,67908245.1718,73038380.749,-5130135.5772,-3.639772,22742,22278
XRPUSDT,2026-03-13,W,2410248.4423,1747097.4728,663150.9695,15.951306,18,13
XRPUSDT,2026-03-14,M,16227714.5163,17526583.879,-1298869.3627,-3.848012,790,925
XRPUSDT,2026-03-14,R1,3791400.149,6233781.231,-2442381.082,-24.362463,26483,41011
XRPUSDT,2026-03-14,R2,16565636.0937,20536632.9784,-3970996.8847,-10.702841,5195,7531
XRPUSDT,2026-03-14,W,113704.7485,211707.2301,-98002.4816,-30.116433,1,1
XRPUSDT,2026-03-15,M,27147369.181,28195636.0166,-1048266.8356,-1.894127,1381,1507
XRPUSDT,2026-03-15,R1,8271362.1082,7826938.789,444423.3192,2.760685,51552,45704
XRPUSDT,2026-03-15,R2,32413417.1183,33104452.2532,-691035.1349,-1.054728,10752,10064
XRPUSDT,2026-03-15,W,1598269.9676,370953.7401,1227316.2275,62.324876,8,3
XRPUSDT,2026-03-16,M,66998035.2737,69540695.5533,-2542660.2796,-1.862226,3464,3644
XRPUSDT,2026-03-16,R1,17807840.173,16393183.5573,1414656.6157,4.136299,122337,104549
XRPUSDT,2026-03-16,R2,79288188.5264,72125542.9576,7162645.5688,4.730513,24586,21480
XRPUSDT,2026-03-16,W,3199067.3328,1089332.9421,2109734.3907,49.196303,19,9
XRPUSDT,2026-03-17,M,70477568.8536,69395883.1994,1081685.6542,0.773332,3680,3789
XRPUSDT,2026-03-17,R1,18565051.4228,19171757.3149,-606705.8921,-1.60773,128177,141028
XRPUSDT,2026-03-17,R2,87001542.3937,88745660.916,-1744118.5223,-0.992402,27151,26714
XRPUSDT,2026-03-17,W,1979558.2612,2136873.7849,-157315.5237,-3.821648,11,14
XRPUSDT,2026-03-18,M,40285023.6097,42381353.6468,-2096330.0371,-2.535892,2161,2282
XRPUSDT,2026-03-18,R1,10507822.5133,11050794.0915,-542971.5782,-2.518583,80181,77846
XRPUSDT,2026-03-18,R2,47492605.0211,52626063.8738,-5133458.8527,-5.127374,14642,15963
XRPUSDT,2026-03-18,W,1625253.3015,599229.4551,1026023.8464,46.124154,7,4
XRPUSDT,2026-03-19,M,31148819.0477,31858377.0647,-709558.017,-1.126154,1644,1695
XRPUSDT,2026-03-19,R1,11965670.9726,11917964.958,47706.0146,0.199744,96861,81097
XRPUSDT,2026-03-19,R2,36695969.9379,47616674.2757,-10920704.3378,-12.952629,12327,13967
XRPUSDT,2026-03-19,W,311383.4159,1020805.0481,-709421.6322,-53.252348,3,8
XRPUSDT,2026-03-20,M,27035594.3525,23603375.2369,3432219.1156,6.777822,1402,1349
XRPUSDT,2026-03-20,R1,7922538.7091,10014939.7828,-2092401.0737,-11.664968,67343,71121
XRPUSDT,2026-03-20,R2,28931764.0615,28491925.9135,439838.148,0.765952,8982,8749
XRPUSDT,2026-03-20,W,960039.8547,226018.0977,734021.757,61.887512,5,2
XRPUSDT,2026-03-21,M,15722540.0829,17449553.6073,-1727013.5244,-5.206224,728,805
XRPUSDT,2026-03-21,R1,4177561.5747,7725397.7673,-3547836.1926,-29.806337,41094,45072
XRPUSDT,2026-03-21,R2,16241594.2028,17863853.9739,-1622259.7711,-4.7566,5048,6090
XRPUSDT,2026-03-21,W,1199419.7781,1671779.5907,-472359.8126,-16.451655,5,10
XRPUSDT,2026-03-22,M,15467132.5354,21879743.9235,-6412611.3881,-17.170409,844,1119
XRPUSDT,2026-03-22,R1,7919877.4598,9270021.4222,-1350143.9624,-7.854287,81111,79085
XRPUSDT,2026-03-22,R2,26296318.6072,26465196.0111,-168877.4039,-0.320077,9007,8125
XRPUSDT,2026-03-22,W,100614.67,528064.2562,-427449.5862,-67.991715,1,4
XRPUSDT,2026-03-23,M,41440954.2847,43052928.9003,-1611974.6156,-1.9078,2210,2360
XRPUSDT,2026-03-23,R1,15495809.4143,15871507.3648,-375697.9505,-1.197737,119517,127053
XRPUSDT,2026-03-23,R2,59623583.8721,63102769.3752,-3479185.5031,-2.834913,20034,20071
XRPUSDT,2026-03-23,W,986742.7015,1452621.0974,-465878.3959,-19.098357,6,9
XRPUSDT,2026-03-24,M,29125192.7665,22891998.9253,6233193.8412,11.98295,1517,1206
XRPUSDT,2026-03-24,R1,7406463.629,8738281.0421,-1331817.4131,-8.249232,47398,57749
XRPUSDT,2026-03-24,R2,38415278.343,38822019.4324,-406741.0894,-0.526612,11145,12120
XRPUSDT,2026-03-24,W,236012.1224,112333.218,123678.9044,35.504682,2,1
XRPUSDT,2026-03-25,M,27752524.9265,27662023.9921,90500.9344,0.163316,1387,1314
XRPUSDT,2026-03-25,R1,6553827.4076,7604156.8807,-1050329.4731,-7.418637,39720,44299
XRPUSDT,2026-03-25,R2,31081739.3947,36620961.2465,-5539221.8518,-8.181685,9143,12035
XRPUSDT,2026-03-25,W,0.0,437294.3384,-437294.3384,-100.0,0,3
XRPUSDT,2026-03-26,M,28559117.9951,36615214.1576,-8056096.1625,-12.360842,1482,1908
XRPUSDT,2026-03-26,R1,8698736.2452,9395336.6516,-696600.4064,-3.849882,54034,49722
XRPUSDT,2026-03-26,R2,44347113.6195,50232557.9992,-5885444.3797,-6.222737,13059,16876
XRPUSDT,2026-03-26,W,707919.826,801168.4092,-93248.5832,-6.179134,6,6
XRPUSDT,2026-03-27,M,26239375.9671,35686392.5952,-9447016.6281,-15.255389,1347,1958
XRPUSDT,2026-03-27,R1,8864727.2186,8621166.6882,243560.5304,1.392897,54366,47459
XRPUSDT,2026-03-27,R2,39810754.7446,39526415.0937,284339.6509,0.358394,12507,12428
XRPUSDT,2026-03-27,W,459601.0753,833578.108,-373977.0327,-28.919197,4,6
XRPUSDT,2026-03-28,M,11695530.7312,13879491.6714,-2183960.9402,-8.539429,547,698
XRPUSDT,2026-03-28,R1,4889405.0842,4170090.4686,719314.6156,7.939897,33345,25477
XRPUSDT,2026-03-28,R2,16747307.8974,17304181.9897,-556874.0923,-1.635388,5667,5178
XRPUSDT,2026-03-28,W,1680731.3353,1596804.5393,83926.796,2.560668,8,6
XRPUSDT,2026-03-29,M,12444283.6701,13312531.5316,-868247.8615,-3.370944,633,725
XRPUSDT,2026-03-29,R1,5559553.8786,6682156.4827,-1122602.6041,-9.170308,34256,36311
XRPUSDT,2026-03-29,R2,20813328.5194,20926936.6778,-113608.1584,-0.272179,7124,6887
XRPUSDT,2026-03-29,W,397100.4988,1100018.1488,-702917.65,-46.951366,2,7
XRPUSDT,2026-03-30,M,23131784.5217,23618006.7907,-486222.269,-1.040052,1197,1310
XRPUSDT,2026-03-30,R1,9650902.0605,7801490.5305,1849411.53,10.596894,57370,46830
XRPUSDT,2026-03-30,R2,37646078.3427,31818319.3118,5827759.0309,8.389562,12320,9901
XRPUSDT,2026-03-30,W,526314.6414,515963.9228,10350.7186,0.993086,4,4
XRPUSDT,2026-03-31,M,21814270.7277,23696941.6013,-1882670.8736,-4.136719,1186,1382
XRPUSDT,2026-03-31,R1,9006425.0055,8373899.4674,632525.5381,3.63932,54103,45022
XRPUSDT,2026-03-31,R2,35583207.1174,35153889.9302,429317.1872,0.606919,11669,11090
XRPUSDT,2026-03-31,W,438275.4729,272871.7783,165403.6946,23.258712,3,2
XRPUSDT,2026-04-01,M,20533804.4355,22297101.3963,-1763296.9608,-4.11688,1042,1188
XRPUSDT,2026-04-01,R1,6808361.6725,6194259.7664,614101.9061,4.722908,43822,37338
XRPUSDT,2026-04-01,R2,31208990.8037,28463468.9259,2745521.8778,4.600987,10080,8854
XRPUSDT,2026-04-01,W,1363301.2877,527433.0455,835868.2422,44.208656,9,4
XRPUSDT,2026-04-02,M,33617151.8795,34779585.9565,-1162434.077,-1.699546,1707,1829
XRPUSDT,2026-04-02,R1,9555977.3948,10435002.0036,-879024.6088,-4.397106,58618,62510
XRPUSDT,2026-04-02,R2,42345398.7129,41449206.4365,896192.2764,1.069511,13369,13332
XRPUSDT,2026-04-02,W,717480.7574,967747.9841,-250267.2267,-14.850638,6,7
XRPUSDT,2026-04-03,M,13680439.9347,18459865.0148,-4779425.0801,-14.870503,755,995
XRPUSDT,2026-04-03,R1,5988784.1733,5039276.7189,949507.4544,8.609922,35816,28290
XRPUSDT,2026-04-03,R2,21885010.7967,19504071.4992,2380939.2975,5.752578,6841,5559
XRPUSDT,2026-04-03,W,110171.1955,726937.7454,-616766.5499,-73.67817,1,5
XRPUSDT,2026-04-04,M,7560450.5756,6391884.643,1168565.9326,8.375415,423,366
XRPUSDT,2026-04-04,R1,3674101.7073,3080336.5109,593765.1964,8.790741,24563,22035
XRPUSDT,2026-04-04,R2,9705307.4043,8718983.85,986323.5543,5.353387,2899,2771
XRPUSDT,2026-04-04,W,270273.1274,0.0,270273.1274,100.0,2,0
XRPUSDT,2026-04-05,M,17935590.3754,19463631.7333,-1528041.3579,-4.085757,950,1050
XRPUSDT,2026-04-05,R1,5768373.4286,6852544.4133,-1084170.9847,-8.590271,35183,37133
XRPUSDT,2026-04-05,R2,23386065.6415,22179101.6942,1206963.9473,2.648874,7197,7386
XRPUSDT,2026-04-05,W,533873.2428,603721.6835,-69848.4407,-6.14001,4,3
XRPUSDT,2026-04-06,M,24242433.3386,29859924.6716,-5617491.333,-10.38308,1292,1630
XRPUSDT,2026-04-06,R1,10018475.0693,8109378.4251,1909096.6442,10.531289,56080,44982
XRPUSDT,2026-04-06,R2,31723386.9015,34664351.3076,-2940964.4061,-4.429981,10611,10349
XRPUSDT,2026-04-06,W,865045.623,450250.3671,414795.2559,31.536267,7,3
XRPUSDT,2026-04-07,M,37539289.82,33801797.7752,3737492.0448,5.238905,1958,1774
XRPUSDT,2026-04-07,R1,8870880.6173,10680746.0847,-1809865.4674,-9.256854,50359,61389
XRPUSDT,2026-04-07,R2,42719182.3286,38698561.0781,4020621.2505,4.938262,13712,11795
XRPUSDT,2026-04-07,W,1067125.7112,778354.5452,288771.166,15.647481,8,6
XRPUSDT,2026-04-08,M,38924521.3306,41996567.3925,-3072046.0619,-3.796348,1858,2141
XRPUSDT,2026-04-08,R1,9307986.6179,8009205.8813,1298780.7366,7.49995,51966,42873
XRPUSDT,2026-04-08,R2,33776388.9892,36137069.5726,-2360680.5834,-3.376575,10965,10659
XRPUSDT,2026-04-08,W,1944908.0213,846759.3583,1098148.663,39.336658,14,7
XRPUSDT,2026-04-09,M,33889890.8227,31616035.765,2273855.0577,3.47122,1660,1587
XRPUSDT,2026-04-09,R1,7933315.4715,7970940.8967,-37625.4252,-0.236575,45211,46250
XRPUSDT,2026-04-09,R2,31689388.5332,36057477.0156,-4368088.4824,-6.447661,9815,11595
XRPUSDT,2026-04-09,W,483876.3198,762153.7591,-278277.4393,-22.333124,4,6
XRPUSDT,2026-04-10,M,20575308.4236,22983025.326,-2407716.9024,-5.527569,1017,1168
XRPUSDT,2026-04-10,R1,6688243.8488,5466751.7777,1221492.0711,10.049301,38040,31678
XRPUSDT,2026-04-10,R2,23516870.7508,27422716.8496,-3905846.0988,-7.667604,7173,7702
XRPUSDT,2026-04-10,W,210060.1548,631189.1555,-421129.0007,-50.059952,2,4
XRPUSDT,2026-04-11,M,13922198.1439,18398295.8489,-4476097.705,-13.849101,715,964
XRPUSDT,2026-04-11,R1,5056791.4792,4865245.2288,191546.2504,1.930513,30528,27719
XRPUSDT,2026-04-11,R2,16329726.0083,16965300.4904,-635574.4821,-1.908917,5449,5447
XRPUSDT,2026-04-11,W,733601.5342,1047982.2857,-314380.7515,-17.646139,5,7
XRPUSDT,2026-04-12,M,19019196.8003,17085947.6982,1933249.1021,5.354498,974,908
XRPUSDT,2026-04-12,R1,5140965.8958,6240612.1484,-1099646.2526,-9.661633,30722,34852
XRPUSDT,2026-04-12,R2,21955204.0071,23609105.7328,-1653901.7257,-3.629818,6733,8095
XRPUSDT,2026-04-12,W,0.0,450437.0881,-450437.0881,-100.0,0,4
XRPUSDT,2026-04-13,M,28240332.3019,31956323.9421,-3715991.6402,-6.173086,1423,1770
XRPUSDT,2026-04-13,R1,7556840.2434,6617792.7461,939047.4973,6.624845,41254,34918
XRPUSDT,2026-04-13,R2,33811429.8945,32665451.5016,1145978.3929,1.723875,11053,9912
XRPUSDT,2026-04-13,W,877930.8913,0.0,877930.8913,100.0,6,0
XRPUSDT,2026-04-14,M,27701573.8449,31237338.7101,-3535764.8652,-5.999033,1410,1619
XRPUSDT,2026-04-14,R1,8180039.5024,7349249.1828,830790.3196,5.349829,45239,38609
XRPUSDT,2026-04-14,R2,30767408.8012,33334863.0411,-2567454.2399,-4.005247,9573,9685
XRPUSDT,2026-04-14,W,1570963.8342,1125547.9396,445415.8946,16.518225,6,7
XRPUSDT,2026-04-15,M,31939140.9877,33575131.8989,-1635990.9112,-2.497152,1625,1833
XRPUSDT,2026-04-15,R1,8019045.9692,7446631.6842,572414.285,3.701191,43489,39931
XRPUSDT,2026-04-15,R2,32941098.9295,35018198.9521,-2077100.0226,-3.056388,10312,10301
XRPUSDT,2026-04-15,W,717602.9218,890885.1997,-173282.2779,-10.772991,4,8
XRPUSDT,2026-04-16,M,37983837.4002,42021444.7328,-4037607.3326,-5.046676,2111,2514
XRPUSDT,2026-04-16,R1,12317765.0576,12973759.7051,-655994.6475,-2.593733,69529,69115
XRPUSDT,2026-04-16,R2,52247717.4346,59132755.8003,-6885038.3657,-6.181549,16398,17750
XRPUSDT,2026-04-16,W,2736817.9196,1456494.1646,1280323.755,30.532518,15,9
XRPUSDT,2026-04-17,M,41046019.665,45255354.6897,-4209335.0247,-4.877483,2211,2590
XRPUSDT,2026-04-17,R1,12889493.6989,12541948.7242,347544.9747,1.366596,75158,66106
XRPUSDT,2026-04-17,R2,51738926.2981,62549839.0148,-10810912.7167,-9.459296,16142,18822
XRPUSDT,2026-04-17,W,2308880.7397,437417.7614,1871462.9783,68.144922,11,3
XRPUSDT,2026-04-18,M,16860414.6076,19612946.462,-2752531.8544,-7.546691,965,1119
XRPUSDT,2026-04-18,R1,7986437.2953,8534033.8625,-547596.5672,-3.314655,47883,44354
XRPUSDT,2026-04-18,R2,31054887.0418,34966734.9996,-3911847.9578,-5.925101,9873,11458
XRPUSDT,2026-04-18,W,0.0,530989.9184,-530989.9184,-100.0,0,3
XRPUSDT,2026-04-19,M,19993804.9886,22279205.5316,-2285400.543,-5.406288,1177,1202
XRPUSDT,2026-04-19,R1,7946702.2014,8501816.6706,-555114.4692,-3.37486,46566,47737
XRPUSDT,2026-04-19,R2,33664128.2729,35454808.6362,-1790680.3633,-2.590723,11070,11438
XRPUSDT,2026-04-19,W,536146.129,170656.4333,365489.6957,51.710296,3,1
XRPUSDT,2026-04-20,M,23965736.2282,19617148.2467,4348587.9815,9.977742,1314,1056
XRPUSDT,2026-04-20,R1,7068899.4228,8923138.7444,-1854239.3216,-11.594765,41113,44891
XRPUSDT,2026-04-20,R2,39097786.6912,38805186.891,292599.8002,0.375595,11936,12351
XRPUSDT,2026-04-20,W,1484389.793,2307111.8335,-822722.0405,-21.699108,8,12
XRPUSDT,2026-04-21,M,20470086.0976,21616943.9608,-1146857.8632,-2.724967,1054,1153
XRPUSDT,2026-04-21,R1,7548292.8707,6378033.1147,1170259.756,8.40322,44051,36035
XRPUSDT,2026-04-21,R2,31950722.1872,30677924.435,1272797.7522,2.032293,10083,9686
XRPUSDT,2026-04-21,W,1256171.3198,2087878.3234,-831707.0036,-24.871252,8,11
XRPUSDT,2026-04-22,M,19527287.7932,21192112.185,-1664824.3918,-4.088529,1099,1159
XRPUSDT,2026-04-22,R1,7013454.7217,6724795.8436,288658.8781,2.101133,40459,38656
XRPUSDT,2026-04-22,R2,31814228.5259,32524850.5871,-710622.0612,-1.104495,10793,10167
XRPUSDT,2026-04-22,W,881928.8687,1163139.6205,-281210.7518,-13.750676,5,7
XRPUSDT,2026-04-23,M,32462067.0714,17800614.7193,14661452.3521,29.169658,1595,955
XRPUSDT,2026-04-23,R1,7029871.6792,8162949.8756,-1133078.1964,-7.457984,39896,43112
XRPUSDT,2026-04-23,R2,30237270.9117,33858158.2733,-3620887.3616,-5.649213,9151,10710
XRPUSDT,2026-04-23,W,1602436.6752,260786.1299,1341650.5453,72.006984,13,2
XRPUSDT,2026-04-24,M,15617869.9543,15483196.3417,134673.6126,0.433019,857,940
XRPUSDT,2026-04-24,R1,7731525.3627,6167559.8327,1563965.53,11.252291,43810,32849
XRPUSDT,2026-04-24,R2,21481639.0932,27796029.6563,-6314390.5631,-12.813899,7372,8761
XRPUSDT,2026-04-24,W,290535.84,537634.9965,-247099.1565,-29.836737,1,4
XRPUSDT,2026-04-25,M,5740482.0925,5648261.888,92220.2045,0.809749,308,323
XRPUSDT,2026-04-25,R1,3045438.8764,3795309.2613,-749870.3849,-10.961818,21203,23696
XRPUSDT,2026-04-25,R2,8655535.3565,10385581.2196,-1730045.8631,-9.085843,2916,3774
XRPUSDT,2026-04-25,W,0.0,356195.2805,-356195.2805,-100.0,0,2
XRPUSDT,2026-04-26,M,6415906.8551,6502992.5512,-87085.6961,-0.674095,366,358
XRPUSDT,2026-04-26,R1,3674315.6981,3679152.276,-4836.5779,-0.065773,25552,24569
XRPUSDT,2026-04-26,R2,10574712.401,11687604.0572,-1112891.6562,-4.998993,3450,3771
XRPUSDT,2026-04-26,W,163450.3671,138944.9439,24505.4232,8.103771,1,1
XRPUSDT,2026-04-27,M,18317914.054,17734625.6138,583288.4402,1.617884,1006,899
XRPUSDT,2026-04-27,R1,6785538.9685,7069897.7761,-284358.8076,-2.052327,41318,38999
XRPUSDT,2026-04-27,R2,25768133.798,26354227.4773,-586093.6793,-1.124457,8475,8705
XRPUSDT,2026-04-27,W,417067.6943,739827.7605,-322760.0662,-27.89881,3,4
XRPUSDT,2026-04-28,M,12159569.3214,14775326.9808,-2615757.6594,-9.711408,646,735
XRPUSDT,2026-04-28,R1,4638594.0823,4636589.675,2004.4073,0.02161,29699,25873
XRPUSDT,2026-04-28,R2,15850122.6097,20223101.8617,-4372979.252,-12.122507,5074,6449
XRPUSDT,2026-04-28,W,110350.9323,1263919.4984,-1153568.5661,-83.940434,1,9
XRPUSDT,2026-04-29,M,17418834.5191,16288762.0101,1130072.509,3.352575,953,860
XRPUSDT,2026-04-29,R1,6412060.5365,6416113.2287,-4052.6922,-0.031592,38984,35798
XRPUSDT,2026-04-29,R2,25634822.4716,27362503.3771,-1727680.9055,-3.25994,8142,9173
XRPUSDT,2026-04-29,W,1994572.2226,505171.4098,1489400.8128,59.582142,9,4
XRPUSDT,2026-04-30,M,9461639.64,13558649.5991,-4097009.9591,-17.797387,532,722
XRPUSDT,2026-04-30,R1,5012003.4103,7600297.5935,-2588294.1832,-20.521982,32106,30520
XRPUSDT,2026-04-30,R2,14829164.6901,18519820.2895,-3690655.5994,-11.06677,4839,5978
XRPUSDT,2026-04-30,W,227982.4223,836778.0758,-608795.6535,-57.176769,2,5
XRPUSDT,2026-05-01,M,17000918.5769,20017373.103,-3016454.5261,-8.148551,784,1079
XRPUSDT,2026-05-01,R1,4469724.0591,6498378.0912,-2028654.0321,-18.495944,28433,29865
XRPUSDT,2026-05-01,R2,15636716.0878,18675945.5366,-3039229.4488,-8.857458,5061,5909
XRPUSDT,2026-05-01,W,789667.5288,101627.5,688040.0288,77.195542,6,1
XRPUSDT,2026-05-02,M,9120569.1837,8527288.5849,593280.5988,3.361771,464,450
XRPUSDT,2026-05-02,R1,3236557.5329,3768348.9662,-531791.4333,-7.591699,22175,23553
XRPUSDT,2026-05-02,R2,9715155.1192,10505153.8882,-789998.769,-3.906957,3313,3508
XRPUSDT,2026-05-02,W,406071.012,627343.9001,-221272.8881,-21.411815,3,3
XRPUSDT,2026-05-03,M,6385816.8552,7536919.8262,-1151102.971,-8.267792,320,386
XRPUSDT,2026-05-03,R1,2948090.8555,3604426.0532,-656335.1977,-10.016536,19745,21445
XRPUSDT,2026-05-03,R2,8198603.6654,10045992.2867,-1847388.6213,-10.125676,2607,3314
XRPUSDT,2026-05-03,W,736838.4396,1247798.5956,-510960.156,-25.745774,4,6
XRPUSDT,2026-05-04,M,23022189.7415,22434316.6989,587873.0426,1.293265,1205,1271
XRPUSDT,2026-05-04,R1,7393819.1017,7946303.0045,-552483.9028,-3.601561,44169,44536
XRPUSDT,2026-05-04,R2,25948999.6516,28933816.5934,-2984816.9418,-5.438527,8233,9440
XRPUSDT,2026-05-04,W,256171.9836,741858.9229,-485686.9393,-48.664519,1,3
XRPUSDT,2026-05-05,M,19621008.0378,21428962.2286,-1807954.1908,-4.404276,931,1012
XRPUSDT,2026-05-05,R1,5652954.2134,5695715.7314,-42761.518,-0.376798,33629,29584
XRPUSDT,2026-05-05,R2,19538304.4316,22671361.5772,-3133057.1456,-7.422606,6376,7201
XRPUSDT,2026-05-05,W,240540.0121,398684.205,-158144.1929,-24.740019,2,1
XRPUSDT,2026-05-06,M,27110137.8904,29849525.3916,-2739387.5012,-4.809346,1365,1542
XRPUSDT,2026-05-06,R1,7759154.8799,8415052.22,-655897.3401,-4.055206,44922,43268
XRPUSDT,2026-05-06,R2,29556657.5976,33379507.2377,-3822849.6401,-6.07417,9335,10386
XRPUSDT,2026-05-06,W,1342500.7865,1679572.6814,-337071.8949,-11.153663,7,10
XRPUSDT,2026-05-07,M,24578202.5183,21643415.4052,2934787.1131,6.349382,1111,1039
XRPUSDT,2026-05-07,R1,7108258.2756,8079892.9984,-971634.7228,-6.397321,43453,42199
XRPUSDT,2026-05-07,R2,27744580.9332,26449490.9026,1295090.0306,2.389726,8807,8155
XRPUSDT,2026-05-07,W,108463.74,478888.3727,-370424.6327,-63.066877,1,3
XRPUSDT,2026-05-08,M,18019063.5596,20590357.3838,-2571293.8242,-6.659758,970,1076
XRPUSDT,2026-05-08,R1,5688844.5189,5261431.8123,427412.7066,3.903214,33628,28321
XRPUSDT,2026-05-08,R2,20000963.2618,22661541.1441,-2660577.8823,-6.236338,6484,7067
XRPUSDT,2026-05-08,W,169381.7609,656154.4271,-486772.6662,-58.964425,1,3
XRPUSDT,2026-05-09,M,17719199.5565,20527789.6045,-2808590.048,-7.343297,904,1037
XRPUSDT,2026-05-09,R1,4443205.5518,4993254.801,-550049.2492,-5.828979,27407,26174
XRPUSDT,2026-05-09,R2,14720696.4969,16909325.0744,-2188628.5775,-6.919466,5077,5300
XRPUSDT,2026-05-09,W,1684708.3259,1292066.3353,392641.9906,13.190182,9,9
XRPUSDT,2026-05-10,M,48843733.9893,47689859.1236,1153874.8657,1.195309,2529,2496
XRPUSDT,2026-05-10,R1,22861627.3182,13645513.3568,9216113.9614,25.244689,127733,74142
XRPUSDT,2026-05-10,R2,43448448.2348,46672898.7951,-3224450.5603,-3.577899,14330,14537
XRPUSDT,2026-05-10,W,3717504.0512,1312473.6658,2405030.3854,47.813937,20,7
XRPUSDT,2026-05-11,M,32059021.8957,35455059.1907,-3396037.295,-5.030117,1781,2048
XRPUSDT,2026-05-11,R1,10538118.792,11016894.0267,-478775.2347,-2.221178,55815,53837
XRPUSDT,2026-05-11,R2,38100177.191,43621506.303,-5521329.112,-6.75626,11604,13889
XRPUSDT,2026-05-11,W,1647701.9266,744557.2254,903144.7012,37.752795,8,5
XRPUSDT,2026-05-12,M,29672659.6698,32617148.6575,-2944488.9877,-4.72708,1582,1805
XRPUSDT,2026-05-12,R1,8757532.864,12501752.1972,-3744219.3332,-17.61216,46599,57697
XRPUSDT,2026-05-12,R2,36451684.4558,31906191.1381,4545493.3177,6.649553,11174,10173
XRPUSDT,2026-05-12,W,0.0,1010115.7697,-1010115.7697,-100.0,0,5
XRPUSDT,2026-05-13,M,32354404.1858,34596886.4599,-2242482.2741,-3.349424,1789,1927
XRPUSDT,2026-05-13,R1,11050568.9566,19137729.1436,-8087160.187,-26.789056,58956,72343
XRPUSDT,2026-05-13,R2,44377384.5137,37746367.7121,6631016.8016,8.07442,13648,13807
XRPUSDT,2026-05-13,W,792175.8934,807028.7531,-14852.8597,-0.928765,6,5
XRPUSDT,2026-05-14,M,71560534.3192,80979549.777,-9419015.4578,-6.174781,3344,4050
XRPUSDT,2026-05-14,R1,19698061.6205,14876715.1886,4821346.4319,13.944693,88193,68687
XRPUSDT,2026-05-14,R2,49228353.884,60199857.8998,-10971504.0158,-10.026212,15727,18807
XRPUSDT,2026-05-14,W,3734301.0289,1367992.3452,2366308.6837,46.377354,17,9
XRPUSDT,2026-05-15,M,32829437.3895,32489419.7734,340017.6161,0.52055,1841,1881
XRPUSDT,2026-05-15,R1,8998431.1759,18248618.4273,-9250187.2514,-33.949317,57306,67814
XRPUSDT,2026-05-15,R2,44120071.6185,41132510.3718,2987561.2467,3.504365,13037,13533
XRPUSDT,2026-05-15,W,1479345.092,907897.7686,571447.3234,23.937545,8,6
XRPUSDT,2026-05-16,M,17850267.9995,21027632.2527,-3177364.2532,-8.172675,967,1167
XRPUSDT,2026-05-16,R1,5687787.9068,8932562.5183,-3244774.6115,-22.193549,37232,39896
XRPUSDT,2026-05-16,R2,21617930.4512,25130461.7178,-3512531.2666,-7.513694,6655,7994
XRPUSDT,2026-05-16,W,0.0,1001349.3466,-1001349.3466,-100.0,0,7
XRPUSDT,2026-05-17,M,17212030.4403,20055754.3254,-2843723.8851,-7.630515,920,1047
XRPUSDT,2026-05-17,R1,5328431.2716,9324791.5041,-3996360.2325,-27.27291,32860,45694
XRPUSDT,2026-05-17,R2,21317570.7801,20633262.3933,684308.3868,1.631215,6809,6267
XRPUSDT,2026-05-17,W,1384607.0322,544209.3149,840397.7173,43.570645,4,4
XRPUSDT,2026-05-18,M,28775665.2185,29363195.127,-587529.9085,-1.010563,1603,1661
XRPUSDT,2026-05-18,R1,7616329.3683,8487857.204,-871527.8357,-5.411809,48143,48475
XRPUSDT,2026-05-18,R2,33686710.4433,33689511.2203,-2800.777,-0.004157,10353,10225
XRPUSDT,2026-05-18,W,733243.353,852812.1617,-119568.8087,-7.538753,5,5
XRPUSDT,2026-05-19,M,20695874.8271,42928397.9293,-22232523.1022,-34.943461,1137,2870
XRPUSDT,2026-05-19,R1,7427058.0502,5621309.4981,1805748.5521,13.838885,41081,32622
XRPUSDT,2026-05-19,R2,26973488.945,31081283.9075,-4107794.9625,-7.075723,8171,8527
XRPUSDT,2026-05-19,W,280526.6453,235598.215,44928.4303,8.704954,2,1
XRPUSDT,2026-05-20,M,19224123.559,19431041.9258,-206918.3668,-0.535293,1040,1104
XRPUSDT,2026-05-20,R1,5809991.7081,4536018.3989,1273973.3092,12.313668,36073,29156
XRPUSDT,2026-05-20,R2,22592180.4007,22033554.7687,558625.632,1.251802,7025,6893
XRPUSDT,2026-05-20,W,580204.6868,0.0,580204.6868,100.0,4,0
XRPUSDT,2026-05-21,M,23110121.6776,23650261.7095,-540140.0319,-1.155123,1242,1380
XRPUSDT,2026-05-21,R1,5692572.5863,5588128.1852,104444.4011,0.925868,35919,32015
XRPUSDT,2026-05-21,R2,22744483.0433,24911203.6703,-2166720.627,-4.546615,7065,7319
XRPUSDT,2026-05-21,W,695859.756,554513.9285,141345.8275,11.304287,4,4
XRPUSDT,2026-05-22,M,23014773.7607,22732958.7283,281815.0324,0.61602,1330,1332
XRPUSDT,2026-05-22,R1,7751415.7941,6043651.7959,1707763.9982,12.379526,44632,33608
XRPUSDT,2026-05-22,R2,33312620.9889,30532093.2073,2780527.7816,4.355142,10576,8905
XRPUSDT,2026-05-22,W,378312.489,775102.6799,-396790.1909,-34.401333,3,5
XRPUSDT,2026-05-23,M,31375259.0919,28974121.6155,2401137.4764,3.978728,1584,1555
XRPUSDT,2026-05-23,R1,6714502.4514,6169488.7189,545013.7325,4.230162,41958,37795
XRPUSDT,2026-05-23,R2,28260285.3885,32943905.8823,-4683620.4938,-7.652451,8775,10646
XRPUSDT,2026-05-23,W,1882972.9585,966073.4107,916899.5478,32.182683,9,6
XRPUSDT,2026-05-24,M,13272527.9545,16168237.5918,-2895709.6373,-9.835714,691,864
XRPUSDT,2026-05-24,R1,3890349.5487,4131329.8344,-240980.2857,-3.004113,26349,25028
XRPUSDT,2026-05-24,R2,14591947.9893,18206787.9297,-3614839.9404,-11.021278,4445,5416
XRPUSDT,2026-05-24,W,318964.7368,819186.8691,-500222.1323,-43.950396,3,4
XRPUSDT,2026-05-25,M,15505776.8333,17451825.4766,-1946048.6433,-5.904703,873,1023
XRPUSDT,2026-05-25,R1,4730914.92,4594499.0788,136415.8412,1.46284,25787,22388
XRPUSDT,2026-05-25,R2,17669775.0841,17808338.6492,-138563.5651,-0.390561,5393,5237
XRPUSDT,2026-05-25,W,125036.8255,311662.7463,-186625.9208,-42.73554,1,2
XRPUSDT,2026-05-26,M,18722646.4761,18742957.2256,-20310.7495,-0.054212,1033,1091
XRPUSDT,2026-05-26,R1,5638071.654,5964217.9601,-326146.3061,-2.811051,39099,35262
XRPUSDT,2026-05-26,R2,20336273.5438,20692482.0924,-356208.5486,-0.868192,6248,6336
XRPUSDT,2026-05-26,W,0.0,342769.0995,-342769.0995,-100.0,0,3
XRPUSDT,2026-05-27,M,19116612.9215,22228881.4066,-3112268.4851,-7.527467,1021,1181
XRPUSDT,2026-05-27,R1,6538205.5812,8056273.3974,-1518067.8162,-10.401658,39921,36078
XRPUSDT,2026-05-27,R2,21164621.5132,25703268.7667,-4538647.2535,-9.683916,6869,8099
XRPUSDT,2026-05-27,W,116221.148,233927.5292,-117706.3812,-33.616115,1,2
XRPUSDT,2026-05-28,M,29208305.1481,33433677.7572,-4225372.6091,-6.745273,1648,1872
XRPUSDT,2026-05-28,R1,9217588.9498,9798980.7725,-581391.8227,-3.057291,59376,51244
XRPUSDT,2026-05-28,R2,32195803.5162,34490863.5326,-2295060.0164,-3.441558,10275,11305
XRPUSDT,2026-05-28,W,639436.5199,442794.0216,196642.4983,18.170112,5,4
XRPUSDT,2026-05-29,M,22926329.2082,26611917.0323,-3685587.8241,-7.439884,1317,1627
XRPUSDT,2026-05-29,R1,9395738.0131,7016357.6705,2379380.3426,14.497724,48630,36914
XRPUSDT,2026-05-29,R2,35023967.5434,30110567.3822,4913400.1612,7.543464,10717,9101
XRPUSDT,2026-05-29,W,492461.1018,254401.4964,238059.6054,31.874619,3,2
XRPUSDT,2026-05-30,M,20480377.2582,23723332.8202,-3242955.562,-7.336388,1136,1301
XRPUSDT,2026-05-30,R1,6262614.2955,5782677.0278,479937.2677,3.984439,36254,34042
XRPUSDT,2026-05-30,R2,25136584.1251,24441550.5148,695033.6103,1.401895,7929,7589
XRPUSDT,2026-05-30,W,1388203.1616,1805778.05,-417574.8884,-13.073805,9,13
XRPUSDT,2026-05-31,M,7942098.5981,11257044.3696,-3314945.7715,-17.266113,466,679
XRPUSDT,2026-05-31,R1,4878680.1179,4207780.0091,670900.1088,7.383515,30569,24969
XRPUSDT,2026-05-31,R2,13094095.815,16441121.4576,-3347025.6426,-11.332321,4286,5190
XRPUSDT,2026-05-31,W,400701.3904,645410.1815,-244708.7911,-23.392227,2,4
XRPUSDT,2026-06-01,M,16157082.5662,20990383.7444,-4833301.1782,-13.011119,978,1226
XRPUSDT,2026-06-01,R1,8714359.2331,7367616.6659,1346742.5672,8.374236,54624,43339
XRPUSDT,2026-06-01,R2,31584709.2993,33058748.3157,-1474039.0164,-2.28026,9899,10426
XRPUSDT,2026-06-01,W,310315.1817,295505.1898,14809.9919,2.444618,2,2
XRPUSDT,2026-06-02,M,34650292.5249,38787108.9953,-4136816.4704,-5.633119,1908,2126
XRPUSDT,2026-06-02,R1,12414948.2628,11408089.6806,1006858.5822,4.226407,79706,65501
XRPUSDT,2026-06-02,R2,49945058.6974,52124637.1189,-2179578.4215,-2.135382,15476,15744
XRPUSDT,2026-06-02,W,419104.9227,1826420.6301,-1407315.7074,-62.671997,3,9
XRPUSDT,2026-06-03,M,21012326.8489,22902113.9323,-1889787.0834,-4.303339,1273,1386
XRPUSDT,2026-06-03,R1,10700438.3422,9531445.0323,1168993.3099,5.777976,67938,56718
XRPUSDT,2026-06-03,R2,42659657.7226,43090987.0426,-431329.32,-0.503004,13598,13603
XRPUSDT,2026-06-03,W,749214.1119,961284.7455,-212070.6336,-12.398175,4,6
XRPUSDT,2026-06-04,M,26258177.8559,31189917.7862,-4931739.9303,-8.584688,1515,1946
XRPUSDT,2026-06-04,R1,16407032.9043,14925488.325,1481544.5793,4.728456,106634,90973
XRPUSDT,2026-06-04,R2,61572811.2126,65730355.7051,-4157544.4925,-3.265861,20781,20591
XRPUSDT,2026-06-04,W,911047.7255,1144126.9961,-233079.2706,-11.341093,5,7
XRPUSDT,2026-06-05,M,28653939.3343,40666953.4337,-12013014.0994,-17.329572,1708,2531
XRPUSDT,2026-06-05,R1,23948980.6405,23102390.6895,846589.951,1.799289,155308,136686
XRPUSDT,2026-06-05,R2,89426734.686,106271084.1959,-16844349.5099,-8.607326,32482,35057
XRPUSDT,2026-06-05,W,942900.0097,1012812.8179,-69912.8082,-3.574799,8,6
XRPUSDT,2026-06-06,M,19293137.4689,18340139.3233,952998.1456,2.532328,1056,1067
XRPUSDT,2026-06-06,R1,13416503.8097,13457264.3911,-40760.5814,-0.151674,96726,78886
XRPUSDT,2026-06-06,R2,42466961.6586,44404417.5754,-1937455.9168,-2.230258,14322,15838
XRPUSDT,2026-06-06,W,1089455.598,1226400.1799,-136944.5819,-5.913347,8,7
XRPUSDT,2026-06-07,M,15239008.6768,14138834.9573,1100173.7195,3.74491,885,923
XRPUSDT,2026-06-07,R1,10745224.1237,11125162.7798,-379938.6561,-1.737229,75157,71169
XRPUSDT,2026-06-07,R2,37080408.1427,37797266.8609,-716858.7182,-0.957373,12386,12913
XRPUSDT,2026-06-07,W,665722.5194,712080.0997,-46357.5803,-3.364602,4,4
XRPUSDT,2026-06-08,M,16519983.9159,16273634.5163,246349.3996,0.751211,1018,1028
XRPUSDT,2026-06-08,R1,9200833.7159,8894906.3425,305927.3734,1.690604,65846,61138
XRPUSDT,2026-06-08,R2,40544443.3617,40327068.651,217374.7107,0.26879,12962,12521
XRPUSDT,2026-06-08,W,992438.6959,340825.617,651613.0789,48.873511,5,2
XRPUSDT,2026-06-09,M,15447978.9457,17535774.6208,-2087795.6751,-6.32977,965,1062
XRPUSDT,2026-06-09,R1,9299149.5924,8358260.5712,940889.0212,5.328579,61973,50734
XRPUSDT,2026-06-09,R2,33751486.3234,36784658.8064,-3033172.483,-4.300168,10912,11442
XRPUSDT,2026-06-09,W,274594.0464,1562645.9795,-1288051.9331,-70.107983,1,9
XRPUSDT,2026-06-10,M,13272775.7282,16448603.7557,-3175828.0275,-10.685332,841,962
XRPUSDT,2026-06-10,R1,11654233.8359,9012670.4966,2641563.3393,12.781611,70541,52073
XRPUSDT,2026-06-10,R2,38893556.6684,39059696.1548,-166139.4864,-0.213127,13733,12964
XRPUSDT,2026-06-10,W,539645.4769,1066207.6629,-526562.186,-32.790183,3,8
XRPUSDT,2026-06-11,M,11095396.2074,13080707.5388,-1985311.3314,-8.211875,684,800
XRPUSDT,2026-06-11,R1,9172622.5877,8133866.082,1038756.5057,6.002122,53620,48289
XRPUSDT,2026-06-11,R2,31451711.1771,31565678.0246,-113966.8475,-0.18085,10590,10432
XRPUSDT,2026-06-11,W,789374.3357,406422.6817,382951.654,32.024804,5,3
XRPUSDT,2026-06-12,M,8711908.5875,6891013.9614,1820894.6261,11.670215,535,438
XRPUSDT,2026-06-12,R1,6546029.9537,6639985.0563,-93955.1026,-0.712536,43976,43892
XRPUSDT,2026-06-12,R2,25372174.2995,27511560.7845,-2139386.485,-4.045453,8707,9350
XRPUSDT,2026-06-12,W,544187.285,450784.338,93402.947,9.387499,3,2
XRPUSDT,2026-06-13,M,6425152.6153,6598400.18,-173247.5647,-1.330263,378,406
XRPUSDT,2026-06-13,R1,3930839.586,3790408.8866,140430.6994,1.818756,26944,25542
XRPUSDT,2026-06-13,R2,15101080.3755,14937342.9706,163737.4049,0.545093,4724,4720
XRPUSDT,2026-06-13,W,379665.9586,422467.9721,-42802.0135,-5.336018,2,2
XRPUSDT,2026-06-14,M,6829387.354,8180603.4473,-1351216.0933,-9.002111,427,493
XRPUSDT,2026-06-14,R1,5264868.108,5779148.058,-514279.95,-4.656639,36859,34745
XRPUSDT,2026-06-14,R2,18344475.3203,19663894.5041,-1319419.1838,-3.471391,6096,6564
XRPUSDT,2026-06-14,W,721192.4256,358864.5773,362327.8483,33.547104,2,3
XRPUSDT,2026-06-15,M,31049240.0956,31990860.2576,-941620.162,-1.493684,1852,1997
XRPUSDT,2026-06-15,R1,14544026.9237,14457918.5196,86108.4041,0.296906,92205,94135
XRPUSDT,2026-06-15,R2,70885393.6572,77219957.7627,-6334564.1055,-4.277066,22849,22988
XRPUSDT,2026-06-15,W,1440780.6992,1056579.365,384201.3342,15.384299,7,6
XRPUSDT,2026-06-16,M,16518379.6059,16040240.4535,478139.1524,1.468549,976,953
XRPUSDT,2026-06-16,R1,8645006.0836,8497024.7189,147981.3647,0.863266,54913,48024
XRPUSDT,2026-06-16,R2,33388259.1042,31665695.1629,1722563.9413,2.6479,10751,10601
XRPUSDT,2026-06-16,W,624084.436,505972.5168,118111.9192,10.451855,2,3
XRPUSDT,2026-06-17,M,17946706.6911,18574489.1167,-627782.4256,-1.718954,1045,1093
XRPUSDT,2026-06-17,R1,9637247.2464,7944794.4732,1692452.7732,9.626031,61026,50950
XRPUSDT,2026-06-17,R2,36767624.4835,37605338.9916,-837714.5081,-1.12637,11994,12171
XRPUSDT,2026-06-17,W,375622.2269,350689.3197,24932.9072,3.432812,3,3
XRPUSDT,2026-06-18,M,17620159.4977,30057857.7208,-12437698.2231,-26.086861,964,1600
XRPUSDT,2026-06-18,R1,9668109.1009,6670965.9738,2997143.1271,18.343408,56274,39006
XRPUSDT,2026-06-18,R2,32692756.1999,34010688.1552,-1317931.9553,-1.975808,10766,10291
XRPUSDT,2026-06-18,W,554450.2203,1059453.308,-505003.0877,-31.290785,4,7
XRPUSDT,2026-06-19,M,9392645.4216,10810228.2282,-1417582.8066,-7.016738,575,659
XRPUSDT,2026-06-19,R1,7394701.0672,5210214.2947,2184486.7725,17.330436,40731,31028
XRPUSDT,2026-06-19,R2,24850364.4192,24085842.1043,764522.3149,1.562284,8249,7668
XRPUSDT,2026-06-19,W,256879.0879,399707.6184,-142828.5305,-21.753186,1,3
XRPUSDT,2026-06-20,M,8143262.3334,8325607.8331,-182345.4997,-1.107213,418,463
XRPUSDT,2026-06-20,R1,3867846.6161,4321916.27,-454069.6539,-5.544357,26031,25672
XRPUSDT,2026-06-20,R2,13138151.9559,13607769.6275,-469617.6716,-1.755848,4367,4394
XRPUSDT,2026-06-20,W,379393.8455,100694.6052,278699.2403,58.051644,2,1
XRPUSDT,2026-06-21,M,8172573.4622,10727812.4539,-2555238.9917,-13.519507,453,570
XRPUSDT,2026-06-21,R1,3999480.3836,3871250.635,128229.7486,1.629197,26890,23666
XRPUSDT,2026-06-21,R2,12976085.4689,13872489.3549,-896403.886,-3.338739,4180,4382
XRPUSDT,2026-06-21,W,288140.2949,345486.5296,-57346.2347,-9.050475,2,2
XRPUSDT,2026-06-22,M,13628935.5251,13663313.2591,-34377.734,-0.125962,774,807
XRPUSDT,2026-06-22,R1,7275956.4484,5900958.8659,1374997.5825,10.434897,41045,33941
XRPUSDT,2026-06-22,R2,28183317.3429,25663436.9881,2519880.3548,4.679726,9082,8437
XRPUSDT,2026-06-22,W,140472.7272,478744.3851,-338271.6579,-54.628926,1,2
XRPUSDT,2026-06-23,M,12159481.3446,14601241.1585,-2441759.8139,-9.124417,757,870
XRPUSDT,2026-06-23,R1,6792714.573,5669564.6638,1123149.9092,9.012396,42133,32284
XRPUSDT,2026-06-23,R2,21741953.9752,22492553.9649,-750599.9897,-1.696865,6946,7132
XRPUSDT,2026-06-23,W,102826.9955,283138.4536,-180311.4581,-46.716995,1,2
XRPUSDT,2026-06-24,M,18111220.0944,20213285.0333,-2102064.9389,-5.484911,1087,1140
XRPUSDT,2026-06-24,R1,8919621.3795,9334339.5965,-414718.217,-2.271935,58862,64850
XRPUSDT,2026-06-24,R2,33073914.8225,36967070.0065,-3893155.184,-5.558396,10907,12059
XRPUSDT,2026-06-24,W,643938.1417,290848.2768,353089.8649,37.77225,3,2
XRPUSDT,2026-06-25,M,16903773.5457,20411375.9472,-3507602.4015,-9.399942,1054,1192
XRPUSDT,2026-06-25,R1,11814640.7438,9977313.1758,1837327.568,8.43122,75264,67076
XRPUSDT,2026-06-25,R2,41196961.7507,41476612.4956,-279650.7449,-0.338259,13960,13586
XRPUSDT,2026-06-25,W,506130.876,560672.8298,-54541.9538,-5.112651,2,3
XRPUSDT,2026-06-26,M,18846048.6658,21060761.6979,-2214713.0321,-5.549712,1093,1285
XRPUSDT,2026-06-26,R1,14073187.3744,12035555.9284,2037631.446,7.804403,69712,77043
XRPUSDT,2026-06-26,R2,38074007.9367,45547253.5027,-7473245.566,-8.937016,12846,14298
XRPUSDT,2026-06-26,W,218204.0459,456220.0365,-238015.9906,-35.29174,2,4
XRPUSDT,2026-06-27,M,8621645.3513,9345529.8059,-723884.4546,-4.028927,478,547
XRPUSDT,2026-06-27,R1,6452493.5784,7090749.2147,-638255.6363,-4.712724,36216,38970
XRPUSDT,2026-06-27,R2,15557646.644,17000756.1836,-1443109.5396,-4.432372,5334,5604
XRPUSDT,2026-06-27,W,450796.8379,275993.2359,174803.602,24.051457,2,2
XRPUSDT,2026-06-28,M,4444152.2687,7582482.5999,-3138330.3312,-26.094833,276,443
XRPUSDT,2026-06-28,R1,4315697.6306,4908436.1369,-592738.5063,-6.425953,30764,32153
XRPUSDT,2026-06-28,R2,11037800.6633,14948965.9101,-3911165.2468,-15.050604,3977,5003
XRPUSDT,2026-06-28,W,366524.2806,121311.4516,245212.829,50.265451,2,1
XRPUSDT,2026-06-29,M,13860209.1831,13166685.2174,693523.9657,2.566051,809,811
XRPUSDT,2026-06-29,R1,9209058.92,6984295.3037,2224763.6163,13.738745,80848,52607
XRPUSDT,2026-06-29,R2,28036943.2135,28370387.1047,-333443.8912,-0.591136,9002,9270
XRPUSDT,2026-06-29,W,0.0,170639.5673,-170639.5673,-100.0,0,1
XRPUSDT,2026-06-30,M,8820668.5723,11535743.547,-2715074.9747,-13.337689,524,686
XRPUSDT,2026-06-30,R1,5295851.5909,5305755.3075,-9903.7166,-0.093417,40715,34559
XRPUSDT,2026-06-30,R2,18409068.0305,19574035.0896,-1164967.0591,-3.067067,6274,6300
XRPUSDT,2026-06-30,W,0.0,168452.2287,-168452.2287,-100.0,0,1
XRPUSDT,2026-07-01,M,14354406.8416,16111791.9759,-1757385.1343,-5.768311,864,973
XRPUSDT,2026-07-01,R1,7084814.9932,4988975.7497,2095839.2435,17.358585,45339,34753
XRPUSDT,2026-07-01,R2,23104003.0894,26127734.292,-3023731.2026,-6.141833,7520,8083
XRPUSDT,2026-07-01,W,264058.4145,264076.3015,-17.887,-0.003387,2,2
XRPUSDT,2026-07-02,M,15988259.2071,17625619.0403,-1637359.8332,-4.871083,927,991
XRPUSDT,2026-07-02,R1,6870209.2628,6447310.3863,422898.8765,3.175508,51668,41124
XRPUSDT,2026-07-02,R2,24726817.5634,24826512.9734,-99695.41,-0.201188,8182,7884
XRPUSDT,2026-07-02,W,641331.4968,119595.9,521735.5968,68.565753,4,1
XRPUSDT,2026-07-03,M,15593041.2025,15062903.2411,530137.9614,1.729315,880,932
XRPUSDT,2026-07-03,R1,6984386.6327,6265845.7081,718540.9246,5.422855,46082,42077
XRPUSDT,2026-07-03,R2,24500393.1484,24835426.7857,-335033.6373,-0.679088,7936,7598
XRPUSDT,2026-07-03,W,357527.2932,243299.054,114228.2392,19.011856,3,1
XRPUSDT,2026-07-04,M,14719024.8512,15917571.7843,-1198546.9331,-3.912141,848,945
XRPUSDT,2026-07-04,R1,6974898.1842,7328120.8517,-353222.6675,-2.469567,50850,50932
XRPUSDT,2026-07-04,R2,29106886.868,30278711.3796,-1171824.5116,-1.973247,9178,9389
XRPUSDT,2026-07-04,W,422424.3292,122787.2755,299637.0537,54.957938,3,1
XRPUSDT,2026-07-05,M,10094312.8177,10872008.4203,-777695.6026,-3.709261,602,628
XRPUSDT,2026-07-05,R1,4788763.6318,5448961.1291,-660197.4973,-6.448674,35692,35064
XRPUSDT,2026-07-05,R2,15938280.1242,16555293.5826,-617013.4584,-1.898878,5078,5282
XRPUSDT,2026-07-05,W,0.0,333604.4475,-333604.4475,-100.0,0,3
XRPUSDT,2026-07-06,M,12395596.3757,16176772.5615,-3781176.1858,-13.233681,753,978
XRPUSDT,2026-07-06,R1,6205510.8881,6240229.5638,-34718.6757,-0.27896,47828,43977
XRPUSDT,2026-07-06,R2,25239221.0001,28250150.4544,-3010929.4543,-5.629024,7856,8979
XRPUSDT,2026-07-06,W,400811.4076,581397.6443,-180586.2367,-18.385723,3,3
XRPUSDT,2026-07-07,M,13474821.331,12715217.9065,759603.4245,2.900352,742,746
XRPUSDT,2026-07-07,R1,5012287.1461,9043224.8403,-4030937.6942,-28.678697,38618,40009
XRPUSDT,2026-07-07,R2,16855708.4658,20729654.3583,-3873945.8925,-10.30706,5358,6447
XRPUSDT,2026-07-07,W,112807.3343,0.0,112807.3343,100.0,1,0
XRPUSDT,2026-07-08,M,13816863.9368,16966437.1932,-3149573.2564,-10.231434,814,971
XRPUSDT,2026-07-08,R1,6263431.8281,13085401.6013,-6821969.7732,-35.257783,52019,47626
XRPUSDT,2026-07-08,R2,20740652.1037,25052681.1258,-4312029.0221,-9.416281,6946,7618
XRPUSDT,2026-07-08,W,236507.1115,171455.791,65051.3205,15.945401,2,1
XRPUSDT,2026-07-09,M,5649372.9781,6433655.4263,-784282.4482,-6.490777,352,394
XRPUSDT,2026-07-09,R1,4421276.8742,5588855.0418,-1167578.1676,-11.663964,39968,37373
XRPUSDT,2026-07-09,R2,12426240.6331,14895689.6552,-2469449.0221,-9.03834,4116,5174
XRPUSDT,2026-07-09,W,112292.3798,130162.2879,-17869.9081,-7.370412,1,1
XRPUSDT,2026-07-10,M,11512598.0231,9875318.4228,1637279.6003,7.655162,665,586
XRPUSDT,2026-07-10,R1,4312701.4247,3955920.7868,356780.6379,4.314874,34248,30381
XRPUSDT,2026-07-10,R2,16125025.1984,18185036.793,-2060011.5946,-6.004103,4984,5557
XRPUSDT,2026-07-10,W,119802.2242,112974.18,6828.0442,2.933306,1,1
XRPUSDT,2026-07-11,M,5447957.5318,4945317.7463,502639.7855,4.836202,303,289
XRPUSDT,2026-07-11,R1,2936780.3038,5002180.6009,-2065400.2971,-26.016003,24725,26034
XRPUSDT,2026-07-11,R2,8305774.1489,9447112.4885,-1141338.3396,-6.42903,2838,3005
XRPUSDT,2026-07-11,W,102113.5104,101122.887,990.6234,0.487424,1,1
XRPUSDT,2026-07-12,M,5171448.5453,7233332.4477,-2061883.9024,-16.621687,308,410
XRPUSDT,2026-07-12,R1,3179173.0736,7262757.8001,-4083584.7265,-39.107563,27266,28467
XRPUSDT,2026-07-12,R2,8434244.8679,9849774.1902,-1415529.3223,-7.741894,2702,3082
XRPUSDT,2026-07-12,W,318429.3487,546980.9729,-228551.6242,-26.409625,2,4
XRPUSDT,2026-07-13,M,11059959.9832,12970920.4438,-1910960.4606,-7.952103,634,727
XRPUSDT,2026-07-13,R1,5042357.106,8243844.9587,-3201487.8527,-24.096336,42279,43402
XRPUSDT,2026-07-13,R2,17866708.5448,20792029.0212,-2925320.4764,-7.567036,5534,6530
XRPUSDT,2026-07-13,W,232495.5195,252617.0336,-20121.5141,-4.147803,2,2
XRPUSDT,2026-07-14,M,12760435.7906,15143765.9074,-2383330.1168,-8.541116,712,884
XRPUSDT,2026-07-14,R1,6105188.2117,5789290.7984,315897.4133,2.655832,43284,40402
XRPUSDT,2026-07-14,R2,20845679.9572,24612667.4401,-3766987.4829,-8.286679,6312,7496
XRPUSDT,2026-07-14,W,343046.4729,0.0,343046.4729,100.0,2,0
XRPUSDT,2026-07-15,M,11026357.5074,10905780.3629,120577.1445,0.549774,671,671
XRPUSDT,2026-07-15,R1,5050975.4192,5154742.5285,-103767.1093,-1.016755,35959,35693
XRPUSDT,2026-07-15,R2,17738618.663,22503663.1249,-4765044.4619,-11.84089,5529,6844
XRPUSDT,2026-07-15,W,470726.7643,139073.571,331653.1933,54.387178,4,1
XRPUSDT,2026-07-16,M,11125017.4824,11593457.157,-468439.6746,-2.061933,602,648
XRPUSDT,2026-07-16,R1,5142317.3534,5434211.5644,-291894.211,-2.75983,35946,33585
XRPUSDT,2026-07-16,R2,17251687.4264,18272617.3663,-1020929.9399,-2.873891,5545,5789
XRPUSDT,2026-07-16,W,457290.857,298693.7915,158597.0655,20.978874,3,2
XRPUSDT,2026-07-17,M,6753429.9859,7935599.4385,-1182169.4526,-8.047975,406,498
XRPUSDT,2026-07-17,R1,4635504.5083,4117941.9207,517562.5876,5.912672,35781,29990
XRPUSDT,2026-07-17,R2,16562401.9145,19653341.0387,-3090939.1242,-8.534794,5111,6355
XRPUSDT,2026-07-17,W,130922.8181,244608.28,-113685.4619,-30.273248,1,2
XRPUSDT,2026-07-18,M,3159411.8471,2787838.6962,371573.1509,6.247814,162,183
XRPUSDT,2026-07-18,R1,2401105.9719,2504393.5321,-103287.5602,-2.105546,20078,20350
XRPUSDT,2026-07-18,R2,6364890.6288,6392196.8397,-27306.2109,-0.214047,2050,2144
XRPUSDT,2026-07-18,W,106255.6245,197028.1267,-90772.5022,-29.929893,1,1
XRPUSDT,2026-07-19,M,3603700.3866,4999099.3735,-1395398.9869,-16.220289,192,259
XRPUSDT,2026-07-19,R1,2537889.4321,3163248.6094,-625359.1773,-10.969024,21939,23722
XRPUSDT,2026-07-19,R2,6438723.0495,8554360.67,-2115637.6205,-14.110757,2099,2872
XRPUSDT,2026-07-19,W,0.0,126640.7248,-126640.7248,-100.0,0,1
XRPUSDT,2026-07-20,M,9250113.5165,11709467.7182,-2459354.2017,-11.733795,546,703
XRPUSDT,2026-07-20,R1,5488823.204,5399648.4442,89174.7598,0.818983,45051,38307
XRPUSDT,2026-07-20,R2,17131327.9116,22175923.7647,-5044595.8531,-12.833754,5709,6965
XRPUSDT,2026-07-20,W,0.0,111381.7184,-111381.7184,-100.0,0,1
XRPUSDT,2026-07-21,M,16173491.1379,13604166.567,2569324.5709,8.628364,890,804
XRPUSDT,2026-07-21,R1,6688391.3274,7254510.4369,-566119.1095,-4.060268,50960,50336
XRPUSDT,2026-07-21,R2,25137664.2931,25810258.2651,-672593.972,-1.32016,7892,8079
XRPUSDT,2026-07-21,W,1324208.8066,371587.1508,952621.6558,56.175488,9,2
XRPUSDT,2026-07-22,M,8202376.9172,7336811.6084,865565.3088,5.570209,472,457
XRPUSDT,2026-07-22,R1,4774819.1844,5266601.8237,-491782.6393,-4.89754,41888,44933
XRPUSDT,2026-07-22,R2,14184371.7289,18380462.8589,-4196091.13,-12.885345,4478,5770
XRPUSDT,2026-07-22,W,154183.6607,0.0,154183.6607,100.0,1,0
XRPUSDT,2026-07-23,M,7030664.3207,10301369.5192,-3270705.1985,-18.870868,407,572
XRPUSDT,2026-07-23,R1,4131112.1015,3412352.9578,718759.1437,9.528236,30630,25202
XRPUSDT,2026-07-23,R2,15026352.8995,17257815.2868,-2231462.3873,-6.91194,4493,5572
XRPUSDT,2026-07-23,W,1083514.187,232042.9963,851471.1907,64.723237,6,2
XRPUSDT,2026-07-24,M,7229533.4445,7651492.6093,-421959.1648,-2.835552,429,448
XRPUSDT,2026-07-24,R1,4011319.2136,3572288.5868,439030.6268,5.789205,27539,24236
XRPUSDT,2026-07-24,R2,14537853.5049,17873238.5331,-3335385.0282,-10.290875,4714,5676
XRPUSDT,2026-07-24,W,0.0,674450.6437,-674450.6437,-100.0,0,5
XRPUSDT,2026-07-25,M,5125887.4989,5501720.5285,-375833.0296,-3.536384,248,267
XRPUSDT,2026-07-25,R1,2447135.5882,2711693.1112,-264557.523,-5.128248,17989,21605
XRPUSDT,2026-07-25,R2,6793487.9995,7250052.6781,-456564.6786,-3.251065,2193,2327
XRPUSDT,2026-07-25,W,122968.0952,228793.6745,-105825.5793,-30.084446,1,1
XRPUSDT,2026-07-26,M,3295459.6388,3354144.532,-58684.8932,-0.882532,191,215
XRPUSDT,2026-07-26,R1,2865601.185,2347582.4292,518018.7558,9.936707,19961,17162
XRPUSDT,2026-07-26,R2,6616131.9114,7825238.7158,-1209106.8044,-8.372521,2162,2499
XRPUSDT,2026-07-26,W,367894.3511,180847.3732,187046.9779,34.086524,3,1
XRPUSDT,2026-07-27,M,7179185.1904,10187697.2431,-3008512.0527,-17.323271,490,588
XRPUSDT,2026-07-27,R1,5428589.445,7321512.4907,-1892923.0457,-14.846337,34661,46041
XRPUSDT,2026-07-27,R2,15690355.6701,19638608.909,-3948253.2389,-11.175683,4989,6468
XRPUSDT,2026-07-27,W,233847.764,128480.9467,105366.8173,29.080449,2,1
XRPUSDT,2026-07-28,M,7749979.5582,11597408.4097,-3847428.8515,-19.886038,467,648
XRPUSDT,2026-07-28,R1,5060981.5123,4697086.7163,363894.796,3.729168,37102,40756
XRPUSDT,2026-07-28,R2,14611663.8869,17113366.0735,-2501702.1866,-7.885579,4612,5914
XRPUSDT,2026-07-28,W,114278.2183,780075.5764,-665797.3581,-74.444516,1,5
XRPUSDT,2026-07-29,M,11940633.7287,14401499.5703,-2460865.8416,-9.341938,716,878
XRPUSDT,2026-07-29,R1,9331858.6942,6109948.9741,3221909.7201,20.864848,69231,39605
XRPUSDT,2026-07-29,R2,20605279.6033,27832377.7018,-7227098.0985,-14.920412,6732,9149
XRPUSDT,2026-07-29,W,107305.1927,160318.815,-53013.6223,-19.808994,1,1
XRPUSDT,2026-07-30,M,7221426.7949,6944353.7529,277073.042,1.955932,422,463
XRPUSDT,2026-07-30,R1,4492134.08,3516076.9868,976057.0932,12.188204,38582,22945
XRPUSDT,2026-07-30,R2,16268852.3525,16860617.9086,-591765.5561,-1.786221,5215,5059
XRPUSDT,2026-07-30,W,108059.2988,0.0,108059.2988,100.0,1,0
XRPUSDT,2026-07-31,M,8002024.0898,8292932.9197,-290908.8299,-1.785269,449,530
XRPUSDT,2026-07-31,R1,4112497.6376,6571250.6992,-2458753.0616,-23.013955,30895,30372
XRPUSDT,2026-07-31,R2,14266922.25,16257259.9465,-1990337.6965,-6.520528,4567,5237
XRPUSDT,2026-07-31,W,101833.2275,334046.3035,-232213.076,-53.2746,1,2
XRPUSDT,2026-08-01,M,3370590.0441,4380604.5017,-1010014.4576,-13.030436,171,245
XRPUSDT,2026-08-01,R1,2307150.5833,3152403.3045,-845252.7212,-15.482084,18599,20247
XRPUSDT,2026-08-01,R2,6161702.395,6527577.1663,-365874.7713,-2.883338,2069,2156
XRPUSDT,2026-08-01,W,0.0,521327.6476,-521327.6476,-100.0,0,4
XRPUSDT,2026-08-02,M,5090579.6211,5004239.7391,86339.882,0.855289,290,310
XRPUSDT,2026-08-02,R1,4341170.7837,3264135.726,1077035.0577,14.161626,27457,20922
XRPUSDT,2026-08-02,R2,8510352.3656,9864193.0415,-1353840.6759,-7.368023,2664,3334
XRPUSDT,2026-08-02,W,0.0,156234.141,-156234.141,-100.0,0,1
XRPUSDT,2026-08-03,M,7019595.1459,9025369.2542,-2005774.1083,-12.500957,421,527
XRPUSDT,2026-08-03,R1,3699199.9527,3489520.0229,209679.9298,2.916791,25763,23234
XRPUSDT,2026-08-03,R2,10810565.6372,14235310.8441,-3424745.2069,-13.673888,3386,4560
XRPUSDT,2026-08-03,W,1425791.9795,633044.4561,792747.5234,38.504638,4,3
XRPUSDT,2026-08-04,M,5734222.1152,6163231.6455,-429009.5303,-3.605894,318,389
XRPUSDT,2026-08-04,R1,3268690.0678,3298331.7018,-29641.634,-0.451371,26417,21733
XRPUSDT,2026-08-04,R2,10842309.277,13218508.3369,-2376199.0599,-9.875803,3579,4164
XRPUSDT,2026-08-04,W,244398.6693,0.0,244398.6693,100.0,2,0
XRPUSDT,2026-08-05,M,7511712.8809,9609446.4665,-2097733.5856,-12.252287,425,553
XRPUSDT,2026-08-05,R1,3897844.9586,3822213.2756,75631.683,0.979678,25903,24184
XRPUSDT,2026-08-05,R2,14155121.3716,16591870.3958,-2436749.0242,-7.925162,4480,5100
XRPUSDT,2026-08-05,W,548444.5566,709973.5467,-161528.9901,-12.835876,4,6
XRPUSDT,2026-08-06,M,14099568.1868,13221526.0373,878042.1495,3.213788,807,778
XRPUSDT,2026-08-06,R1,4790424.6974,7892433.2778,-3102008.5804,-24.458277,32688,56983
XRPUSDT,2026-08-06,R2,18776413.2626,22477674.1739,-3701260.9113,-8.971865,5636,7150
XRPUSDT,2026-08-06,W,211009.5081,707525.5789,-496516.0708,-54.05521,2,5
XRPUSDT,2026-08-07,M,12615504.2305,14850011.7727,-2234507.5422,-8.135684,714,859
XRPUSDT,2026-08-07,R1,5451521.2771,4273825.6888,1177695.5883,12.109548,37136,26591
XRPUSDT,2026-08-07,R2,20518399.0319,24828482.5414,-4310083.5095,-9.504697,6184,7726
XRPUSDT,2026-08-07,W,1576344.2589,132035.082,1444309.1769,84.542651,8,1
XRPUSDT,2026-08-08,M,4491533.0358,8211385.105,-3719852.0692,-29.283445,252,416
XRPUSDT,2026-08-08,R1,3298935.8809,2324712.5176,974223.3633,17.323689,23050,16858
XRPUSDT,2026-08-08,R2,7995915.7234,9136794.7713,-1140879.0479,-6.659069,2620,3056
XRPUSDT,2026-08-08,W,0.0,113344.9561,-113344.9561,-100.0,0,1
XRPUSDT,2026-08-09,M,4042345.4472,5578310.5644,-1535965.1172,-15.965285,239,328
XRPUSDT,2026-08-09,R1,2559973.4547,2864644.3089,-304670.8542,-5.616448,22780,17815
XRPUSDT,2026-08-09,R2,6420219.8962,9461873.4078,-3041653.5116,-19.151465,2017,3006
XRPUSDT,2026-08-10,M,10729555.9004,12553303.3047,-1823747.4043,-7.833004,616,778
XRPUSDT,2026-08-10,R1,3873877.3675,4064202.7204,-190325.3529,-2.397624,32599,31960
XRPUSDT,2026-08-10,R2,14127774.4238,17976744.4587,-3848970.0349,-11.988873,4249,5654
XRPUSDT,2026-08-10,W,0.0,283936.9118,-283936.9118,-100.0,0,2
XRPUSDT,2026-08-11,M,12581181.0686,13685190.9627,-1104009.8941,-4.203131,756,793
XRPUSDT,2026-08-11,R1,6056298.4792,5404723.3192,651575.16,5.68514,37949,33840
XRPUSDT,2026-08-11,R2,18988236.2571,23439965.1463,-4451728.8892,-10.492382,5983,7591
XRPUSDT,2026-08-11,W,0.0,418673.2901,-418673.2901,-100.0,0,3
XRPUSDT,2026-08-12,M,8903501.7357,9724313.7438,-820812.0081,-4.406378,497,571
XRPUSDT,2026-08-12,R1,6480660.6736,3493893.4376,2986767.236,29.943867,30798,19343
XRPUSDT,2026-08-12,R2,11437234.046,17015427.1883,-5578193.1423,-19.605172,3568,5150
XRPUSDT,2026-08-13,M,5382319.0093,8361180.0494,-2978861.0401,-21.674692,300,492
XRPUSDT,2026-08-13,R1,3434209.3004,3282556.5691,151652.7313,2.257824,23284,17243
XRPUSDT,2026-08-13,R2,9780223.2661,13528077.8651,-3747854.599,-16.079484,3047,4163
XRPUSDT,2026-08-13,W,275788.6163,233479.1811,42309.4352,8.307895,1,2
XRPUSDT,2026-08-14,M,9522939.2336,11162200.5838,-1639261.3502,-7.924826,499,643
XRPUSDT,2026-08-14,R1,3845608.6202,8156648.7233,-4311040.1031,-35.918577,23287,38640
XRPUSDT,2026-08-14,R2,14008628.7307,17894885.4321,-3886256.7014,-12.181281,4332,5639
XRPUSDT,2026-08-14,W,556367.797,877636.037,-321268.24,-22.403583,2,4
XRPUSDT,2026-08-15,M,3045502.9203,2816478.1457,229024.7746,3.906952,169,171
XRPUSDT,2026-08-15,R1,1673684.657,2819186.8863,-1145502.2293,-25.495993,11304,14559
XRPUSDT,2026-08-15,R2,4061108.7991,6289211.4011,-2228102.602,-21.526895,1194,2108
XRPUSDT,2026-08-15,W,228320.2675,0.0,228320.2675,100.0,1,0
XRPUSDT,2026-08-16,M,3509123.2394,5209932.1267,-1700808.8873,-19.506802,186,263
XRPUSDT,2026-08-16,R1,1950494.9482,2698530.7879,-748035.8397,-16.090163,13865,14315
XRPUSDT,2026-08-16,R2,4821942.389,6777769.4925,-1955827.1035,-16.860997,1586,2113
XRPUSDT,2026-08-16,W,261378.2958,0.0,261378.2958,100.0,1,0
XRPUSDT,2026-08-17,M,8254782.1263,9693635.988,-1438853.8617,-8.016605,451,540
XRPUSDT,2026-08-17,R1,3820659.1166,3207436.2482,613222.8684,8.725307,21029,18157
XRPUSDT,2026-08-17,R2,9639422.4642,13098811.0534,-3459388.5892,-15.213972,2805,3970
XRPUSDT,2026-08-17,W,353357.2581,231436.953,121920.3051,20.848412,2,1
XRPUSDT,2026-08-18,M,7527115.6555,7699140.1123,-172024.4568,-1.129788,429,468
XRPUSDT,2026-08-18,R1,3505931.0422,4205940.8448,-700009.8026,-9.077041,21443,19504
XRPUSDT,2026-08-18,R2,9705635.7914,12065356.2388,-2359720.4474,-10.838828,2869,3542
XRPUSDT,2026-08-18,W,282990.0982,161848.2,121141.8982,27.232794,1,1
XRPUSDT,2026-08-19,M,32844019.2532,34980141.7235,-2136122.4703,-3.149501,1763,2075
XRPUSDT,2026-08-19,R1,12484577.9822,11189761.5858,1294816.3964,5.469282,78701,64529
XRPUSDT,2026-08-19,R2,48732334.2209,53530714.2035,-4798379.9826,-4.692193,15336,16386
XRPUSDT,2026-08-19,W,3345984.3928,428256.7716,2917727.6212,77.306338,15,3
XRPUSDT,2026-08-20,M,73070582.249,65871289.4601,7199292.7889,5.181514,4096,3872
XRPUSDT,2026-08-20,R1,33087659.9306,37664500.3644,-4576840.4338,-6.468835,210800,204942
XRPUSDT,2026-08-20,R2,122566768.5178,127330425.1147,-4763656.5969,-1.906247,39670,40597
XRPUSDT,2026-08-20,W,3491608.9768,4120424.6281,-628815.6513,-8.26081,23,26
XRPUSDT,2026-08-21,M,94412475.7315,93334487.2391,1077988.4924,0.574171,5229,5390
XRPUSDT,2026-08-21,R1,37731688.8209,46067311.8998,-8335623.0789,-9.947163,265641,259387
XRPUSDT,2026-08-21,R2,156769348.9181,163168733.7219,-6399384.8038,-2.000195,49676,50713
XRPUSDT,2026-08-21,W,8097774.7633,7913399.9485,184374.8148,1.151538,37,45
XRPUSDT,2026-08-22,M,111230056.5831,122446444.5498,-11216387.9667,-4.799964,6217,6890
XRPUSDT,2026-08-22,R1,77114655.294,66510782.1276,10603873.1664,7.383005,535038,471782
XRPUSDT,2026-08-22,R2,246162293.635,257279857.9482,-11117564.3132,-2.20831,89272,93961
XRPUSDT,2026-08-22,W,6443275.4692,6849302.0306,-406026.5614,-3.054536,36,42
XRPUSDT,2026-08-23,M,41438018.8617,45958713.6308,-4520694.7691,-5.172613,2303,2584
XRPUSDT,2026-08-23,R1,32761678.1464,25162130.6852,7599547.4612,13.119903,198723,177025
XRPUSDT,2026-08-23,R2,105443615.8434,127708508.5283,-22264892.6849,-9.549513,38374,45507
XRPUSDT,2026-08-23,W,769119.9527,1021760.3514,-252640.3987,-14.107051,4,8
XRPUSDT,2026-08-24,M,48061644.4637,47526348.2476,535296.2161,0.560004,2727,2612
XRPUSDT,2026-08-24,R1,30904551.3087,33473189.4517,-2568638.143,-3.989948,220951,164246
XRPUSDT,2026-08-24,R2,107871039.263,122274723.9385,-14403684.6755,-6.258505,37382,42795
XRPUSDT,2026-08-24,W,769871.1241,1744723.5262,-974852.4021,-38.767775,4,14
XRPUSDT,2026-08-25,M,43235331.809,49350916.9368,-6115585.1278,-6.605284,2532,2686
XRPUSDT,2026-08-25,R1,22991994.5448,23133124.6969,-141130.1521,-0.305972,143829,133936
XRPUSDT,2026-08-25,R2,96996279.2765,94651193.0064,2345086.2701,1.223646,32728,32971
XRPUSDT,2026-08-25,W,3569213.0812,1830942.8902,1738270.191,32.189259,18,13
XRPUSDT,2026-08-26,M,31367010.4793,33522536.9957,-2155526.5164,-3.321839,1893,1964
XRPUSDT,2026-08-26,R1,20438603.4831,15231002.0817,5207601.4014,14.599549,119100,100268
XRPUSDT,2026-08-26,R2,71148098.7372,65911438.1758,5236660.5614,3.82072,23821,22133
XRPUSDT,2026-08-26,W,832600.8279,144744.6399,687856.188,70.380046,7,1
XRPUSDT,2026-08-27,M,32781239.7177,34769641.1508,-1988401.4331,-2.943561,1887,2157
XRPUSDT,2026-08-27,R1,14253400.4904,15212716.5015,-959316.0111,-3.255658,91131,122907
XRPUSDT,2026-08-27,R2,59010477.3813,65964888.6778,-6954411.2965,-5.564626,18690,20285
XRPUSDT,2026-08-27,W,2050495.2905,1949350.6132,101144.6773,2.528714,13,14
XRPUSDT,2026-08-28,M,27572977.738,28774204.5258,-1201226.7878,-2.131831,1642,1680
XRPUSDT,2026-08-28,R1,17277694.0716,18604918.3155,-1327224.2439,-3.698795,103046,131149
XRPUSDT,2026-08-28,R2,65251951.5151,60949946.6575,4302004.8576,3.408827,22719,20348
XRPUSDT,2026-08-28,W,856879.9174,756513.0132,100366.9042,6.220859,5,4
XRPUSDT,2026-08-29,M,10862408.0338,9697163.6044,1165244.4294,5.667649,609,561
XRPUSDT,2026-08-29,R1,5137409.9988,5272773.9755,-135363.9767,-1.300303,29792,29372
XRPUSDT,2026-08-29,R2,19934590.577,18259613.7456,1674976.8314,4.385421,6503,6245
XRPUSDT,2026-08-29,W,412269.7659,413024.8239,-755.058,-0.09149,3,3
XRPUSDT,2026-08-30,M,16456817.9119,21771811.9244,-5314994.0125,-13.903177,937,1206
XRPUSDT,2026-08-30,R1,8929534.6254,9753228.705,-823694.0796,-4.408845,53008,57279
XRPUSDT,2026-08-30,R2,35640507.2547,37823997.8129,-2183490.5582,-2.972171,11770,12442
XRPUSDT,2026-08-30,W,1416706.1312,555681.6754,861024.4558,43.653913,9,5
XRPUSDT,2026-08-31,M,14148424.3427,17532191.5436,-3383767.2009,-10.680876,805,1010
XRPUSDT,2026-08-31,R1,10799357.1845,8782435.381,2016921.8035,10.299986,62281,53156
XRPUSDT,2026-08-31,R2,38472891.5983,40827357.6381,-2354466.0398,-2.969053,12766,13282
XRPUSDT,2026-08-31,W,218776.9452,229879.7319,-11102.7867,-2.474673,1,2
XRPUSDT,2026-09-01,M,20659577.6432,21675105.3596,-1015527.7164,-2.398808,1306,1301
XRPUSDT,2026-09-01,R1,10788752.7197,8466825.5149,2321927.2048,12.058465,62670,49783
XRPUSDT,2026-09-01,R2,46779673.6527,41257129.5818,5522544.0709,6.272995,14158,12938
XRPUSDT,2026-09-01,W,242330.0936,330650.1573,-88320.0637,-15.414155,2,2
ZECUSDT,2026-03-04,M,3755869.4905,3699285.7959,56583.6946,0.758987,182,167
ZECUSDT,2026-03-04,R1,15601567.4772,14568560.3229,1033007.1543,3.42394,107073,93510
ZECUSDT,2026-03-04,R2,18388006.6834,14715665.7328,3672340.9506,11.093455,8235,6864
ZECUSDT,2026-03-04,W,2746277.5674,1481034.585,1265242.9824,29.9302,13,9
ZECUSDT,2026-03-05,M,1304230.7654,2166737.9965,-862507.2311,-24.849179,60,103
ZECUSDT,2026-03-05,R1,8982809.9559,8308601.7001,674208.2558,3.899093,59450,51870
ZECUSDT,2026-03-05,R2,7424981.8675,9788339.022,-2363357.1545,-13.729815,3561,4099
ZECUSDT,2026-03-05,W,348416.4505,868169.978,-519753.5275,-42.722286,2,3
ZECUSDT,2026-03-06,M,1748614.5015,1824454.677,-75840.1755,-2.12255,94,87
ZECUSDT,2026-03-06,R1,7211799.1315,7920935.7797,-709136.6482,-4.68611,44552,76554
ZECUSDT,2026-03-06,R2,7130087.4128,6747864.5726,382222.8402,2.754173,3097,3134
ZECUSDT,2026-03-06,W,1033775.5079,909520.624,124254.8839,6.394027,5,4
ZECUSDT,2026-03-07,M,894363.6333,1645825.2568,-751461.6235,-29.582903,43,77
ZECUSDT,2026-03-07,R1,6205106.6915,8149258.4363,-1944151.7448,-13.543976,35939,54379
ZECUSDT,2026-03-07,R2,5403269.7778,6708048.4656,-1304778.6878,-10.773218,2508,2914
ZECUSDT,2026-03-07,W,128717.058,154935.594,-26218.536,-9.243184,1,1
ZECUSDT,2026-03-08,M,612580.7841,667683.0785,-55102.2944,-4.30398,33,36
ZECUSDT,2026-03-08,R1,6339911.6195,6660262.5257,-320350.9062,-2.464205,49793,65992
ZECUSDT,2026-03-08,R2,4754797.4731,4695392.8581,59404.615,0.628608,2104,2121
ZECUSDT,2026-03-09,M,2163479.8027,1643246.3251,520233.4776,13.666165,88,67
ZECUSDT,2026-03-09,R1,10118743.5163,8675743.4987,1443000.0176,7.677783,72526,67161
ZECUSDT,2026-03-09,R2,10610022.7268,9207733.6821,1402289.0447,7.075922,4720,4306
ZECUSDT,2026-03-09,W,1096968.8418,819138.7426,277830.0992,14.499713,7,5
ZECUSDT,2026-03-10,M,3306400.8761,2338701.7826,967699.0935,17.142276,139,115
ZECUSDT,2026-03-10,R1,12386350.9598,10982534.2574,1403816.7024,6.007204,81114,70598
ZECUSDT,2026-03-10,R2,12585370.6803,11252641.5759,1332729.1044,5.590773,5635,5050
ZECUSDT,2026-03-10,W,1366026.3627,1773891.6821,-407865.3194,-12.98968,7,11
ZECUSDT,2026-03-11,M,2173149.8431,1907850.5732,265299.2699,6.500839,93,87
ZECUSDT,2026-03-11,R1,7655342.9828,8423164.4485,-767821.4657,-4.775452,52415,52019
ZECUSDT,2026-03-11,R2,7763339.5557,8828527.4939,-1065187.9382,-6.41994,3359,3656
ZECUSDT,2026-03-11,W,453784.7446,674107.4685,-220322.7239,-19.534023,2,5
ZECUSDT,2026-03-12,M,774680.3464,1129566.4033,-354886.0569,-18.636558,40,69
ZECUSDT,2026-03-12,R1,7181819.5005,6172672.0045,1009147.496,7.556615,50507,43074
ZECUSDT,2026-03-12,R2,6575480.6204,6869925.3067,-294444.6863,-2.189928,3048,3160
ZECUSDT,2026-03-12,W,329095.011,0.0,329095.011,100.0,1,0
ZECUSDT,2026-03-13,M,2612077.2866,3697667.9747,-1085590.6881,-17.204984,122,201
ZECUSDT,2026-03-13,R1,10004315.6503,10053260.5174,-48944.8671,-0.244022,80297,64375
ZECUSDT,2026-03-13,R2,11658509.5439,13522827.9678,-1864318.4239,-7.403572,5195,5726
ZECUSDT,2026-03-13,W,1795134.2301,933567.1623,861567.0678,31.574253,10,4
ZECUSDT,2026-03-14,M,1076326.9319,1191218.8222,-114891.8903,-5.066795,41,57
ZECUSDT,2026-03-14,R1,4540688.7975,4184420.2565,356268.541,4.083256,30054,28240
ZECUSDT,2026-03-14,R2,4208601.6652,3762629.6672,445971.998,5.594769,1845,1703
ZECUSDT,2026-03-14,W,1145886.3974,547167.8786,598718.5188,35.363221,5,3
ZECUSDT,2026-03-15,M,3359434.6393,4381153.9958,-1021719.3565,-13.199505,167,221
ZECUSDT,2026-03-15,R1,14142008.4003,12564436.9678,1577571.4325,5.907081,102576,76351
ZECUSDT,2026-03-15,R2,14948298.906,16118835.4202,-1170536.5142,-3.767765,7003,7125
ZECUSDT,2026-03-15,W,620506.4859,1305601.1645,-685094.6786,-35.568868,4,6
ZECUSDT,2026-03-16,M,7667346.5276,5291842.3133,2375504.2143,18.330655,349,242
ZECUSDT,2026-03-16,R1,25060422.2031,23142023.7678,1918398.4353,3.979878,166000,132242
ZECUSDT,2026-03-16,R2,31769920.031,28039099.2214,3730820.8096,6.23789,13981,12878
ZECUSDT,2026-03-16,W,3692644.8451,2890217.1567,802427.6884,12.189648,17,12
ZECUSDT,2026-03-17,M,4481585.0038,4849835.8019,-368250.7981,-3.946353,230,257
ZECUSDT,2026-03-17,R1,24439288.0966,23202052.2905,1237235.8061,2.596979,154829,133895
ZECUSDT,2026-03-17,R2,26632317.1348,27156618.6404,-524301.5056,-0.974739,11857,12079
ZECUSDT,2026-03-17,W,4583436.0144,2164434.3604,2419001.654,35.848372,24,11
ZECUSDT,2026-03-18,M,7681754.9608,8860000.5112,-1178245.5504,-7.122857,374,461
ZECUSDT,2026-03-18,R1,18816881.0094,19497756.3734,-680875.364,-1.777063,128862,119659
ZECUSDT,2026-03-18,R2,25099654.2445,29084179.8583,-3984525.6138,-7.353717,10496,12012
ZECUSDT,2026-03-18,W,2418866.5456,3561012.4471,-1142145.9015,-19.099816,14,19
ZECUSDT,2026-03-19,M,3733740.6693,4277726.7647,-543986.0954,-6.790093,174,217
ZECUSDT,2026-03-19,R1,11630060.2441,13080891.9695,-1450831.7254,-5.871209,80697,82663
ZECUSDT,2026-03-19,R2,10566845.7242,12662759.0543,-2095913.3301,-9.022596,4355,5218
ZECUSDT,2026-03-19,W,1698541.5527,2940361.6765,-1241820.1238,-26.769692,7,13
ZECUSDT,2026-03-20,M,4882911.6659,3336753.1477,1546158.5182,18.810481,238,173
ZECUSDT,2026-03-20,R1,11303129.7292,11042099.4146,261030.3146,1.16817,73854,90572
ZECUSDT,2026-03-20,R2,12605210.2633,11286920.7369,1318289.5264,5.517672,5086,4544
ZECUSDT,2026-03-20,W,1499733.9028,1168560.3992,331173.5036,12.411431,6,6
ZECUSDT,2026-03-21,M,1524272.5204,2453401.1403,-929128.6199,-23.358593,89,118
ZECUSDT,2026-03-21,R1,5175776.808,5781042.2055,-605265.3975,-5.524098,33305,40898
ZECUSDT,2026-03-21,R2,6806633.9586,7789958.098,-983324.1394,-6.736669,2571,3097
ZECUSDT,2026-03-21,W,388798.4622,496073.95,-107275.4878,-12.123272,2,3
ZECUSDT,2026-03-22,M,1004889.0136,1291897.3057,-287008.2921,-12.496082,51,75
ZECUSDT,2026-03-22,R1,6517067.4643,6212775.7561,304291.7082,2.390381,47899,45920
ZECUSDT,2026-03-22,R2,6639964.2524,7291525.1154,-651560.863,-4.676893,2861,3000
ZECUSDT,2026-03-22,W,237077.9477,210574.1284,26503.8193,5.920629,1,2
ZECUSDT,2026-03-23,M,2583515.5269,2553570.2435,29945.2834,0.582924,144,134
ZECUSDT,2026-03-23,R1,13828328.5973,13497944.098,330384.4993,1.209036,92315,109901
ZECUSDT,2026-03-23,R2,15724452.0011,14515562.5921,1208889.409,3.997648,6658,6110
ZECUSDT,2026-03-23,W,665542.5645,1222598.037,-557055.4725,-29.50286,5,6
ZECUSDT,2026-03-24,M,2537084.4578,3102274.8483,-565190.3905,-10.022245,133,167
ZECUSDT,2026-03-24,R1,9709057.7103,10113434.3382,-404376.6279,-2.039989,72013,70787
ZECUSDT,2026-03-24,R2,13149805.023,12027151.3727,1122653.6503,4.459052,5576,5114
ZECUSDT,2026-03-24,W,1184328.37,0.0,1184328.37,100.0,5,0
ZECUSDT,2026-03-25,M,3450961.1369,4039937.6877,-588976.5508,-7.862562,183,207
ZECUSDT,2026-03-25,R1,10283211.9694,10267101.4593,16110.5101,0.078395,74591,62737
ZECUSDT,2026-03-25,R2,13950146.168,14522551.2353,-572405.0673,-2.010365,5798,6213
ZECUSDT,2026-03-25,W,1286341.0327,545423.7788,740917.2539,40.448274,4,3
ZECUSDT,2026-03-26,M,1608348.5867,2171931.7238,-563583.1371,-14.908501,92,114
ZECUSDT,2026-03-26,R1,6790088.1359,7645573.3122,-855485.1763,-5.926193,43310,56429
ZECUSDT,2026-03-26,R2,7335305.1609,7873940.7211,-538635.5602,-3.541501,2947,3408
ZECUSDT,2026-03-26,W,458288.6524,2485797.2443,-2027508.5919,-68.867168,2,10
ZECUSDT,2026-03-27,M,995548.8279,1789755.3677,-794206.5398,-28.514176,48,94
ZECUSDT,2026-03-27,R1,6018695.6482,6044475.0733,-25779.4251,-0.213704,39085,38409
ZECUSDT,2026-03-27,R2,6600199.6848,8102272.9488,-1502073.264,-10.216467,2870,3421
ZECUSDT,2026-03-27,W,948400.2706,931417.136,16983.1346,0.903446,4,4
ZECUSDT,2026-03-28,M,852915.564,2357455.7026,-1504540.1386,-46.864989,51,128
ZECUSDT,2026-03-28,R1,6594338.958,5989183.4629,605155.4951,4.80911,42382,35632
ZECUSDT,2026-03-28,R2,6480358.7933,7943073.2799,-1462714.4866,-10.141237,2981,3418
ZECUSDT,2026-03-28,W,121086.9395,129142.5013,-8055.5618,-3.21927,1,1
ZECUSDT,2026-03-29,M,967508.9158,797885.3943,169623.5215,9.608251,52,40
ZECUSDT,2026-03-29,R1,5739834.9113,5476302.8384,263532.0729,2.349579,41595,35579
ZECUSDT,2026-03-29,R2,5447766.6771,5557772.9845,-110006.3074,-0.999554,2601,2527
ZECUSDT,2026-03-29,W,170809.0207,461563.6503,-290754.6296,-45.978367,1,3
ZECUSDT,2026-03-30,M,3236909.2249,1186717.5457,2050191.6792,46.346398,136,64
ZECUSDT,2026-03-30,R1,9416737.8613,10015570.7611,-598832.8998,-3.081635,76349,65569
ZECUSDT,2026-03-30,R2,11605355.5769,10579368.7181,1025986.8588,4.624745,4875,4495
ZECUSDT,2026-03-30,W,1738593.1418,522006.842,1216586.2998,53.816965,8,3
ZECUSDT,2026-03-31,M,7707219.4684,5879372.7605,1827846.7079,13.453312,386,310
ZECUSDT,2026-03-31,R1,22506809.5114,21494998.768,1011810.7434,2.299475,139745,140970
ZECUSDT,2026-03-31,R2,27233177.964,24910502.1617,2322675.8023,4.454376,10949,10244
ZECUSDT,2026-03-31,W,2329619.4321,3614840.3766,-1285220.9445,-21.620483,12,19
ZECUSDT,2026-04-01,M,4824012.4999,4132044.7817,691967.7182,7.726254,248,204
ZECUSDT,2026-04-01,R1,15998339.9652,13546661.9523,2451678.0129,8.298114,120750,101559
ZECUSDT,2026-04-01,R2,17650618.7047,15391350.2041,2259268.5006,6.837572,7751,6568
ZECUSDT,2026-04-01,W,2303768.2944,1343440.0824,960328.212,26.3305,13,8
ZECUSDT,2026-04-02,M,4248428.1896,4305220.3269,-56792.1373,-0.663952,196,217
ZECUSDT,2026-04-02,R1,11467696.3976,11507355.4346,-39659.037,-0.172618,80269,74436
ZECUSDT,2026-04-02,R2,15211411.5339,16362978.0272,-1151566.4933,-3.647154,6035,6405
ZECUSDT,2026-04-02,W,1595474.3668,1631160.6435,-35686.2767,-1.105991,8,9
ZECUSDT,2026-04-03,M,734881.3642,1026651.6865,-291770.3223,-16.563432,35,48
ZECUSDT,2026-04-03,R1,4626329.3918,4486826.9471,139502.4447,1.530781,29631,31113
ZECUSDT,2026-04-03,R2,5073896.3439,4332216.504,741679.8399,7.885083,2188,1992
ZECUSDT,2026-04-03,W,508536.4125,406569.6604,101966.7521,11.142616,2,3
ZECUSDT,2026-04-04,M,2018118.0725,1217712.8289,800405.2436,24.735694,96,61
ZECUSDT,2026-04-04,R1,7513811.1604,7365056.0437,148755.1167,0.999774,48909,46569
ZECUSDT,2026-04-04,R2,7644760.1971,6964091.1264,680669.0707,4.659292,3214,2940
ZECUSDT,2026-04-04,W,674266.1003,300477.69,373788.4103,38.34735,3,1
ZECUSDT,2026-04-05,M,1054218.6325,1720568.2158,-666349.5833,-24.014442,66,87
ZECUSDT,2026-04-05,R1,6325443.143,5871094.5103,454348.6327,3.725226,43274,41654
ZECUSDT,2026-04-05,R2,7288565.5062,6771603.0945,516962.4117,3.676787,3081,2942
ZECUSDT,2026-04-05,W,199951.5991,380486.2545,-180534.6554,-31.103184,1,3
ZECUSDT,2026-04-06,M,3110621.5996,2439680.349,670941.2506,12.088374,143,113
ZECUSDT,2026-04-06,R1,9599234.2488,9721078.8816,-121844.6328,-0.630656,67231,64251
ZECUSDT,2026-04-06,R2,12086844.4201,11885846.2611,200998.159,0.838446,5052,5075
ZECUSDT,2026-04-06,W,2113321.3217,1153486.3484,959834.9733,29.381435,9,5
ZECUSDT,2026-04-07,M,11712727.6014,6360177.8024,5352549.799,29.616432,580,316
ZECUSDT,2026-04-07,R1,35349226.4539,29821672.1475,5527554.3064,8.48163,201021,179632
ZECUSDT,2026-04-07,R2,36477715.0789,29914789.5274,6562925.5515,9.88504,15075,12369
ZECUSDT,2026-04-07,W,3250921.5951,2180447.0222,1070474.5729,19.709113,18,11
ZECUSDT,2026-04-08,M,8037473.7964,7550590.9192,486882.8772,3.123434,373,368
ZECUSDT,2026-04-08,R1,27079174.7009,22797185.7872,4281988.9137,8.585207,148585,128567
ZECUSDT,2026-04-08,R2,28650776.4671,29022402.7573,-371626.2902,-0.644366,11175,11336
ZECUSDT,2026-04-08,W,3230289.3425,3249966.1014,-19676.7589,-0.303642,14,18
ZECUSDT,2026-04-09,M,11301390.9784,9500638.4386,1800752.5398,8.65662,540,463
ZECUSDT,2026-04-09,R1,31315651.4462,28826854.4974,2488796.9488,4.138166,198519,169888
ZECUSDT,2026-04-09,R2,45118682.7677,45442986.9937,-324304.226,-0.358103,17463,17341
ZECUSDT,2026-04-09,W,6310342.1255,4920875.7915,1389466.334,12.371466,29,24
ZECUSDT,2026-04-10,M,6154335.1306,6871160.3842,-716825.2536,-5.503247,304,338
ZECUSDT,2026-04-10,MW,1067786.72,0.0,1067786.72,100.0,1,0
ZECUSDT,2026-04-10,R1,21113121.5894,19117609.8074,1995511.782,4.960168,117810,111080
ZECUSDT,2026-04-10,R2,29872689.4764,28753134.0718,1119555.4046,1.909663,11564,11157
ZECUSDT,2026-04-10,W,2504138.3152,1298200.2423,1205938.0729,31.715694,14,8
ZECUSDT,2026-04-11,M,3073902.0027,5051451.4269,-1977549.4242,-24.338011,154,216
ZECUSDT,2026-04-11,R1,12378612.338,11185055.4485,1193556.8895,5.065242,64757,65042
ZECUSDT,2026-04-11,R2,17281189.5698,16586886.1976,694303.3722,2.050023,7247,7077
ZECUSDT,2026-04-11,W,1701336.4076,1377895.7061,323440.7015,10.50394,9,10
ZECUSDT,2026-04-12,M,3524672.6506,4110232.498,-585559.8474,-7.66951,170,214
ZECUSDT,2026-04-12,R1,13859555.5881,13720748.3484,138807.2397,0.503284,106263,74656
ZECUSDT,2026-04-12,R2,17185802.4878,19699242.9946,-2513440.5068,-6.814254,7000,7841
ZECUSDT,2026-04-12,W,442280.4708,1187341.765,-745061.2942,-45.719878,1,8
ZECUSDT,2026-04-13,M,6495843.4407,8534306.0421,-2038462.6014,-13.562491,348,405
ZECUSDT,2026-04-13,R1,23770760.3848,20532462.9532,3238297.4316,7.309395,155982,116829
ZECUSDT,2026-04-13,R2,31033226.4617,30839185.422,194041.0397,0.313615,12823,12667
ZECUSDT,2026-04-13,W,1580002.1049,1221716.5455,358285.5594,12.788063,10,6
ZECUSDT,2026-04-14,M,4698915.2314,5406445.0295,-707529.7981,-7.00153,246,305
ZECUSDT,2026-04-14,R1,18245895.3998,16590567.8768,1655327.523,4.751709,104446,96950
ZECUSDT,2026-04-14,R2,21711676.7857,22349589.3628,-637912.5771,-1.447785,8479,8812
ZECUSDT,2026-04-14,W,1542737.3406,1483783.7172,58953.6234,1.947901,4,9
ZECUSDT,2026-04-15,M,3126728.2989,4149971.8821,-1023243.5832,-14.061918,153,210
ZECUSDT,2026-04-15,R1,13104169.7195,12720853.3118,383316.4077,1.484283,87467,80403
ZECUSDT,2026-04-15,R2,14421028.7374,16199990.9668,-1778962.2294,-5.809611,5351,5967
ZECUSDT,2026-04-15,W,3910465.6507,2440328.499,1470137.1517,23.148871,11,9
ZECUSDT,2026-04-16,M,4032762.3917,3383535.9151,649226.4766,8.75405,202,182
ZECUSDT,2026-04-16,R1,13039808.3703,11937791.1907,1102017.1796,4.412022,87524,75316
ZECUSDT,2026-04-16,R2,17070537.0982,17005245.3187,65291.7795,0.191608,6250,6433
ZECUSDT,2026-04-16,W,895376.6586,1294869.4192,-399492.7606,-18.239629,5,7
ZECUSDT,2026-04-17,M,4877964.7849,6147002.5623,-1269037.7774,-11.510581,235,294
ZECUSDT,2026-04-17,R1,14546385.775,14314197.2028,232188.5722,0.804518,92250,107831
ZECUSDT,2026-04-17,R2,18442720.842,18383080.6227,59640.2193,0.161952,7114,7112
ZECUSDT,2026-04-17,W,2368126.4992,1323934.254,1044192.2452,28.282098,13,6
ZECUSDT,2026-04-18,M,2519948.2106,2092431.6072,427516.6034,9.268894,138,105
ZECUSDT,2026-04-18,R1,7704550.7377,8757275.2846,-1052724.5469,-6.394944,53117,62930
ZECUSDT,2026-04-18,R2,9464161.6626,10023495.4706,-559333.808,-2.870195,3520,3947
ZECUSDT,2026-04-18,W,1129884.3903,719783.1893,410101.201,22.171616,4,5
ZECUSDT,2026-04-19,M,3988365.106,8454679.2736,-4466314.1676,-35.894063,219,446
ZECUSDT,2026-04-19,R1,14076348.2136,16643613.2203,-2567265.0067,-8.356993,92536,95128
ZECUSDT,2026-04-19,R2,15789651.9041,22374508.0999,-6584856.1958,-17.254032,6438,8519
ZECUSDT,2026-04-19,W,270442.615,1359105.8635,-1088663.2485,-66.807663,2,8
ZECUSDT,2026-04-20,M,2460269.8813,1905245.9904,555023.8909,12.713821,140,106
ZECUSDT,2026-04-20,R1,9031880.8451,8896801.5069,135079.3382,0.753426,66263,54155
ZECUSDT,2026-04-20,R2,12474861.9068,10131777.708,2343084.1988,10.364584,4850,3975
ZECUSDT,2026-04-20,W,671503.6249,356902.058,314601.5669,30.591193,5,2
ZECUSDT,2026-04-21,M,4643268.1411,4498930.3307,144337.8104,1.578809,266,237
ZECUSDT,2026-04-21,R1,13415881.9844,15405949.6086,-1990067.6242,-6.904723,78733,104125
ZECUSDT,2026-04-21,R2,18024600.4761,15455456.3314,2569144.1447,7.673655,6689,6314
ZECUSDT,2026-04-21,W,1795497.6918,1284829.196,510668.4958,16.578386,7,6
ZECUSDT,2026-04-22,M,2714849.4295,2672414.4904,42434.9391,0.78769,133,138
ZECUSDT,2026-04-22,R1,12023576.8443,11897934.8064,125642.0379,0.525226,71476,75834
ZECUSDT,2026-04-22,R2,10876215.1043,11508019.6751,-631804.5708,-2.822543,4314,4554
ZECUSDT,2026-04-22,W,259412.7573,1154271.6106,-894858.8533,-63.299763,2,7
ZECUSDT,2026-04-23,M,4242632.6706,3147248.4086,1095384.262,14.822759,204,160
ZECUSDT,2026-04-23,R1,15252300.4057,16624122.0242,-1371821.6185,-4.303562,92534,100622
ZECUSDT,2026-04-23,R2,17371471.606,17068270.8642,303200.7418,0.88038,7052,6723
ZECUSDT,2026-04-23,W,815641.8443,290911.907,524729.9373,47.420194,5,2
ZECUSDT,2026-04-24,M,3776288.1182,3067969.4021,708318.7161,10.349095,219,185
ZECUSDT,2026-04-24,R1,14600054.9215,14641800.1575,-41745.236,-0.142759,89657,86387
ZECUSDT,2026-04-24,R2,15834145.0228,15133092.8955,701052.1273,2.263851,6381,5953
ZECUSDT,2026-04-24,W,470835.2365,149245.92,321589.3165,51.862456,3,1
ZECUSDT,2026-04-25,M,1371695.4735,1439749.9343,-68054.4608,-2.420622,63,79
ZECUSDT,2026-04-25,R1,5890831.5471,6663073.3405,-772241.7934,-6.151407,33808,37849
ZECUSDT,2026-04-25,R2,5305086.5584,5663680.538,-358593.9796,-3.269228,2159,2583
ZECUSDT,2026-04-25,W,268809.0558,125523.671,143285.3848,36.336164,2,1
ZECUSDT,2026-04-26,M,1141774.5659,977819.0113,163955.5546,7.735235,80,42
ZECUSDT,2026-04-26,R1,5387338.6599,6183424.8876,-796086.2277,-6.880153,29124,36929
ZECUSDT,2026-04-26,R2,5841451.6323,4966842.8042,874608.8281,8.092015,2333,2242
ZECUSDT,2026-04-26,W,444133.6593,0.0,444133.6593,100.0,2,0
ZECUSDT,2026-04-27,M,2036745.5279,1926675.8565,110069.6714,2.777138,102,99
ZECUSDT,2026-04-27,R1,9238316.0537,9878727.1752,-640411.1215,-3.349949,52499,55097
ZECUSDT,2026-04-27,R2,8915404.97,8850274.9909,65129.9791,0.366606,3572,3632
ZECUSDT,2026-04-27,W,359716.747,218609.376,141107.371,24.399273,2,2
ZECUSDT,2026-04-28,M,1924142.8489,2815903.5334,-891760.6845,-18.813332,95,149
ZECUSDT,2026-04-28,R1,7261006.3547,8211805.5041,-950799.1494,-6.144967,43592,44185
ZECUSDT,2026-04-28,R2,7049679.5641,9350908.6081,-2301229.044,-14.031381,2868,3669
ZECUSDT,2026-04-28,W,0.0,435367.5455,-435367.5455,-100.0,0,3
ZECUSDT,2026-04-29,M,1350934.0182,2240069.3782,-889135.36,-24.760081,73,128
ZECUSDT,2026-04-29,R1,6956610.6561,7510653.9803,-554043.3242,-3.829634,43747,43076
ZECUSDT,2026-04-29,R2,6266141.8807,8033523.9803,-1767382.0996,-12.359604,2510,3075
ZECUSDT,2026-04-29,W,118088.84,112696.1161,5392.7239,2.336688,1,1
ZECUSDT,2026-04-30,M,2167003.4647,1606951.3728,560052.0919,14.839926,95,78
ZECUSDT,2026-04-30,R1,10056657.9391,10312181.8756,-255523.9365,-1.254484,55745,53414
ZECUSDT,2026-04-30,R2,10034031.0275,9614961.478,419069.5495,2.132779,4245,4411
ZECUSDT,2026-04-30,W,773965.7464,104011.303,669954.4434,76.306601,5,1
ZECUSDT,2026-05-01,M,6556173.1063,3388314.2919,3167858.8144,31.855426,328,162
ZECUSDT,2026-05-01,R1,25121264.3411,20099493.873,5021770.4681,11.105012,139392,120532
ZECUSDT,2026-05-01,R2,19660585.5338,16364820.6673,3295764.8665,9.148446,8836,7338
ZECUSDT,2026-05-01,W,1774112.2903,563667.2389,1210445.0514,51.777554,11,4
ZECUSDT,2026-05-02,M,2023777.6174,2168126.5923,-144348.9749,-3.443518,90,87
ZECUSDT,2026-05-02,R1,8722876.8249,8675434.5415,47442.2834,0.272683,49811,59205
ZECUSDT,2026-05-02,R2,7356025.536,6700595.5031,655430.0329,4.662785,3093,2966
ZECUSDT,2026-05-02,W,275324.988,427557.805,-152232.817,-21.65835,2,3
ZECUSDT,2026-05-03,M,4624663.1456,3160279.1562,1464383.9894,18.810467,243,165
ZECUSDT,2026-05-03,R1,16256256.8845,18599172.0942,-2342915.2097,-6.721809,83176,100095
ZECUSDT,2026-05-03,R2,14088202.1781,16506736.8476,-2418534.6695,-7.905015,6052,7410
ZECUSDT,2026-05-03,W,399431.48,131823.18,267608.3,50.372885,3,1
ZECUSDT,2026-05-04,M,8591669.3316,12106962.508,-3515293.1764,-16.983215,378,550
ZECUSDT,2026-05-04,R1,30375789.0459,35997709.2346,-5621920.1887,-8.470128,202068,180249
ZECUSDT,2026-05-04,R2,27130269.6137,30168822.5269,-3038552.9132,-5.302969,11465,12737
ZECUSDT,2026-05-04,W,6029349.5212,5424261.547,605087.9742,5.282945,34,26
ZECUSDT,2026-05-05,M,17238014.8522,10436263.7779,6801751.0743,24.57788,786,555
ZECUSDT,2026-05-05,R1,49912491.8419,43774855.97,6137635.8719,6.55119,290844,279887
ZECUSDT,2026-05-05,R2,41489996.9943,40455470.6725,1034526.3218,1.262457,19012,17667
ZECUSDT,2026-05-05,W,5069314.2385,1782034.2125,3287280.026,47.980044,21,10
ZECUSDT,2026-05-06,M,28062552.2935,26265671.3228,1796880.9707,3.307454,1423,1316
ZECUSDT,2026-05-06,R1,54282065.4611,50565474.2643,3716591.1968,3.544758,320360,280307
ZECUSDT,2026-05-06,R2,54396761.7379,55884926.2993,-1488164.5614,-1.349421,22683,23540
ZECUSDT,2026-05-06,W,5116825.2155,4457201.6371,659623.5784,6.889719,33,27
ZECUSDT,2026-05-07,M,11863494.7394,10105550.4035,1757944.3359,8.001915,599,510
ZECUSDT,2026-05-07,R1,36667600.4869,33413978.1915,3253622.2954,4.642621,214542,189156
ZECUSDT,2026-05-07,R2,32710368.1213,31168553.6141,1541814.5072,2.413651,14355,13634
ZECUSDT,2026-05-07,W,4497709.5111,4817212.7628,-319503.2517,-3.430015,19,21
ZECUSDT,2026-05-08,M,13178839.3149,10720252.8953,2458586.4196,10.287363,638,511
ZECUSDT,2026-05-08,R1,32769407.0226,29130673.9666,3638733.056,5.878398,182229,164900
ZECUSDT,2026-05-08,R2,32503913.855,30255751.6288,2248162.2262,3.582177,14729,13270
ZECUSDT,2026-05-08,W,5947400.4296,4848949.7068,1098450.7228,10.174278,32,24
ZECUSDT,2026-05-09,M,9456615.3692,11340480.4668,-1883865.0976,-9.058308,521,610
ZECUSDT,2026-05-09,R1,26367914.2577,24483569.8751,1884344.3826,3.705584,157002,147174
ZECUSDT,2026-05-09,R2,25529990.7777,26651535.1085,-1121544.3308,-2.149313,10719,10863
ZECUSDT,2026-05-09,W,2041865.9493,1509787.0016,532078.9477,14.981164,11,12
ZECUSDT,2026-05-10,M,5932260.9023,8132744.9741,-2200484.0718,-15.645099,316,401
ZECUSDT,2026-05-10,R1,22443461.828,23449788.447,-1006326.619,-2.192755,130843,124870
ZECUSDT,2026-05-10,R2,20385582.7049,23191444.4403,-2805861.7354,-6.438855,9372,9879
ZECUSDT,2026-05-10,W,805652.0367,2458221.1061,-1652569.0694,-50.632148,5,12
ZECUSDT,2026-05-11,M,4687391.247,6078219.1529,-1390827.9059,-12.919174,245,326
ZECUSDT,2026-05-11,R1,19217300.6701,21743909.5529,-2526608.8828,-6.168296,104939,110737
ZECUSDT,2026-05-11,R2,18473166.0006,18175608.2181,297557.7825,0.811917,8736,8117
ZECUSDT,2026-05-11,W,426219.0628,1583503.019,-1157283.9562,-57.584278,3,10
ZECUSDT,2026-05-12,M,6013788.6272,4757161.5793,1256627.0479,11.666817,316,252
ZECUSDT,2026-05-12,R1,17207646.4219,15925004.2956,1282642.1263,3.871233,95516,92816
ZECUSDT,2026-05-12,R2,14852859.6231,13601151.7384,1251707.8847,4.399056,6488,5978
ZECUSDT,2026-05-12,W,1096791.3191,506488.6834,590302.6357,36.818437,4,4
ZECUSDT,2026-05-13,M,12289891.3262,11530687.743,759203.5832,3.187175,583,549
ZECUSDT,2026-05-13,R1,31432731.6322,37196903.1437,-5764171.5115,-8.398954,194587,177347
ZECUSDT,2026-05-13,R2,33062693.2043,34940633.9906,-1877940.7863,-2.761543,15147,15291
ZECUSDT,2026-05-13,W,2871639.2286,1833841.7192,1037797.5094,22.055078,18,9
ZECUSDT,2026-05-14,M,10085561.4092,9756806.158,328755.2512,1.656835,521,487
ZECUSDT,2026-05-14,R1,24898207.3944,25580647.8111,-682440.4167,-1.351933,127357,150531
ZECUSDT,2026-05-14,R2,29517366.9145,21706320.43,7811046.4845,15.248895,12312,9450
ZECUSDT,2026-05-14,W,3550650.9477,4027645.509,-476994.5613,-6.294219,18,19
ZECUSDT,2026-05-15,M,3382544.1783,5322617.9927,-1940073.8144,-22.286475,167,278
ZECUSDT,2026-05-15,R1,16681468.021,17438975.4864,-757507.4654,-2.220099,92812,100616
ZECUSDT,2026-05-15,R2,11749459.3726,14401516.8266,-2652057.454,-10.141333,5213,6098
ZECUSDT,2026-05-15,W,1345804.9966,2874255.439,-1528450.4424,-36.218686,5,11
ZECUSDT,2026-05-16,M,4554876.6565,5169362.5492,-614485.8927,-6.319115,237,258
ZECUSDT,2026-05-16,R1,14979317.3941,16570702.9794,-1591385.5853,-5.044008,85264,84415
ZECUSDT,2026-05-16,R2,13937460.4291,14634631.0902,-697170.6611,-2.440041,5954,6376
ZECUSDT,2026-05-16,W,1279546.7956,1169576.5242,109970.2714,4.490189,5,6
ZECUSDT,2026-05-17,M,8524452.5017,7977074.6765,547377.8252,3.317134,416,426
ZECUSDT,2026-05-17,R1,21681813.1563,20686160.565,995652.5913,2.350012,121869,122274
ZECUSDT,2026-05-17,R2,19551237.7933,19864559.9699,-313322.1766,-0.794915,7910,8042
ZECUSDT,2026-05-17,W,1214291.6369,1625397.8419,-411106.205,-14.477154,8,9
ZECUSDT,2026-05-18,M,13307289.1924,11836015.4572,1471273.7352,5.851553,617,588
ZECUSDT,2026-05-18,R1,26263836.3631,24088642.4868,2175193.8763,4.319934,149817,140811
ZECUSDT,2026-05-18,R2,24742259.519,24456258.0113,286001.5077,0.581321,10038,9935
ZECUSDT,2026-05-18,W,3238503.6234,3231671.3368,6832.2866,0.105597,17,17
ZECUSDT,2026-05-19,M,10410794.1369,8161235.9816,2249558.1553,12.112613,536,456
ZECUSDT,2026-05-19,R1,25344214.6585,24918754.1681,425460.4904,0.846469,163789,191880
ZECUSDT,2026-05-19,R2,26351555.6947,19754549.15,6597006.5447,14.308315,11357,8481
ZECUSDT,2026-05-19,W,1881407.1514,1593946.5,287460.6514,8.271407,12,10
ZECUSDT,2026-05-20,M,19935476.933,14672517.0976,5262959.8354,15.207353,1022,813
ZECUSDT,2026-05-20,R1,51873238.5411,48236783.0384,3636455.5027,3.632459,257080,238933
ZECUSDT,2026-05-20,R2,43999528.968,39858751.7266,4140777.2414,4.937827,19735,18292
ZECUSDT,2026-05-20,W,5161539.4079,4321473.5409,840065.867,8.858639,22,22
ZECUSDT,2026-05-21,M,13739648.8503,11909117.8644,1830530.9859,7.136916,692,635
ZECUSDT,2026-05-21,R1,25019603.8242,25001127.5315,18476.2927,0.036937,134057,124708
ZECUSDT,2026-05-21,R2,26086600.6611,25208416.9906,878183.6705,1.712025,10644,10614
ZECUSDT,2026-05-21,W,2757257.0069,1897935.1993,859321.8076,18.459427,9,8
ZECUSDT,2026-05-22,M,9122297.4627,14678916.91,-5556619.4473,-23.345949,462,745
ZECUSDT,2026-05-22,R1,23086955.8571,24743848.4761,-1656892.619,-3.46407,130831,125598
ZECUSDT,2026-05-22,R2,23533137.7232,31046398.2157,-7513260.4925,-13.76571,10761,13544
ZECUSDT,2026-05-22,W,1166941.6372,2953546.9967,-1786605.3595,-43.359065,6,15
ZECUSDT,2026-05-23,M,16198864.0225,15524722.6017,674141.4208,2.125048,847,801
ZECUSDT,2026-05-23,R1,32395509.6703,32875916.7937,-480407.1234,-0.736014,180454,187525
ZECUSDT,2026-05-23,R2,37578067.7777,35621975.8579,1956091.9198,2.672255,15811,14913
ZECUSDT,2026-05-23,W,1610378.6318,1744264.936,-133886.3042,-3.991074,7,11
ZECUSDT,2026-05-24,M,18486728.0333,18005646.3666,481081.6667,1.318307,866,877
ZECUSDT,2026-05-24,R1,30454634.3616,29879421.8452,575212.5164,0.953379,168586,159727
ZECUSDT,2026-05-24,R2,33133026.5568,34213292.3638,-1080265.807,-1.604046,13918,14438
ZECUSDT,2026-05-24,W,4157346.3131,2419886.8125,1737459.5006,26.416268,24,14
ZECUSDT,2026-05-25,M,8347023.1857,9642742.6526,-1295719.4669,-7.202537,420,455
ZECUSDT,2026-05-25,R1,21270525.0587,19055022.1495,2215502.9092,5.494043,110427,100824
ZECUSDT,2026-05-25,R2,20893357.6982,19728943.3299,1164414.3683,2.866441,9536,8323
ZECUSDT,2026-05-25,W,1824644.7599,2460649.8752,-636005.1153,-14.841573,10,11
ZECUSDT,2026-05-26,M,14542574.762,22836912.5636,-8294337.8016,-22.189544,769,1180
ZECUSDT,2026-05-26,MW,1012733.19,0.0,1012733.19,100.0,1,0
ZECUSDT,2026-05-26,R1,43649454.415,50996424.7159,-7346970.3009,-7.762589,254812,232942
ZECUSDT,2026-05-26,R2,45192464.9876,51231593.5294,-6039128.5418,-6.263093,21748,22144
ZECUSDT,2026-05-26,W,2210102.5503,3198462.4138,-988359.8635,-18.273976,12,14
ZECUSDT,2026-05-27,M,9749780.057,15091839.5044,-5342059.4474,-21.504473,542,795
ZECUSDT,2026-05-27,R1,27780219.4301,28737498.7306,-957279.3005,-1.693768,187945,179193
ZECUSDT,2026-05-27,R2,24640223.9312,26240453.4946,-1600229.5634,-3.145063,10454,11003
ZECUSDT,2026-05-27,W,1654598.77,795360.0039,859238.7661,35.07156,9,6
ZECUSDT,2026-05-28,M,10029098.5921,10862797.7344,-833699.1423,-3.990538,588,623
ZECUSDT,2026-05-28,R1,29372577.4961,29196253.0635,176324.4326,0.301055,281197,286473
ZECUSDT,2026-05-28,R2,27641418.9623,28695564.9417,-1054145.9794,-1.871144,11358,12040
ZECUSDT,2026-05-28,W,737227.9532,488566.616,248661.3372,20.285727,5,4
ZECUSDT,2026-05-29,M,7777346.6296,8719736.3916,-942389.762,-5.712463,426,471
ZECUSDT,2026-05-29,R1,25413095.9013,26629583.4549,-1216487.5536,-2.337481,250993,258122
ZECUSDT,2026-05-29,R2,22711045.3173,24992252.4723,-2281207.155,-4.782074,9378,10570
ZECUSDT,2026-05-29,W,251350.232,1443936.3252,-1192586.0932,-70.347169,2,6
ZECUSDT,2026-05-30,M,4443637.708,4495202.3846,-51564.6766,-0.576861,256,246
ZECUSDT,2026-05-30,R1,17907467.8776,20724571.4586,-2817103.581,-7.292143,167728,188649
ZECUSDT,2026-05-30,R2,14167368.6626,15879168.8265,-1711800.1639,-5.697163,6131,6885
ZECUSDT,2026-05-30,W,245172.5287,444953.334,-199780.8053,-28.948459,2,3
ZECUSDT,2026-05-31,M,10792430.9761,9233533.033,1558897.9431,7.784384,575,479
ZECUSDT,2026-05-31,R1,25663113.52,27255996.1394,-1592882.6194,-3.010033,235376,277474
ZECUSDT,2026-05-31,R2,24661782.4325,22457823.1275,2203959.305,4.677372,10208,9236
ZECUSDT,2026-05-31,W,2548692.7692,2098407.4752,450285.294,9.689597,9,10
ZECUSDT,2026-06-01,M,10570239.333,10974463.4709,-404224.1379,-1.876211,635,644
ZECUSDT,2026-06-01,R1,30651070.7337,32536385.4001,-1885314.6664,-2.983685,315269,318674
ZECUSDT,2026-06-01,R2,28521968.2301,33164832.1624,-4642863.9323,-7.526511,11336,14803
ZECUSDT,2026-06-01,W,726495.932,877334.1977,-150838.2657,-9.404878,4,3
ZECUSDT,2026-06-02,M,22212890.5534,23031242.114,-818351.5606,-1.808746,1211,1294
ZECUSDT,2026-06-02,R1,67121675.4796,69805054.6396,-2683379.16,-1.959719,668853,649888
ZECUSDT,2026-06-02,R2,56650453.5161,52537575.9138,4112877.6023,3.766784,23279,22703
ZECUSDT,2026-06-02,W,7282835.1428,4254212.9125,3028622.2303,26.251275,32,17
ZECUSDT,2026-06-03,M,26766586.2136,26412680.1414,353906.0722,0.665496,1385,1373
ZECUSDT,2026-06-03,R1,62185204.7562,62991195.2875,-805990.5313,-0.643884,659078,608334
ZECUSDT,2026-06-03,R2,57859083.8192,49419765.9741,8439317.8451,7.866712,22825,20272
ZECUSDT,2026-06-03,W,6047061.7587,4248024.3732,1799037.3855,17.474719,29,23
ZECUSDT,2026-06-04,M,23644131.4855,30206569.7252,-6562438.2397,-12.186356,1324,1748
ZECUSDT,2026-06-04,R1,89607153.783,94537234.7275,-4930080.9445,-2.677291,873002,945927
ZECUSDT,2026-06-04,R2,60271892.4917,69517322.5885,-9245430.0968,-7.123419,25082,28559
ZECUSDT,2026-06-04,W,2838142.7578,4351205.2209,-1513062.4631,-21.045893,16,19
ZECUSDT,2026-06-05,M,72888757.1045,74213890.6098,-1325133.5053,-0.900822,3987,4119
ZECUSDT,2026-06-05,R1,205426085.613,213436181.6922,-8010096.0792,-1.912346,1955174,2060362
ZECUSDT,2026-06-05,R2,206223602.8961,203108483.4495,3115119.4466,0.761025,84102,84063
ZECUSDT,2026-06-05,W,5000925.4037,6499559.7464,-1498634.3427,-13.031053,33,33
ZECUSDT,2026-06-06,M,16484814.7624,18965870.5087,-2481055.7463,-6.998612,951,1125
ZECUSDT,2026-06-06,R1,74260813.0838,79556929.0091,-5296115.9253,-3.443111,484348,494159
ZECUSDT,2026-06-06,R2,51407846.7856,56971652.3445,-5563805.5589,-5.133633,20827,23637
ZECUSDT,2026-06-06,W,1036911.9224,969468.6789,67443.2435,3.361438,8,7
ZECUSDT,2026-06-07,M,22844378.5959,19653901.6256,3190476.9703,7.507308,1203,1063
ZECUSDT,2026-06-07,R1,85732818.5695,82031419.4099,3701399.1596,2.20631,506266,499596
ZECUSDT,2026-06-07,R2,71638441.7683,58580110.6224,13058331.1459,10.028011,28615,23459
ZECUSDT,2026-06-07,W,3825538.2175,867032.6775,2958505.54,63.046582,23,6
ZECUSDT,2026-06-08,M,16447028.7784,16031759.8873,415268.8911,1.278585,884,859
ZECUSDT,2026-06-08,MW,0.0,1114073.922,-1114073.922,-100.0,0,1
ZECUSDT,2026-06-08,R1,48206062.274,54785037.2193,-6578974.9453,-6.387906,267765,278270
ZECUSDT,2026-06-08,R2,35859417.8186,37723370.7487,-1863952.9301,-2.533137,14598,17142
ZECUSDT,2026-06-08,W,724045.0228,122592.912,601452.1108,71.040062,6,1
ZECUSDT,2026-06-09,M,22245584.3839,25874958.0417,-3629373.6578,-7.542254,1203,1403
ZECUSDT,2026-06-09,R1,50514135.5661,47631050.3958,2883085.1703,2.937572,277646,261765
ZECUSDT,2026-06-09,R2,43624922.127,42959232.5503,665689.5767,0.768835,17994,17064
ZECUSDT,2026-06-09,W,988805.7913,2093028.5671,-1104222.7758,-35.830049,7,11
ZECUSDT,2026-06-10,M,13005009.7162,14302881.717,-1297872.0008,-4.752736,675,799
ZECUSDT,2026-06-10,R1,38511810.3214,41672502.4788,-3160692.1574,-3.941784,242226,247739
ZECUSDT,2026-06-10,R2,33090340.8835,35037909.8789,-1947568.9954,-2.85868,13628,14572
ZECUSDT,2026-06-10,W,1304793.0323,922938.0225,381855.0098,17.140983,7,7
ZECUSDT,2026-06-11,M,8963173.9809,10425974.4311,-1462800.4502,-7.544429,447,543
ZECUSDT,2026-06-11,R1,28376949.025,28751626.1192,-374677.0942,-0.655849,165358,162883
ZECUSDT,2026-06-11,R2,23696193.8996,23967613.5378,-271419.6382,-0.569446,10436,9875
ZECUSDT,2026-06-11,W,1615483.2155,856180.0397,759303.1758,30.720333,11,7
ZECUSDT,2026-06-12,M,8547599.5088,12122194.4946,-3574594.9858,-17.29381,436,597
ZECUSDT,2026-06-12,R1,28426085.7022,26687461.9656,1738623.7366,3.154621,171123,149669
ZECUSDT,2026-06-12,R2,22404478.5352,26827108.7518,-4422630.2166,-8.983318,9885,11727
ZECUSDT,2026-06-12,W,1712138.0167,3923803.6218,-2211665.6051,-39.242167,12,18
ZECUSDT,2026-06-13,M,8430178.2457,9314511.8285,-884333.5828,-4.983652,406,489
ZECUSDT,2026-06-13,R1,19200352.8749,19625484.9648,-425132.0899,-1.094972,113397,104411
ZECUSDT,2026-06-13,R2,16516280.9551,18969506.0901,-2453225.135,-6.913261,6853,8579
ZECUSDT,2026-06-13,W,459593.3029,2778777.6293,-2319184.3264,-71.615771,3,12
ZECUSDT,2026-06-14,M,15548557.0606,9625647.9341,5922909.1265,23.527691,737,432
ZECUSDT,2026-06-14,R1,23510256.9513,21921089.225,1589167.7263,3.497954,142439,123392
ZECUSDT,2026-06-14,R2,21666600.5194,18000210.6949,3666389.8245,9.242966,8951,8246
ZECUSDT,2026-06-14,W,2636225.9306,1050036.0287,1586189.9019,43.029766,14,6
ZECUSDT,2026-06-15,M,18296927.3442,16506981.8694,1789945.4748,5.142944,919,836
ZECUSDT,2026-06-15,MW,1008368.535,0.0,1008368.535,100.0,1,0
ZECUSDT,2026-06-15,R1,55776138.8554,51975933.8931,3800204.9623,3.526805,309086,287848
ZECUSDT,2026-06-15,R2,52059959.1085,44476438.6045,7583520.504,7.855608,23680,19706
ZECUSDT,2026-06-15,W,5204591.6139,2688376.3638,2516215.2501,31.879203,26,16
ZECUSDT,2026-06-16,M,18000135.7116,12227665.1976,5772470.514,19.096561,940,629
ZECUSDT,2026-06-16,R1,46565304.1837,40500569.4878,6064734.6959,6.965685,239041,205909
ZECUSDT,2026-06-16,R2,43550092.954,34955018.6095,8595074.3445,10.948426,19401,16013
ZECUSDT,2026-06-16,W,4204608.8921,4848381.5542,-643772.6621,-7.11116,20,27
ZECUSDT,2026-06-17,M,11799048.3966,23055899.6195,-11256851.2229,-32.296279,608,1071
ZECUSDT,2026-06-17,MW,0.0,1331745.7512,-1331745.7512,-100.0,0,1
ZECUSDT,2026-06-17,R1,37552752.5795,38651490.4598,-1098737.8803,-1.441833,197767,210979
ZECUSDT,2026-06-17,R2,27215278.9217,30699658.3937,-3484379.472,-6.016374,11319,12374
ZECUSDT,2026-06-17,W,1668985.3498,5034276.2439,-3365290.8941,-50.203783,10,29
ZECUSDT,2026-06-18,M,8234609.4746,9435270.0279,-1200660.5533,-6.794956,463,522
ZECUSDT,2026-06-18,R1,26407144.9247,26733468.7376,-326323.8129,-0.614076,150833,140911
ZECUSDT,2026-06-18,R2,23065166.5778,24062081.9198,-996915.342,-2.115369,8977,9431
ZECUSDT,2026-06-18,W,1843593.1522,334657.3343,1508935.8179,69.272833,12,2
ZECUSDT,2026-06-19,M,5670712.6282,3932253.0154,1738459.6128,18.103362,269,203
ZECUSDT,2026-06-19,R1,20369864.7389,20479781.5614,-109916.8225,-0.269077,124151,123052
ZECUSDT,2026-06-19,R2,18848583.9894,18008804.2618,839779.7276,2.278457,7856,8276
ZECUSDT,2026-06-19,W,827362.3527,713783.0563,113579.2964,7.369798,5,5
ZECUSDT,2026-06-20,M,2373162.4199,2459620.6707,-86458.2508,-1.788995,133,137
ZECUSDT,2026-06-20,R1,16580034.26,16751859.6612,-171825.4012,-0.515498,88822,89635
ZECUSDT,2026-06-20,R2,12772550.5125,11198814.0729,1573736.4396,6.565068,5621,5162
ZECUSDT,2026-06-20,W,271484.2947,413758.3458,-142274.0511,-20.76258,1,3
ZECUSDT,2026-06-21,M,3196105.3019,5103028.4183,-1906923.1164,-22.977375,158,240
ZECUSDT,2026-06-21,R1,16081581.4452,16676117.1869,-594535.7417,-1.81495,76933,81090
ZECUSDT,2026-06-21,R2,13391933.0456,15589443.8649,-2197510.8193,-7.582493,5798,6637
ZECUSDT,2026-06-21,W,805619.7548,2310433.6014,-1504813.8466,-48.2923,5,9
ZECUSDT,2026-06-22,M,4703370.8529,4324241.1319,379129.721,4.199668,233,235
ZECUSDT,2026-06-22,R1,19235267.0364,18114689.4103,1120577.6261,3.000211,128908,87554
ZECUSDT,2026-06-22,R2,17962648.8534,16471348.2477,1491300.6057,4.330896,7918,7236
ZECUSDT,2026-06-22,W,1093788.9349,721952.8574,371836.0775,20.478467,5,5
ZECUSDT,2026-06-23,M,3957775.5253,5285550.0782,-1327774.5529,-14.364684,184,270
ZECUSDT,2026-06-23,R1,18664186.1243,18573986.6358,90199.4885,0.242223,116831,110769
ZECUSDT,2026-06-23,R2,13873246.5266,16230319.1874,-2357072.6608,-7.829879,5970,7073
ZECUSDT,2026-06-23,W,638143.2482,718423.801,-80280.5528,-5.91792,4,4
ZECUSDT,2026-06-24,M,5165181.6023,7524437.4483,-2359255.846,-18.592015,262,392
ZECUSDT,2026-06-24,R1,24571935.2993,23189419.3311,1382515.9682,2.894633,194437,140541
ZECUSDT,2026-06-24,R2,17635015.6091,18655101.4897,-1020085.8806,-2.810919,7231,7362
ZECUSDT,2026-06-24,W,512540.7629,446814.78,65725.9829,6.851056,3,3
ZECUSDT,2026-06-25,M,5297154.8167,6494106.3289,-1196951.5122,-10.151175,252,333
ZECUSDT,2026-06-25,R1,25095543.7838,26413137.1505,-1317593.3667,-2.558003,190953,138904
ZECUSDT,2026-06-25,R2,18328076.3763,21465349.1006,-3137272.7243,-7.883897,8031,10076
ZECUSDT,2026-06-25,W,2729764.2713,1493416.3637,1236347.9076,29.275279,13,9
ZECUSDT,2026-06-26,M,6145959.6714,8662380.9343,-2516421.2629,-16.99327,281,404
ZECUSDT,2026-06-26,R1,29361506.834,26353364.6863,3008142.1477,5.399173,205225,138043
ZECUSDT,2026-06-26,R2,24651724.4493,23827903.0029,823821.4464,1.699315,11241,10714
ZECUSDT,2026-06-26,W,4225249.5565,2178725.2607,2046524.2958,31.957095,22,12
ZECUSDT,2026-06-27,M,1573384.3979,3157935.9834,-1584551.5855,-33.490685,82,153
ZECUSDT,2026-06-27,R1,11781193.2035,12138165.74,-356972.5365,-1.4924,65783,63939
ZECUSDT,2026-06-27,R2,9388718.0779,9543304.6257,-154586.5478,-0.816535,4621,4533
ZECUSDT,2026-06-27,W,447507.8921,916938.112,-469430.2199,-34.404456,3,7
ZECUSDT,2026-06-28,M,1435173.0924,2327419.9001,-892246.8077,-23.713615,69,105
ZECUSDT,2026-06-28,R1,14955368.9743,15350487.6124,-395118.6381,-1.30377,82164,84018
ZECUSDT,2026-06-28,R2,10671642.9975,11094561.6065,-422918.609,-1.943006,5056,5360
ZECUSDT,2026-06-28,W,143668.332,509145.8781,-365477.5461,-55.984925,1,3
ZECUSDT,2026-06-29,M,3007582.5014,2168513.1239,839069.3775,16.210469,147,117
ZECUSDT,2026-06-29,R1,21934322.9175,19777099.546,2157223.3715,5.171781,121518,107152
ZECUSDT,2026-06-29,R2,16505398.6659,14560723.5355,1944675.1304,6.259794,7711,6947
ZECUSDT,2026-06-29,W,1029481.389,286497.482,742983.907,56.45865,5,2
ZECUSDT,2026-06-30,M,1995085.4144,2992232.4045,-997146.9901,-19.993652,96,163
ZECUSDT,2026-06-30,R1,14470349.5866,16366470.0944,-1896120.5078,-6.148885,80827,90925
ZECUSDT,2026-06-30,R2,11690005.6947,12898815.8139,-1208810.1192,-4.916096,5685,6239
ZECUSDT,2026-06-30,W,189233.4405,947232.178,-757998.7375,-66.697903,1,6
ZECUSDT,2026-07-01,M,2939097.0157,3041594.6231,-102497.6074,-1.713809,153,159
ZECUSDT,2026-07-01,R1,17878967.8386,17709849.1439,169118.6947,0.475202,98407,103991
ZECUSDT,2026-07-01,R2,15408501.0833,13957519.9907,1450981.0926,4.94102,6950,6563
ZECUSDT,2026-07-01,W,1311581.1651,712376.588,599204.5771,29.605587,8,4
ZECUSDT,2026-07-02,M,5939894.6576,6428864.7521,-488970.0945,-3.953267,308,319
ZECUSDT,2026-07-02,R1,23124059.6531,21564947.786,1559111.8671,3.488804,123191,125227
ZECUSDT,2026-07-02,R2,20956410.9528,18145718.3607,2810692.5921,7.188081,9533,8490
ZECUSDT,2026-07-02,W,3278907.3844,3429267.2011,-150359.8167,-2.241442,15,15
ZECUSDT,2026-07-03,M,6987559.1977,7064987.5372,-77428.3395,-0.550992,385,389
ZECUSDT,2026-07-03,MW,0.0,1111090.743,-1111090.743,-100.0,0,1
ZECUSDT,2026-07-03,R1,22220357.4972,22233905.416,-13547.9188,-0.030476,118824,113056
ZECUSDT,2026-07-03,R2,22106778.8005,20500170.7556,1606608.0449,3.770765,9776,9184
ZECUSDT,2026-07-03,W,3112871.8131,2738430.5193,374441.2938,6.399281,15,11
ZECUSDT,2026-07-04,M,2055781.642,2609467.5032,-553685.8612,-11.868302,116,135
ZECUSDT,2026-07-04,R1,10265243.8699,10947862.6539,-682618.784,-3.217911,54280,56671
ZECUSDT,2026-07-04,R2,9217568.7834,8757469.8627,460098.9207,2.559655,4364,4141
ZECUSDT,2026-07-04,W,622438.43,1258192.1705,-635753.7405,-33.805349,4,8
ZECUSDT,2026-07-05,M,2630705.4774,2566520.9045,64184.5729,1.234977,127,133
ZECUSDT,2026-07-05,R1,10389698.2293,11008935.3171,-619237.0878,-2.893816,54739,50127
ZECUSDT,2026-07-05,R2,8811294.0083,11563612.4774,-2752318.4691,-13.508374,4252,5579
ZECUSDT,2026-07-05,W,1732387.7056,1739381.4517,-6993.7461,-0.201446,7,7
ZECUSDT,2026-07-06,M,5152973.4597,4631233.8603,521739.5994,5.332467,244,228
ZECUSDT,2026-07-06,MW,1116137.208,0.0,1116137.208,100.0,1,0
ZECUSDT,2026-07-06,R1,19332803.1349,17012636.6136,2320166.5213,6.383652,92162,72838
ZECUSDT,2026-07-06,R2,20040880.0419,18911496.8593,1129383.1826,2.899395,9417,8717
ZECUSDT,2026-07-06,W,2242676.154,1970992.3124,271683.8416,6.44768,10,11
ZECUSDT,2026-07-07,M,8974484.886,9818840.531,-844355.645,-4.492849,474,489
ZECUSDT,2026-07-07,R1,29669224.5737,29926347.8626,-257123.2889,-0.431447,145950,140421
ZECUSDT,2026-07-07,R2,25108482.5706,23045180.256,2063302.3146,4.284829,11774,10395
ZECUSDT,2026-07-07,W,2835883.4239,2936947.4318,-101064.0079,-1.750684,11,12
ZECUSDT,2026-07-08,M,3240628.1656,3254988.581,-14360.4154,-0.221079,178,180
ZECUSDT,2026-07-08,R1,19250489.2177,17645261.557,1605227.6607,4.350711,92573,95894
ZECUSDT,2026-07-08,R2,16138082.7624,12220670.3991,3917412.3633,13.813768,7658,5514
ZECUSDT,2026-07-08,W,107832.635,687948.2576,-580115.6226,-72.898913,1,3
ZECUSDT,2026-07-09,M,4731852.3154,5328232.2645,-596379.9491,-5.92818,240,258
ZECUSDT,2026-07-09,R1,16322504.181,16603726.7813,-281222.6003,-0.854099,83119,97521
ZECUSDT,2026-07-09,R2,12672186.0846,13339885.932,-667699.8474,-2.566885,5810,6151
ZECUSDT,2026-07-09,W,969605.5683,1263962.2128,-294356.6445,-13.178765,5,5
ZECUSDT,2026-07-10,M,6015240.9713,4317516.2261,1697724.7452,16.43051,298,241
ZECUSDT,2026-07-10,MW,0.0,1093156.344,-1093156.344,-100.0,0,1
ZECUSDT,2026-07-10,R1,17219369.8658,18108587.1019,-889217.2361,-2.517036,88206,99699
ZECUSDT,2026-07-10,R2,16701935.5411,15766083.5733,935851.9678,2.882381,7744,7226
ZECUSDT,2026-07-10,W,1364732.271,1625178.087,-260445.816,-8.710824,7,6
ZECUSDT,2026-07-11,M,5703574.3537,4655829.7242,1047744.6295,10.113947,299,250
ZECUSDT,2026-07-11,R1,15307573.0136,13413276.973,1894296.0406,6.595543,76827,71387
ZECUSDT,2026-07-11,R2,17277879.8856,12528678.8172,4749201.0684,15.93341,8185,5989
ZECUSDT,2026-07-11,W,3390133.1213,1471422.581,1918710.5403,39.467007,14,7
ZECUSDT,2026-07-12,M,7138991.752,4499329.3754,2639662.3766,22.680783,362,223
ZECUSDT,2026-07-12,MW,0.0,1182298.64,-1182298.64,-100.0,0,1
ZECUSDT,2026-07-12,R1,19552729.2341,18607918.4857,944810.7484,2.475877,96395,126173
ZECUSDT,2026-07-12,R2,20080500.7043,15424063.156,4656437.5483,13.115039,9575,7484
ZECUSDT,2026-07-12,W,989483.0037,1711743.0344,-722260.0307,-26.73823,7,10
ZECUSDT,2026-07-13,M,5533341.7265,6273576.8603,-740235.1338,-6.269503,272,332
ZECUSDT,2026-07-13,R1,18113068.1784,20375958.6316,-2262890.4532,-5.879313,93643,186905
ZECUSDT,2026-07-13,R2,17806506.1252,20524542.6749,-2718036.5497,-7.090953,8555,9610
ZECUSDT,2026-07-13,W,384127.0729,1089036.2484,-704909.1755,-47.850036,2,7
ZECUSDT,2026-07-14,M,8175026.0854,8473774.8296,-298748.7442,-1.794416,439,431
ZECUSDT,2026-07-14,R1,22623723.9689,24266400.192,-1642676.2231,-3.503246,117702,167287
ZECUSDT,2026-07-14,R2,24945649.7967,23947836.554,997813.2427,2.04079,12055,11709
ZECUSDT,2026-07-14,W,2402570.2956,1616034.1002,786536.1954,19.572372,10,7
ZECUSDT,2026-07-15,M,6614638.1979,6554832.7096,59805.4883,0.454122,386,310
ZECUSDT,2026-07-15,R1,21514943.8365,22880311.0452,-1365367.2087,-3.07548,98114,137745
ZECUSDT,2026-07-15,R2,24860190.8755,26047113.9152,-1186923.0397,-2.331538,12101,12726
ZECUSDT,2026-07-15,W,2848426.2523,3453415.2747,-604989.0224,-9.600194,16,11
ZECUSDT,2026-07-16,M,10703945.7593,13614297.6365,-2910351.8772,-11.967772,531,642
ZECUSDT,2026-07-16,MW,0.0,1024457.295,-1024457.295,-100.0,0,1
ZECUSDT,2026-07-16,R1,21001760.3827,22479900.071,-1478139.6883,-3.399455,119263,106672
ZECUSDT,2026-07-16,R2,21105033.8143,25213267.8764,-4108234.0621,-8.86957,9946,11637
ZECUSDT,2026-07-16,W,2067689.5989,1408696.093,658993.5059,18.956283,9,8
ZECUSDT,2026-07-17,M,5931440.8842,5491754.5096,439686.3746,3.849066,325,277
ZECUSDT,2026-07-17,R1,20242543.016,19984528.5498,258014.4662,0.641395,118726,104818
ZECUSDT,2026-07-17,R2,18493867.2026,16343928.2521,2149938.9505,6.171283,9042,8271
ZECUSDT,2026-07-17,W,1443571.5149,1675543.3435,-231971.8286,-7.437104,6,10
ZECUSDT,2026-07-18,M,4168572.6815,2226850.7012,1941721.9803,30.361117,184,111
ZECUSDT,2026-07-18,R1,11142810.809,10632697.7683,510113.0407,2.3426,63919,65997
ZECUSDT,2026-07-18,R2,10572357.5274,7418977.425,3153380.1024,17.527216,4926,3742
ZECUSDT,2026-07-18,W,1817311.5016,526189.95,1291121.5516,55.093695,9,4
ZECUSDT,2026-07-19,M,3054287.3018,2730745.0509,323542.2509,5.592747,159,122
ZECUSDT,2026-07-19,R1,9660875.4786,9451327.0116,209548.467,1.096412,51976,71395
ZECUSDT,2026-07-19,R2,7751105.5634,6957095.9658,794009.5976,5.398414,3657,3300
ZECUSDT,2026-07-19,W,1126007.5208,1481708.5244,-355701.0036,-13.640327,3,4
ZECUSDT,2026-07-20,M,7916423.2438,7739534.0385,176889.2053,1.129852,329,363
ZECUSDT,2026-07-20,R1,15622292.2599,16394579.1591,-772286.8992,-2.412125,88462,112217
ZECUSDT,2026-07-20,R2,11509822.4142,12454274.6642,-944452.25,-3.941113,5416,5912
ZECUSDT,2026-07-20,W,1604478.9544,1755073.8737,-150594.9193,-4.482588,11,11
ZECUSDT,2026-07-21,M,8280012.3029,9836861.1337,-1556848.8308,-8.593364,335,423
ZECUSDT,2026-07-21,R1,14900258.6657,16747113.3405,-1846854.6748,-5.835728,76196,106222
ZECUSDT,2026-07-21,R2,12919464.2171,14276724.856,-1357260.6389,-4.990628,6614,6705
ZECUSDT,2026-07-21,W,153845.3757,1498106.1392,-1344260.7635,-81.374105,1,5
ZECUSDT,2026-07-22,M,7426729.9531,5553724.9397,1873005.0134,14.429425,367,277
ZECUSDT,2026-07-22,R1,14170788.2179,13428272.2541,742515.9638,2.690367,81437,73509
ZECUSDT,2026-07-22,R2,12974615.4879,13800028.2394,-825412.7515,-3.082815,6409,6344
ZECUSDT,2026-07-22,W,561622.2799,928241.9086,-366619.6287,-24.607587,4,5
ZECUSDT,2026-07-23,M,2050692.3852,2835302.1959,-784609.8107,-16.058344,115,144
ZECUSDT,2026-07-23,R1,12089805.2798,12143152.6955,-53347.4157,-0.220144,65047,60645
ZECUSDT,2026-07-23,R2,9854982.1415,10573020.0831,-718037.9416,-3.514969,5173,5401
ZECUSDT,2026-07-23,W,287563.6764,0.0,287563.6764,100.0,1,0
ZECUSDT,2026-07-24,M,3933073.5913,3413951.1619,519122.4294,7.06575,193,185
ZECUSDT,2026-07-24,R1,12308617.6555,12717001.8688,-408384.2133,-1.631865,77772,55149
ZECUSDT,2026-07-24,R2,10933071.8422,11659055.431,-725983.5888,-3.213436,5177,5980
ZECUSDT,2026-07-24,W,244543.8492,349762.1728,-105218.3236,-17.704401,2,2
ZECUSDT,2026-07-25,M,1055738.2898,1014590.5881,41147.7017,1.987496,58,54
ZECUSDT,2026-07-25,R1,7577466.744,7494423.9959,83042.7481,0.550978,36262,38833
ZECUSDT,2026-07-25,R2,5969740.9821,4960239.862,1009501.1201,9.236074,2854,2544
ZECUSDT,2026-07-25,W,0.0,178116.0,-178116.0,-100.0,0,1
ZECUSDT,2026-07-26,M,2544374.0848,2312033.2299,232340.8549,4.784213,129,115
ZECUSDT,2026-07-26,R1,7282603.2898,7785574.2097,-502970.9199,-3.337968,35236,49722
ZECUSDT,2026-07-26,R2,6387029.5957,5273655.0954,1113374.5003,9.548106,2913,2619
ZECUSDT,2026-07-26,W,0.0,759157.59,-759157.59,-100.0,0,2
ZECUSDT,2026-07-27,M,3208083.0084,3839670.082,-631587.0736,-8.961538,200,192
ZECUSDT,2026-07-27,R1,12263243.029,11615298.4245,647944.6045,2.713502,69302,59554
ZECUSDT,2026-07-27,R2,11967309.6746,10656864.5502,1310445.1244,5.792234,5447,5109
ZECUSDT,2026-07-27,W,281027.718,129988.32,151039.398,36.747811,2,1
ZECUSDT,2026-07-28,M,4297555.2366,3800580.1214,496975.1152,6.136908,205,196
ZECUSDT,2026-07-28,R1,11168114.1726,10746464.6232,421649.5494,1.92406,71776,56237
ZECUSDT,2026-07-28,R2,8415724.3489,9985372.6086,-1569648.2597,-8.530189,3669,4672
ZECUSDT,2026-07-28,W,554332.627,687222.2658,-132889.6388,-10.703485,3,4
ZECUSDT,2026-07-29,M,1198621.286,2868594.1198,-1669972.8338,-41.059365,75,163
ZECUSDT,2026-07-29,R1,9640533.4959,10367548.442,-727014.9461,-3.633606,61755,56023
ZECUSDT,2026-07-29,R2,6662750.4614,10454633.3051,-3791882.8437,-22.152234,3107,4996
ZECUSDT,2026-07-29,W,590647.8688,454150.471,136497.3978,13.064473,4,3
ZECUSDT,2026-07-30,M,2942616.3516,2460564.98,482051.3716,8.921621,137,107
ZECUSDT,2026-07-30,R1,8638428.0984,7918928.1942,719499.9042,4.3455,51322,47105
ZECUSDT,2026-07-30,R2,6846279.2759,4766370.2963,2079908.9796,17.910719,3263,2193
ZECUSDT,2026-07-30,W,0.0,247122.9319,-247122.9319,-100.0,0,1
ZECUSDT,2026-07-31,M,1761759.9848,1963754.8004,-201994.8156,-5.42193,89,106
ZECUSDT,2026-07-31,R1,8360697.4396,7789471.9809,571225.4587,3.536963,70531,44481
ZECUSDT,2026-07-31,R2,5447432.985,7025771.5863,-1578338.6013,-12.653834,2773,3232
ZECUSDT,2026-08-01,M,1602371.9437,1561982.1327,40389.811,1.2764,90,106
ZECUSDT,2026-08-01,R1,6980912.7849,6359314.2872,621598.4977,4.65958,95728,36966
ZECUSDT,2026-08-01,R2,4332860.335,3915347.0908,417513.2442,5.061866,2011,1710
ZECUSDT,2026-08-01,W,286359.1673,148729.1811,137629.9862,31.632653,2,1
ZECUSDT,2026-08-02,M,2868904.905,1970787.6994,898117.2056,18.557319,148,122
ZECUSDT,2026-08-02,R1,8658044.8701,7956015.8417,702029.0284,4.225511,86637,46846
ZECUSDT,2026-08-02,R2,7284931.1633,5717772.9862,1567158.1771,12.052556,3082,2497
ZECUSDT,2026-08-02,W,1014906.6984,0.0,1014906.6984,100.0,6,0
ZECUSDT,2026-08-03,M,2757799.9653,3807615.614,-1049815.6487,-15.990087,157,186
ZECUSDT,2026-08-03,R1,7686044.3669,8836936.2286,-1150891.8617,-6.965401,50489,51362
ZECUSDT,2026-08-03,R2,5934669.7196,6216769.9072,-282100.1876,-2.321537,2432,2636
ZECUSDT,2026-08-03,W,729293.7167,2094436.5445,-1365142.8278,-48.345369,3,7
ZECUSDT,2026-08-04,M,3255155.926,2064826.8611,1190329.0649,22.374679,181,117
ZECUSDT,2026-08-04,R1,8903716.1928,9226655.5831,-322939.3903,-1.781207,53625,54614
ZECUSDT,2026-08-04,R2,7340417.7858,5854883.2861,1485534.4997,11.258057,3083,2526
ZECUSDT,2026-08-04,W,1428738.9702,343000.863,1085738.1072,61.2809,4,2
ZECUSDT,2026-08-05,M,2670066.119,2765263.0847,-95196.9657,-1.751448,144,171
ZECUSDT,2026-08-05,R1,11369361.5773,12155835.9051,-786474.3278,-3.343115,65049,74933
ZECUSDT,2026-08-05,R2,10119730.6268,7479249.5989,2640481.0279,15.003602,4513,3463
ZECUSDT,2026-08-05,W,1189639.2436,2382760.8489,-1193121.6053,-33.39832,5,10
ZECUSDT,2026-08-06,M,1158285.002,1741528.3612,-583243.3592,-20.113134,63,99
ZECUSDT,2026-08-06,R1,10756886.8063,9862815.1115,894071.6948,4.336007,55824,50108
ZECUSDT,2026-08-06,R2,6836840.1127,7722221.78,-885381.6673,-6.08131,3409,3794
ZECUSDT,2026-08-06,W,527962.8665,155106.385,372856.4815,54.585458,3,1
ZECUSDT,2026-08-07,M,2869810.0166,1984897.6317,884912.3849,18.227923,179,114
ZECUSDT,2026-08-07,MW,1132533.0499,0.0,1132533.0499,100.0,1,0
ZECUSDT,2026-08-07,R1,10153977.8564,9969557.8823,184419.9741,0.916439,52531,52546
ZECUSDT,2026-08-07,R2,8448145.7243,7885494.0323,562651.692,3.444742,3770,3747
ZECUSDT,2026-08-07,W,891932.2488,306160.3189,585771.9299,48.892043,4,2
ZECUSDT,2026-08-08,M,1296401.8795,2330494.382,-1034092.5025,-28.511775,65,115
ZECUSDT,2026-08-08,R1,5275102.8837,5936868.1638,-661765.2801,-5.90231,27568,29509
ZECUSDT,2026-08-08,R2,3455918.7856,4062934.9519,-607016.1663,-8.073254,1746,2008
ZECUSDT,2026-08-08,W,0.0,117022.752,-117022.752,-100.0,0,1
ZECUSDT,2026-08-09,M,1327702.8036,758883.1122,568819.6914,27.260785,74,47
ZECUSDT,2026-08-09,R1,9358820.5351,8918966.7084,439853.8267,2.406494,56496,45223
ZECUSDT,2026-08-09,R2,5944926.7628,5761649.4084,183277.3544,1.565593,2751,2898
ZECUSDT,2026-08-09,W,105339.962,0.0,105339.962,100.0,1,0
ZECUSDT,2026-08-10,M,1418614.5085,2049482.4917,-630867.9832,-18.19061,76,115
ZECUSDT,2026-08-10,R1,9359978.4094,9864078.9166,-504100.5072,-2.622238,46669,50161
ZECUSDT,2026-08-10,R2,7966872.1773,8903060.6099,-936188.4326,-5.54945,3606,4340
ZECUSDT,2026-08-10,W,1231031.7532,809492.968,421538.7852,20.658352,5,2
ZECUSDT,2026-08-11,M,1558528.0917,2613779.9091,-1055251.8174,-25.291801,79,148
ZECUSDT,2026-08-11,R1,12668827.8759,12275406.0514,393421.8245,1.577205,69830,57576
ZECUSDT,2026-08-11,R2,8887047.5202,14721545.3233,-5834497.8031,-24.71345,4264,6758
ZECUSDT,2026-08-11,W,467432.8165,1084905.821,-617473.0045,-39.776953,2,5
ZECUSDT,2026-08-12,M,1634470.8371,1794376.5558,-159905.7187,-4.663541,87,94
ZECUSDT,2026-08-12,R1,11103835.0135,11756122.1951,-652287.1816,-2.853405,57722,84260
ZECUSDT,2026-08-12,R2,10239824.8704,8908873.8485,1330951.0219,6.950608,4814,4283
ZECUSDT,2026-08-12,W,886486.999,235253.4318,651233.5672,58.055638,3,1
ZECUSDT,2026-08-13,M,1331185.7839,1594302.5787,-263116.7948,-8.993944,66,85
ZECUSDT,2026-08-13,R1,9122910.6593,7815746.6236,1307164.0357,7.717046,44688,48584
ZECUSDT,2026-08-13,R2,5517955.3969,6150625.797,-632670.4001,-5.421999,2655,2714
ZECUSDT,2026-08-13,W,1071104.7135,775834.325,295270.3885,15.987013,5,5
ZECUSDT,2026-08-14,M,1542692.4541,1375604.8851,167087.569,5.725516,83,75
ZECUSDT,2026-08-14,R1,6972912.418,6604677.1975,368235.2205,2.712081,39210,37378
ZECUSDT,2026-08-14,R2,4058938.8111,4798450.0543,-739511.2432,-8.349089,1923,2172
ZECUSDT,2026-08-14,W,760589.2975,142663.72,617925.5775,68.411128,4,1
ZECUSDT,2026-08-15,M,550551.991,600918.8168,-50366.8258,-4.37413,35,39
ZECUSDT,2026-08-15,R1,4452078.7107,3693401.9245,758676.7862,9.314082,23012,19423
ZECUSDT,2026-08-15,R2,2079096.9806,1968945.0447,110151.9359,2.721116,1080,973
ZECUSDT,2026-08-15,W,0.0,125294.976,-125294.976,-100.0,0,1
ZECUSDT,2026-08-16,M,1257251.2574,827612.2742,429638.9832,20.607535,81,48
ZECUSDT,2026-08-16,R1,4761672.2338,3950795.0745,810877.1593,9.30709,26753,29915
ZECUSDT,2026-08-16,R2,2634032.9001,2659208.8722,-25175.9721,-0.475625,1224,1190
ZECUSDT,2026-08-16,W,351463.4632,0.0,351463.4632,100.0,1,0
ZECUSDT,2026-08-17,M,4513992.9371,4939514.0631,-425521.126,-4.501199,251,222
ZECUSDT,2026-08-17,R1,14857852.2878,14403759.8317,454092.4561,1.551837,94816,71040
ZECUSDT,2026-08-17,R2,9824207.1661,11111320.8866,-1287113.7205,-6.147988,4567,5003
ZECUSDT,2026-08-17,W,2188980.7771,2606354.4832,-417373.7061,-8.703744,13,9
ZECUSDT,2026-08-18,M,1417921.2298,2025287.7152,-607366.4854,-17.639548,80,100
ZECUSDT,2026-08-18,R1,11183479.0726,10613016.1633,570462.9093,2.617223,59642,51165
ZECUSDT,2026-08-18,R2,5446927.6235,6568084.1414,-1121156.5179,-9.331298,2707,3152
ZECUSDT,2026-08-18,W,0.0,105620.045,-105620.045,-100.0,0,1
ZECUSDT,2026-08-19,M,20753753.1899,9749092.1692,11004661.0207,36.07749,954,515
ZECUSDT,2026-08-19,R1,38023648.5585,29987016.3142,8036632.2443,11.816724,225750,168059
ZECUSDT,2026-08-19,R2,26151126.7456,16364887.8393,9786238.9063,23.017771,11358,7158
ZECUSDT,2026-08-19,W,9378880.16,3901277.6979,5477602.4621,41.246516,39,16
ZECUSDT,2026-08-20,M,11797045.5299,11931069.2302,-134023.7003,-0.564831,557,548
ZECUSDT,2026-08-20,R1,33412541.9412,28700183.8786,4712358.0626,7.586784,179939,144491
ZECUSDT,2026-08-20,R2,14347622.6592,13467975.165,879647.4942,3.162425,6111,5672
ZECUSDT,2026-08-20,W,3897172.3017,2698323.4775,1198848.8242,18.176781,17,13
ZECUSDT,2026-08-21,M,32778894.3124,29382555.5545,3396338.7579,5.463738,1725,1597
ZECUSDT,2026-08-21,R1,96725445.0657,81798002.4744,14927442.5913,8.361615,483350,450796
ZECUSDT,2026-08-21,R2,61986715.1549,48480516.9986,13506198.1563,12.226429,25574,20786
ZECUSDT,2026-08-21,W,7514651.0543,8914775.1279,-1400124.0736,-8.522051,31,37
ZECUSDT,2026-08-22,M,46676546.8207,41174224.5857,5502322.235,6.26326,2619,2330
ZECUSDT,2026-08-22,R1,114282048.3903,105288749.4584,8993298.9319,4.095854,625537,598287
ZECUSDT,2026-08-22,R2,79035700.9077,73717981.0108,5317719.8969,3.481238,30503,28773
ZECUSDT,2026-08-22,W,7603101.657,9815451.2701,-2212349.6131,-12.70111,40,40
ZECUSDT,2026-08-23,M,20231892.6605,23376443.3056,-3144550.6451,-7.210893,1111,1194
ZECUSDT,2026-08-23,R1,62618077.557,57226017.6418,5392059.9152,4.499229,377678,331995
ZECUSDT,2026-08-23,R2,39589290.9842,41749868.2323,-2160577.2481,-2.656257,14662,15931
ZECUSDT,2026-08-23,W,6348129.574,6134859.7455,213269.8285,1.708484,22,30
ZECUSDT,2026-08-24,M,18290222.0088,22438127.0995,-4147905.0907,-10.184319,1017,1217
ZECUSDT,2026-08-24,R1,50570095.4068,48118887.3278,2451208.079,2.483771,254938,244079
ZECUSDT,2026-08-24,R2,41850284.5408,36687822.2721,5162462.2687,6.573194,17010,13482
ZECUSDT,2026-08-24,W,2400516.3447,1779598.329,620918.0157,14.85409,15,11
ZECUSDT,2026-08-25,M,18254620.2744,17940184.2041,314436.0703,0.868733,984,991
ZECUSDT,2026-08-25,R1,44326225.4965,58399782.4438,-14073556.9473,-13.700091,221771,248785
ZECUSDT,2026-08-25,R2,35850162.4517,50666538.4042,-14816375.9525,-17.125452,15793,23307
ZECUSDT,2026-08-25,W,2259994.8354,2757628.341,-497633.5056,-9.917714,13,11
ZECUSDT,2026-08-26,M,11576735.2263,8406672.6388,3170062.5875,15.863473,619,466
ZECUSDT,2026-08-26,R1,34312074.2445,40918778.6551,-6606704.4106,-8.781908,156013,210809
ZECUSDT,2026-08-26,R2,28395284.1031,30478083.7528,-2082799.6497,-3.537762,12199,13826
ZECUSDT,2026-08-26,W,859748.9037,676390.774,183358.1297,11.936293,4,4
ZECUSDT,2026-08-27,M,15758833.4635,11095778.5088,4663054.9547,17.364075,794,542
ZECUSDT,2026-08-27,R1,36830144.4203,37859475.1988,-1029330.7785,-1.378144,170416,195785
ZECUSDT,2026-08-27,R2,32099178.7322,28539529.7845,3559648.9477,5.870259,13391,13344
ZECUSDT,2026-08-27,W,1542232.6974,1758969.5999,-216736.9025,-6.565393,7,9
ZECUSDT,2026-08-28,M,11748910.9971,10833101.6896,915809.3075,4.055481,606,581
ZECUSDT,2026-08-28,R1,32267031.6585,33595278.6845,-1328247.026,-2.016703,155432,187995
ZECUSDT,2026-08-28,R2,29598353.4434,29194388.9599,403964.4835,0.687099,12815,13026
ZECUSDT,2026-08-28,W,2621752.3061,1913658.8265,708093.4796,15.612553,14,10
ZECUSDT,2026-08-29,M,15470643.0515,7890343.006,7580300.0455,32.448545,725,381
ZECUSDT,2026-08-29,R1,24037084.4887,22202852.1064,1834232.3823,3.966771,107314,106131
ZECUSDT,2026-08-29,R2,24865667.6371,19857639.7475,5008027.8896,11.197803,10415,8231
ZECUSDT,2026-08-29,W,2250473.8478,1888264.6913,362209.1565,8.75168,13,10
ZECUSDT,2026-08-30,M,11056778.5306,10723861.2812,332917.2494,1.528501,600,531
ZECUSDT,2026-08-30,R1,31387522.5528,29389183.765,1998338.7878,3.288001,152375,202277
ZECUSDT,2026-08-30,R2,31023526.8911,26228313.8133,4795213.0778,8.375649,12527,10421
ZECUSDT,2026-08-30,W,905554.0226,1937080.3321,-1031526.3095,-36.287689,7,10
ZECUSDT,2026-08-31,M,13409370.673,12371898.3324,1037472.3406,4.024132,762,664
ZECUSDT,2026-08-31,R1,36313884.9968,42800079.876,-6486194.8792,-8.198546,163211,232038
ZECUSDT,2026-08-31,R2,33119306.7462,33516690.4136,-397383.6674,-0.59635,13992,15415
ZECUSDT,2026-08-31,W,1187993.9936,968125.8229,219868.1707,10.1974,8,3
ZECUSDT,2026-09-01,M,9009878.6397,9734363.795,-724485.1553,-3.865108,459,486
ZECUSDT,2026-09-01,R1,28413027.7201,29295130.2282,-882102.5081,-1.528558,133540,156035
ZECUSDT,2026-09-01,R2,28862759.8335,29720821.8022,-858061.9687,-1.46468,12803,13678
ZECUSDT,2026-09-01,W,1326521.1794,1631803.6262,-305282.4468,-10.319436,7,9
