time_utc,venue,symbol,mark_price,open_interest_contracts,open_interest_usdt,last_funding_rate,next_funding_time_utc,status,error
2026-09-02T07:00:00Z,Bitget USDT Futures,AAVEUSDT,131.94,205916.19999999998,27168583.427999996,0.0001,,OK,
2026-09-02T07:00:00Z,Bitget USDT Futures,AVAXUSDT,7.213,2920532.3000000003,21065799.479900002,0.0001,,OK,
2026-09-02T07:00:00Z,Bitget USDT Futures,BTCUSDT,77540.5,34762.03689999989,2695465722.2444415,7.2e-05,,OK,
2026-09-02T07:00:00Z,Bitget USDT Futures,CAKEUSDT,1.8328,773779.7999999997,1418183.6174399995,5e-05,,OK,
2026-09-02T07:00:00Z,Bitget USDT Futures,CCUSDT,0.11332,7158460.0,811196.6872,5e-05,,OK,
2026-09-02T07:00:00Z,Bitget USDT Futures,ENAUSDT,0.15736,224221589.0,35283509.24504,5e-05,,OK,
2026-09-02T07:00:00Z,Bitget USDT Futures,ETHUSDT,2420.97,804207.2100000003,1946961529.1937006,0.0001,,OK,
2026-09-02T07:00:00Z,Bitget USDT Futures,HBARUSDT,0.07407,158849079.0,11765951.28153,0.0001,,OK,
2026-09-02T07:00:00Z,Bitget USDT Futures,HYPEUSDT,82.654,2336588.3400000003,193128372.65436003,2.1e-05,,OK,
2026-09-02T07:00:00Z,Bitget USDT Futures,LINKUSDT,11.23,3847764.0,43210389.72,0.0001,,OK,
2026-09-02T07:00:00Z,Bitget USDT Futures,MORPHOUSDT,2.5868,1013221.0,2621000.0828000004,4.3e-05,,OK,
2026-09-02T07:00:00Z,Bitget USDT Futures,NEARUSDT,1.8623,16692719.0,31086850.593700003,0.0001,,OK,
2026-09-02T07:00:00Z,Bitget USDT Futures,ONDOUSDT,0.3434,52181863.7,17919251.99458,5e-05,,OK,
2026-09-02T07:00:00Z,Bitget USDT Futures,SEIUSDT,0.04707,131031982.0,6167675.39274,0.0001,,OK,
2026-09-02T07:00:00Z,Bitget USDT Futures,SOLUSDT,99.979,4438822.899999961,443789074.7190961,4.8e-05,,OK,
2026-09-02T07:00:00Z,Bitget USDT Futures,SUIUSDT,0.7255,63641051.900000006,46171583.153450005,0.0001,,OK,
2026-09-02T07:00:00Z,Bitget USDT Futures,TAOUSDT,219.48,100198.19800000002,21991500.497040004,5e-05,,OK,
2026-09-02T07:00:00Z,Bitget USDT Futures,UNIUSDT,6.318,3831961.0,24210329.597999997,0.0001,,OK,
2026-09-02T07:00:00Z,Bitget USDT Futures,XLMUSDT,0.17493,119466040.0,20898194.3772,0.0001,,OK,
2026-09-02T07:00:00Z,Bitget USDT Futures,XRPUSDT,1.3475,174275784.0,234836618.94,0.0001,,OK,
2026-09-02T07:00:00Z,Bitget USDT Futures,ZECUSDT,834.85,101040.81199999919,84353921.89819932,0.0001,,OK,
2026-09-02T08:00:00Z,Bitget USDT Futures,AAVEUSDT,130.89,205579.09999999998,26908248.398999993,0.0001,,OK,
2026-09-02T08:00:00Z,Bitget USDT Futures,AVAXUSDT,7.21,2917044.7,21031892.287,0.0001,,OK,
2026-09-02T08:00:00Z,Bitget USDT Futures,BTCUSDT,77359.9,34665.14919999989,2681692475.597071,6.6e-05,,OK,
2026-09-02T08:00:00Z,Bitget USDT Futures,CAKEUSDT,1.8257,767701.7999999997,1401593.1762599996,5e-05,,OK,
2026-09-02T08:00:00Z,Bitget USDT Futures,CCUSDT,0.11241,7288963.0,819352.33083,5e-05,,OK,
2026-09-02T08:00:00Z,Bitget USDT Futures,ENAUSDT,0.1598,223844762.0,35770392.9676,5e-05,,OK,
2026-09-02T08:00:00Z,Bitget USDT Futures,ETHUSDT,2415.37,802913.0500000004,1939332093.578501,0.0001,,OK,
2026-09-02T08:00:00Z,Bitget USDT Futures,HBARUSDT,0.07396,158775227.0,11743015.78892,0.0001,,OK,
2026-09-02T08:00:00Z,Bitget USDT Futures,HYPEUSDT,82.343,2339027.35,192602529.08105,9e-06,,OK,
2026-09-02T08:00:00Z,Bitget USDT Futures,LINKUSDT,11.212,3863244.0,43314691.728,0.0001,,OK,
2026-09-02T08:00:00Z,Bitget USDT Futures,MORPHOUSDT,2.6132,1013643.0,2648851.8876,5e-05,,OK,
2026-09-02T08:00:00Z,Bitget USDT Futures,NEARUSDT,1.8609,16831946.0,31322568.3114,0.0001,,OK,
2026-09-02T08:00:00Z,Bitget USDT Futures,ONDOUSDT,0.3439,52560911.1,18075697.32729,5e-05,,OK,
2026-09-02T08:00:00Z,Bitget USDT Futures,SEIUSDT,0.04672,132924985.0,6210255.299199999,0.0001,,OK,
2026-09-02T08:00:00Z,Bitget USDT Futures,SOLUSDT,99.878,4431362.899999961,442595663.7261961,4.4e-05,,OK,
2026-09-02T08:00:00Z,Bitget USDT Futures,SUIUSDT,0.726,63525427.1,46119460.074599996,0.0001,,OK,
2026-09-02T08:00:00Z,Bitget USDT Futures,TAOUSDT,219.09,100227.98400000001,21958949.014560003,5e-05,,OK,
2026-09-02T08:00:00Z,Bitget USDT Futures,UNIUSDT,6.281,3840935.0,24124912.735,0.0001,,OK,
2026-09-02T08:00:00Z,Bitget USDT Futures,XLMUSDT,0.17453,119446048.0,20846918.757439997,0.0001,,OK,
2026-09-02T08:00:00Z,Bitget USDT Futures,XRPUSDT,1.3443,174288827.0,234296470.1361,0.0001,,OK,
2026-09-02T08:00:00Z,Bitget USDT Futures,ZECUSDT,832.53,100875.9879999992,83982286.28963932,0.0001,,OK,
2026-09-02T09:00:00Z,Bitget USDT Futures,AAVEUSDT,127.86,206408.4,26391378.024,9.3e-05,,OK,
2026-09-02T09:00:00Z,Bitget USDT Futures,AVAXUSDT,7.147,2931947.7,20954630.211900003,0.0001,,OK,
2026-09-02T09:00:00Z,Bitget USDT Futures,BTCUSDT,76892.3,35166.660999999884,2704045447.610291,7.4e-05,,OK,
2026-09-02T09:00:00Z,Bitget USDT Futures,CAKEUSDT,1.8139,771976.1999999997,1400287.6291799995,5e-05,,OK,
2026-09-02T09:00:00Z,Bitget USDT Futures,CCUSDT,0.11247,7065764.0,794686.47708,5e-05,,OK,
2026-09-02T09:00:00Z,Bitget USDT Futures,ENAUSDT,0.15714,221983976.0,34882561.98864,5e-05,,OK,
2026-09-02T09:00:00Z,Bitget USDT Futures,ETHUSDT,2392.86,806824.1000000003,1930617115.9260008,0.0001,,OK,
2026-09-02T09:00:00Z,Bitget USDT Futures,HBARUSDT,0.07349,157206601.0,11553113.10749,0.0001,,OK,
2026-09-02T09:00:00Z,Bitget USDT Futures,HYPEUSDT,81.487,2340872.39,190750668.44393,1.3e-05,,OK,
2026-09-02T09:00:00Z,Bitget USDT Futures,LINKUSDT,11.121,3868388.0,43020342.948,0.0001,,OK,
2026-09-02T09:00:00Z,Bitget USDT Futures,MORPHOUSDT,2.5687,1007429.0,2587782.8723000004,5e-05,,OK,
2026-09-02T09:00:00Z,Bitget USDT Futures,NEARUSDT,1.8477,16779490.0,31003463.672999997,0.0001,,OK,
2026-09-02T09:00:00Z,Bitget USDT Futures,ONDOUSDT,0.3414,53173777.3,18153527.570219997,5e-05,,OK,
2026-09-02T09:00:00Z,Bitget USDT Futures,SEIUSDT,0.04717,131265524.0,6191794.76708,0.0001,,OK,
2026-09-02T09:00:00Z,Bitget USDT Futures,SOLUSDT,99.06,4409057.499999962,436761235.94999623,4.3e-05,,OK,
2026-09-02T09:00:00Z,Bitget USDT Futures,SUIUSDT,0.7191,63314692.1,45529595.08911,0.0001,,OK,
2026-09-02T09:00:00Z,Bitget USDT Futures,TAOUSDT,217.56,100783.32700000002,21926420.622120004,5e-05,,OK,
2026-09-02T09:00:00Z,Bitget USDT Futures,UNIUSDT,6.218,3914080.0,24337749.44,9.5e-05,,OK,
2026-09-02T09:00:00Z,Bitget USDT Futures,XLMUSDT,0.17341,119704382.0,20757936.88262,0.0001,,OK,
2026-09-02T09:00:00Z,Bitget USDT Futures,XRPUSDT,1.3311,175679472.0,233846945.1792,0.0001,,OK,
2026-09-02T09:00:00Z,Bitget USDT Futures,ZECUSDT,824.4,100985.9599999992,83252825.42399934,0.0001,,OK,
2026-09-02T10:00:00Z,Bitget USDT Futures,AAVEUSDT,126.7,205025.8,25976768.86,2.3e-05,,OK,
2026-09-02T10:00:00Z,Bitget USDT Futures,AVAXUSDT,7.11,2919850.7,20760138.477,9.5e-05,,OK,
2026-09-02T10:00:00Z,Bitget USDT Futures,BTCUSDT,76653.9,35331.44879999989,2708293343.1703115,9.2e-05,,OK,
2026-09-02T10:00:00Z,Bitget USDT Futures,CAKEUSDT,1.7994,771039.5999999997,1387408.6562399997,5e-05,,OK,
2026-09-02T10:00:00Z,Bitget USDT Futures,CCUSDT,0.11276,7071944.0,797432.40544,5e-05,,OK,
2026-09-02T10:00:00Z,Bitget USDT Futures,ENAUSDT,0.15284,221569008.0,33864607.18272,5e-05,,OK,
2026-09-02T10:00:00Z,Bitget USDT Futures,ETHUSDT,2374.62,798516.1500000003,1896172420.1130006,0.0001,,OK,
2026-09-02T10:00:00Z,Bitget USDT Futures,HBARUSDT,0.07336,157222229.0,11533822.719439998,0.0001,,OK,
2026-09-02T10:00:00Z,Bitget USDT Futures,HYPEUSDT,81.379,2346065.2800000003,190920446.42112005,3.2e-05,,OK,
2026-09-02T10:00:00Z,Bitget USDT Futures,LINKUSDT,11.028,3854954.0,42512432.712000005,0.0001,,OK,
2026-09-02T10:00:00Z,Bitget USDT Futures,MORPHOUSDT,2.5342,1011559.0,2563492.8178,3e-05,,OK,
2026-09-02T10:00:00Z,Bitget USDT Futures,NEARUSDT,1.848,16784448.0,31017659.904000003,0.0001,,OK,
2026-09-02T10:00:00Z,Bitget USDT Futures,ONDOUSDT,0.3402,52621203.7,17901733.498740003,5e-05,,OK,
2026-09-02T10:00:00Z,Bitget USDT Futures,SEIUSDT,0.04648,130117954.0,6047882.50192,0.0001,,OK,
2026-09-02T10:00:00Z,Bitget USDT Futures,SOLUSDT,98.482,4455717.699999962,438807990.53139627,5.4e-05,,OK,
2026-09-02T10:00:00Z,Bitget USDT Futures,SUIUSDT,0.7133,62879997.1,44852301.931430005,0.0001,,OK,
2026-09-02T10:00:00Z,Bitget USDT Futures,TAOUSDT,216.9,100585.98200000002,21817099.495800003,5e-05,,OK,
2026-09-02T10:00:00Z,Bitget USDT Futures,UNIUSDT,6.004,3977792.0,23882663.167999998,3.7e-05,,OK,
2026-09-02T10:00:00Z,Bitget USDT Futures,XLMUSDT,0.17256,120441322.0,20783354.52432,0.0001,,OK,
2026-09-02T10:00:00Z,Bitget USDT Futures,XRPUSDT,1.3232,175244174.0,231883091.0368,0.0001,,OK,
2026-09-02T10:00:00Z,Bitget USDT Futures,ZECUSDT,805.87,99299.43999999919,80022439.71279934,0.0001,,OK,
2026-09-02T11:00:00Z,Bitget USDT Futures,AAVEUSDT,126.02,205246.3,25865138.725999996,-4.3e-05,,OK,
2026-09-02T11:00:00Z,Bitget USDT Futures,AVAXUSDT,7.086,2914723.9,20653733.5554,4.2e-05,,OK,
2026-09-02T11:00:00Z,Bitget USDT Futures,BTCUSDT,76572.0,35285.83509999989,2701906965.277191,0.0001,,OK,
2026-09-02T11:00:00Z,Bitget USDT Futures,CAKEUSDT,1.7884,762346.3999999998,1363380.3017599997,-5e-06,,OK,
2026-09-02T11:00:00Z,Bitget USDT Futures,CCUSDT,0.11196,7094028.0,794247.37488,5e-05,,OK,
2026-09-02T11:00:00Z,Bitget USDT Futures,ENAUSDT,0.15122,222314706.0,33618429.84132,5e-05,,OK,
2026-09-02T11:00:00Z,Bitget USDT Futures,ETHUSDT,2373.19,792748.5500000002,1881342931.3745005,0.0001,,OK,
2026-09-02T11:00:00Z,Bitget USDT Futures,HBARUSDT,0.073,158528451.0,11572576.922999999,0.0001,,OK,
2026-09-02T11:00:00Z,Bitget USDT Futures,HYPEUSDT,80.989,2330871.39,188774943.00471002,3.5e-05,,OK,
2026-09-02T11:00:00Z,Bitget USDT Futures,LINKUSDT,10.953,3853066.0,42202631.897999994,0.0001,,OK,
2026-09-02T11:00:00Z,Bitget USDT Futures,MORPHOUSDT,2.5019,1009971.0,2526846.4449,-9.2e-05,,OK,
2026-09-02T11:00:00Z,Bitget USDT Futures,NEARUSDT,1.8466,16806660.0,31035178.356,0.0001,,OK,
2026-09-02T11:00:00Z,Bitget USDT Futures,ONDOUSDT,0.3399,53300308.9,18116774.995109998,2.7e-05,,OK,
2026-09-02T11:00:00Z,Bitget USDT Futures,SEIUSDT,0.04597,132617434.0,6096423.4409799995,0.0001,,OK,
2026-09-02T11:00:00Z,Bitget USDT Futures,SOLUSDT,97.957,4409646.299999962,431955722.6090962,6.3e-05,,OK,
2026-09-02T11:00:00Z,Bitget USDT Futures,SUIUSDT,0.7106,62133462.300000004,44152038.310380004,0.0001,,OK,
2026-09-02T11:00:00Z,Bitget USDT Futures,TAOUSDT,215.7,100971.40800000002,21779532.705600005,5e-05,,OK,
2026-09-02T11:00:00Z,Bitget USDT Futures,UNIUSDT,5.881,3980338.0,23408367.778,0.0001,,OK,
2026-09-02T11:00:00Z,Bitget USDT Futures,XLMUSDT,0.17194,120614372.0,20738435.121680003,5.3e-05,,OK,
2026-09-02T11:00:00Z,Bitget USDT Futures,XRPUSDT,1.3185,174421166.0,229974307.371,0.0001,,OK,
2026-09-02T11:00:00Z,Bitget USDT Futures,ZECUSDT,792.17,97986.8249999992,77622223.16024935,0.0001,,OK,
2026-09-02T12:00:00Z,Bitget USDT Futures,AAVEUSDT,127.28,205784.59999999998,26192263.887999997,-3.4e-05,,OK,
2026-09-02T12:00:00Z,Bitget USDT Futures,AVAXUSDT,7.128,2923854.5,20841234.876000002,2e-05,,OK,
2026-09-02T12:00:00Z,Bitget USDT Futures,BTCUSDT,76969.5,35386.594399999885,2723688477.670791,0.0001,,OK,
2026-09-02T12:00:00Z,Bitget USDT Futures,CAKEUSDT,1.7912,763498.1999999997,1367577.9758399995,-0.000109,,OK,
2026-09-02T12:00:00Z,Bitget USDT Futures,CCUSDT,0.1122,7072426.0,793526.1971999999,5e-05,,OK,
2026-09-02T12:00:00Z,Bitget USDT Futures,ENAUSDT,0.15242,221413385.0,33747828.1417,5e-05,,OK,
2026-09-02T12:00:00Z,Bitget USDT Futures,ETHUSDT,2386.74,793060.7600000002,1892829838.3224003,0.0001,,OK,
2026-09-02T12:00:00Z,Bitget USDT Futures,HBARUSDT,0.07343,158639257.0,11648880.641509999,6.6e-05,,OK,
2026-09-02T12:00:00Z,Bitget USDT Futures,HYPEUSDT,81.576,2326202.5600000005,189762300.03456002,2e-05,,OK,
2026-09-02T12:00:00Z,Bitget USDT Futures,LINKUSDT,11.052,3823600.0,42258427.199999996,9e-05,,OK,
2026-09-02T12:00:00Z,Bitget USDT Futures,MORPHOUSDT,2.5036,1004741.0,2515469.5676,-8.8e-05,,OK,
2026-09-02T12:00:00Z,Bitget USDT Futures,NEARUSDT,1.8596,16855696.0,31344852.2816,0.0001,,OK,
2026-09-02T12:00:00Z,Bitget USDT Futures,ONDOUSDT,0.3425,53521320.099999994,18331052.13425,7e-06,,OK,
2026-09-02T12:00:00Z,Bitget USDT Futures,SEIUSDT,0.04613,131370122.0,6060103.72786,8.1e-05,,OK,
2026-09-02T12:00:00Z,Bitget USDT Futures,SOLUSDT,98.271,4412688.099999961,433639272.27509624,7e-05,,OK,
2026-09-02T12:00:00Z,Bitget USDT Futures,SUIUSDT,0.7149,62590091.7,44745656.55633,0.0001,,OK,
2026-09-02T12:00:00Z,Bitget USDT Futures,TAOUSDT,217.25,100993.79400000002,21940901.746500004,5e-05,,OK,
2026-09-02T12:00:00Z,Bitget USDT Futures,UNIUSDT,5.856,4141217.0,24250966.752,0.0001,,OK,
2026-09-02T12:00:00Z,Bitget USDT Futures,XLMUSDT,0.17287,121016166.0,20920064.61642,2.2e-05,,OK,
2026-09-02T12:00:00Z,Bitget USDT Futures,XRPUSDT,1.3292,174524503.0,231977969.38759997,0.0001,,OK,
2026-09-02T12:00:00Z,Bitget USDT Futures,ZECUSDT,802.5,99564.19499999919,79900266.48749936,0.0001,,OK,
2026-09-02T13:00:00Z,Bitget USDT Futures,AAVEUSDT,126.39,206164.69999999998,26057156.433,-1.1e-05,,OK,
2026-09-02T13:00:00Z,Bitget USDT Futures,AVAXUSDT,7.114,2930871.2,20850217.7168,2e-05,,OK,
2026-09-02T13:00:00Z,Bitget USDT Futures,BTCUSDT,76791.2,35304.298599999885,2711059454.6523113,0.0001,,OK,
2026-09-02T13:00:00Z,Bitget USDT Futures,CAKEUSDT,1.7889,763434.5999999997,1365708.1559399995,-0.000174,,OK,
2026-09-02T13:00:00Z,Bitget USDT Futures,CCUSDT,0.11137,7084692.0,789022.14804,5e-05,,OK,
2026-09-02T13:00:00Z,Bitget USDT Futures,ENAUSDT,0.14931,220109322.0,32864522.86782,5e-05,,OK,
2026-09-02T13:00:00Z,Bitget USDT Futures,ETHUSDT,2384.95,792452.4100000003,1889959375.2295005,0.0001,,OK,
2026-09-02T13:00:00Z,Bitget USDT Futures,HBARUSDT,0.07328,161306793.0,11820561.79104,1.8e-05,,OK,
2026-09-02T13:00:00Z,Bitget USDT Futures,HYPEUSDT,81.23,2322698.6300000004,188672809.71490005,2.4e-05,,OK,
2026-09-02T13:00:00Z,Bitget USDT Futures,LINKUSDT,11.031,3829919.0,42247836.489,4.6e-05,,OK,
2026-09-02T13:00:00Z,Bitget USDT Futures,MORPHOUSDT,2.5311,1001165.0,2534048.7314999998,6e-06,,OK,
2026-09-02T13:00:00Z,Bitget USDT Futures,NEARUSDT,1.8417,16836982.0,31008669.749399997,0.0001,,OK,
2026-09-02T13:00:00Z,Bitget USDT Futures,ONDOUSDT,0.3405,53370048.300000004,18172501.44615,-4e-06,,OK,
2026-09-02T13:00:00Z,Bitget USDT Futures,SEIUSDT,0.04577,131578734.0,6022358.65518,9.1e-05,,OK,
2026-09-02T13:00:00Z,Bitget USDT Futures,SOLUSDT,98.074,4413394.999999962,432839301.22999626,7e-05,,OK,
2026-09-02T13:00:00Z,Bitget USDT Futures,SUIUSDT,0.7129,62751186.300000004,44735320.71327,0.0001,,OK,
2026-09-02T13:00:00Z,Bitget USDT Futures,TAOUSDT,216.67,100857.60600000001,21852817.492020003,5e-05,,OK,
2026-09-02T13:00:00Z,Bitget USDT Futures,UNIUSDT,5.813,4178687.0,24290707.531,0.0001,,OK,
2026-09-02T13:00:00Z,Bitget USDT Futures,XLMUSDT,0.17223,121027974.0,20844647.96202,-1.7e-05,,OK,
2026-09-02T13:00:00Z,Bitget USDT Futures,XRPUSDT,1.3235,173766877.0,229980461.70949998,0.0001,,OK,
2026-09-02T13:00:00Z,Bitget USDT Futures,ZECUSDT,799.88,99246.62799999918,79385392.80463934,0.0001,,OK,
2026-09-02T14:00:00Z,Bitget USDT Futures,AAVEUSDT,127.06,204271.4,25954724.084,2.7e-05,,OK,
2026-09-02T14:00:00Z,Bitget USDT Futures,AVAXUSDT,7.16,2933679.3000000003,21005143.788000003,4.6e-05,,OK,
2026-09-02T14:00:00Z,Bitget USDT Futures,BTCUSDT,77228.4,35113.18779999988,2711735312.693511,0.0001,,OK,
2026-09-02T14:00:00Z,Bitget USDT Futures,CAKEUSDT,1.8059,761860.7999999998,1375844.4187199997,-0.00018,,OK,
2026-09-02T14:00:00Z,Bitget USDT Futures,CCUSDT,0.11008,7114772.0,783194.10176,5e-05,,OK,
2026-09-02T14:00:00Z,Bitget USDT Futures,ENAUSDT,0.15095,221897762.0,33495467.1739,5e-05,,OK,
2026-09-02T14:00:00Z,Bitget USDT Futures,ETHUSDT,2403.46,782446.8300000002,1880579658.0318005,0.0001,,OK,
2026-09-02T14:00:00Z,Bitget USDT Futures,HBARUSDT,0.07395,162008045.0,11980494.92775,7e-05,,OK,
2026-09-02T14:00:00Z,Bitget USDT Futures,HYPEUSDT,81.562,2319850.8800000004,189211677.47456002,2.4e-05,,OK,
2026-09-02T14:00:00Z,Bitget USDT Futures,LINKUSDT,11.133,3842085.0,42773932.305,3.7e-05,,OK,
2026-09-02T14:00:00Z,Bitget USDT Futures,MORPHOUSDT,2.4667,1001110.0,2469438.037,5e-05,,OK,
2026-09-02T14:00:00Z,Bitget USDT Futures,NEARUSDT,1.8593,16808362.0,31251787.4666,0.0001,,OK,
2026-09-02T14:00:00Z,Bitget USDT Futures,ONDOUSDT,0.3432,53084819.4,18218710.01808,3.7e-05,,OK,
2026-09-02T14:00:00Z,Bitget USDT Futures,SEIUSDT,0.04595,132187168.0,6074000.3696,0.0001,,OK,
2026-09-02T14:00:00Z,Bitget USDT Futures,SOLUSDT,99.336,4389883.399999962,436073457.42239624,7.7e-05,,OK,
2026-09-02T14:00:00Z,Bitget USDT Futures,SUIUSDT,0.7221,61872358.5,44678030.07285,0.0001,,OK,
2026-09-02T14:00:00Z,Bitget USDT Futures,TAOUSDT,218.0,100724.47600000002,21957935.768000007,5e-05,,OK,
2026-09-02T14:00:00Z,Bitget USDT Futures,UNIUSDT,5.869,4048084.0,23758204.996,0.0001,,OK,
2026-09-02T14:00:00Z,Bitget USDT Futures,XLMUSDT,0.17363,120701280.0,20957363.246400002,-1.5e-05,,OK,
2026-09-02T14:00:00Z,Bitget USDT Futures,XRPUSDT,1.3405,174165597.0,233468982.7785,0.0001,,OK,
2026-09-02T14:00:00Z,Bitget USDT Futures,ZECUSDT,811.42,97287.1629999992,78940749.80145934,0.0001,,OK,
2026-09-02T15:00:00Z,Bitget USDT Futures,AAVEUSDT,126.21,204093.0,25758577.529999997,5e-06,,OK,
2026-09-02T15:00:00Z,Bitget USDT Futures,AVAXUSDT,7.125,2939715.3000000003,20945471.512500003,6.8e-05,,OK,
2026-09-02T15:00:00Z,Bitget USDT Futures,BTCUSDT,76952.1,34771.71809999989,2675756728.403002,8.4e-05,,OK,
2026-09-02T15:00:00Z,Bitget USDT Futures,CAKEUSDT,1.7973,763601.7999999997,1372421.5151399993,-0.000129,,OK,
2026-09-02T15:00:00Z,Bitget USDT Futures,CCUSDT,0.10983,7151882.0,785491.20006,5e-05,,OK,
2026-09-02T15:00:00Z,Bitget USDT Futures,ENAUSDT,0.14963,221088107.0,33081413.450410005,5e-05,,OK,
2026-09-02T15:00:00Z,Bitget USDT Futures,ETHUSDT,2386.19,780190.9500000001,1861683842.9805002,0.0001,,OK,
2026-09-02T15:00:00Z,Bitget USDT Futures,HBARUSDT,0.07328,161605973.0,11842485.701439999,0.0001,,OK,
2026-09-02T15:00:00Z,Bitget USDT Futures,HYPEUSDT,80.988,2320947.6000000006,187968904.22880006,2.3e-05,,OK,
2026-09-02T15:00:00Z,Bitget USDT Futures,LINKUSDT,11.056,3838558.0,42439097.247999996,3.4e-05,,OK,
2026-09-02T15:00:00Z,Bitget USDT Futures,MORPHOUSDT,2.4585,998041.0,2453683.7985,5e-05,,OK,
2026-09-02T15:00:00Z,Bitget USDT Futures,NEARUSDT,1.8317,16842818.0,30850989.730600003,0.0001,,OK,
2026-09-02T15:00:00Z,Bitget USDT Futures,ONDOUSDT,0.3399,53103895.5,18050014.08045,5e-05,,OK,
2026-09-02T15:00:00Z,Bitget USDT Futures,SEIUSDT,0.04669,133043640.0,6211807.5516,0.0001,,OK,
2026-09-02T15:00:00Z,Bitget USDT Futures,SOLUSDT,98.869,4378147.799999962,432863094.8381962,6.3e-05,,OK,
2026-09-02T15:00:00Z,Bitget USDT Futures,SUIUSDT,0.7165,61752912.0,44245961.448,0.0001,,OK,
2026-09-02T15:00:00Z,Bitget USDT Futures,TAOUSDT,216.48,100522.44000000002,21761097.811200004,5e-05,,OK,
2026-09-02T15:00:00Z,Bitget USDT Futures,UNIUSDT,5.798,4020191.0,23309067.418,0.0001,,OK,
2026-09-02T15:00:00Z,Bitget USDT Futures,XLMUSDT,0.17248,120894776.0,20851930.964479998,-2.5e-05,,OK,
2026-09-02T15:00:00Z,Bitget USDT Futures,XRPUSDT,1.3304,176008832.0,234162150.0928,0.0001,,OK,
2026-09-02T15:00:00Z,Bitget USDT Futures,ZECUSDT,810.01,96752.22199999921,78370267.34221935,0.0001,,OK,
2026-09-02T16:00:00Z,Bitget USDT Futures,AAVEUSDT,127.74,203992.0,26057938.08,1.1e-05,,OK,
2026-09-02T16:00:00Z,Bitget USDT Futures,AVAXUSDT,7.164,2940771.9000000004,21067689.8916,9e-05,,OK,
2026-09-02T16:00:00Z,Bitget USDT Futures,BTCUSDT,77449.2,34765.74979999989,2692579509.4101515,6.2e-05,,OK,
2026-09-02T16:00:00Z,Bitget USDT Futures,CAKEUSDT,1.8097,762848.1999999997,1380526.3875399996,-4.4e-05,,OK,
2026-09-02T16:00:00Z,Bitget USDT Futures,CCUSDT,0.11028,7134502.0,786792.8805600001,5e-05,,OK,
2026-09-02T16:00:00Z,Bitget USDT Futures,ENAUSDT,0.1508,224501854.0,33854879.5832,5e-05,,OK,
2026-09-02T16:00:00Z,Bitget USDT Futures,ETHUSDT,2397.54,776835.9600000001,1862495287.5384002,9.2e-05,,OK,
2026-09-02T16:00:00Z,Bitget USDT Futures,HBARUSDT,0.07345,161988115.0,11898027.04675,0.0001,,OK,
2026-09-02T16:00:00Z,Bitget USDT Futures,HYPEUSDT,81.729,2316342.4400000004,189312351.27876005,4e-05,,OK,
2026-09-02T16:00:00Z,Bitget USDT Futures,LINKUSDT,11.133,3863556.0,43012968.948,6.1e-05,,OK,
2026-09-02T16:00:00Z,Bitget USDT Futures,MORPHOUSDT,2.4816,998215.0,2477170.3439999996,5e-05,,OK,
2026-09-02T16:00:00Z,Bitget USDT Futures,NEARUSDT,1.8552,16838308.0,31238429.0016,0.0001,,OK,
2026-09-02T16:00:00Z,Bitget USDT Futures,ONDOUSDT,0.3419,53315499.5,18228569.27905,5e-05,,OK,
2026-09-02T16:00:00Z,Bitget USDT Futures,SEIUSDT,0.0479,136277063.0,6527671.3177,0.0001,,OK,
2026-09-02T16:00:00Z,Bitget USDT Futures,SOLUSDT,99.623,4402936.299999963,438633723.0148963,5.1e-05,,OK,
2026-09-02T16:00:00Z,Bitget USDT Futures,SUIUSDT,0.724,61721820.300000004,44686597.8972,0.0001,,OK,
2026-09-02T16:00:00Z,Bitget USDT Futures,TAOUSDT,217.83,101337.03200000002,22074245.680560008,5e-05,,OK,
2026-09-02T16:00:00Z,Bitget USDT Futures,UNIUSDT,5.864,4016033.0,23550017.512,0.0001,,OK,
2026-09-02T16:00:00Z,Bitget USDT Futures,XLMUSDT,0.17374,120935112.0,21011266.358880002,-2.6e-05,,OK,
2026-09-02T16:00:00Z,Bitget USDT Futures,XRPUSDT,1.34,174645650.0,234025171.0,0.0001,,OK,
2026-09-02T16:00:00Z,Bitget USDT Futures,ZECUSDT,817.52,97924.1029999992,80054912.68455935,0.0001,,OK,
2026-09-02T17:00:00Z,Bitget USDT Futures,AAVEUSDT,126.3,203772.0,25736403.599999998,-8e-06,,OK,
2026-09-02T17:00:00Z,Bitget USDT Futures,AVAXUSDT,7.129,2940924.9000000004,20965853.6121,0.0001,,OK,
2026-09-02T17:00:00Z,Bitget USDT Futures,BTCUSDT,77109.9,34580.61589999989,2666507833.987401,4e-05,,OK,
2026-09-02T17:00:00Z,Bitget USDT Futures,CAKEUSDT,1.798,762394.9999999998,1370786.2099999997,-4.3e-05,,OK,
2026-09-02T17:00:00Z,Bitget USDT Futures,CCUSDT,0.11036,7145236.0,788548.24496,5e-05,,OK,
2026-09-02T17:00:00Z,Bitget USDT Futures,ENAUSDT,0.149,222383854.0,33135194.246,5e-05,,OK,
2026-09-02T17:00:00Z,Bitget USDT Futures,ETHUSDT,2378.82,775632.19,1845089366.2158,7.2e-05,,OK,
2026-09-02T17:00:00Z,Bitget USDT Futures,HBARUSDT,0.07319,162249005.0,11875004.67595,0.0001,,OK,
2026-09-02T17:00:00Z,Bitget USDT Futures,HYPEUSDT,81.354,2322124.9200000004,188914150.74168003,3.7e-05,,OK,
2026-09-02T17:00:00Z,Bitget USDT Futures,LINKUSDT,11.06,3854735.0,42633369.1,9.8e-05,,OK,
2026-09-02T17:00:00Z,Bitget USDT Futures,MORPHOUSDT,2.4852,1000825.0,2487250.29,5e-05,,OK,
2026-09-02T17:00:00Z,Bitget USDT Futures,NEARUSDT,1.8426,16847518.0,31043236.6668,0.0001,,OK,
2026-09-02T17:00:00Z,Bitget USDT Futures,ONDOUSDT,0.3391,53157709.8,18025779.393179998,5e-05,,OK,
2026-09-02T17:00:00Z,Bitget USDT Futures,SEIUSDT,0.04844,133813538.0,6481927.780719999,0.0001,,OK,
2026-09-02T17:00:00Z,Bitget USDT Futures,SOLUSDT,98.493,4396326.199999963,433007356.41659635,3e-05,,OK,
2026-09-02T17:00:00Z,Bitget USDT Futures,SUIUSDT,0.7195,62081092.7,44667346.19765,0.0001,,OK,
2026-09-02T17:00:00Z,Bitget USDT Futures,TAOUSDT,216.01,102460.97400000002,22132594.993740004,5e-05,,OK,
2026-09-02T17:00:00Z,Bitget USDT Futures,UNIUSDT,5.783,4026687.0,23286330.921,4e-05,,OK,
2026-09-02T17:00:00Z,Bitget USDT Futures,XLMUSDT,0.17246,121295612.0,20918641.24552,-3.3e-05,,OK,
2026-09-02T17:00:00Z,Bitget USDT Futures,XRPUSDT,1.3314,174770426.0,232689345.17639998,0.0001,,OK,
2026-09-02T17:00:00Z,Bitget USDT Futures,ZECUSDT,806.49,97463.7099999992,78603507.47789936,0.0001,,OK,
2026-09-02T18:00:00Z,Bitget USDT Futures,AAVEUSDT,126.97,203878.6,25886465.842,-3e-05,,OK,
2026-09-02T18:00:00Z,Bitget USDT Futures,AVAXUSDT,7.167,2943037.5,21092749.7625,0.0001,,OK,
2026-09-02T18:00:00Z,Bitget USDT Futures,BTCUSDT,77388.0,34566.510799999895,2675033137.790392,3.2e-05,,OK,
2026-09-02T18:00:00Z,Bitget USDT Futures,CAKEUSDT,1.8004,761482.5999999997,1370973.2730399997,-7.9e-05,,OK,
2026-09-02T18:00:00Z,Bitget USDT Futures,CCUSDT,0.10996,7229690.0,794976.7124,5e-05,,OK,
2026-09-02T18:00:00Z,Bitget USDT Futures,ENAUSDT,0.14968,220564873.0,33014150.190640002,5e-05,,OK,
2026-09-02T18:00:00Z,Bitget USDT Futures,ETHUSDT,2394.48,775460.33,1856824250.9784,6.9e-05,,OK,
2026-09-02T18:00:00Z,Bitget USDT Futures,HBARUSDT,0.0739,162964541.0,12043079.579899998,0.0001,,OK,
2026-09-02T18:00:00Z,Bitget USDT Futures,HYPEUSDT,81.743,2320463.24,189681626.62732002,3.2e-05,,OK,
2026-09-02T18:00:00Z,Bitget USDT Futures,LINKUSDT,11.127,3850684.0,42846560.868,0.0001,,OK,
2026-09-02T18:00:00Z,Bitget USDT Futures,MORPHOUSDT,2.5085,1000035.0,2508587.7975000003,5e-05,,OK,
2026-09-02T18:00:00Z,Bitget USDT Futures,NEARUSDT,1.85,16863236.0,31196986.6,0.0001,,OK,
2026-09-02T18:00:00Z,Bitget USDT Futures,ONDOUSDT,0.3405,53347905.49999999,18164961.82275,5e-05,,OK,
2026-09-02T18:00:00Z,Bitget USDT Futures,SEIUSDT,0.04848,134177218.0,6504911.52864,0.0001,,OK,
2026-09-02T18:00:00Z,Bitget USDT Futures,SOLUSDT,99.409,4370287.999999963,434445959.7919963,7e-06,,OK,
2026-09-02T18:00:00Z,Bitget USDT Futures,SUIUSDT,0.7257,62162642.300000004,45111429.517110005,0.0001,,OK,
2026-09-02T18:00:00Z,Bitget USDT Futures,TAOUSDT,217.46,102023.36800000002,22186001.605280004,5e-05,,OK,
2026-09-02T18:00:00Z,Bitget USDT Futures,UNIUSDT,5.809,4033418.0,23430125.162,-5.4e-05,,OK,
2026-09-02T18:00:00Z,Bitget USDT Futures,XLMUSDT,0.17353,120158740.0,20851146.1522,-3.7e-05,,OK,
2026-09-02T18:00:00Z,Bitget USDT Futures,XRPUSDT,1.3406,174601682.0,234071014.8892,0.0001,,OK,
2026-09-02T18:00:00Z,Bitget USDT Futures,ZECUSDT,811.58,96720.75999999921,78496634.40079936,0.0001,,OK,
2026-09-02T19:00:00Z,Bitget USDT Futures,AAVEUSDT,127.03,203943.8,25906980.913999997,-2.2e-05,,OK,
2026-09-02T19:00:00Z,Bitget USDT Futures,AVAXUSDT,7.176,2952285.7,21185602.1832,0.0001,,OK,
2026-09-02T19:00:00Z,Bitget USDT Futures,BTCUSDT,77335.2,34517.944299999894,2669452126.0293517,2.1e-05,,OK,
2026-09-02T19:00:00Z,Bitget USDT Futures,CAKEUSDT,1.8059,761252.5999999997,1374746.0703399996,-0.000104,,OK,
2026-09-02T19:00:00Z,Bitget USDT Futures,CCUSDT,0.10979,7187140.0,789076.1006,5e-05,,OK,
2026-09-02T19:00:00Z,Bitget USDT Futures,ENAUSDT,0.14944,220904632.0,33011988.206079997,5e-05,,OK,
2026-09-02T19:00:00Z,Bitget USDT Futures,ETHUSDT,2394.18,772690.0499999999,1849959063.9089997,7.8e-05,,OK,
2026-09-02T19:00:00Z,Bitget USDT Futures,HBARUSDT,0.07401,162847955.0,12052377.14955,0.0001,,OK,
2026-09-02T19:00:00Z,Bitget USDT Futures,HYPEUSDT,81.644,2318014.0300000003,189251937.46532002,1.6e-05,,OK,
2026-09-02T19:00:00Z,Bitget USDT Futures,LINKUSDT,11.12,3859218.0,42914504.16,0.0001,,OK,
2026-09-02T19:00:00Z,Bitget USDT Futures,MORPHOUSDT,2.5167,1003173.0,2524685.4891000004,5e-05,,OK,
2026-09-02T19:00:00Z,Bitget USDT Futures,NEARUSDT,1.8618,16877630.0,31422771.533999998,0.0001,,OK,
2026-09-02T19:00:00Z,Bitget USDT Futures,ONDOUSDT,0.3426,53209838.49999999,18229690.6701,5e-05,,OK,
2026-09-02T19:00:00Z,Bitget USDT Futures,SEIUSDT,0.0498,134102744.0,6678316.651199999,0.0001,,OK,
2026-09-02T19:00:00Z,Bitget USDT Futures,SOLUSDT,99.499,4362630.899999963,434077411.9190963,-1e-06,,OK,
2026-09-02T19:00:00Z,Bitget USDT Futures,SUIUSDT,0.7295,62277553.699999996,45431475.42415,0.0001,,OK,
2026-09-02T19:00:00Z,Bitget USDT Futures,TAOUSDT,217.85,103960.054,22647697.7639,5e-05,,OK,
2026-09-02T19:00:00Z,Bitget USDT Futures,UNIUSDT,5.804,4035622.0,23422750.088,-7.3e-05,,OK,
2026-09-02T19:00:00Z,Bitget USDT Futures,XLMUSDT,0.17404,120137878.0,20908796.28712,-8e-06,,OK,
2026-09-02T19:00:00Z,Bitget USDT Futures,XRPUSDT,1.3476,174354087.0,234959567.64119998,0.0001,,OK,
2026-09-02T19:00:00Z,Bitget USDT Futures,ZECUSDT,812.09,96712.05599999923,78538893.55703938,0.0001,,OK,
2026-09-02T20:00:00Z,Bitget USDT Futures,AAVEUSDT,126.52,204269.6,25844189.792,-1.4e-05,,OK,
2026-09-02T20:00:00Z,Bitget USDT Futures,AVAXUSDT,7.162,2938620.5,21046400.021,0.0001,,OK,
2026-09-02T20:00:00Z,Bitget USDT Futures,BTCUSDT,77171.8,34553.31019999989,2666541144.0923514,1.7e-05,,OK,
2026-09-02T20:00:00Z,Bitget USDT Futures,CAKEUSDT,1.8026,758499.1999999997,1367270.6579199994,-0.000115,,OK,
2026-09-02T20:00:00Z,Bitget USDT Futures,CCUSDT,0.10984,7069712.0,776537.16608,5e-05,,OK,
2026-09-02T20:00:00Z,Bitget USDT Futures,ENAUSDT,0.1485,223078456.0,33127150.716,5e-05,,OK,
2026-09-02T20:00:00Z,Bitget USDT Futures,ETHUSDT,2385.76,771585.6499999999,1840818180.3439999,8.9e-05,,OK,
2026-09-02T20:00:00Z,Bitget USDT Futures,HBARUSDT,0.07389,162958589.0,12041010.14121,0.0001,,OK,
2026-09-02T20:00:00Z,Bitget USDT Futures,HYPEUSDT,80.915,2316121.2600000002,187408951.75290003,-1.7e-05,,OK,
2026-09-02T20:00:00Z,Bitget USDT Futures,LINKUSDT,11.093,3847030.0,42675103.79,0.0001,,OK,
2026-09-02T20:00:00Z,Bitget USDT Futures,MORPHOUSDT,2.4929,1000795.0,2494881.8555,5e-05,,OK,
2026-09-02T20:00:00Z,Bitget USDT Futures,NEARUSDT,1.8563,17053281.0,31656005.5203,0.0001,,OK,
2026-09-02T20:00:00Z,Bitget USDT Futures,ONDOUSDT,0.3436,53161330.699999996,18266233.22852,5e-05,,OK,
2026-09-02T20:00:00Z,Bitget USDT Futures,SEIUSDT,0.0498,132672687.0,6607099.8126,0.0001,,OK,
2026-09-02T20:00:00Z,Bitget USDT Futures,SOLUSDT,99.302,4337580.199999963,430730389.02039635,3e-06,,OK,
2026-09-02T20:00:00Z,Bitget USDT Futures,SUIUSDT,0.739,61835371.3,45696339.3907,0.0001,,OK,
2026-09-02T20:00:00Z,Bitget USDT Futures,TAOUSDT,216.78,103814.14,22504829.2692,5e-05,,OK,
2026-09-02T20:00:00Z,Bitget USDT Futures,UNIUSDT,5.798,4019131.0,23302921.538,-9.9e-05,,OK,
2026-09-02T20:00:00Z,Bitget USDT Futures,XLMUSDT,0.17426,120477994.0,20994495.23444,1.7e-05,,OK,
2026-09-02T20:00:00Z,Bitget USDT Futures,XRPUSDT,1.3456,174569302.0,234900452.77119997,0.0001,,OK,
2026-09-02T20:00:00Z,Bitget USDT Futures,ZECUSDT,808.88,96531.47899999922,78082382.73351938,0.0001,,OK,
2026-09-02T21:00:00Z,Bitget USDT Futures,AAVEUSDT,126.75,204354.19999999998,25901894.849999998,1.1e-05,,OK,
2026-09-02T21:00:00Z,Bitget USDT Futures,AVAXUSDT,7.175,2937478.5,21076408.2375,0.0001,,OK,
2026-09-02T21:00:00Z,Bitget USDT Futures,BTCUSDT,77248.4,34493.73069999989,2664585506.605871,2e-05,,OK,
2026-09-02T21:00:00Z,Bitget USDT Futures,CAKEUSDT,1.8097,760077.9999999998,1375513.1565999996,-7.2e-05,,OK,
2026-09-02T21:00:00Z,Bitget USDT Futures,CCUSDT,0.11023,7091646.0,781712.1385799999,5e-05,,OK,
2026-09-02T21:00:00Z,Bitget USDT Futures,ENAUSDT,0.14838,223310102.0,33134752.934760004,5e-05,,OK,
2026-09-02T21:00:00Z,Bitget USDT Futures,ETHUSDT,2390.56,771519.35,1844363297.336,0.0001,,OK,
2026-09-02T21:00:00Z,Bitget USDT Futures,HBARUSDT,0.07394,162768443.0,12035098.675420001,0.0001,,OK,
2026-09-02T21:00:00Z,Bitget USDT Futures,HYPEUSDT,81.478,2313981.47,188538582.21266,-2.8e-05,,OK,
2026-09-02T21:00:00Z,Bitget USDT Futures,LINKUSDT,11.075,3846828.0,42603620.099999994,0.0001,,OK,
2026-09-02T21:00:00Z,Bitget USDT Futures,MORPHOUSDT,2.5103,995741.0,2499608.6323,5e-05,,OK,
2026-09-02T21:00:00Z,Bitget USDT Futures,NEARUSDT,1.8679,16921389.0,31607462.5131,0.0001,,OK,
2026-09-02T21:00:00Z,Bitget USDT Futures,ONDOUSDT,0.345,53285524.0,18383505.779999997,5e-05,,OK,
2026-09-02T21:00:00Z,Bitget USDT Futures,SEIUSDT,0.04895,132627432.0,6492112.7964,0.0001,,OK,
2026-09-02T21:00:00Z,Bitget USDT Futures,SOLUSDT,99.581,4340210.199999963,432202471.92619634,1e-05,,OK,
2026-09-02T21:00:00Z,Bitget USDT Futures,SUIUSDT,0.7366,61904049.300000004,45598522.71438,0.0001,,OK,
2026-09-02T21:00:00Z,Bitget USDT Futures,TAOUSDT,217.21,103555.186,22493221.95106,5e-05,,OK,
2026-09-02T21:00:00Z,Bitget USDT Futures,UNIUSDT,5.846,4035461.0,23591305.006,-0.000114,,OK,
2026-09-02T21:00:00Z,Bitget USDT Futures,XLMUSDT,0.17414,120620886.0,21004921.088039998,6.2e-05,,OK,
2026-09-02T21:00:00Z,Bitget USDT Futures,XRPUSDT,1.348,174058461.0,234630805.428,0.0001,,OK,
2026-09-02T21:00:00Z,Bitget USDT Futures,ZECUSDT,812.16,96533.44599999921,78400603.50335936,0.0001,,OK,
2026-09-02T22:00:00Z,Bitget USDT Futures,AAVEUSDT,126.62,203391.4,25753419.068,2.2e-05,,OK,
2026-09-02T22:00:00Z,Bitget USDT Futures,AVAXUSDT,7.158,2945669.4000000004,21085101.565200005,0.0001,,OK,
2026-09-02T22:00:00Z,Bitget USDT Futures,BTCUSDT,77138.7,34462.67619999989,2658406040.5889316,3e-05,,OK,
2026-09-02T22:00:00Z,Bitget USDT Futures,CAKEUSDT,1.8149,760043.3999999998,1379402.7666599995,1e-05,,OK,
2026-09-02T22:00:00Z,Bitget USDT Futures,CCUSDT,0.10994,7188736.0,790329.63584,5e-05,,OK,
2026-09-02T22:00:00Z,Bitget USDT Futures,ENAUSDT,0.1475,222748519.0,32855406.5525,5e-05,,OK,
2026-09-02T22:00:00Z,Bitget USDT Futures,ETHUSDT,2384.59,771227.44,1839061241.1496,0.0001,,OK,
2026-09-02T22:00:00Z,Bitget USDT Futures,HBARUSDT,0.07403,162736115.0,12047354.59345,0.0001,,OK,
2026-09-02T22:00:00Z,Bitget USDT Futures,HYPEUSDT,81.413,2309825.0400000005,188049785.98152003,-4.5e-05,,OK,
2026-09-02T22:00:00Z,Bitget USDT Futures,LINKUSDT,11.071,3843490.0,42551277.79,0.0001,,OK,
2026-09-02T22:00:00Z,Bitget USDT Futures,MORPHOUSDT,2.5044,991019.0,2481907.9836,5e-05,,OK,
2026-09-02T22:00:00Z,Bitget USDT Futures,NEARUSDT,1.8666,17055032.0,31834922.731200002,0.0001,,OK,
2026-09-02T22:00:00Z,Bitget USDT Futures,ONDOUSDT,0.3437,53155435.4,18269523.14698,5e-05,,OK,
2026-09-02T22:00:00Z,Bitget USDT Futures,SEIUSDT,0.04872,133661931.0,6512009.27832,0.0001,,OK,
2026-09-02T22:00:00Z,Bitget USDT Futures,SOLUSDT,99.446,4333295.699999963,430928924.1821963,1.7e-05,,OK,
2026-09-02T22:00:00Z,Bitget USDT Futures,SUIUSDT,0.7382,61925060.6,45713079.73492,0.0001,,OK,
2026-09-02T22:00:00Z,Bitget USDT Futures,TAOUSDT,216.05,103623.236,22387800.1378,5e-05,,OK,
2026-09-02T22:00:00Z,Bitget USDT Futures,UNIUSDT,5.842,4030357.0,23545345.593999997,-6.8e-05,,OK,
2026-09-02T22:00:00Z,Bitget USDT Futures,XLMUSDT,0.17417,120469062.0,20982096.52854,8.6e-05,,OK,
2026-09-02T22:00:00Z,Bitget USDT Futures,XRPUSDT,1.3452,174071036.0,234160357.62719998,0.0001,,OK,
2026-09-02T22:00:00Z,Bitget USDT Futures,ZECUSDT,812.51,97021.0719999992,78830591.21071935,0.0001,,OK,
2026-09-02T23:00:00Z,Bitget USDT Futures,AAVEUSDT,126.73,203349.2,25770444.116000004,2.4e-05,,OK,
2026-09-02T23:00:00Z,Bitget USDT Futures,AVAXUSDT,7.169,2939458.7,21072979.4203,0.0001,,OK,
2026-09-02T23:00:00Z,Bitget USDT Futures,BTCUSDT,77187.7,34418.08059999989,2656652479.9286118,3.6e-05,,OK,
2026-09-02T23:00:00Z,Bitget USDT Futures,CAKEUSDT,1.8209,760480.5999999997,1384759.1245399995,5e-05,,OK,
2026-09-02T23:00:00Z,Bitget USDT Futures,CCUSDT,0.11046,7172316.0,792254.02536,5e-05,,OK,
2026-09-02T23:00:00Z,Bitget USDT Futures,ENAUSDT,0.14906,222353728.0,33144046.69568,5e-05,,OK,
2026-09-02T23:00:00Z,Bitget USDT Futures,ETHUSDT,2386.15,769536.33,1836229113.8295,0.0001,,OK,
2026-09-02T23:00:00Z,Bitget USDT Futures,HBARUSDT,0.07431,165008257.0,12261763.57767,0.0001,,OK,
2026-09-02T23:00:00Z,Bitget USDT Futures,HYPEUSDT,81.582,2311160.22,188549073.06804,-5.4e-05,,OK,
2026-09-02T23:00:00Z,Bitget USDT Futures,LINKUSDT,11.08,3865084.0,42825130.72,0.0001,,OK,
2026-09-02T23:00:00Z,Bitget USDT Futures,MORPHOUSDT,2.5021,990055.0,2477216.6155,5e-05,,OK,
2026-09-02T23:00:00Z,Bitget USDT Futures,NEARUSDT,1.8819,16953216.0,31904257.190399997,0.0001,,OK,
2026-09-02T23:00:00Z,Bitget USDT Futures,ONDOUSDT,0.3458,53880443.099999994,18631857.22398,5e-05,,OK,
2026-09-02T23:00:00Z,Bitget USDT Futures,SEIUSDT,0.04887,131526166.0,6427683.732419999,0.0001,,OK,
2026-09-02T23:00:00Z,Bitget USDT Futures,SOLUSDT,99.857,4341711.7999999635,433550315.21259636,2.3e-05,,OK,
2026-09-02T23:00:00Z,Bitget USDT Futures,SUIUSDT,0.7456,61844712.800000004,46111417.863680005,0.0001,,OK,
2026-09-02T23:00:00Z,Bitget USDT Futures,TAOUSDT,216.58,103690.02100000001,22457184.748180002,5e-05,,OK,
2026-09-02T23:00:00Z,Bitget USDT Futures,UNIUSDT,5.865,4018759.0,23570021.535,-2.9e-05,,OK,
2026-09-02T23:00:00Z,Bitget USDT Futures,XLMUSDT,0.17475,120422438.0,21043821.0405,0.0001,,OK,
2026-09-02T23:00:00Z,Bitget USDT Futures,XRPUSDT,1.3495,173741412.0,234464035.494,0.0001,,OK,
2026-09-02T23:00:00Z,Bitget USDT Futures,ZECUSDT,814.5,96886.3939999992,78913967.91299935,0.0001,,OK,
2026-09-03T00:00:00Z,Bitget USDT Futures,AAVEUSDT,126.7,204473.60000000003,25906805.120000005,3.7e-05,,OK,
2026-09-03T00:00:00Z,Bitget USDT Futures,AVAXUSDT,7.163,2934262.7,21018123.7201,0.0001,,OK,
2026-09-03T00:00:00Z,Bitget USDT Futures,BTCUSDT,77008.2,34441.20849999989,2652255472.4096913,4.2e-05,,OK,
2026-09-03T00:00:00Z,Bitget USDT Futures,CAKEUSDT,1.8184,760638.9999999998,1383145.9575999996,5e-05,,OK,
2026-09-03T00:00:00Z,Bitget USDT Futures,CCUSDT,0.10889,7181930.0,782040.3577,5e-05,,OK,
2026-09-03T00:00:00Z,Bitget USDT Futures,ENAUSDT,0.14825,223651402.0,33156320.346499998,5e-05,,OK,
2026-09-03T00:00:00Z,Bitget USDT Futures,ETHUSDT,2380.2,768998.4999999999,1830370229.6999996,0.0001,,OK,
2026-09-03T00:00:00Z,Bitget USDT Futures,HBARUSDT,0.0743,165866009.0,12323844.468700001,0.0001,,OK,
2026-09-03T00:00:00Z,Bitget USDT Futures,HYPEUSDT,81.576,2314953.7600000002,188844667.92576,-5.2e-05,,OK,
2026-09-03T00:00:00Z,Bitget USDT Futures,LINKUSDT,11.044,3861318.0,42644395.992,0.0001,,OK,
2026-09-03T00:00:00Z,Bitget USDT Futures,MORPHOUSDT,2.4993,984615.0,2460848.2695,5e-05,,OK,
2026-09-03T00:00:00Z,Bitget USDT Futures,NEARUSDT,1.8636,16914652.0,31522145.4672,0.0001,,OK,
2026-09-03T00:00:00Z,Bitget USDT Futures,ONDOUSDT,0.3462,53824214.1,18633942.92142,5e-05,,OK,
2026-09-03T00:00:00Z,Bitget USDT Futures,SEIUSDT,0.04869,133132096.0,6482201.75424,0.0001,,OK,
2026-09-03T00:00:00Z,Bitget USDT Futures,SOLUSDT,99.694,4314929.399999963,430172571.6035963,2.9e-05,,OK,
2026-09-03T00:00:00Z,Bitget USDT Futures,SUIUSDT,0.7401,61898314.9,45810942.857489996,0.0001,,OK,
2026-09-03T00:00:00Z,Bitget USDT Futures,TAOUSDT,215.91,103831.482,22418255.27862,5e-05,,OK,
2026-09-03T00:00:00Z,Bitget USDT Futures,UNIUSDT,5.794,4030040.0,23350051.759999998,-3.2e-05,,OK,
2026-09-03T00:00:00Z,Bitget USDT Futures,XLMUSDT,0.17529,120518303.0,21125653.33287,0.0001,,OK,
2026-09-03T00:00:00Z,Bitget USDT Futures,XRPUSDT,1.3451,175689919.0,236320510.0469,0.0001,,OK,
2026-09-03T00:00:00Z,Bitget USDT Futures,ZECUSDT,810.56,96533.3079999992,78246038.13247935,0.0001,,OK,
2026-09-03T01:00:00Z,Bitget USDT Futures,AAVEUSDT,126.94,203544.40000000008,25837926.13600001,8.7e-05,,OK,
2026-09-03T01:00:00Z,Bitget USDT Futures,AVAXUSDT,7.197,2931354.9,21096961.2153,0.0001,,OK,
2026-09-03T01:00:00Z,Bitget USDT Futures,BTCUSDT,77304.8,34331.46399999989,2653986958.2271914,5.5e-05,,OK,
2026-09-03T01:00:00Z,Bitget USDT Futures,CAKEUSDT,1.8261,765592.5999999997,1398048.6468599995,5e-05,,OK,
2026-09-03T01:00:00Z,Bitget USDT Futures,CCUSDT,0.10877,7159496.0,778738.3799200001,5e-05,,OK,
2026-09-03T01:00:00Z,Bitget USDT Futures,ENAUSDT,0.15108,224336316.0,33892730.62128,5e-05,,OK,
2026-09-03T01:00:00Z,Bitget USDT Futures,ETHUSDT,2387.32,770741.57,1840006764.8924,0.0001,,OK,
2026-09-03T01:00:00Z,Bitget USDT Futures,HBARUSDT,0.07505,165581013.0,12426855.02565,0.0001,,OK,
2026-09-03T01:00:00Z,Bitget USDT Futures,HYPEUSDT,81.667,2305850.5200000005,188311894.41684005,-3.7e-05,,OK,
2026-09-03T01:00:00Z,Bitget USDT Futures,LINKUSDT,11.105,3849830.0,42752362.15,0.0001,,OK,
2026-09-03T01:00:00Z,Bitget USDT Futures,MORPHOUSDT,2.5016,984091.0,2461802.0456,5e-05,,OK,
2026-09-03T01:00:00Z,Bitget USDT Futures,NEARUSDT,1.8745,16834372.0,31556030.314,0.0001,,OK,
2026-09-03T01:00:00Z,Bitget USDT Futures,ONDOUSDT,0.3505,54042288.199999996,18941822.014099997,5e-05,,OK,
2026-09-03T01:00:00Z,Bitget USDT Futures,SEIUSDT,0.04908,132759086.0,6515815.94088,0.0001,,OK,
2026-09-03T01:00:00Z,Bitget USDT Futures,SOLUSDT,100.14,4324575.799999963,433063020.61199623,3.5e-05,,OK,
2026-09-03T01:00:00Z,Bitget USDT Futures,SUIUSDT,0.754,62044655.800000004,46781670.4732,0.0001,,OK,
2026-09-03T01:00:00Z,Bitget USDT Futures,TAOUSDT,216.74,103756.978,22488287.41172,5e-05,,OK,
2026-09-03T01:00:00Z,Bitget USDT Futures,UNIUSDT,5.794,4024956.0,23320595.064,-2.6e-05,,OK,
2026-09-03T01:00:00Z,Bitget USDT Futures,XLMUSDT,0.1773,121202854.0,21489266.014200002,0.0001,,OK,
2026-09-03T01:00:00Z,Bitget USDT Futures,XRPUSDT,1.3563,174343021.0,236461439.38230002,0.0001,,OK,
2026-09-03T01:00:00Z,Bitget USDT Futures,ZECUSDT,816.15,96703.9569999992,78924934.50554934,0.0001,,OK,
2026-09-03T02:00:00Z,Bitget USDT Futures,AAVEUSDT,126.33,203251.80000000008,25676799.89400001,0.0001,,OK,
2026-09-03T02:00:00Z,Bitget USDT Futures,AVAXUSDT,7.203,2917827.3,21017110.041899998,0.0001,,OK,
2026-09-03T02:00:00Z,Bitget USDT Futures,BTCUSDT,77438.3,34477.054899999894,2669844520.4626617,7.2e-05,,OK,
2026-09-03T02:00:00Z,Bitget USDT Futures,CAKEUSDT,1.8289,765359.1999999997,1399765.4408799994,5e-05,,OK,
2026-09-03T02:00:00Z,Bitget USDT Futures,CCUSDT,0.10934,7161656.0,783055.46704,5e-05,,OK,
2026-09-03T02:00:00Z,Bitget USDT Futures,ENAUSDT,0.15059,223238080.0,33617422.4672,5e-05,,OK,
2026-09-03T02:00:00Z,Bitget USDT Futures,ETHUSDT,2389.58,770957.1799999999,1842263858.1843998,0.0001,,OK,
2026-09-03T02:00:00Z,Bitget USDT Futures,HBARUSDT,0.0754,169657821.0,12792199.703399999,0.0001,,OK,
2026-09-03T02:00:00Z,Bitget USDT Futures,HYPEUSDT,81.811,2304474.6500000004,188531375.59115005,-4.2e-05,,OK,
2026-09-03T02:00:00Z,Bitget USDT Futures,LINKUSDT,11.134,3847198.0,42834702.532,0.0001,,OK,
2026-09-03T02:00:00Z,Bitget USDT Futures,MORPHOUSDT,2.502,988205.0,2472488.9099999997,5e-05,,OK,
2026-09-03T02:00:00Z,Bitget USDT Futures,NEARUSDT,1.8673,16798026.0,31366953.9498,0.0001,,OK,
2026-09-03T02:00:00Z,Bitget USDT Futures,ONDOUSDT,0.3509,54168349.699999996,19007673.90973,5e-05,,OK,
2026-09-03T02:00:00Z,Bitget USDT Futures,SEIUSDT,0.04947,132444956.0,6552051.97332,0.0001,,OK,
2026-09-03T02:00:00Z,Bitget USDT Futures,SOLUSDT,100.282,4321189.699999963,433337545.49539626,3.6e-05,,OK,
2026-09-03T02:00:00Z,Bitget USDT Futures,SUIUSDT,0.7698,61872084.00000001,47629130.26320001,0.0001,,OK,
2026-09-03T02:00:00Z,Bitget USDT Futures,TAOUSDT,216.88,103742.138,22499594.88944,5e-05,,OK,
2026-09-03T02:00:00Z,Bitget USDT Futures,UNIUSDT,5.761,4043831.0,23296510.391,-2.2e-05,,OK,
2026-09-03T02:00:00Z,Bitget USDT Futures,XLMUSDT,0.17741,121656662.0,21583108.40542,0.0001,,OK,
2026-09-03T02:00:00Z,Bitget USDT Futures,XRPUSDT,1.3602,175625339.0,238885586.1078,0.0001,,OK,
2026-09-03T02:00:00Z,Bitget USDT Futures,ZECUSDT,819.68,97207.89999999918,79679371.47199932,0.0001,,OK,
2026-09-03T05:00:00Z,Bitget USDT Futures,AAVEUSDT,126.47,202075.4000000001,25556475.838000014,0.0001,,OK,
2026-09-03T05:00:00Z,Bitget USDT Futures,AVAXUSDT,7.216,2893462.4,20879224.6784,0.0001,,OK,
2026-09-03T05:00:00Z,Bitget USDT Futures,BTCUSDT,77119.6,34508.32249999989,2661268027.8709917,0.0001,,OK,
2026-09-03T05:00:00Z,Bitget USDT Futures,CAKEUSDT,1.8228,765101.7999999997,1394627.5610399994,5e-05,,OK,
2026-09-03T05:00:00Z,Bitget USDT Futures,CCUSDT,0.1097,7178326.0,787462.3622000001,5e-05,,OK,
2026-09-03T05:00:00Z,Bitget USDT Futures,ENAUSDT,0.14913,222533134.0,33186366.273420002,5e-05,,OK,
2026-09-03T05:00:00Z,Bitget USDT Futures,ETHUSDT,2380.0,786213.77,1871188772.6000001,0.0001,,OK,
2026-09-03T05:00:00Z,Bitget USDT Futures,HBARUSDT,0.07538,165597114.0,12482710.45332,0.0001,,OK,
2026-09-03T05:00:00Z,Bitget USDT Futures,HYPEUSDT,81.554,2299968.7800000003,187571653.88412002,-5.7e-05,,OK,
2026-09-03T05:00:00Z,Bitget USDT Futures,LINKUSDT,11.108,3831911.0,42564867.388000004,6.7e-05,,OK,
2026-09-03T05:00:00Z,Bitget USDT Futures,MORPHOUSDT,2.4939,994431.0,2480011.4709,5e-05,,OK,
2026-09-03T05:00:00Z,Bitget USDT Futures,NEARUSDT,1.8724,16817357.0,31488819.2468,0.0001,,OK,
2026-09-03T05:00:00Z,Bitget USDT Futures,ONDOUSDT,0.3475,54453101.9,18922452.910249997,5e-05,,OK,
2026-09-03T05:00:00Z,Bitget USDT Futures,SEIUSDT,0.04841,132846756.0,6431111.45796,0.0001,,OK,
2026-09-03T05:00:00Z,Bitget USDT Futures,SOLUSDT,99.733,4291222.399999962,427976483.61919624,3.9e-05,,OK,
2026-09-03T05:00:00Z,Bitget USDT Futures,SUIUSDT,0.7591,61936260.2,47015815.11782,0.0001,,OK,
2026-09-03T05:00:00Z,Bitget USDT Futures,TAOUSDT,217.03,104393.94600000001,22656618.100380003,5e-05,,OK,
2026-09-03T05:00:00Z,Bitget USDT Futures,UNIUSDT,5.693,4161741.0,23692791.512999997,-2.7e-05,,OK,
2026-09-03T05:00:00Z,Bitget USDT Futures,XLMUSDT,0.17537,121308885.0,21273939.16245,0.0001,,OK,
2026-09-03T05:00:00Z,Bitget USDT Futures,XRPUSDT,1.3524,175452815.0,237282387.006,0.0001,,OK,
2026-09-03T05:00:00Z,Bitget USDT Futures,ZECUSDT,813.29,97783.03599999919,79525965.34843934,0.0001,,OK,
2026-09-03T06:00:00Z,Bitget USDT Futures,AAVEUSDT,127.5,202149.8000000001,25774099.500000015,0.0001,,OK,
2026-09-03T06:00:00Z,Bitget USDT Futures,AVAXUSDT,7.289,2893975.9,21094190.3351,0.0001,,OK,
2026-09-03T06:00:00Z,Bitget USDT Futures,BTCUSDT,77740.0,34644.341399999896,2693251100.435992,0.0001,,OK,
2026-09-03T06:00:00Z,Bitget USDT Futures,CAKEUSDT,1.8388,765086.3999999998,1406840.8723199996,5e-05,,OK,
2026-09-03T06:00:00Z,Bitget USDT Futures,CCUSDT,0.10955,7215920.0,790504.036,5e-05,,OK,
2026-09-03T06:00:00Z,Bitget USDT Futures,ENAUSDT,0.15098,223514446.0,33746211.05708,5e-05,,OK,
2026-09-03T06:00:00Z,Bitget USDT Futures,ETHUSDT,2404.9,791458.02,1903377392.298,0.0001,,OK,
2026-09-03T06:00:00Z,Bitget USDT Futures,HBARUSDT,0.07591,165990267.0,12600321.167970002,0.0001,,OK,
2026-09-03T06:00:00Z,Bitget USDT Futures,HYPEUSDT,82.151,2300158.1000000006,188960288.07310003,-4.5e-05,,OK,
2026-09-03T06:00:00Z,Bitget USDT Futures,LINKUSDT,11.198,3819877.0,42774982.646,7.2e-05,,OK,
2026-09-03T06:00:00Z,Bitget USDT Futures,MORPHOUSDT,2.521,988529.0,2492081.6089999997,5e-05,,OK,
2026-09-03T06:00:00Z,Bitget USDT Futures,NEARUSDT,1.8965,16825464.0,31909492.476,0.0001,,OK,
2026-09-03T06:00:00Z,Bitget USDT Futures,ONDOUSDT,0.351,54375957.7,19085961.1527,5e-05,,OK,
2026-09-03T06:00:00Z,Bitget USDT Futures,SEIUSDT,0.0486,133079776.0,6467677.1136,0.0001,,OK,
2026-09-03T06:00:00Z,Bitget USDT Futures,SOLUSDT,100.766,4303895.499999963,433686333.95299625,4.1e-05,,OK,
2026-09-03T06:00:00Z,Bitget USDT Futures,SUIUSDT,0.7674,61920095.3,47517481.133219995,0.0001,,OK,
2026-09-03T06:00:00Z,Bitget USDT Futures,TAOUSDT,221.2,105248.07800000001,23280874.8536,5e-05,,OK,
2026-09-03T06:00:00Z,Bitget USDT Futures,UNIUSDT,5.712,4154933.0,23732977.296,1.2e-05,,OK,
2026-09-03T06:00:00Z,Bitget USDT Futures,XLMUSDT,0.17714,121400372.0,21504861.89608,0.0001,,OK,
2026-09-03T06:00:00Z,Bitget USDT Futures,XRPUSDT,1.367,175881047.0,240429391.249,0.0001,,OK,
2026-09-03T06:00:00Z,Bitget USDT Futures,ZECUSDT,831.58,97750.0909999992,81287020.67377934,0.0001,,OK,
2026-09-03T07:00:00Z,Bitget USDT Futures,AAVEUSDT,127.67,202638.8,25870895.595999997,0.0001,,OK,
2026-09-03T07:00:00Z,Bitget USDT Futures,AVAXUSDT,7.311,2884146.9999999995,21085998.716999996,0.0001,,OK,
2026-09-03T07:00:00Z,Bitget USDT Futures,BTCUSDT,77911.2,34885.73309999989,2717989328.7007113,9.8e-05,,OK,
2026-09-03T07:00:00Z,Bitget USDT Futures,CAKEUSDT,1.8579,752502.7999999998,1398074.9521199998,5e-05,,OK,
2026-09-03T07:00:00Z,Bitget USDT Futures,CCUSDT,0.10966,7327608.0,803545.4932799999,5e-05,,OK,
2026-09-03T07:00:00Z,Bitget USDT Futures,ENAUSDT,0.15306,224825132.0,34411734.70392,5e-05,,OK,
2026-09-03T07:00:00Z,Bitget USDT Futures,ETHUSDT,2409.19,789203.01,1901339999.6619,0.0001,,OK,
2026-09-03T07:00:00Z,Bitget USDT Futures,HBARUSDT,0.07654,165777277.0,12688592.78158,0.0001,,OK,
2026-09-03T07:00:00Z,Bitget USDT Futures,HYPEUSDT,82.207,2301489.72,189198565.41204,-2.5e-05,,OK,
2026-09-03T07:00:00Z,Bitget USDT Futures,LINKUSDT,11.253,3819586.0,42981801.258,0.0001,,OK,
2026-09-03T07:00:00Z,Bitget USDT Futures,MORPHOUSDT,2.5618,1008221.0,2582860.5578,5e-05,,OK,
2026-09-03T07:00:00Z,Bitget USDT Futures,NEARUSDT,1.898,16978954.0,32226054.691999998,0.0001,,OK,
2026-09-03T07:00:00Z,Bitget USDT Futures,ONDOUSDT,0.3531,54351402.9,19191480.36399,5e-05,,OK,
2026-09-03T07:00:00Z,Bitget USDT Futures,SEIUSDT,0.04842,133060002.0,6442765.29684,0.0001,,OK,
2026-09-03T07:00:00Z,Bitget USDT Futures,SOLUSDT,100.982,4336824.499999962,437941211.65899616,4.7e-05,,OK,
2026-09-03T07:00:00Z,Bitget USDT Futures,SUIUSDT,0.7701,62148495.1,47860556.076510005,0.0001,,OK,
2026-09-03T07:00:00Z,Bitget USDT Futures,TAOUSDT,222.41,105140.69800000002,23384342.642180003,5e-05,,OK,
2026-09-03T07:00:00Z,Bitget USDT Futures,UNIUSDT,5.726,4150665.0,23766707.79,3.7e-05,,OK,
2026-09-03T07:00:00Z,Bitget USDT Futures,XLMUSDT,0.17662,121188308.0,21404278.95896,0.0001,,OK,
2026-09-03T07:00:00Z,Bitget USDT Futures,XRPUSDT,1.3702,177120976.0,242691161.3152,0.0001,,OK,
2026-09-03T07:00:00Z,Bitget USDT Futures,ZECUSDT,832.67,98092.09399999921,81678343.91097935,0.0001,,OK,
2026-09-03T08:00:00Z,Bitget USDT Futures,AAVEUSDT,128.45,203123.5,26091213.575,0.0001,,OK,
2026-09-03T08:00:00Z,Bitget USDT Futures,AVAXUSDT,7.285,2915673.4999999995,21240681.447499998,0.0001,,OK,
2026-09-03T08:00:00Z,Bitget USDT Futures,BTCUSDT,77907.1,35092.629199999894,2733964972.347312,9.5e-05,,OK,
2026-09-03T08:00:00Z,Bitget USDT Futures,CAKEUSDT,1.9086,747819.7999999998,1427288.8702799997,5e-05,,OK,
2026-09-03T08:00:00Z,Bitget USDT Futures,CCUSDT,0.10988,7428774.0,816273.68712,5e-05,,OK,
2026-09-03T08:00:00Z,Bitget USDT Futures,ENAUSDT,0.15261,225279724.0,34379938.67964,5e-05,,OK,
2026-09-03T08:00:00Z,Bitget USDT Futures,ETHUSDT,2403.84,792049.6900000002,1903960726.8096006,0.0001,,OK,
2026-09-03T08:00:00Z,Bitget USDT Futures,HBARUSDT,0.07656,165574251.0,12676364.65656,0.0001,,OK,
2026-09-03T08:00:00Z,Bitget USDT Futures,HYPEUSDT,82.064,2306087.3000000003,189246748.1872,2.1e-05,,OK,
2026-09-03T08:00:00Z,Bitget USDT Futures,LINKUSDT,11.229,3834384.0,43056297.936,0.0001,,OK,
2026-09-03T08:00:00Z,Bitget USDT Futures,MORPHOUSDT,2.5378,1013909.0,2573098.2602,5e-05,,OK,
2026-09-03T08:00:00Z,Bitget USDT Futures,NEARUSDT,1.8921,16919836.0,32014021.6956,0.0001,,OK,
2026-09-03T08:00:00Z,Bitget USDT Futures,ONDOUSDT,0.3522,54238461.3,19102786.06986,5e-05,,OK,
2026-09-03T08:00:00Z,Bitget USDT Futures,SEIUSDT,0.04835,133182520.0,6439374.841999999,0.0001,,OK,
2026-09-03T08:00:00Z,Bitget USDT Futures,SOLUSDT,100.763,4333255.399999961,436631813.8701961,5.1e-05,,OK,
2026-09-03T08:00:00Z,Bitget USDT Futures,SUIUSDT,0.7734,61550103.400000006,47602849.969560005,0.0001,,OK,
2026-09-03T08:00:00Z,Bitget USDT Futures,TAOUSDT,223.0,104867.81000000001,23385521.630000003,5e-05,,OK,
2026-09-03T08:00:00Z,Bitget USDT Futures,UNIUSDT,5.761,4162447.0,23979857.167,4.1e-05,,OK,
2026-09-03T08:00:00Z,Bitget USDT Futures,XLMUSDT,0.17701,120957810.0,21410741.9481,0.0001,,OK,
2026-09-03T08:00:00Z,Bitget USDT Futures,XRPUSDT,1.3724,176051950.0,241613696.18,0.0001,,OK,
2026-09-03T08:00:00Z,Bitget USDT Futures,ZECUSDT,829.99,98269.0949999992,81562366.15904933,0.0001,,OK,
2026-09-03T09:00:00Z,Bitget USDT Futures,AAVEUSDT,130.1,203783.8,26512272.38,0.0001,,OK,
2026-09-03T09:00:00Z,Bitget USDT Futures,AVAXUSDT,7.289,2918595.0999999996,21273639.683899995,0.0001,,OK,
2026-09-03T09:00:00Z,Bitget USDT Futures,BTCUSDT,77856.2,35207.89659999989,2741153039.2689114,9e-05,,OK,
2026-09-03T09:00:00Z,Bitget USDT Futures,CAKEUSDT,1.9926,761284.6999999998,1516935.8932199995,5e-05,,OK,
2026-09-03T09:00:00Z,Bitget USDT Futures,CCUSDT,0.10978,7427268.0,815365.48104,5e-05,,OK,
2026-09-03T09:00:00Z,Bitget USDT Futures,ENAUSDT,0.15166,226234010.0,34310649.956599995,5e-05,,OK,
2026-09-03T09:00:00Z,Bitget USDT Futures,ETHUSDT,2403.55,790105.4000000001,1899057834.1700006,0.0001,,OK,
2026-09-03T09:00:00Z,Bitget USDT Futures,HBARUSDT,0.07698,164718293.0,12680014.19514,0.0001,,OK,
2026-09-03T09:00:00Z,Bitget USDT Futures,HYPEUSDT,82.09,2306276.1600000006,189322209.97440004,1e-05,,OK,
2026-09-03T09:00:00Z,Bitget USDT Futures,LINKUSDT,11.224,3833606.0,43028393.744,0.0001,,OK,
2026-09-03T09:00:00Z,Bitget USDT Futures,MORPHOUSDT,2.4891,1007357.0,2507412.3087,5e-05,,OK,
2026-09-03T09:00:00Z,Bitget USDT Futures,NEARUSDT,1.8947,16858704.0,31942186.4688,0.0001,,OK,
2026-09-03T09:00:00Z,Bitget USDT Futures,ONDOUSDT,0.3515,54425326.099999994,19130502.124149997,5e-05,,OK,
2026-09-03T09:00:00Z,Bitget USDT Futures,SEIUSDT,0.04817,133031482.0,6408126.487939999,0.0001,,OK,
2026-09-03T09:00:00Z,Bitget USDT Futures,SOLUSDT,100.559,4340800.299999962,436506537.3676961,4.8e-05,,OK,
2026-09-03T09:00:00Z,Bitget USDT Futures,SUIUSDT,0.7666,61994208.300000004,47524760.08278,0.0001,,OK,
2026-09-03T09:00:00Z,Bitget USDT Futures,TAOUSDT,222.07,105693.48800000001,23471352.88016,5e-05,,OK,
2026-09-03T09:00:00Z,Bitget USDT Futures,UNIUSDT,5.854,4169404.0,24407691.016,2.5e-05,,OK,
2026-09-03T09:00:00Z,Bitget USDT Futures,XLMUSDT,0.1769,120927704.0,21392110.8376,0.0001,,OK,
2026-09-03T09:00:00Z,Bitget USDT Futures,XRPUSDT,1.3678,176132232.0,240913666.92959997,0.0001,,OK,
2026-09-03T09:00:00Z,Bitget USDT Futures,ZECUSDT,831.61,99392.2899999992,82655622.28689933,0.0001,,OK,
2026-09-03T10:00:00Z,Bitget USDT Futures,AAVEUSDT,129.12,202840.8,26190804.096,0.0001,,OK,
2026-09-03T10:00:00Z,Bitget USDT Futures,AVAXUSDT,7.258,2914347.6999999997,21152335.606599998,0.0001,,OK,
2026-09-03T10:00:00Z,Bitget USDT Futures,BTCUSDT,77591.0,35165.04249999989,2728490812.6174912,8.3e-05,,OK,
2026-09-03T10:00:00Z,Bitget USDT Futures,CAKEUSDT,1.9618,753601.3999999998,1478415.2265199996,5e-05,,OK,
2026-09-03T10:00:00Z,Bitget USDT Futures,CCUSDT,0.10943,7463596.0,816741.31028,5e-05,,OK,
2026-09-03T10:00:00Z,Bitget USDT Futures,ENAUSDT,0.15073,226106473.0,34081028.67529,5e-05,,OK,
2026-09-03T10:00:00Z,Bitget USDT Futures,ETHUSDT,2393.79,786839.5800000001,1883528718.2082002,0.0001,,OK,
2026-09-03T10:00:00Z,Bitget USDT Futures,HBARUSDT,0.0766,164565353.0,12605706.0398,0.0001,,OK,
2026-09-03T10:00:00Z,Bitget USDT Futures,HYPEUSDT,81.761,2307028.7000000007,188624973.54070005,-2.9e-05,,OK,
2026-09-03T10:00:00Z,Bitget USDT Futures,LINKUSDT,11.176,3838161.0,42895287.336,0.0001,,OK,
2026-09-03T10:00:00Z,Bitget USDT Futures,MORPHOUSDT,2.4257,1007063.0,2442832.7191,5e-05,,OK,
2026-09-03T10:00:00Z,Bitget USDT Futures,NEARUSDT,1.8819,16818184.0,31650140.4696,0.0001,,OK,
2026-09-03T10:00:00Z,Bitget USDT Futures,ONDOUSDT,0.3518,54476336.3,19164775.11034,5e-05,,OK,
2026-09-03T10:00:00Z,Bitget USDT Futures,SEIUSDT,0.04776,133006534.0,6352392.06384,0.0001,,OK,
2026-09-03T10:00:00Z,Bitget USDT Futures,SOLUSDT,100.062,4347810.699999962,435050634.2633962,4.4e-05,,OK,
2026-09-03T10:00:00Z,Bitget USDT Futures,SUIUSDT,0.7627,62728328.7,47842896.299490005,0.0001,,OK,
2026-09-03T10:00:00Z,Bitget USDT Futures,TAOUSDT,221.23,104588.77200000001,23138174.02956,5e-05,,OK,
2026-09-03T10:00:00Z,Bitget USDT Futures,UNIUSDT,6.069,4096872.0,24863916.168,-1.5e-05,,OK,
2026-09-03T10:00:00Z,Bitget USDT Futures,XLMUSDT,0.17663,120977864.0,21368320.11832,0.0001,,OK,
2026-09-03T10:00:00Z,Bitget USDT Futures,XRPUSDT,1.3633,176395725.0,240480291.89249998,0.0001,,OK,
2026-09-03T10:00:00Z,Bitget USDT Futures,ZECUSDT,831.34,100120.45399999918,83234138.22835933,7.8e-05,,OK,
2026-09-03T11:00:00Z,Bitget USDT Futures,AAVEUSDT,129.05,202908.0,26185277.400000002,7.9e-05,,OK,
2026-09-03T11:00:00Z,Bitget USDT Futures,AVAXUSDT,7.276,2913972.4999999995,21202063.909999996,0.0001,,OK,
2026-09-03T11:00:00Z,Bitget USDT Futures,BTCUSDT,77853.8,35136.67719999989,2735523839.3933516,8.3e-05,,OK,
2026-09-03T11:00:00Z,Bitget USDT Futures,CAKEUSDT,1.98,752769.7999999998,1490484.2039999997,5e-05,,OK,
2026-09-03T11:00:00Z,Bitget USDT Futures,CCUSDT,0.1096,7348324.0,805376.3104000001,5e-05,,OK,
2026-09-03T11:00:00Z,Bitget USDT Futures,ENAUSDT,0.15161,223626605.0,33904029.58405,5e-05,,OK,
2026-09-03T11:00:00Z,Bitget USDT Futures,ETHUSDT,2400.93,786406.0500000002,1888105877.6265004,8.9e-05,,OK,
2026-09-03T11:00:00Z,Bitget USDT Futures,HBARUSDT,0.07677,164496201.0,12628373.35077,0.0001,,OK,
2026-09-03T11:00:00Z,Bitget USDT Futures,HYPEUSDT,81.94,2306146.6700000004,188965658.1398,-4.6e-05,,OK,
2026-09-03T11:00:00Z,Bitget USDT Futures,LINKUSDT,11.248,3835886.0,43146045.728,0.0001,,OK,
2026-09-03T11:00:00Z,Bitget USDT Futures,MORPHOUSDT,2.4143,1008817.0,2435586.8830999997,5e-05,,OK,
2026-09-03T11:00:00Z,Bitget USDT Futures,NEARUSDT,1.8967,16853994.0,31966970.419800002,0.0001,,OK,
2026-09-03T11:00:00Z,Bitget USDT Futures,ONDOUSDT,0.3551,54222778.5,19254508.64535,5e-05,,OK,
2026-09-03T11:00:00Z,Bitget USDT Futures,SEIUSDT,0.04792,132661372.0,6357132.9462399995,0.0001,,OK,
2026-09-03T11:00:00Z,Bitget USDT Futures,SOLUSDT,100.598,4378438.999999962,440462206.52199614,4.5e-05,,OK,
2026-09-03T11:00:00Z,Bitget USDT Futures,SUIUSDT,0.7681,62782552.900000006,48223278.88249,0.0001,,OK,
2026-09-03T11:00:00Z,Bitget USDT Futures,TAOUSDT,222.56,104750.777,23313332.92912,5e-05,,OK,
2026-09-03T11:00:00Z,Bitget USDT Futures,UNIUSDT,6.072,4136895.0,25119226.44,-4.2e-05,,OK,
2026-09-03T11:00:00Z,Bitget USDT Futures,XLMUSDT,0.1775,120756844.0,21434339.81,0.0001,,OK,
2026-09-03T11:00:00Z,Bitget USDT Futures,XRPUSDT,1.3683,176433117.0,241413433.9911,0.0001,,OK,
2026-09-03T11:00:00Z,Bitget USDT Futures,ZECUSDT,836.61,99876.60999999919,83557770.69209932,1.9e-05,,OK,
2026-09-03T12:00:00Z,Bitget USDT Futures,AAVEUSDT,131.09,203602.6,26690264.834000003,8.5e-05,,OK,
2026-09-03T12:00:00Z,Bitget USDT Futures,AVAXUSDT,7.291,2921829.9,21303061.8009,0.0001,,OK,
2026-09-03T12:00:00Z,Bitget USDT Futures,BTCUSDT,77958.4,35147.88879999989,2740073174.225911,6.3e-05,,OK,
2026-09-03T12:00:00Z,Bitget USDT Futures,CAKEUSDT,1.9829,765216.5999999999,1517347.9961399997,5e-05,,OK,
2026-09-03T12:00:00Z,Bitget USDT Futures,CCUSDT,0.1102,7256108.0,799623.1016,5e-05,,OK,
2026-09-03T12:00:00Z,Bitget USDT Futures,ENAUSDT,0.15517,224059119.0,34767253.495230004,5e-05,,OK,
2026-09-03T12:00:00Z,Bitget USDT Futures,ETHUSDT,2407.21,786283.8400000001,1892750322.4864001,6.7e-05,,OK,
2026-09-03T12:00:00Z,Bitget USDT Futures,HBARUSDT,0.07703,164765299.0,12691870.981970001,0.0001,,OK,
2026-09-03T12:00:00Z,Bitget USDT Futures,HYPEUSDT,82.013,2311893.6400000006,189605333.09732005,-2.1e-05,,OK,
2026-09-03T12:00:00Z,Bitget USDT Futures,LINKUSDT,11.281,3862904.0,43577420.024000004,0.0001,,OK,
2026-09-03T12:00:00Z,Bitget USDT Futures,MORPHOUSDT,2.4163,1008623.0,2437135.7549,5e-05,,OK,
2026-09-03T12:00:00Z,Bitget USDT Futures,NEARUSDT,1.9011,16894730.0,32118571.203,0.0001,,OK,
2026-09-03T12:00:00Z,Bitget USDT Futures,ONDOUSDT,0.3558,54305399.5,19321861.1421,5e-05,,OK,
2026-09-03T12:00:00Z,Bitget USDT Futures,SEIUSDT,0.04803,134323532.0,6451559.24196,0.0001,,OK,
2026-09-03T12:00:00Z,Bitget USDT Futures,SOLUSDT,100.704,4346121.099999962,437671779.2543962,4.3e-05,,OK,
2026-09-03T12:00:00Z,Bitget USDT Futures,SUIUSDT,0.7657,62535713.50000001,47883595.826950006,0.0001,,OK,
2026-09-03T12:00:00Z,Bitget USDT Futures,TAOUSDT,222.52,104506.20400000001,23254720.514080003,5e-05,,OK,
2026-09-03T12:00:00Z,Bitget USDT Futures,UNIUSDT,6.217,4061370.0,25249537.29,-2.7e-05,,OK,
2026-09-03T12:00:00Z,Bitget USDT Futures,XLMUSDT,0.1783,120518575.0,21488461.9225,8.4e-05,,OK,
2026-09-03T12:00:00Z,Bitget USDT Futures,XRPUSDT,1.3718,176263311.0,241798010.0298,0.0001,,OK,
2026-09-03T12:00:00Z,Bitget USDT Futures,ZECUSDT,842.02,99554.70699999918,83827054.38813931,-1.8e-05,,OK,
2026-09-03T13:00:00Z,Bitget USDT Futures,AAVEUSDT,131.02,202964.4,26592395.688,8.5e-05,,OK,
2026-09-03T13:00:00Z,Bitget USDT Futures,AVAXUSDT,7.294,2920469.3,21301903.074199997,0.0001,,OK,
2026-09-03T13:00:00Z,Bitget USDT Futures,BTCUSDT,78444.5,35124.37229999989,2755313822.8873415,5.2e-05,,OK,
2026-09-03T13:00:00Z,Bitget USDT Futures,CAKEUSDT,1.9663,763883.1999999998,1502023.5361599997,5e-05,,OK,
2026-09-03T13:00:00Z,Bitget USDT Futures,CCUSDT,0.11039,7281000.0,803749.59,5e-05,,OK,
2026-09-03T13:00:00Z,Bitget USDT Futures,ENAUSDT,0.1554,223625240.0,34751362.296000004,5e-05,,OK,
2026-09-03T13:00:00Z,Bitget USDT Futures,ETHUSDT,2416.94,786810.1900000001,1901673020.6186001,5.8e-05,,OK,
2026-09-03T13:00:00Z,Bitget USDT Futures,HBARUSDT,0.07744,165240051.0,12796189.549439998,0.0001,,OK,
2026-09-03T13:00:00Z,Bitget USDT Futures,HYPEUSDT,82.574,2319116.7300000004,191498744.86302003,1.6e-05,,OK,
2026-09-03T13:00:00Z,Bitget USDT Futures,LINKUSDT,11.393,3857672.0,43950457.096,0.0001,,OK,
2026-09-03T13:00:00Z,Bitget USDT Futures,MORPHOUSDT,2.4243,1019189.0,2470819.8927,5e-05,,OK,
2026-09-03T13:00:00Z,Bitget USDT Futures,NEARUSDT,1.9111,16925514.0,32346349.8054,0.0001,,OK,
2026-09-03T13:00:00Z,Bitget USDT Futures,ONDOUSDT,0.3554,54325155.7,19307160.335780002,5e-05,,OK,
2026-09-03T13:00:00Z,Bitget USDT Futures,SEIUSDT,0.04808,133820040.0,6434067.5232,0.0001,,OK,
2026-09-03T13:00:00Z,Bitget USDT Futures,SOLUSDT,101.377,4344671.299999962,440449742.3800961,3.9e-05,,OK,
2026-09-03T13:00:00Z,Bitget USDT Futures,SUIUSDT,0.7653,62665263.7,47957726.30961,0.0001,,OK,
2026-09-03T13:00:00Z,Bitget USDT Futures,TAOUSDT,221.6,104039.172,23055080.5152,5e-05,,OK,
2026-09-03T13:00:00Z,Bitget USDT Futures,UNIUSDT,6.32,4040267.0,25534487.44,1.3e-05,,OK,
2026-09-03T13:00:00Z,Bitget USDT Futures,XLMUSDT,0.17907,121194874.0,21702366.08718,8.2e-05,,OK,
2026-09-03T13:00:00Z,Bitget USDT Futures,XRPUSDT,1.3887,170757861.0,237131441.57070002,0.0001,,OK,
2026-09-03T13:00:00Z,Bitget USDT Futures,ZECUSDT,846.07,100340.28199999915,84894902.39173928,-5.4e-05,,OK,
2026-09-03T14:00:00Z,Bitget USDT Futures,AAVEUSDT,130.7,202611.0,26481257.7,6.8e-05,,OK,
2026-09-03T14:00:00Z,Bitget USDT Futures,AVAXUSDT,7.329,2926849.8,21450882.184199996,0.0001,,OK,
2026-09-03T14:00:00Z,Bitget USDT Futures,BTCUSDT,78962.8,35326.682399999896,2789493757.014712,4.1e-05,,OK,
2026-09-03T14:00:00Z,Bitget USDT Futures,CAKEUSDT,1.9592,774390.7999999998,1517186.4553599998,5e-05,,OK,
2026-09-03T14:00:00Z,Bitget USDT Futures,CCUSDT,0.10973,7305976.0,801684.74648,5e-05,,OK,
2026-09-03T14:00:00Z,Bitget USDT Futures,ENAUSDT,0.15639,225460937.0,35259835.93743,5e-05,,OK,
2026-09-03T14:00:00Z,Bitget USDT Futures,ETHUSDT,2438.18,788695.2800000001,1922981057.7904003,5.8e-05,,OK,
2026-09-03T14:00:00Z,Bitget USDT Futures,HBARUSDT,0.0778,165151252.0,12848767.405599998,0.0001,,OK,
2026-09-03T14:00:00Z,Bitget USDT Futures,HYPEUSDT,83.349,2319818.4300000006,193354546.32207006,3.9e-05,,OK,
2026-09-03T14:00:00Z,Bitget USDT Futures,LINKUSDT,11.462,3880283.0,44475803.746,0.0001,,OK,
2026-09-03T14:00:00Z,Bitget USDT Futures,MORPHOUSDT,2.4124,1027606.0,2478996.7144,5e-05,,OK,
2026-09-03T14:00:00Z,Bitget USDT Futures,NEARUSDT,1.916,16826804.0,32240156.463999998,0.0001,,OK,
2026-09-03T14:00:00Z,Bitget USDT Futures,ONDOUSDT,0.3571,54214536.800000004,19360011.09128,5e-05,,OK,
2026-09-03T14:00:00Z,Bitget USDT Futures,SEIUSDT,0.04817,134368234.0,6472517.83178,0.0001,,OK,
2026-09-03T14:00:00Z,Bitget USDT Futures,SOLUSDT,101.739,4344160.999999961,441970595.97899604,2.7e-05,,OK,
2026-09-03T14:00:00Z,Bitget USDT Futures,SUIUSDT,0.7684,62488724.1,48016335.59844,0.0001,,OK,
2026-09-03T14:00:00Z,Bitget USDT Futures,TAOUSDT,222.26,104274.57300000002,23176066.59498,5e-05,,OK,
2026-09-03T14:00:00Z,Bitget USDT Futures,UNIUSDT,6.073,4006526.0,24331632.398000002,3.6e-05,,OK,
2026-09-03T14:00:00Z,Bitget USDT Futures,XLMUSDT,0.17965,120161469.0,21587007.90585,6.8e-05,,OK,
2026-09-03T14:00:00Z,Bitget USDT Futures,XRPUSDT,1.3948,171486662.0,239189596.15760002,9.5e-05,,OK,
2026-09-03T14:00:00Z,Bitget USDT Futures,ZECUSDT,860.05,101960.90399999914,87691475.48519926,-0.000114,,OK,
2026-09-03T15:00:00Z,Bitget USDT Futures,AAVEUSDT,133.09,203188.09999999998,27042304.229,6.6e-05,,OK,
2026-09-03T15:00:00Z,Bitget USDT Futures,AVAXUSDT,7.416,2914801.8,21616170.1488,0.0001,,OK,
2026-09-03T15:00:00Z,Bitget USDT Futures,BTCUSDT,80564.7,34746.02439999991,2799303031.9786725,4e-05,,OK,
2026-09-03T15:00:00Z,Bitget USDT Futures,CAKEUSDT,1.9906,762609.9999999998,1518051.4659999995,5e-05,,OK,
2026-09-03T15:00:00Z,Bitget USDT Futures,CCUSDT,0.11187,7312244.0,818020.73628,5e-05,,OK,
2026-09-03T15:00:00Z,Bitget USDT Futures,ENAUSDT,0.16093,225052171.0,36217645.87903,5e-05,,OK,
2026-09-03T15:00:00Z,Bitget USDT Futures,ETHUSDT,2483.84,780390.99,1938366356.6016002,7.1e-05,,OK,
2026-09-03T15:00:00Z,Bitget USDT Futures,HBARUSDT,0.0787,165789245.0,13047613.581500001,0.0001,,OK,
2026-09-03T15:00:00Z,Bitget USDT Futures,HYPEUSDT,83.647,2309128.7800000007,193151695.06066006,3.8e-05,,OK,
2026-09-03T15:00:00Z,Bitget USDT Futures,LINKUSDT,11.666,3886102.0,45335265.932000004,0.0001,,OK,
2026-09-03T15:00:00Z,Bitget USDT Futures,MORPHOUSDT,2.4254,1031271.0,2501244.6834,5e-05,,OK,
2026-09-03T15:00:00Z,Bitget USDT Futures,NEARUSDT,1.9458,16876543.0,32838377.3694,0.0001,,OK,
2026-09-03T15:00:00Z,Bitget USDT Futures,ONDOUSDT,0.3665,53554041.5,19627556.20975,5e-05,,OK,
2026-09-03T15:00:00Z,Bitget USDT Futures,SEIUSDT,0.04858,134203152.0,6519589.12416,0.0001,,OK,
2026-09-03T15:00:00Z,Bitget USDT Futures,SOLUSDT,104.164,4251075.999999962,442809080.46399605,5.6e-05,,OK,
2026-09-03T15:00:00Z,Bitget USDT Futures,SUIUSDT,0.7789,62016901.300000004,48304964.422570005,0.0001,,OK,
2026-09-03T15:00:00Z,Bitget USDT Futures,TAOUSDT,225.92,103936.83800000002,23481410.44096,5e-05,,OK,
2026-09-03T15:00:00Z,Bitget USDT Futures,UNIUSDT,6.133,3993182.0,24490185.206,8.6e-05,,OK,
2026-09-03T15:00:00Z,Bitget USDT Futures,XLMUSDT,0.18262,118738844.0,21684087.69128,0.0001,,OK,
2026-09-03T15:00:00Z,Bitget USDT Futures,XRPUSDT,1.4398,168082298.0,242004892.6604,8.4e-05,,OK,
2026-09-03T15:00:00Z,Bitget USDT Futures,ZECUSDT,876.03,103552.52399999918,90715117.59971927,-0.000172,,OK,
2026-09-03T16:00:00Z,Bitget USDT Futures,AAVEUSDT,131.58,205611.5,27054361.17,5.5e-05,,OK,
2026-09-03T16:00:00Z,Bitget USDT Futures,AVAXUSDT,7.486,2916735.3999999994,21834681.204399996,0.0001,,OK,
2026-09-03T16:00:00Z,Bitget USDT Futures,BTCUSDT,80719.9,34199.18019999991,2760554405.8259726,4.4e-05,,OK,
2026-09-03T16:00:00Z,Bitget USDT Futures,CAKEUSDT,1.9787,763360.9999999998,1510462.4106999994,5e-05,,OK,
2026-09-03T16:00:00Z,Bitget USDT Futures,CCUSDT,0.11189,7315560.0,818538.0084,5e-05,,OK,
2026-09-03T16:00:00Z,Bitget USDT Futures,ENAUSDT,0.17228,227837572.0,39251856.90416,5e-05,,OK,
2026-09-03T16:00:00Z,Bitget USDT Futures,ETHUSDT,2494.23,783401.1599999999,1953982675.3068,8.7e-05,,OK,
2026-09-03T16:00:00Z,Bitget USDT Futures,HBARUSDT,0.07887,166898376.0,13163274.91512,0.0001,,OK,
2026-09-03T16:00:00Z,Bitget USDT Futures,HYPEUSDT,83.757,2318807.3500000006,194216347.21395007,1.4e-05,,OK,
2026-09-03T16:00:00Z,Bitget USDT Futures,LINKUSDT,11.661,3874011.0,45174842.271,0.0001,,OK,
2026-09-03T16:00:00Z,Bitget USDT Futures,MORPHOUSDT,2.4602,1019141.0,2507290.6881999997,5e-05,,OK,
2026-09-03T16:00:00Z,Bitget USDT Futures,NEARUSDT,1.9664,16656411.0,32753166.5904,0.0001,,OK,
2026-09-03T16:00:00Z,Bitget USDT Futures,ONDOUSDT,0.3671,53928011.7,19796973.09507,5e-05,,OK,
2026-09-03T16:00:00Z,Bitget USDT Futures,SEIUSDT,0.04894,139795329.0,6841583.40126,0.0001,,OK,
2026-09-03T16:00:00Z,Bitget USDT Futures,SOLUSDT,103.988,4262481.0999999605,443246884.6267959,8.9e-05,,OK,
2026-09-03T16:00:00Z,Bitget USDT Futures,SUIUSDT,0.7796,62396573.20000001,48644368.46672001,0.0001,,OK,
2026-09-03T16:00:00Z,Bitget USDT Futures,TAOUSDT,227.86,103173.91200000001,23509207.588320006,5e-05,,OK,
2026-09-03T16:00:00Z,Bitget USDT Futures,UNIUSDT,6.111,4028545.0,24618438.494999997,0.0001,,OK,
2026-09-03T16:00:00Z,Bitget USDT Futures,XLMUSDT,0.18585,118009230.0,21932015.395499997,0.0001,,OK,
2026-09-03T16:00:00Z,Bitget USDT Futures,XRPUSDT,1.4492,168254263.0,243834077.93960002,9.9e-05,,OK,
2026-09-03T16:00:00Z,Bitget USDT Futures,ZECUSDT,939.86,105353.95099999919,99017964.38685924,-0.00012,,OK,
2026-09-03T17:00:00Z,Bitget USDT Futures,AAVEUSDT,134.16,205095.8,27515652.527999997,4.9e-05,,OK,
2026-09-03T17:00:00Z,Bitget USDT Futures,AVAXUSDT,7.514,2895573.9999999995,21757343.036,0.0001,,OK,
2026-09-03T17:00:00Z,Bitget USDT Futures,BTCUSDT,81067.6,34130.63579999991,2766888730.7800727,4.6e-05,,OK,
2026-09-03T17:00:00Z,Bitget USDT Futures,CAKEUSDT,1.9891,763908.7999999998,1519490.9940799996,5e-05,,OK,
2026-09-03T17:00:00Z,Bitget USDT Futures,CCUSDT,0.11157,7323730.0,817108.5561,5e-05,,OK,
2026-09-03T17:00:00Z,Bitget USDT Futures,ENAUSDT,0.17509,226747173.0,39701162.52057,5e-05,,OK,
2026-09-03T17:00:00Z,Bitget USDT Futures,ETHUSDT,2498.15,781048.3599999998,1951175960.5339994,0.0001,,OK,
2026-09-03T17:00:00Z,Bitget USDT Futures,HBARUSDT,0.08021,166657309.0,13367582.75489,0.0001,,OK,
2026-09-03T17:00:00Z,Bitget USDT Futures,HYPEUSDT,84.298,2323590.110000001,195873999.09278008,-2.9e-05,,OK,
2026-09-03T17:00:00Z,Bitget USDT Futures,LINKUSDT,11.728,3911903.0,45878798.383999996,0.0001,,OK,
2026-09-03T17:00:00Z,Bitget USDT Futures,MORPHOUSDT,2.5045,1014041.0,2539665.6845,5e-05,,OK,
2026-09-03T17:00:00Z,Bitget USDT Futures,NEARUSDT,2.003,16686270.0,33422598.810000002,0.0001,,OK,
2026-09-03T17:00:00Z,Bitget USDT Futures,ONDOUSDT,0.3689,53885518.300000004,19878367.700870004,5e-05,,OK,
2026-09-03T17:00:00Z,Bitget USDT Futures,SEIUSDT,0.04919,138221212.0,6799101.41828,0.0001,,OK,
2026-09-03T17:00:00Z,Bitget USDT Futures,SOLUSDT,104.774,4267801.39999996,447154623.8835958,0.0001,,OK,
2026-09-03T17:00:00Z,Bitget USDT Futures,SUIUSDT,0.7902,62511858.10000001,49396870.27062001,0.0001,,OK,
2026-09-03T17:00:00Z,Bitget USDT Futures,TAOUSDT,229.85,103516.05600000003,23793165.471600004,5e-05,,OK,
2026-09-03T17:00:00Z,Bitget USDT Futures,UNIUSDT,6.173,3985328.0,24601429.744,9.2e-05,,OK,
2026-09-03T17:00:00Z,Bitget USDT Futures,XLMUSDT,0.18726,121533112.0,22758290.553120002,0.0001,,OK,
2026-09-03T17:00:00Z,Bitget USDT Futures,XRPUSDT,1.456,169349126.0,246572327.456,0.0001,,OK,
2026-09-03T17:00:00Z,Bitget USDT Futures,ZECUSDT,949.06,106062.18199999921,100659374.44891925,-9.3e-05,,OK,
2026-09-03T18:00:00Z,Bitget USDT Futures,AAVEUSDT,134.25,205018.19999999998,27523693.349999998,4e-05,,OK,
2026-09-03T18:00:00Z,Bitget USDT Futures,AVAXUSDT,7.514,2893627.6999999997,21742718.5378,0.0001,,OK,
2026-09-03T18:00:00Z,Bitget USDT Futures,BTCUSDT,81095.0,34076.27419999991,2763415456.248993,3.9e-05,,OK,
2026-09-03T18:00:00Z,Bitget USDT Futures,CAKEUSDT,1.9873,764834.3999999998,1519955.4031199997,5e-05,,OK,
2026-09-03T18:00:00Z,Bitget USDT Futures,CCUSDT,0.11207,7315932.0,819896.49924,5e-05,,OK,
2026-09-03T18:00:00Z,Bitget USDT Futures,ENAUSDT,0.17611,229381787.0,40396426.50857,5e-05,,OK,
2026-09-03T18:00:00Z,Bitget USDT Futures,ETHUSDT,2504.95,782541.2899999998,1960226804.3854995,0.0001,,OK,
2026-09-03T18:00:00Z,Bitget USDT Futures,HBARUSDT,0.07948,167079963.0,13279515.459239999,0.0001,,OK,
2026-09-03T18:00:00Z,Bitget USDT Futures,HYPEUSDT,83.997,2318954.880000001,194785253.05536008,-6.6e-05,,OK,
2026-09-03T18:00:00Z,Bitget USDT Futures,LINKUSDT,11.769,3913223.0,46054721.487,0.0001,,OK,
2026-09-03T18:00:00Z,Bitget USDT Futures,MORPHOUSDT,2.491,1018847.0,2537947.8770000003,5e-05,,OK,
2026-09-03T18:00:00Z,Bitget USDT Futures,NEARUSDT,2.0078,16721304.0,33573034.1712,0.0001,,OK,
2026-09-03T18:00:00Z,Bitget USDT Futures,ONDOUSDT,0.3675,53680365.0,19727534.1375,5e-05,,OK,
2026-09-03T18:00:00Z,Bitget USDT Futures,SEIUSDT,0.04913,137844194.0,6772285.25122,0.0001,,OK,
2026-09-03T18:00:00Z,Bitget USDT Futures,SOLUSDT,104.673,4266333.19999996,446569895.04359585,0.0001,,OK,
2026-09-03T18:00:00Z,Bitget USDT Futures,SUIUSDT,0.7917,62321421.800000004,49339869.63906,0.0001,,OK,
2026-09-03T18:00:00Z,Bitget USDT Futures,TAOUSDT,228.76,102896.16600000001,23538526.93416,5e-05,,OK,
2026-09-03T18:00:00Z,Bitget USDT Futures,UNIUSDT,6.162,3968220.0,24452171.64,5.3e-05,,OK,
2026-09-03T18:00:00Z,Bitget USDT Futures,XLMUSDT,0.18666,120162428.0,22429518.81048,0.0001,,OK,
2026-09-03T18:00:00Z,Bitget USDT Futures,XRPUSDT,1.4625,170478710.0,249325113.37499997,0.0001,,OK,
2026-09-03T18:00:00Z,Bitget USDT Futures,ZECUSDT,958.83,105744.30499999922,101390811.96314926,-0.000104,,OK,
2026-09-03T19:00:00Z,Bitget USDT Futures,AAVEUSDT,134.29,204079.4,27405822.626,6e-05,,OK,
2026-09-03T19:00:00Z,Bitget USDT Futures,AVAXUSDT,7.521,2894688.4999999995,21770952.208499998,0.0001,,OK,
2026-09-03T19:00:00Z,Bitget USDT Futures,BTCUSDT,81152.2,33574.45909999991,2724641219.775013,3.5e-05,,OK,
2026-09-03T19:00:00Z,Bitget USDT Futures,CAKEUSDT,1.991,763757.3999999998,1520640.9833999996,3.6e-05,,OK,
2026-09-03T19:00:00Z,Bitget USDT Futures,CCUSDT,0.11208,7354612.0,824304.91296,5e-05,,OK,
2026-09-03T19:00:00Z,Bitget USDT Futures,ENAUSDT,0.17144,228634167.0,39197041.59048,5e-05,,OK,
2026-09-03T19:00:00Z,Bitget USDT Futures,ETHUSDT,2507.64,778982.3099999997,1953407199.8483992,0.0001,,OK,
2026-09-03T19:00:00Z,Bitget USDT Futures,HBARUSDT,0.07945,167341725.0,13295300.051250001,0.0001,,OK,
2026-09-03T19:00:00Z,Bitget USDT Futures,HYPEUSDT,84.288,2320076.2400000007,195554586.11712006,-5e-05,,OK,
2026-09-03T19:00:00Z,Bitget USDT Futures,LINKUSDT,11.79,3897085.0,45946632.15,0.0001,,OK,
2026-09-03T19:00:00Z,Bitget USDT Futures,MORPHOUSDT,2.5366,1023937.0,2597318.5942,5e-05,,OK,
2026-09-03T19:00:00Z,Bitget USDT Futures,NEARUSDT,1.9894,16617491.0,33058836.5954,0.0001,,OK,
2026-09-03T19:00:00Z,Bitget USDT Futures,ONDOUSDT,0.3664,53781934.2,19705700.69088,5e-05,,OK,
2026-09-03T19:00:00Z,Bitget USDT Futures,SEIUSDT,0.04936,140617398.0,6940874.76528,0.0001,,OK,
2026-09-03T19:00:00Z,Bitget USDT Futures,SOLUSDT,105.031,4262230.39999996,447666321.14239585,0.0001,,OK,
2026-09-03T19:00:00Z,Bitget USDT Futures,SUIUSDT,0.7855,62909194.70000001,49415172.436850004,0.0001,,OK,
2026-09-03T19:00:00Z,Bitget USDT Futures,TAOUSDT,229.61,103119.28000000003,23677217.88080001,5e-05,,OK,
2026-09-03T19:00:00Z,Bitget USDT Futures,UNIUSDT,6.276,3910645.0,24543208.02,5.6e-05,,OK,
2026-09-03T19:00:00Z,Bitget USDT Futures,XLMUSDT,0.18562,119966481.0,22268178.203220002,0.0001,,OK,
2026-09-03T19:00:00Z,Bitget USDT Futures,XRPUSDT,1.4609,171314550.0,250273426.09500003,0.0001,,OK,
2026-09-03T19:00:00Z,Bitget USDT Futures,ZECUSDT,963.06,106698.6039999992,102757157.56823923,-0.000159,,OK,
2026-09-03T20:00:00Z,Bitget USDT Futures,AAVEUSDT,133.98,203676.99999999997,27288644.459999993,6e-05,,OK,
2026-09-03T20:00:00Z,Bitget USDT Futures,AVAXUSDT,7.526,2915665.3,21943297.047799997,0.0001,,OK,
2026-09-03T20:00:00Z,Bitget USDT Futures,BTCUSDT,81408.8,33768.27569999992,2749034802.8061533,1.7e-05,,OK,
2026-09-03T20:00:00Z,Bitget USDT Futures,CAKEUSDT,2.0003,777109.7999999998,1554452.7329399998,5e-05,,OK,
2026-09-03T20:00:00Z,Bitget USDT Futures,CCUSDT,0.11159,7397180.0,825451.3162,5e-05,,OK,
2026-09-03T20:00:00Z,Bitget USDT Futures,ENAUSDT,0.17008,228735566.0,38903345.065280005,5e-05,,OK,
2026-09-03T20:00:00Z,Bitget USDT Futures,ETHUSDT,2510.43,776367.2699999997,1949015685.626099,0.0001,,OK,
2026-09-03T20:00:00Z,Bitget USDT Futures,HBARUSDT,0.0794,167819799.0,13324892.0406,0.0001,,OK,
2026-09-03T20:00:00Z,Bitget USDT Futures,HYPEUSDT,85.897,2329088.7600000007,200061737.21772006,-1.4e-05,,OK,
2026-09-03T20:00:00Z,Bitget USDT Futures,LINKUSDT,11.854,3895293.0,46174803.221999995,0.0001,,OK,
2026-09-03T20:00:00Z,Bitget USDT Futures,MORPHOUSDT,2.5349,1018779.0,2582502.8871,5e-05,,OK,
2026-09-03T20:00:00Z,Bitget USDT Futures,NEARUSDT,1.9792,16700794.0,33054211.4848,0.0001,,OK,
2026-09-03T20:00:00Z,Bitget USDT Futures,ONDOUSDT,0.3667,54494075.300000004,19982977.412510004,5e-05,,OK,
2026-09-03T20:00:00Z,Bitget USDT Futures,SEIUSDT,0.04944,140125418.0,6927800.66592,0.0001,,OK,
2026-09-03T20:00:00Z,Bitget USDT Futures,SOLUSDT,105.238,4260048.099999961,448318941.9477959,0.0001,,OK,
2026-09-03T20:00:00Z,Bitget USDT Futures,SUIUSDT,0.7851,63542061.20000001,49886872.24812001,0.0001,,OK,
2026-09-03T20:00:00Z,Bitget USDT Futures,TAOUSDT,229.84,102920.84000000001,23655325.8656,5e-05,,OK,
2026-09-03T20:00:00Z,Bitget USDT Futures,UNIUSDT,6.26,3910760.0,24481357.599999998,8.9e-05,,OK,
2026-09-03T20:00:00Z,Bitget USDT Futures,XLMUSDT,0.18671,119971128.0,22399809.308879998,0.0001,,OK,
2026-09-03T20:00:00Z,Bitget USDT Futures,XRPUSDT,1.4705,171019026.0,251483477.73299998,0.0001,,OK,
2026-09-03T20:00:00Z,Bitget USDT Futures,ZECUSDT,966.86,106806.08199999918,103266528.4425192,-0.000171,,OK,
2026-09-03T21:00:00Z,Bitget USDT Futures,AAVEUSDT,134.52,203167.19999999998,27330051.744,8.6e-05,,OK,
2026-09-03T21:00:00Z,Bitget USDT Futures,AVAXUSDT,7.538,2913595.1999999997,21962680.617599998,0.0001,,OK,
2026-09-03T21:00:00Z,Bitget USDT Futures,BTCUSDT,81507.9,33556.17769999992,2735093576.353823,-4e-06,,OK,
2026-09-03T21:00:00Z,Bitget USDT Futures,CAKEUSDT,2.0125,773765.5999999997,1557203.2699999996,5e-05,,OK,
2026-09-03T21:00:00Z,Bitget USDT Futures,CCUSDT,0.11232,7324376.0,822673.91232,5e-05,,OK,
2026-09-03T21:00:00Z,Bitget USDT Futures,ENAUSDT,0.17003,230165309.0,39135007.489269994,5e-05,,OK,
2026-09-03T21:00:00Z,Bitget USDT Futures,ETHUSDT,2509.1,776614.8399999996,1948604295.043999,0.0001,,OK,
2026-09-03T21:00:00Z,Bitget USDT Futures,HBARUSDT,0.07951,169756771.0,13497360.86221,0.0001,,OK,
2026-09-03T21:00:00Z,Bitget USDT Futures,HYPEUSDT,85.448,2330369.5000000005,199125413.036,1.3e-05,,OK,
2026-09-03T21:00:00Z,Bitget USDT Futures,LINKUSDT,11.891,3912148.0,46519351.868,0.0001,,OK,
2026-09-03T21:00:00Z,Bitget USDT Futures,MORPHOUSDT,2.53,1013473.0,2564086.69,5e-05,,OK,
2026-09-03T21:00:00Z,Bitget USDT Futures,NEARUSDT,1.984,16696228.0,33125316.351999998,0.0001,,OK,
2026-09-03T21:00:00Z,Bitget USDT Futures,ONDOUSDT,0.3678,53766452.900000006,19775301.376620002,5e-05,,OK,
2026-09-03T21:00:00Z,Bitget USDT Futures,SEIUSDT,0.04967,139124966.0,6910337.06122,0.0001,,OK,
2026-09-03T21:00:00Z,Bitget USDT Futures,SOLUSDT,105.164,4256914.89999996,447674198.54359585,0.0001,,OK,
2026-09-03T21:00:00Z,Bitget USDT Futures,SUIUSDT,0.7906,63199085.300000004,49965196.83818,0.0001,,OK,
2026-09-03T21:00:00Z,Bitget USDT Futures,TAOUSDT,230.23,102760.02800000002,23658441.246440005,5e-05,,OK,
2026-09-03T21:00:00Z,Bitget USDT Futures,UNIUSDT,6.419,3907089.0,25079604.290999997,0.0001,,OK,
2026-09-03T21:00:00Z,Bitget USDT Futures,XLMUSDT,0.18701,119798878.0,22403588.17478,0.0001,,OK,
2026-09-03T21:00:00Z,Bitget USDT Futures,XRPUSDT,1.4684,169679887.0,249157946.07079998,0.0001,,OK,
2026-09-03T21:00:00Z,Bitget USDT Futures,ZECUSDT,959.33,107117.09499999917,102760642.74634922,-0.000156,,OK,
2026-09-03T22:00:00Z,Bitget USDT Futures,AAVEUSDT,134.37,202664.8,27232069.176,9e-05,,OK,
2026-09-03T22:00:00Z,Bitget USDT Futures,AVAXUSDT,7.535,2905947.7999999993,21896316.672999997,0.0001,,OK,
2026-09-03T22:00:00Z,Bitget USDT Futures,BTCUSDT,81343.0,33157.38279999992,2697120989.1003933,-9e-06,,OK,
2026-09-03T22:00:00Z,Bitget USDT Futures,CAKEUSDT,2.0078,763410.5999999999,1532775.8026799997,5e-05,,OK,
2026-09-03T22:00:00Z,Bitget USDT Futures,CCUSDT,0.11242,7263352.0,816546.0318400001,5e-05,,OK,
2026-09-03T22:00:00Z,Bitget USDT Futures,ENAUSDT,0.16843,228953106.0,38562571.64358,5e-05,,OK,
2026-09-03T22:00:00Z,Bitget USDT Futures,ETHUSDT,2504.29,774551.6499999997,1939701951.578499,0.0001,,OK,
2026-09-03T22:00:00Z,Bitget USDT Futures,HBARUSDT,0.07929,170102582.0,13487433.72678,0.0001,,OK,
2026-09-03T22:00:00Z,Bitget USDT Futures,HYPEUSDT,85.285,2324718.5000000005,198263617.27250004,1.4e-05,,OK,
2026-09-03T22:00:00Z,Bitget USDT Futures,LINKUSDT,11.908,3892393.0,46350615.844,0.0001,,OK,
2026-09-03T22:00:00Z,Bitget USDT Futures,MORPHOUSDT,2.5121,1011299.0,2540484.2179,2.5e-05,,OK,
2026-09-03T22:00:00Z,Bitget USDT Futures,NEARUSDT,1.9677,16682132.0,32825431.1364,0.0001,,OK,
2026-09-03T22:00:00Z,Bitget USDT Futures,ONDOUSDT,0.3639,53768481.0,19566350.2359,5e-05,,OK,
2026-09-03T22:00:00Z,Bitget USDT Futures,SEIUSDT,0.04951,138892398.0,6876562.62498,0.0001,,OK,
2026-09-03T22:00:00Z,Bitget USDT Futures,SOLUSDT,104.967,4269847.999999961,448193135.01599586,0.0001,,OK,
2026-09-03T22:00:00Z,Bitget USDT Futures,SUIUSDT,0.784,62314343.50000001,48854445.304000005,0.0001,,OK,
2026-09-03T22:00:00Z,Bitget USDT Futures,TAOUSDT,228.03,101616.10000000002,23171519.283000004,5e-05,,OK,
2026-09-03T22:00:00Z,Bitget USDT Futures,UNIUSDT,6.406,3899393.0,24979511.558,0.0001,,OK,
2026-09-03T22:00:00Z,Bitget USDT Futures,XLMUSDT,0.1855,120104682.0,22279418.511,0.0001,,OK,
2026-09-03T22:00:00Z,Bitget USDT Futures,XRPUSDT,1.4575,170009704.0,247789143.58,0.0001,,OK,
2026-09-03T22:00:00Z,Bitget USDT Futures,ZECUSDT,947.96,106978.16799999918,101411024.13727923,-0.000105,,OK,
2026-09-03T23:00:00Z,Bitget USDT Futures,AAVEUSDT,132.81,203014.00000000003,26962289.340000004,8.6e-05,,OK,
2026-09-03T23:00:00Z,Bitget USDT Futures,AVAXUSDT,7.494,2903012.4999999995,21755175.674999997,0.0001,,OK,
2026-09-03T23:00:00Z,Bitget USDT Futures,BTCUSDT,81138.9,33221.17939999991,2695529953.2186527,-7e-06,,OK,
2026-09-03T23:00:00Z,Bitget USDT Futures,CAKEUSDT,2.019,763637.7999999998,1541784.7181999998,5e-05,,OK,
2026-09-03T23:00:00Z,Bitget USDT Futures,CCUSDT,0.11239,7248416.0,814649.47424,5e-05,,OK,
2026-09-03T23:00:00Z,Bitget USDT Futures,ENAUSDT,0.16893,233312734.0,39413520.15462,5e-05,,OK,
2026-09-03T23:00:00Z,Bitget USDT Futures,ETHUSDT,2496.35,776357.3199999997,1938059595.781999,0.0001,,OK,
2026-09-03T23:00:00Z,Bitget USDT Futures,HBARUSDT,0.07898,169895584.0,13418353.224319998,0.0001,,OK,
2026-09-03T23:00:00Z,Bitget USDT Futures,HYPEUSDT,86.193,2323495.4800000004,200269045.90764004,3.6e-05,,OK,
2026-09-03T23:00:00Z,Bitget USDT Futures,LINKUSDT,11.793,3884976.0,45815521.967999995,0.0001,,OK,
2026-09-03T23:00:00Z,Bitget USDT Futures,MORPHOUSDT,2.466,1000647.0,2467595.5020000003,-2.6e-05,,OK,
2026-09-03T23:00:00Z,Bitget USDT Futures,NEARUSDT,1.9541,16642040.0,32520210.364,0.0001,,OK,
2026-09-03T23:00:00Z,Bitget USDT Futures,ONDOUSDT,0.3625,53808989.50000001,19505758.69375,5e-05,,OK,
2026-09-03T23:00:00Z,Bitget USDT Futures,SEIUSDT,0.04894,137759002.0,6741925.557879999,0.0001,,OK,
2026-09-03T23:00:00Z,Bitget USDT Futures,SOLUSDT,103.964,4263938.299999962,443296081.421196,0.0001,,OK,
2026-09-03T23:00:00Z,Bitget USDT Futures,SUIUSDT,0.7808,62265434.40000001,48616851.17952001,0.0001,,OK,
2026-09-03T23:00:00Z,Bitget USDT Futures,TAOUSDT,225.16,101750.40200000002,22910120.514320005,5e-05,,OK,
2026-09-03T23:00:00Z,Bitget USDT Futures,UNIUSDT,6.372,3976803.0,25340188.716,0.0001,,OK,
2026-09-03T23:00:00Z,Bitget USDT Futures,XLMUSDT,0.18356,120166046.0,22057679.40376,0.0001,,OK,
2026-09-03T23:00:00Z,Bitget USDT Futures,XRPUSDT,1.4545,169884175.0,247096532.5375,0.0001,,OK,
2026-09-03T23:00:00Z,Bitget USDT Futures,ZECUSDT,945.4,106475.55999999918,100661994.42399922,-2e-06,,OK,
2026-09-04T00:00:00Z,Bitget USDT Futures,AAVEUSDT,132.47,202648.00000000006,26844780.560000006,0.0001,,OK,
2026-09-04T00:00:00Z,Bitget USDT Futures,AVAXUSDT,7.499,2906666.2999999993,21797090.583699994,0.0001,,OK,
2026-09-04T00:00:00Z,Bitget USDT Futures,BTCUSDT,81149.9,33155.98509999992,2690604875.2664833,1.8e-05,,OK,
2026-09-04T00:00:00Z,Bitget USDT Futures,CAKEUSDT,2.0592,771717.9999999998,1589121.7055999995,5e-05,,OK,
2026-09-04T00:00:00Z,Bitget USDT Futures,CCUSDT,0.11281,7239712.0,816711.9107199999,5e-05,,OK,
2026-09-04T00:00:00Z,Bitget USDT Futures,ENAUSDT,0.16983,231402944.0,39299161.97952,5e-05,,OK,
2026-09-04T00:00:00Z,Bitget USDT Futures,ETHUSDT,2505.05,776034.3899999997,1944004948.6694994,9.8e-05,,OK,
2026-09-04T00:00:00Z,Bitget USDT Futures,HBARUSDT,0.07912,170003967.0,13450713.86904,0.0001,,OK,
2026-09-04T00:00:00Z,Bitget USDT Futures,HYPEUSDT,86.874,2320817.6200000006,201618709.91988003,5e-05,,OK,
2026-09-04T00:00:00Z,Bitget USDT Futures,LINKUSDT,11.825,3897210.0,46084508.25,0.0001,,OK,
2026-09-04T00:00:00Z,Bitget USDT Futures,MORPHOUSDT,2.4843,997971.0,2479259.3553000004,-2.3e-05,,OK,
2026-09-04T00:00:00Z,Bitget USDT Futures,NEARUSDT,1.9458,16658646.0,32414393.3868,0.0001,,OK,
2026-09-04T00:00:00Z,Bitget USDT Futures,ONDOUSDT,0.3631,54576122.5,19816590.079749998,5e-05,,OK,
2026-09-04T00:00:00Z,Bitget USDT Futures,SEIUSDT,0.04896,135955784.0,6656395.18464,0.0001,,OK,
2026-09-04T00:00:00Z,Bitget USDT Futures,SOLUSDT,103.641,4309268.299999962,446616875.88029605,0.0001,,OK,
2026-09-04T00:00:00Z,Bitget USDT Futures,SUIUSDT,0.7808,62753895.50000001,48998241.606400006,0.0001,,OK,
2026-09-04T00:00:00Z,Bitget USDT Futures,TAOUSDT,225.53,101936.97900000002,22989846.873870004,5e-05,,OK,
2026-09-04T00:00:00Z,Bitget USDT Futures,UNIUSDT,6.357,3948606.0,25101288.342,0.0001,,OK,
2026-09-04T00:00:00Z,Bitget USDT Futures,XLMUSDT,0.18388,120091068.0,22082345.583839998,0.0001,,OK,
2026-09-04T00:00:00Z,Bitget USDT Futures,XRPUSDT,1.4472,170719685.0,247065528.132,0.0001,,OK,
2026-09-04T00:00:00Z,Bitget USDT Futures,ZECUSDT,943.03,105843.18999999917,99813303.46569921,4e-05,,OK,
2026-09-04T01:00:00Z,Bitget USDT Futures,AAVEUSDT,132.87,202501.60000000006,26906387.592000008,0.0001,,OK,
2026-09-04T01:00:00Z,Bitget USDT Futures,AVAXUSDT,7.487,2903291.0999999996,21736940.465699997,0.0001,,OK,
2026-09-04T01:00:00Z,Bitget USDT Futures,BTCUSDT,80902.3,33095.82259999992,2677528168.7319736,3e-05,,OK,
2026-09-04T01:00:00Z,Bitget USDT Futures,CAKEUSDT,2.0131,798441.1999999998,1607341.9797199997,5e-05,,OK,
2026-09-04T01:00:00Z,Bitget USDT Futures,CCUSDT,0.11188,7225856.0,808428.76928,5e-05,,OK,
2026-09-04T01:00:00Z,Bitget USDT Futures,ENAUSDT,0.16781,228370571.0,38322865.51950999,5e-05,,OK,
2026-09-04T01:00:00Z,Bitget USDT Futures,ETHUSDT,2502.86,779147.6899999996,1950097587.393399,9.5e-05,,OK,
2026-09-04T01:00:00Z,Bitget USDT Futures,HBARUSDT,0.07874,169841119.0,13373289.71006,0.0001,,OK,
2026-09-04T01:00:00Z,Bitget USDT Futures,HYPEUSDT,86.776,2319828.7000000007,201305455.27120006,5e-05,,OK,
2026-09-04T01:00:00Z,Bitget USDT Futures,LINKUSDT,11.808,3952779.0,46674414.432,0.0001,,OK,
2026-09-04T01:00:00Z,Bitget USDT Futures,MORPHOUSDT,2.4611,995403.0,2449786.3233000003,2.3e-05,,OK,
2026-09-04T01:00:00Z,Bitget USDT Futures,NEARUSDT,1.9393,16556502.0,32108024.3286,0.0001,,OK,
2026-09-04T01:00:00Z,Bitget USDT Futures,ONDOUSDT,0.362,54466265.50000001,19716788.111,5e-05,,OK,
2026-09-04T01:00:00Z,Bitget USDT Futures,SEIUSDT,0.04875,133817102.0,6523583.7225,0.0001,,OK,
2026-09-04T01:00:00Z,Bitget USDT Futures,SOLUSDT,103.574,4351568.799999962,450709386.891196,8e-05,,OK,
2026-09-04T01:00:00Z,Bitget USDT Futures,SUIUSDT,0.7765,62917912.10000001,48855758.74565001,0.0001,,OK,
2026-09-04T01:00:00Z,Bitget USDT Futures,TAOUSDT,225.32,102408.17400000003,23074609.765680004,5e-05,,OK,
2026-09-04T01:00:00Z,Bitget USDT Futures,UNIUSDT,6.356,3914689.0,24881763.283999998,0.0001,,OK,
2026-09-04T01:00:00Z,Bitget USDT Futures,XLMUSDT,0.18297,119992670.0,21955058.8299,0.0001,,OK,
2026-09-04T01:00:00Z,Bitget USDT Futures,XRPUSDT,1.4424,170063055.0,245298950.53199998,0.0001,,OK,
2026-09-04T01:00:00Z,Bitget USDT Futures,ZECUSDT,937.56,105627.76499999917,99032367.35339922,7.9e-05,,OK,
2026-09-04T02:00:00Z,Bitget USDT Futures,AAVEUSDT,133.14,202641.2000000001,26979649.368000012,0.0001,,OK,
2026-09-04T02:00:00Z,Bitget USDT Futures,AVAXUSDT,7.495,2907782.4999999995,21793829.8375,0.0001,,OK,
2026-09-04T02:00:00Z,Bitget USDT Futures,BTCUSDT,80782.4,32935.56059999992,2660613630.613433,5.7e-05,,OK,
2026-09-04T02:00:00Z,Bitget USDT Futures,CAKEUSDT,2.0066,799175.7999999998,1603626.1602799997,5e-05,,OK,
2026-09-04T02:00:00Z,Bitget USDT Futures,CCUSDT,0.1119,7298882.0,816744.8957999999,5e-05,,OK,
2026-09-04T02:00:00Z,Bitget USDT Futures,ENAUSDT,0.1678,230556055.0,38687306.029,5e-05,,OK,
2026-09-04T02:00:00Z,Bitget USDT Futures,ETHUSDT,2502.0,777115.5999999996,1944343231.199999,0.0001,,OK,
2026-09-04T02:00:00Z,Bitget USDT Futures,HBARUSDT,0.07854,169649461.0,13324268.66694,0.0001,,OK,
2026-09-04T02:00:00Z,Bitget USDT Futures,HYPEUSDT,87.348,2317216.1000000006,202404191.90280005,5e-05,,OK,
2026-09-04T02:00:00Z,Bitget USDT Futures,LINKUSDT,11.833,3960922.0,46869590.026,0.0001,,OK,
2026-09-04T02:00:00Z,Bitget USDT Futures,MORPHOUSDT,2.4732,993279.0,2456577.6228,5e-05,,OK,
2026-09-04T02:00:00Z,Bitget USDT Futures,NEARUSDT,1.9383,16512440.0,32006062.452,0.0001,,OK,
2026-09-04T02:00:00Z,Bitget USDT Futures,ONDOUSDT,0.3627,54485467.900000006,19761879.207330003,5e-05,,OK,
2026-09-04T02:00:00Z,Bitget USDT Futures,SEIUSDT,0.04856,132545662.0,6436417.34672,0.0001,,OK,
2026-09-04T02:00:00Z,Bitget USDT Futures,SOLUSDT,103.566,4357924.399999961,451332798.410396,7.6e-05,,OK,
2026-09-04T02:00:00Z,Bitget USDT Futures,SUIUSDT,0.7715,62357124.90000001,48108521.860350005,0.0001,,OK,
2026-09-04T02:00:00Z,Bitget USDT Futures,TAOUSDT,226.59,102479.07300000002,23220733.151070006,5e-05,,OK,
2026-09-04T02:00:00Z,Bitget USDT Futures,UNIUSDT,6.324,3970972.0,25112426.928,0.0001,,OK,
2026-09-04T02:00:00Z,Bitget USDT Futures,XLMUSDT,0.18262,120050316.0,21923588.70792,0.0001,,OK,
2026-09-04T02:00:00Z,Bitget USDT Futures,XRPUSDT,1.4422,170091122.0,245305416.14839998,0.0001,,OK,
2026-09-04T02:00:00Z,Bitget USDT Futures,ZECUSDT,939.88,104954.34699999916,98644491.65835921,0.0001,,OK,
2026-09-04T03:00:00Z,Bitget USDT Futures,AAVEUSDT,133.87,202230.4000000001,27072583.648000017,0.0001,,OK,
2026-09-04T03:00:00Z,Bitget USDT Futures,AVAXUSDT,7.499,2898536.4999999995,21736125.213499997,0.0001,,OK,
2026-09-04T03:00:00Z,Bitget USDT Futures,BTCUSDT,80862.1,32907.66299999992,2660982736.2722936,8.3e-05,,OK,
2026-09-04T03:00:00Z,Bitget USDT Futures,CAKEUSDT,2.0141,800916.9999999998,1613126.9296999995,5e-05,,OK,
2026-09-04T03:00:00Z,Bitget USDT Futures,CCUSDT,0.11204,7340342.0,822411.91768,5e-05,,OK,
2026-09-04T03:00:00Z,Bitget USDT Futures,ENAUSDT,0.16756,230520372.0,38625993.53232,5e-05,,OK,
2026-09-04T03:00:00Z,Bitget USDT Futures,ETHUSDT,2509.11,779876.1299999997,1956794996.5442991,0.0001,,OK,
2026-09-04T03:00:00Z,Bitget USDT Futures,HBARUSDT,0.0783,169526479.0,13273923.305699999,0.0001,,OK,
2026-09-04T03:00:00Z,Bitget USDT Futures,HYPEUSDT,86.948,2318971.0700000003,201629896.59436002,5e-05,,OK,
2026-09-04T03:00:00Z,Bitget USDT Futures,LINKUSDT,11.904,4047020.0,48175726.08,0.0001,,OK,
2026-09-04T03:00:00Z,Bitget USDT Futures,MORPHOUSDT,2.4709,993261.0,2454248.6048999997,5e-05,,OK,
2026-09-04T03:00:00Z,Bitget USDT Futures,NEARUSDT,1.9446,16489416.0,32065318.353600003,0.0001,,OK,
2026-09-04T03:00:00Z,Bitget USDT Futures,ONDOUSDT,0.3629,54866058.300000004,19910892.557070002,5e-05,,OK,
2026-09-04T03:00:00Z,Bitget USDT Futures,SEIUSDT,0.04863,132303246.0,6433906.85298,0.0001,,OK,
2026-09-04T03:00:00Z,Bitget USDT Futures,SOLUSDT,103.764,4351063.499999962,451483753.013996,7.3e-05,,OK,
2026-09-04T03:00:00Z,Bitget USDT Futures,SUIUSDT,0.776,62565784.60000001,48551048.84960001,0.0001,,OK,
2026-09-04T03:00:00Z,Bitget USDT Futures,TAOUSDT,227.8,102751.66000000002,23406828.148000006,5e-05,,OK,
2026-09-04T03:00:00Z,Bitget USDT Futures,UNIUSDT,6.361,3938626.0,25053599.985999998,0.0001,,OK,
2026-09-04T03:00:00Z,Bitget USDT Futures,XLMUSDT,0.18344,120068044.0,22025281.991359998,0.0001,,OK,
2026-09-04T03:00:00Z,Bitget USDT Futures,XRPUSDT,1.4477,169410145.0,245255066.9165,0.0001,,OK,
2026-09-04T03:00:00Z,Bitget USDT Futures,ZECUSDT,946.79,104713.48399999917,99141679.51635921,0.0001,,OK,
2026-09-04T04:00:00Z,Bitget USDT Futures,AAVEUSDT,133.77,201144.80000000013,26907139.89600002,0.0001,,OK,
2026-09-04T04:00:00Z,Bitget USDT Futures,AVAXUSDT,7.497,2896804.6999999997,21717344.835899998,0.0001,,OK,
2026-09-04T04:00:00Z,Bitget USDT Futures,BTCUSDT,81008.0,32973.71829999991,2671134972.046393,0.0001,,OK,
2026-09-04T04:00:00Z,Bitget USDT Futures,CAKEUSDT,2.0108,798552.9999999998,1605730.3723999998,5e-05,,OK,
2026-09-04T04:00:00Z,Bitget USDT Futures,CCUSDT,0.11188,7346774.0,821957.0751199999,5e-05,,OK,
2026-09-04T04:00:00Z,Bitget USDT Futures,ENAUSDT,0.16643,233251485.0,38820044.64855,5e-05,,OK,
2026-09-04T04:00:00Z,Bitget USDT Futures,ETHUSDT,2507.96,784317.3199999997,1967036465.8671994,8.4e-05,,OK,
2026-09-04T04:00:00Z,Bitget USDT Futures,HBARUSDT,0.07828,169524815.0,13270402.5182,0.0001,,OK,
2026-09-04T04:00:00Z,Bitget USDT Futures,HYPEUSDT,86.917,2325142.6400000006,202094422.84088007,5e-05,,OK,
2026-09-04T04:00:00Z,Bitget USDT Futures,LINKUSDT,11.903,4057549.0,48297005.747,0.0001,,OK,
2026-09-04T04:00:00Z,Bitget USDT Futures,MORPHOUSDT,2.4787,995301.0,2467052.5886999997,5e-05,,OK,
2026-09-04T04:00:00Z,Bitget USDT Futures,NEARUSDT,1.9496,16514310.0,32196298.776,0.0001,,OK,
2026-09-04T04:00:00Z,Bitget USDT Futures,ONDOUSDT,0.3641,56009706.400000006,20393134.10024,5e-05,,OK,
2026-09-04T04:00:00Z,Bitget USDT Futures,SEIUSDT,0.04877,132062656.0,6440695.73312,0.0001,,OK,
2026-09-04T04:00:00Z,Bitget USDT Futures,SOLUSDT,103.742,4361555.499999962,452476490.68099606,6.8e-05,,OK,
2026-09-04T04:00:00Z,Bitget USDT Futures,SUIUSDT,0.7729,62910472.500000015,48623504.19525001,0.0001,,OK,
2026-09-04T04:00:00Z,Bitget USDT Futures,TAOUSDT,229.48,104244.52400000002,23922033.367520005,5e-05,,OK,
2026-09-04T04:00:00Z,Bitget USDT Futures,UNIUSDT,6.271,3932377.0,24659936.167,0.0001,,OK,
2026-09-04T04:00:00Z,Bitget USDT Futures,XLMUSDT,0.18328,120064426.0,22005407.99728,0.0001,,OK,
2026-09-04T04:00:00Z,Bitget USDT Futures,XRPUSDT,1.4489,170192900.0,246592492.81,0.0001,,OK,
2026-09-04T04:00:00Z,Bitget USDT Futures,ZECUSDT,948.94,104708.61399999917,99362192.16915922,0.0001,,OK,
2026-09-04T05:00:00Z,Bitget USDT Futures,AAVEUSDT,133.78,200710.60000000012,26851064.068000015,7.1e-05,,OK,
2026-09-04T05:00:00Z,Bitget USDT Futures,AVAXUSDT,7.488,2894432.0999999996,21673507.564799998,0.0001,,OK,
2026-09-04T05:00:00Z,Bitget USDT Futures,BTCUSDT,80927.4,32800.11499999992,2654428026.6509933,0.0001,,OK,
2026-09-04T05:00:00Z,Bitget USDT Futures,CAKEUSDT,2.0062,811896.7999999998,1628827.3601599997,5e-05,,OK,
2026-09-04T05:00:00Z,Bitget USDT Futures,CCUSDT,0.11129,7338458.0,816696.99082,5e-05,,OK,
2026-09-04T05:00:00Z,Bitget USDT Futures,ENAUSDT,0.1642,234052960.0,38431496.032000005,5e-05,,OK,
2026-09-04T05:00:00Z,Bitget USDT Futures,ETHUSDT,2510.23,781996.2099999997,1962990346.2282994,6.9e-05,,OK,
2026-09-04T05:00:00Z,Bitget USDT Futures,HBARUSDT,0.07803,169342133.0,13213766.63799,0.0001,,OK,
2026-09-04T05:00:00Z,Bitget USDT Futures,HYPEUSDT,86.371,2332598.0400000005,201468825.31284004,5e-05,,OK,
2026-09-04T05:00:00Z,Bitget USDT Futures,LINKUSDT,11.919,4070618.0,48517695.942,0.0001,,OK,
2026-09-04T05:00:00Z,Bitget USDT Futures,MORPHOUSDT,2.4719,995199.0,2460032.4081,5e-05,,OK,
2026-09-04T05:00:00Z,Bitget USDT Futures,NEARUSDT,1.9364,16527912.0,32004648.7968,0.0001,,OK,
2026-09-04T05:00:00Z,Bitget USDT Futures,ONDOUSDT,0.3635,55834526.300000004,20295850.31005,5e-05,,OK,
2026-09-04T05:00:00Z,Bitget USDT Futures,SEIUSDT,0.04871,131684554.0,6414354.625340001,0.0001,,OK,
2026-09-04T05:00:00Z,Bitget USDT Futures,SOLUSDT,103.644,4363305.399999962,452230424.8775961,7e-05,,OK,
2026-09-04T05:00:00Z,Bitget USDT Futures,SUIUSDT,0.7691,63207205.50000001,48612661.75005001,0.0001,,OK,
2026-09-04T05:00:00Z,Bitget USDT Futures,TAOUSDT,229.69,105721.76200000002,24283231.513780005,4.4e-05,,OK,
2026-09-04T05:00:00Z,Bitget USDT Futures,UNIUSDT,6.236,3895721.0,24293716.156,0.0001,,OK,
2026-09-04T05:00:00Z,Bitget USDT Futures,XLMUSDT,0.1832,120138096.0,22009299.1872,0.0001,,OK,
2026-09-04T05:00:00Z,Bitget USDT Futures,XRPUSDT,1.4462,170362343.0,246378020.4466,0.0001,,OK,
2026-09-04T05:00:00Z,Bitget USDT Futures,ZECUSDT,950.16,104208.51399999917,99014761.66223921,6.8e-05,,OK,
2026-09-04T06:00:00Z,Bitget USDT Futures,AAVEUSDT,133.29,201176.60000000012,26814829.014000013,-1.2e-05,,OK,
2026-09-04T06:00:00Z,Bitget USDT Futures,AVAXUSDT,7.458,2888785.4999999995,21544562.258999996,0.0001,,OK,
2026-09-04T06:00:00Z,Bitget USDT Futures,BTCUSDT,80885.7,32680.668999999918,2643398788.5332932,9.2e-05,,OK,
2026-09-04T06:00:00Z,Bitget USDT Futures,CAKEUSDT,1.9806,942091.1999999998,1865905.8307199995,-1.4e-05,,OK,
2026-09-04T06:00:00Z,Bitget USDT Futures,CCUSDT,0.11006,7338536.0,807679.27216,5e-05,,OK,
2026-09-04T06:00:00Z,Bitget USDT Futures,ENAUSDT,0.16189,233204420.0,37753463.5538,5e-05,,OK,
2026-09-04T06:00:00Z,Bitget USDT Futures,ETHUSDT,2509.45,782293.3699999998,1963126097.3464992,7.1e-05,,OK,
2026-09-04T06:00:00Z,Bitget USDT Futures,HBARUSDT,0.07783,169444269.0,13187847.45627,0.0001,,OK,
2026-09-04T06:00:00Z,Bitget USDT Futures,HYPEUSDT,85.876,2339665.2,200921088.71520004,5e-05,,OK,
2026-09-04T06:00:00Z,Bitget USDT Futures,LINKUSDT,11.853,4057511.0,48093677.883,0.0001,,OK,
2026-09-04T06:00:00Z,Bitget USDT Futures,MORPHOUSDT,2.481,991915.0,2460941.1149999998,5e-05,,OK,
2026-09-04T06:00:00Z,Bitget USDT Futures,NEARUSDT,1.9205,16506316.0,31700379.878000002,6.7e-05,,OK,
2026-09-04T06:00:00Z,Bitget USDT Futures,ONDOUSDT,0.36,55167387.1,19860259.356,5e-05,,OK,
2026-09-04T06:00:00Z,Bitget USDT Futures,SEIUSDT,0.04797,131140834.0,6290825.80698,0.0001,,OK,
2026-09-04T06:00:00Z,Bitget USDT Futures,SOLUSDT,103.722,4359149.099999963,452139662.95019615,6.5e-05,,OK,
2026-09-04T06:00:00Z,Bitget USDT Futures,SUIUSDT,0.7682,62762112.90000001,48213855.12978001,0.0001,,OK,
2026-09-04T06:00:00Z,Bitget USDT Futures,TAOUSDT,227.38,103709.14200000002,23581384.707960006,3.3e-05,,OK,
2026-09-04T06:00:00Z,Bitget USDT Futures,UNIUSDT,6.285,3898267.0,24500608.095,0.0001,,OK,
2026-09-04T06:00:00Z,Bitget USDT Futures,XLMUSDT,0.18298,120241352.0,22001762.58896,0.0001,,OK,
2026-09-04T06:00:00Z,Bitget USDT Futures,XRPUSDT,1.4471,169545138.0,245348769.1998,0.0001,,OK,
2026-09-04T06:00:00Z,Bitget USDT Futures,ZECUSDT,953.13,104763.46599999917,99853202.34857921,1.6e-05,,OK,
2026-09-04T07:00:00Z,Bitget USDT Futures,AAVEUSDT,133.58,201950.60000000012,26976561.14800002,-1.2e-05,,OK,
2026-09-04T07:00:00Z,Bitget USDT Futures,AVAXUSDT,7.487,2888513.0999999996,21626297.579699997,0.0001,,OK,
2026-09-04T07:00:00Z,Bitget USDT Futures,BTCUSDT,80857.7,32872.506499999916,2657995268.825043,8e-05,,OK,
2026-09-04T07:00:00Z,Bitget USDT Futures,CAKEUSDT,1.9771,930702.5999999997,1840092.1104599996,-0.000125,,OK,
2026-09-04T07:00:00Z,Bitget USDT Futures,CCUSDT,0.11089,7306662.0,810235.74918,5e-05,,OK,
2026-09-04T07:00:00Z,Bitget USDT Futures,ENAUSDT,0.16541,231257352.0,38252278.59432,5e-05,,OK,
2026-09-04T07:00:00Z,Bitget USDT Futures,ETHUSDT,2512.47,780287.4299999997,1960448759.252099,7.9e-05,,OK,
2026-09-04T07:00:00Z,Bitget USDT Futures,HBARUSDT,0.07799,169214015.0,13197001.02985,0.0001,,OK,
2026-09-04T07:00:00Z,Bitget USDT Futures,HYPEUSDT,86.04,2347262.0900000003,201958430.22360003,5e-05,,OK,
2026-09-04T07:00:00Z,Bitget USDT Futures,LINKUSDT,11.946,4066066.0,48573224.436,0.0001,,OK,
2026-09-04T07:00:00Z,Bitget USDT Futures,MORPHOUSDT,2.4809,991541.0,2459914.0669,5e-05,,OK,
2026-09-04T07:00:00Z,Bitget USDT Futures,NEARUSDT,1.978,16458060.0,32554042.68,-1.5e-05,,OK,
2026-09-04T07:00:00Z,Bitget USDT Futures,ONDOUSDT,0.362,55271293.50000001,20008208.247,5e-05,,OK,
2026-09-04T07:00:00Z,Bitget USDT Futures,SEIUSDT,0.04792,131355694.0,6294564.85648,0.0001,,OK,
2026-09-04T07:00:00Z,Bitget USDT Futures,SOLUSDT,103.799,4368839.899999963,453481212.7800962,6.9e-05,,OK,
2026-09-04T07:00:00Z,Bitget USDT Futures,SUIUSDT,0.7723,63299599.80000001,48886280.92554001,0.0001,,OK,
2026-09-04T07:00:00Z,Bitget USDT Futures,TAOUSDT,230.09,104014.45000000003,23932684.800500005,5e-05,,OK,
2026-09-04T07:00:00Z,Bitget USDT Futures,UNIUSDT,6.349,3880179.0,24635256.471,0.0001,,OK,
2026-09-04T07:00:00Z,Bitget USDT Futures,XLMUSDT,0.18351,120214300.0,22060526.193,0.0001,,OK,
2026-09-04T07:00:00Z,Bitget USDT Futures,XRPUSDT,1.4484,170096234.0,246367385.3256,0.0001,,OK,
2026-09-04T07:00:00Z,Bitget USDT Futures,ZECUSDT,972.94,105838.67899999917,102974684.3462592,-2.5e-05,,OK,
2026-09-04T08:00:00Z,Bitget USDT Futures,AAVEUSDT,134.48,201918.4000000001,27153986.43200001,4e-05,,OK,
2026-09-04T08:00:00Z,Bitget USDT Futures,AVAXUSDT,7.5,2891214.3,21684107.25,8.4e-05,,OK,
2026-09-04T08:00:00Z,Bitget USDT Futures,BTCUSDT,80846.2,33007.97639999992,2668569461.6296735,8.3e-05,,OK,
2026-09-04T08:00:00Z,Bitget USDT Futures,CAKEUSDT,1.9741,926988.9999999998,1829968.9848999996,-0.000172,,OK,
2026-09-04T08:00:00Z,Bitget USDT Futures,CCUSDT,0.11196,7256602.0,812449.15992,5e-05,,OK,
2026-09-04T08:00:00Z,Bitget USDT Futures,ENAUSDT,0.16623,231483828.0,38479556.728439994,5e-05,,OK,
2026-09-04T08:00:00Z,Bitget USDT Futures,ETHUSDT,2514.87,774678.7399999998,1948216322.8637993,8.9e-05,,OK,
2026-09-04T08:00:00Z,Bitget USDT Futures,HBARUSDT,0.07804,170070857.0,13272329.68028,0.0001,,OK,
2026-09-04T08:00:00Z,Bitget USDT Futures,HYPEUSDT,86.022,2339849.0700000003,201278496.69954005,5e-05,,OK,
2026-09-04T08:00:00Z,Bitget USDT Futures,LINKUSDT,11.952,4091025.0,48895930.8,0.0001,,OK,
2026-09-04T08:00:00Z,Bitget USDT Futures,MORPHOUSDT,2.4946,992013.0,2474675.6298,5e-05,,OK,
2026-09-04T08:00:00Z,Bitget USDT Futures,NEARUSDT,1.9603,16388974.0,32127305.7322,-1.2e-05,,OK,
2026-09-04T08:00:00Z,Bitget USDT Futures,ONDOUSDT,0.3641,56216462.300000004,20468413.92343,5e-05,,OK,
2026-09-04T08:00:00Z,Bitget USDT Futures,SEIUSDT,0.04819,131462880.0,6335196.1872,0.0001,,OK,
2026-09-04T08:00:00Z,Bitget USDT Futures,SOLUSDT,103.831,4389684.399999963,455785320.9363962,6.7e-05,,OK,
2026-09-04T08:00:00Z,Bitget USDT Futures,SUIUSDT,0.7708,62809830.000000015,48413816.96400002,0.0001,,OK,
2026-09-04T08:00:00Z,Bitget USDT Futures,TAOUSDT,229.11,103976.10600000003,23821965.64566001,5e-05,,OK,
2026-09-04T08:00:00Z,Bitget USDT Futures,UNIUSDT,6.3,3922361.0,24710874.3,9.9e-05,,OK,
2026-09-04T08:00:00Z,Bitget USDT Futures,XLMUSDT,0.18355,120410384.0,22101325.9832,0.0001,,OK,
2026-09-04T08:00:00Z,Bitget USDT Futures,XRPUSDT,1.4465,169963119.0,245851651.63349998,0.0001,,OK,
2026-09-04T08:00:00Z,Bitget USDT Futures,ZECUSDT,968.13,107619.24199999915,104189416.75745918,-8.9e-05,,OK,
2026-09-04T09:00:00Z,Bitget USDT Futures,AAVEUSDT,135.04,199828.4000000001,26984827.136000015,8.2e-05,,OK,
2026-09-04T09:00:00Z,Bitget USDT Futures,AVAXUSDT,7.526,2895925.4999999995,21794735.312999997,0.0001,,OK,
2026-09-04T09:00:00Z,Bitget USDT Futures,BTCUSDT,81250.5,32953.19969999992,2677463952.2248435,8.1e-05,,OK,
2026-09-04T09:00:00Z,Bitget USDT Futures,CAKEUSDT,1.9964,924804.1999999997,1846279.1048799993,-0.000169,,OK,
2026-09-04T09:00:00Z,Bitget USDT Futures,CCUSDT,0.11304,7250940.0,819646.2576,5e-05,,OK,
2026-09-04T09:00:00Z,Bitget USDT Futures,ENAUSDT,0.17031,231750467.0,39469422.03477,5e-05,,OK,
2026-09-04T09:00:00Z,Bitget USDT Futures,ETHUSDT,2544.94,772172.1699999998,1965131842.3197997,9.3e-05,,OK,
2026-09-04T09:00:00Z,Bitget USDT Futures,HBARUSDT,0.07926,170227911.0,13492264.22586,0.0001,,OK,
2026-09-04T09:00:00Z,Bitget USDT Futures,HYPEUSDT,87.082,2348157.41,204482243.57762,5e-05,,OK,
2026-09-04T09:00:00Z,Bitget USDT Futures,LINKUSDT,12.143,4094537.0,49719962.791,0.0001,,OK,
2026-09-04T09:00:00Z,Bitget USDT Futures,MORPHOUSDT,2.5027,996911.0,2494969.1596999997,5e-05,,OK,
2026-09-04T09:00:00Z,Bitget USDT Futures,NEARUSDT,1.9958,16478031.0,32886854.2698,6.9e-05,,OK,
2026-09-04T09:00:00Z,Bitget USDT Futures,ONDOUSDT,0.3693,55586051.900000006,20527928.966670003,5e-05,,OK,
2026-09-04T09:00:00Z,Bitget USDT Futures,SEIUSDT,0.04898,132308102.0,6480450.835960001,0.0001,,OK,
2026-09-04T09:00:00Z,Bitget USDT Futures,SOLUSDT,104.579,4396622.999999963,459794436.7169961,7.2e-05,,OK,
2026-09-04T09:00:00Z,Bitget USDT Futures,SUIUSDT,0.7816,62797856.900000006,49082804.953040004,0.0001,,OK,
2026-09-04T09:00:00Z,Bitget USDT Futures,TAOUSDT,231.16,104118.58800000002,24068052.802080005,5e-05,,OK,
2026-09-04T09:00:00Z,Bitget USDT Futures,UNIUSDT,6.43,3915277.0,25175231.11,6.4e-05,,OK,
2026-09-04T09:00:00Z,Bitget USDT Futures,XLMUSDT,0.1867,119801534.0,22366946.397800002,0.0001,,OK,
2026-09-04T09:00:00Z,Bitget USDT Futures,XRPUSDT,1.4608,170755274.0,249439304.2592,0.0001,,OK,
2026-09-04T09:00:00Z,Bitget USDT Futures,ZECUSDT,1014.72,111347.52799999916,112986563.61215915,-7.8e-05,,OK,
2026-09-04T10:00:00Z,Bitget USDT Futures,AAVEUSDT,132.8,199659.60000000012,26514794.880000018,2.3e-05,,OK,
2026-09-04T10:00:00Z,Bitget USDT Futures,AVAXUSDT,7.474,2885275.1999999997,21564546.8448,0.0001,,OK,
2026-09-04T10:00:00Z,Bitget USDT Futures,BTCUSDT,80817.4,32967.94419999992,2664383533.589073,7e-05,,OK,
2026-09-04T10:00:00Z,Bitget USDT Futures,CAKEUSDT,1.9915,927122.3999999998,1846364.2595999995,-7.9e-05,,OK,
2026-09-04T10:00:00Z,Bitget USDT Futures,CCUSDT,0.11351,7225578.0,820175.35878,5e-05,,OK,
2026-09-04T10:00:00Z,Bitget USDT Futures,ENAUSDT,0.16779,230387274.0,38656680.70446,5e-05,,OK,
2026-09-04T10:00:00Z,Bitget USDT Futures,ETHUSDT,2515.51,767344.9999999998,1930264020.9499996,8.5e-05,,OK,
2026-09-04T10:00:00Z,Bitget USDT Futures,HBARUSDT,0.07859,169838491.0,13347607.00769,0.0001,,OK,
2026-09-04T10:00:00Z,Bitget USDT Futures,HYPEUSDT,86.546,2361021.9299999997,204337003.95378,5e-05,,OK,
2026-09-04T10:00:00Z,Bitget USDT Futures,LINKUSDT,11.932,4102373.0,48949514.636,0.0001,,OK,
2026-09-04T10:00:00Z,Bitget USDT Futures,MORPHOUSDT,2.4966,992271.0,2477303.7786,5e-05,,OK,
2026-09-04T10:00:00Z,Bitget USDT Futures,NEARUSDT,1.9952,16353108.0,32627721.081600003,0.0001,,OK,
2026-09-04T10:00:00Z,Bitget USDT Futures,ONDOUSDT,0.3642,55122227.7,20075515.32834,5e-05,,OK,
2026-09-04T10:00:00Z,Bitget USDT Futures,SEIUSDT,0.04838,130609142.0,6318870.28996,0.0001,,OK,
2026-09-04T10:00:00Z,Bitget USDT Futures,SOLUSDT,103.55,4430179.399999962,458745076.8699961,7.4e-05,,OK,
2026-09-04T10:00:00Z,Bitget USDT Futures,SUIUSDT,0.7704,63152894.10000001,48652989.614640005,0.0001,,OK,
2026-09-04T10:00:00Z,Bitget USDT Futures,TAOUSDT,228.32,104898.29300000002,23950378.257760003,5e-05,,OK,
2026-09-04T10:00:00Z,Bitget USDT Futures,UNIUSDT,6.28,3959733.0,24867123.240000002,2.5e-05,,OK,
2026-09-04T10:00:00Z,Bitget USDT Futures,XLMUSDT,0.18422,119968562.0,22100608.491639998,0.0001,,OK,
2026-09-04T10:00:00Z,Bitget USDT Futures,XRPUSDT,1.4444,169265561.0,244487176.30839998,0.0001,,OK,
2026-09-04T10:00:00Z,Bitget USDT Futures,ZECUSDT,992.3,112416.26399999918,111550658.76719919,-1.3e-05,,OK,
2026-09-04T11:00:00Z,Bitget USDT Futures,AAVEUSDT,133.36,201055.60000000012,26812774.81600002,-1.2e-05,,OK,
2026-09-04T11:00:00Z,Bitget USDT Futures,AVAXUSDT,7.498,2887509.2999999993,21650544.731399994,0.0001,,OK,
2026-09-04T11:00:00Z,Bitget USDT Futures,BTCUSDT,81154.7,32946.49999999992,2673763323.5499935,6.7e-05,,OK,
2026-09-04T11:00:00Z,Bitget USDT Futures,CAKEUSDT,2.0302,918044.5999999999,1863814.1469199995,4.4e-05,,OK,
2026-09-04T11:00:00Z,Bitget USDT Futures,CCUSDT,0.11115,7324406.0,814107.7269,5e-05,,OK,
2026-09-04T11:00:00Z,Bitget USDT Futures,ENAUSDT,0.17026,233063697.0,39681425.05122,5e-05,,OK,
2026-09-04T11:00:00Z,Bitget USDT Futures,ETHUSDT,2522.73,765712.5899999997,1931686122.1706994,7.3e-05,,OK,
2026-09-04T11:00:00Z,Bitget USDT Futures,HBARUSDT,0.07884,169200841.0,13339794.30444,0.0001,,OK,
2026-09-04T11:00:00Z,Bitget USDT Futures,HYPEUSDT,86.985,2364050.57,205636938.83145,5e-05,,OK,
2026-09-04T11:00:00Z,Bitget USDT Futures,LINKUSDT,12.041,4080012.0,49127424.492,0.0001,,OK,
2026-09-04T11:00:00Z,Bitget USDT Futures,MORPHOUSDT,2.5024,991459.0,2481027.0016,7e-06,,OK,
2026-09-04T11:00:00Z,Bitget USDT Futures,NEARUSDT,2.0163,16370484.0,33007806.889200002,0.0001,,OK,
2026-09-04T11:00:00Z,Bitget USDT Futures,ONDOUSDT,0.3667,54908880.300000004,20135086.406010002,5e-05,,OK,
2026-09-04T11:00:00Z,Bitget USDT Futures,SEIUSDT,0.04854,130558116.0,6337290.95064,0.0001,,OK,
2026-09-04T11:00:00Z,Bitget USDT Futures,SOLUSDT,104.062,4447829.999999962,462850085.45999604,0.0001,,OK,
2026-09-04T11:00:00Z,Bitget USDT Futures,SUIUSDT,0.7752,62871681.40000001,48738127.42128001,0.0001,,OK,
2026-09-04T11:00:00Z,Bitget USDT Futures,TAOUSDT,229.68,105350.79600000003,24196970.825280007,5e-05,,OK,
2026-09-04T11:00:00Z,Bitget USDT Futures,UNIUSDT,6.252,3914315.0,24472297.38,5.3e-05,,OK,
2026-09-04T11:00:00Z,Bitget USDT Futures,XLMUSDT,0.18458,120049396.0,22158717.51368,0.0001,,OK,
2026-09-04T11:00:00Z,Bitget USDT Futures,XRPUSDT,1.449,171473340.0,248464869.66,0.0001,,OK,
2026-09-04T11:00:00Z,Bitget USDT Futures,ZECUSDT,1004.37,112309.32399999915,112800115.74587914,5.6e-05,,OK,
2026-09-04T12:00:00Z,Bitget USDT Futures,AAVEUSDT,135.44,202739.9000000001,27459092.056000013,-1.2e-05,,OK,
2026-09-04T12:00:00Z,Bitget USDT Futures,AVAXUSDT,7.484,2881308.4999999995,21563712.813999996,0.0001,,OK,
2026-09-04T12:00:00Z,Bitget USDT Futures,BTCUSDT,81096.8,32936.19819999992,2671020278.1857533,5.8e-05,,OK,
2026-09-04T12:00:00Z,Bitget USDT Futures,CAKEUSDT,2.012,922881.7999999998,1856838.1815999995,5e-05,,OK,
2026-09-04T12:00:00Z,Bitget USDT Futures,CCUSDT,0.11125,7333024.0,815798.92,5e-05,,OK,
2026-09-04T12:00:00Z,Bitget USDT Futures,ENAUSDT,0.1699,234379392.0,39821058.7008,5e-05,,OK,
2026-09-04T12:00:00Z,Bitget USDT Futures,ETHUSDT,2518.54,763908.2399999998,1923933458.7695994,5.8e-05,,OK,
2026-09-04T12:00:00Z,Bitget USDT Futures,HBARUSDT,0.07895,169269827.0,13363852.841650002,0.0001,,OK,
2026-09-04T12:00:00Z,Bitget USDT Futures,HYPEUSDT,87.113,2368229.46,206303572.94898,5e-05,,OK,
2026-09-04T12:00:00Z,Bitget USDT Futures,LINKUSDT,11.997,4077611.0,48919099.167,0.0001,,OK,
2026-09-04T12:00:00Z,Bitget USDT Futures,MORPHOUSDT,2.5395,987583.0,2507967.0285,-1.1e-05,,OK,
2026-09-04T12:00:00Z,Bitget USDT Futures,NEARUSDT,2.0101,16366278.0,32897855.4078,0.0001,,OK,
2026-09-04T12:00:00Z,Bitget USDT Futures,ONDOUSDT,0.3653,54912428.7,20059510.20411,5e-05,,OK,
2026-09-04T12:00:00Z,Bitget USDT Futures,SEIUSDT,0.04841,130643845.0,6324468.5364500005,0.0001,,OK,
2026-09-04T12:00:00Z,Bitget USDT Futures,SOLUSDT,103.915,4448567.099999961,462272850.196496,0.0001,,OK,
2026-09-04T12:00:00Z,Bitget USDT Futures,SUIUSDT,0.775,63176512.20000001,48961796.95500001,0.0001,,OK,
2026-09-04T12:00:00Z,Bitget USDT Futures,TAOUSDT,229.94,106612.17400000003,24514403.289560005,5e-05,,OK,
2026-09-04T12:00:00Z,Bitget USDT Futures,UNIUSDT,6.367,3883149.0,24724009.683,7.2e-05,,OK,
2026-09-04T12:00:00Z,Bitget USDT Futures,XLMUSDT,0.18434,120423474.0,22198863.19716,0.0001,,OK,
2026-09-04T12:00:00Z,Bitget USDT Futures,XRPUSDT,1.4482,170281368.0,246601477.13759997,0.0001,,OK,
2026-09-04T12:00:00Z,Bitget USDT Futures,ZECUSDT,1005.77,110920.69199999915,111560704.39283915,8.5e-05,,OK,
2026-09-04T13:00:00Z,Bitget USDT Futures,AAVEUSDT,131.39,200254.2000000001,26311399.33800001,-1.7e-05,,OK,
2026-09-04T13:00:00Z,Bitget USDT Futures,AVAXUSDT,7.359,2923892.4999999995,21516924.907499995,9.7e-05,,OK,
2026-09-04T13:00:00Z,Bitget USDT Futures,BTCUSDT,79300.0,32847.20819999992,2604783610.2599936,6.9e-05,,OK,
2026-09-04T13:00:00Z,Bitget USDT Futures,CAKEUSDT,1.9879,814228.7999999998,1618605.4315199996,5e-05,,OK,
2026-09-04T13:00:00Z,Bitget USDT Futures,CCUSDT,0.109,7541694.0,822044.646,5e-05,,OK,
2026-09-04T13:00:00Z,Bitget USDT Futures,ENAUSDT,0.16301,232802071.0,37949065.59371,5e-05,,OK,
2026-09-04T13:00:00Z,Bitget USDT Futures,ETHUSDT,2451.19,752192.1599999998,1843765900.6703997,4.4e-05,,OK,
2026-09-04T13:00:00Z,Bitget USDT Futures,HBARUSDT,0.07747,170752267.0,13228178.12449,0.0001,,OK,
2026-09-04T13:00:00Z,Bitget USDT Futures,HYPEUSDT,85.166,2318353.96,197444933.35735998,5e-05,,OK,
2026-09-04T13:00:00Z,Bitget USDT Futures,LINKUSDT,11.602,4005686.0,46473968.972,7.8e-05,,OK,
2026-09-04T13:00:00Z,Bitget USDT Futures,MORPHOUSDT,2.4277,980545.0,2380469.0965,-2.9e-05,,OK,
2026-09-04T13:00:00Z,Bitget USDT Futures,NEARUSDT,1.9439,16426794.0,31932044.856599998,0.0001,,OK,
2026-09-04T13:00:00Z,Bitget USDT Futures,ONDOUSDT,0.3551,54011822.50000001,19179598.169750005,5e-05,,OK,
2026-09-04T13:00:00Z,Bitget USDT Futures,SEIUSDT,0.04693,130331612.0,6116462.55116,0.0001,,OK,
2026-09-04T13:00:00Z,Bitget USDT Futures,SOLUSDT,101.227,4412617.19999996,446676001.304396,9.5e-05,,OK,
2026-09-04T13:00:00Z,Bitget USDT Futures,SUIUSDT,0.7513,62128442.70000001,46677099.00051001,0.0001,,OK,
2026-09-04T13:00:00Z,Bitget USDT Futures,TAOUSDT,222.35,105060.36000000003,23360171.046000008,5e-05,,OK,
2026-09-04T13:00:00Z,Bitget USDT Futures,UNIUSDT,6.176,3923462.0,24231301.312,9.6e-05,,OK,
2026-09-04T13:00:00Z,Bitget USDT Futures,XLMUSDT,0.18005,120355416.0,21669992.650799997,0.0001,,OK,
2026-09-04T13:00:00Z,Bitget USDT Futures,XRPUSDT,1.408,166097400.0,233865139.2,9.8e-05,,OK,
2026-09-04T13:00:00Z,Bitget USDT Futures,ZECUSDT,973.62,105062.95499999917,102291394.24709919,6.5e-05,,OK,
2026-09-04T14:00:00Z,Bitget USDT Futures,AAVEUSDT,130.64,199261.20000000013,26031483.168000013,7e-06,,OK,
2026-09-04T14:00:00Z,Bitget USDT Futures,AVAXUSDT,7.355,2916420.9,21450275.7195,7.8e-05,,OK,
2026-09-04T14:00:00Z,Bitget USDT Futures,BTCUSDT,79290.8,33701.503499999926,2672219173.7177944,9.4e-05,,OK,
2026-09-04T14:00:00Z,Bitget USDT Futures,CAKEUSDT,1.9661,783028.1999999998,1539511.7440199996,5e-05,,OK,
2026-09-04T14:00:00Z,Bitget USDT Futures,CCUSDT,0.1083,7662534.0,829852.4321999999,5e-05,,OK,
2026-09-04T14:00:00Z,Bitget USDT Futures,ENAUSDT,0.16455,232344035.0,38232210.95925,5e-05,,OK,
2026-09-04T14:00:00Z,Bitget USDT Futures,ETHUSDT,2448.7,762866.5799999997,1868031394.4459991,5.1e-05,,OK,
2026-09-04T14:00:00Z,Bitget USDT Futures,HBARUSDT,0.07748,169467116.0,13130312.14768,0.0001,,OK,
2026-09-04T14:00:00Z,Bitget USDT Futures,HYPEUSDT,84.775,2322338.08,196876210.73200002,5e-05,,OK,
2026-09-04T14:00:00Z,Bitget USDT Futures,LINKUSDT,11.611,3962530.0,46008935.830000006,2.4e-05,,OK,
2026-09-04T14:00:00Z,Bitget USDT Futures,MORPHOUSDT,2.4529,983583.0,2412630.7407,-4.9e-05,,OK,
2026-09-04T14:00:00Z,Bitget USDT Futures,NEARUSDT,1.9515,16578671.0,32353276.4565,0.0001,,OK,
2026-09-04T14:00:00Z,Bitget USDT Futures,ONDOUSDT,0.3566,54470901.300000004,19424323.40358,5e-05,,OK,
2026-09-04T14:00:00Z,Bitget USDT Futures,SEIUSDT,0.0469,129605354.0,6078491.1026,0.0001,,OK,
2026-09-04T14:00:00Z,Bitget USDT Futures,SOLUSDT,101.226,4472994.0999999605,452783300.766596,7.8e-05,,OK,
2026-09-04T14:00:00Z,Bitget USDT Futures,SUIUSDT,0.7513,61968179.00000001,46556692.8827,0.0001,,OK,
2026-09-04T14:00:00Z,Bitget USDT Futures,TAOUSDT,223.25,105258.49800000002,23498959.678500004,5e-05,,OK,
2026-09-04T14:00:00Z,Bitget USDT Futures,UNIUSDT,6.289,3934760.0,24745705.64,0.0001,,OK,
2026-09-04T14:00:00Z,Bitget USDT Futures,XLMUSDT,0.18025,119801396.0,21594201.629,0.0001,,OK,
2026-09-04T14:00:00Z,Bitget USDT Futures,XRPUSDT,1.4063,166861040.0,234656680.55200002,5.6e-05,,OK,
2026-09-04T14:00:00Z,Bitget USDT Futures,ZECUSDT,978.88,105470.57099999917,103243032.54047918,9e-06,,OK,
2026-09-04T15:00:00Z,Bitget USDT Futures,AAVEUSDT,130.52,197450.60000000012,25771252.312000018,2.4e-05,,OK,
2026-09-04T15:00:00Z,Bitget USDT Futures,AVAXUSDT,7.351,2928408.3,21526729.4133,5.5e-05,,OK,
2026-09-04T15:00:00Z,Bitget USDT Futures,BTCUSDT,79194.8,33858.43419999992,2681411924.782154,0.0001,,OK,
2026-09-04T15:00:00Z,Bitget USDT Futures,CAKEUSDT,1.9493,769132.1999999998,1499269.3974599997,5e-05,,OK,
2026-09-04T15:00:00Z,Bitget USDT Futures,CCUSDT,0.10808,7649590.0,826767.6871999999,5e-05,,OK,
2026-09-04T15:00:00Z,Bitget USDT Futures,ENAUSDT,0.1637,232479206.0,38056846.0222,5e-05,,OK,
2026-09-04T15:00:00Z,Bitget USDT Futures,ETHUSDT,2449.65,790992.5999999997,1937655022.5899994,7.1e-05,,OK,
2026-09-04T15:00:00Z,Bitget USDT Futures,HBARUSDT,0.07707,169592745.0,13070512.85715,0.0001,,OK,
2026-09-04T15:00:00Z,Bitget USDT Futures,HYPEUSDT,84.402,2328009.18,196488630.81036,5e-05,,OK,
2026-09-04T15:00:00Z,Bitget USDT Futures,LINKUSDT,11.58,3934522.0,45561764.76,-5e-06,,OK,
2026-09-04T15:00:00Z,Bitget USDT Futures,MORPHOUSDT,2.4708,986117.0,2436497.8836000003,-1.1e-05,,OK,
2026-09-04T15:00:00Z,Bitget USDT Futures,NEARUSDT,1.935,16478140.0,31885200.900000002,0.0001,,OK,
2026-09-04T15:00:00Z,Bitget USDT Futures,ONDOUSDT,0.3525,54981703.1,19381050.342749998,5e-05,,OK,
2026-09-04T15:00:00Z,Bitget USDT Futures,SEIUSDT,0.04682,130424210.0,6106461.5122,0.0001,,OK,
2026-09-04T15:00:00Z,Bitget USDT Futures,SOLUSDT,101.215,4463759.299999961,451799397.54949605,5.6e-05,,OK,
2026-09-04T15:00:00Z,Bitget USDT Futures,SUIUSDT,0.7464,62193419.500000015,46421168.31480001,0.0001,,OK,
2026-09-04T15:00:00Z,Bitget USDT Futures,TAOUSDT,222.84,105048.37200000002,23408979.216480006,5e-05,,OK,
2026-09-04T15:00:00Z,Bitget USDT Futures,UNIUSDT,6.198,3971905.0,24617867.19,6.8e-05,,OK,
2026-09-04T15:00:00Z,Bitget USDT Futures,XLMUSDT,0.1786,119388386.0,21322765.739600003,0.0001,,OK,
2026-09-04T15:00:00Z,Bitget USDT Futures,XRPUSDT,1.3942,172859066.0,241000109.8172,5.9e-05,,OK,
2026-09-04T15:00:00Z,Bitget USDT Futures,ZECUSDT,983.3,106373.17199999919,104596740.0275992,-2.5e-05,,OK,
2026-09-04T16:00:00Z,Bitget USDT Futures,AAVEUSDT,131.44,197764.3000000001,25994139.592000015,5.3e-05,,OK,
2026-09-04T16:00:00Z,Bitget USDT Futures,AVAXUSDT,7.375,2920603.5999999996,21539451.549999997,4.7e-05,,OK,
2026-09-04T16:00:00Z,Bitget USDT Futures,BTCUSDT,79443.1,33645.84159999992,2672929958.812954,8.2e-05,,OK,
2026-09-04T16:00:00Z,Bitget USDT Futures,CAKEUSDT,1.979,746427.1999999998,1477179.4287999996,5e-05,,OK,
2026-09-04T16:00:00Z,Bitget USDT Futures,CCUSDT,0.10801,7677060.0,829199.2505999999,5e-05,,OK,
2026-09-04T16:00:00Z,Bitget USDT Futures,ENAUSDT,0.16583,231946948.0,38463762.38684,5e-05,,OK,
2026-09-04T16:00:00Z,Bitget USDT Futures,ETHUSDT,2451.01,785720.9199999998,1925809832.1291997,7.2e-05,,OK,
2026-09-04T16:00:00Z,Bitget USDT Futures,HBARUSDT,0.0773,169596795.0,13109832.2535,0.0001,,OK,
2026-09-04T16:00:00Z,Bitget USDT Futures,HYPEUSDT,84.722,2335794.97,197893221.44834,5e-05,,OK,
2026-09-04T16:00:00Z,Bitget USDT Futures,LINKUSDT,11.664,3928246.0,45819061.344,-2e-05,,OK,
2026-09-04T16:00:00Z,Bitget USDT Futures,MORPHOUSDT,2.5156,985139.0,2478215.6684,5e-05,,OK,
2026-09-04T16:00:00Z,Bitget USDT Futures,NEARUSDT,1.9495,16472022.0,32112206.889,0.0001,,OK,
2026-09-04T16:00:00Z,Bitget USDT Futures,ONDOUSDT,0.3544,54830738.50000001,19432013.724400003,5e-05,,OK,
2026-09-04T16:00:00Z,Bitget USDT Futures,SEIUSDT,0.04691,130948982.0,6142816.74562,0.0001,,OK,
2026-09-04T16:00:00Z,Bitget USDT Futures,SOLUSDT,101.671,4466841.299999961,454148221.81229603,3.1e-05,,OK,
2026-09-04T16:00:00Z,Bitget USDT Futures,SUIUSDT,0.751,62239123.70000001,46741581.89870001,0.0001,,OK,
2026-09-04T16:00:00Z,Bitget USDT Futures,TAOUSDT,223.96,105108.60400000002,23540122.951840006,5e-05,,OK,
2026-09-04T16:00:00Z,Bitget USDT Futures,UNIUSDT,6.274,3981617.0,24980665.058,8.7e-05,,OK,
2026-09-04T16:00:00Z,Bitget USDT Futures,XLMUSDT,0.17929,119543288.0,21432916.10552,0.0001,,OK,
2026-09-04T16:00:00Z,Bitget USDT Futures,XRPUSDT,1.404,172042775.0,241548056.1,6.7e-05,,OK,
2026-09-04T16:00:00Z,Bitget USDT Futures,ZECUSDT,996.94,106747.92399999918,106421275.3525592,-2.5e-05,,OK,
2026-09-04T17:00:00Z,Bitget USDT Futures,AAVEUSDT,130.69,197856.20000000013,25857826.778000016,9e-05,,OK,
2026-09-04T17:00:00Z,Bitget USDT Futures,AVAXUSDT,7.343,2929271.8999999994,21509643.561699998,5e-05,,OK,
2026-09-04T17:00:00Z,Bitget USDT Futures,BTCUSDT,79486.6,33093.57589999992,2630495830.132934,5.2e-05,,OK,
2026-09-04T17:00:00Z,Bitget USDT Futures,CAKEUSDT,1.973,746142.5999999999,1472139.3497999997,5e-05,,OK,
2026-09-04T17:00:00Z,Bitget USDT Futures,CCUSDT,0.10744,7649918.0,821907.1899199999,5e-05,,OK,
2026-09-04T17:00:00Z,Bitget USDT Futures,ENAUSDT,0.16417,232624153.0,38189907.198010005,5e-05,,OK,
2026-09-04T17:00:00Z,Bitget USDT Futures,ETHUSDT,2448.85,782624.9799999997,1916531182.2729993,6.6e-05,,OK,
2026-09-04T17:00:00Z,Bitget USDT Futures,HBARUSDT,0.07745,169671287.0,13141041.17815,0.0001,,OK,
2026-09-04T17:00:00Z,Bitget USDT Futures,HYPEUSDT,85.081,2340658.18,199145538.61258003,5e-05,,OK,
2026-09-04T17:00:00Z,Bitget USDT Futures,LINKUSDT,11.632,3940829.0,45839722.927999996,-3.3e-05,,OK,
2026-09-04T17:00:00Z,Bitget USDT Futures,MORPHOUSDT,2.5059,985145.0,2468674.8555,5e-05,,OK,
2026-09-04T17:00:00Z,Bitget USDT Futures,NEARUSDT,1.9666,16355885.0,32165483.441,0.0001,,OK,
2026-09-04T17:00:00Z,Bitget USDT Futures,ONDOUSDT,0.3542,54501964.9,19304595.96758,3.5e-05,,OK,
2026-09-04T17:00:00Z,Bitget USDT Futures,SEIUSDT,0.04695,131117676.0,6155974.8882,0.0001,,OK,
2026-09-04T17:00:00Z,Bitget USDT Futures,SOLUSDT,101.488,4481937.699999961,454862893.29759604,1.3e-05,,OK,
2026-09-04T17:00:00Z,Bitget USDT Futures,SUIUSDT,0.7497,62244263.90000001,46664524.64583001,0.0001,,OK,
2026-09-04T17:00:00Z,Bitget USDT Futures,TAOUSDT,223.76,106040.75200000002,23727678.667520005,5e-05,,OK,
2026-09-04T17:00:00Z,Bitget USDT Futures,UNIUSDT,6.191,4001091.0,24770754.381,6.3e-05,,OK,
2026-09-04T17:00:00Z,Bitget USDT Futures,XLMUSDT,0.17863,119303078.0,21311108.823140003,0.0001,,OK,
2026-09-04T17:00:00Z,Bitget USDT Futures,XRPUSDT,1.3957,168074783.0,234581974.6331,6e-05,,OK,
2026-09-04T17:00:00Z,Bitget USDT Futures,ZECUSDT,1028.07,106793.98599999917,109791693.18701914,-9.1e-05,,OK,
2026-09-04T18:00:00Z,Bitget USDT Futures,AAVEUSDT,130.28,197376.8000000001,25714249.504000016,0.0001,,OK,
2026-09-04T18:00:00Z,Bitget USDT Futures,AVAXUSDT,7.342,2929224.0999999996,21506363.342199996,3.8e-05,,OK,
2026-09-04T18:00:00Z,Bitget USDT Futures,BTCUSDT,79510.6,33020.73719999992,2625498627.214314,2.4e-05,,OK,
2026-09-04T18:00:00Z,Bitget USDT Futures,CAKEUSDT,1.978,745770.5999999999,1475134.2467999996,5e-05,,OK,
2026-09-04T18:00:00Z,Bitget USDT Futures,CCUSDT,0.10697,7682856.0,821835.10632,5e-05,,OK,
2026-09-04T18:00:00Z,Bitget USDT Futures,ENAUSDT,0.16436,232293816.0,38179811.59776,5e-05,,OK,
2026-09-04T18:00:00Z,Bitget USDT Futures,ETHUSDT,2446.54,782424.3899999998,1914232567.1105995,6.3e-05,,OK,
2026-09-04T18:00:00Z,Bitget USDT Futures,HBARUSDT,0.07721,169922449.0,13119712.28729,0.0001,,OK,
2026-09-04T18:00:00Z,Bitget USDT Futures,HYPEUSDT,85.113,2340013.68,199165584.34584,5e-05,,OK,
2026-09-04T18:00:00Z,Bitget USDT Futures,LINKUSDT,11.619,3926778.0,45625233.582,-2.3e-05,,OK,
2026-09-04T18:00:00Z,Bitget USDT Futures,MORPHOUSDT,2.5329,985695.0,2496666.8655000003,5e-05,,OK,
2026-09-04T18:00:00Z,Bitget USDT Futures,NEARUSDT,1.996,16357420.0,32649410.32,0.0001,,OK,
2026-09-04T18:00:00Z,Bitget USDT Futures,ONDOUSDT,0.3531,54413633.7,19213454.05947,5e-05,,OK,
2026-09-04T18:00:00Z,Bitget USDT Futures,SEIUSDT,0.04679,130963580.0,6127785.9081999995,0.0001,,OK,
2026-09-04T18:00:00Z,Bitget USDT Futures,SOLUSDT,101.349,4498330.799999961,455901328.24919605,6e-06,,OK,
2026-09-04T18:00:00Z,Bitget USDT Futures,SUIUSDT,0.7519,62581349.70000001,47054916.83943001,0.0001,,OK,
2026-09-04T18:00:00Z,Bitget USDT Futures,TAOUSDT,222.62,105823.38800000002,23558402.636560004,5e-05,,OK,
2026-09-04T18:00:00Z,Bitget USDT Futures,UNIUSDT,6.174,4024347.0,24846318.378000002,5.1e-05,,OK,
2026-09-04T18:00:00Z,Bitget USDT Futures,XLMUSDT,0.1781,119532548.0,21288746.798800003,8.7e-05,,OK,
2026-09-04T18:00:00Z,Bitget USDT Futures,XRPUSDT,1.3958,168480350.0,235164872.53,6.9e-05,,OK,
2026-09-04T18:00:00Z,Bitget USDT Futures,ZECUSDT,1013.85,106123.76699999922,107593581.17294921,-0.00023,,OK,
2026-09-04T19:00:00Z,Bitget USDT Futures,AAVEUSDT,130.44,196964.60000000012,25692062.424000017,0.0001,,OK,
2026-09-04T19:00:00Z,Bitget USDT Futures,AVAXUSDT,7.367,2932176.4999999995,21601344.275499996,3.6e-05,,OK,
2026-09-04T19:00:00Z,Bitget USDT Futures,BTCUSDT,79654.8,32998.16559999992,2628462281.234874,7e-06,,OK,
2026-09-04T19:00:00Z,Bitget USDT Futures,CAKEUSDT,1.9777,745734.9999999999,1474840.1094999998,5e-05,,OK,
2026-09-04T19:00:00Z,Bitget USDT Futures,CCUSDT,0.10623,7515708.0,798393.66084,5e-05,,OK,
2026-09-04T19:00:00Z,Bitget USDT Futures,ENAUSDT,0.16484,232191150.0,38274389.16599999,5e-05,,OK,
2026-09-04T19:00:00Z,Bitget USDT Futures,ETHUSDT,2452.29,781321.8599999998,1916027784.0593994,7.1e-05,,OK,
2026-09-04T19:00:00Z,Bitget USDT Futures,HBARUSDT,0.07729,169940733.0,13134719.25357,0.0001,,OK,
2026-09-04T19:00:00Z,Bitget USDT Futures,HYPEUSDT,85.132,2340934.14,199288405.20648003,5e-05,,OK,
2026-09-04T19:00:00Z,Bitget USDT Futures,LINKUSDT,11.654,3925130.0,45743465.02,9e-06,,OK,
2026-09-04T19:00:00Z,Bitget USDT Futures,MORPHOUSDT,2.5234,989277.0,2496341.5818000003,5e-05,,OK,
2026-09-04T19:00:00Z,Bitget USDT Futures,NEARUSDT,2.0207,16315726.0,32969187.528200004,0.0001,,OK,
2026-09-04T19:00:00Z,Bitget USDT Futures,ONDOUSDT,0.3553,54264624.7,19280221.15591,5e-05,,OK,
2026-09-04T19:00:00Z,Bitget USDT Futures,SEIUSDT,0.04708,130952486.0,6165243.040879999,0.0001,,OK,
2026-09-04T19:00:00Z,Bitget USDT Futures,SOLUSDT,101.597,4495064.399999961,456685057.84679604,4e-06,,OK,
2026-09-04T19:00:00Z,Bitget USDT Futures,SUIUSDT,0.7544,62127167.90000001,46868735.46376001,0.0001,,OK,
2026-09-04T19:00:00Z,Bitget USDT Futures,TAOUSDT,223.53,105739.06300000002,23635852.752390005,5e-05,,OK,
2026-09-04T19:00:00Z,Bitget USDT Futures,UNIUSDT,6.184,4016057.0,24835296.488,1.1e-05,,OK,
2026-09-04T19:00:00Z,Bitget USDT Futures,XLMUSDT,0.17874,119545580.0,21367576.9692,9.8e-05,,OK,
2026-09-04T19:00:00Z,Bitget USDT Futures,XRPUSDT,1.3994,168800532.0,236219464.4808,8e-05,,OK,
2026-09-04T19:00:00Z,Bitget USDT Futures,ZECUSDT,1023.74,106042.02499999922,108559462.67349921,-0.000349,,OK,
2026-09-04T20:00:00Z,Bitget USDT Futures,AAVEUSDT,130.25,196222.4000000001,25557967.600000013,0.0001,,OK,
2026-09-04T20:00:00Z,Bitget USDT Futures,AVAXUSDT,7.379,2933208.3,21644144.0457,8.1e-05,,OK,
2026-09-04T20:00:00Z,Bitget USDT Futures,BTCUSDT,79784.3,32998.47899999992,2632760548.079694,-1.2e-05,,OK,
2026-09-04T20:00:00Z,Bitget USDT Futures,CAKEUSDT,1.9838,748850.9999999999,1485570.6137999997,5e-05,,OK,
2026-09-04T20:00:00Z,Bitget USDT Futures,CCUSDT,0.10622,7727308.0,820794.65576,5e-05,,OK,
2026-09-04T20:00:00Z,Bitget USDT Futures,ENAUSDT,0.16359,232643200.0,38058101.088,5e-05,,OK,
2026-09-04T20:00:00Z,Bitget USDT Futures,ETHUSDT,2453.24,781676.4499999998,1917639934.1979995,7.2e-05,,OK,
2026-09-04T20:00:00Z,Bitget USDT Futures,HBARUSDT,0.07759,170195267.0,13205450.766530002,0.0001,,OK,
2026-09-04T20:00:00Z,Bitget USDT Futures,HYPEUSDT,84.821,2345737.41,198967792.85361,5e-05,,OK,
2026-09-04T20:00:00Z,Bitget USDT Futures,LINKUSDT,11.696,3919095.0,45837735.12,3.6e-05,,OK,
2026-09-04T20:00:00Z,Bitget USDT Futures,MORPHOUSDT,2.5228,992091.0,2502847.1748,5e-05,,OK,
2026-09-04T20:00:00Z,Bitget USDT Futures,NEARUSDT,2.107,16338585.0,34425398.595000006,0.0001,,OK,
2026-09-04T20:00:00Z,Bitget USDT Futures,ONDOUSDT,0.3576,54352239.1,19436360.70216,5e-05,,OK,
2026-09-04T20:00:00Z,Bitget USDT Futures,SEIUSDT,0.04704,131012360.0,6162821.4144,0.0001,,OK,
2026-09-04T20:00:00Z,Bitget USDT Futures,SOLUSDT,101.65,4497157.699999961,457136080.20499605,2e-06,,OK,
2026-09-04T20:00:00Z,Bitget USDT Futures,SUIUSDT,0.7576,61944732.500000015,46929329.342000015,0.0001,,OK,
2026-09-04T20:00:00Z,Bitget USDT Futures,TAOUSDT,224.61,106797.27800000002,23987736.611580007,5e-05,,OK,
2026-09-04T20:00:00Z,Bitget USDT Futures,UNIUSDT,6.192,4020273.0,24893530.416,-2.9e-05,,OK,
2026-09-04T20:00:00Z,Bitget USDT Futures,XLMUSDT,0.1792,119803092.0,21468714.0864,0.0001,,OK,
2026-09-04T20:00:00Z,Bitget USDT Futures,XRPUSDT,1.3972,168704527.0,235713965.1244,7.3e-05,,OK,
2026-09-04T20:00:00Z,Bitget USDT Futures,ZECUSDT,1037.23,107461.37399999924,111462160.95401922,-0.000492,,OK,
2026-09-04T21:00:00Z,Bitget USDT Futures,AAVEUSDT,129.88,195497.8000000001,25391254.264000013,0.0001,,OK,
2026-09-04T21:00:00Z,Bitget USDT Futures,AVAXUSDT,7.377,2929562.4999999995,21611382.562499996,0.0001,,OK,
2026-09-04T21:00:00Z,Bitget USDT Futures,BTCUSDT,79748.3,32983.04799999992,2630342006.8183937,-2.4e-05,,OK,
2026-09-04T21:00:00Z,Bitget USDT Futures,CAKEUSDT,1.9757,748711.5999999999,1479229.5081199997,5e-05,,OK,
2026-09-04T21:00:00Z,Bitget USDT Futures,CCUSDT,0.10603,7737358.0,820392.06874,5e-05,,OK,
2026-09-04T21:00:00Z,Bitget USDT Futures,ENAUSDT,0.16429,232800850.0,38246851.6465,5e-05,,OK,
2026-09-04T21:00:00Z,Bitget USDT Futures,ETHUSDT,2452.7,780236.4099999998,1913685842.8069994,8e-05,,OK,
2026-09-04T21:00:00Z,Bitget USDT Futures,HBARUSDT,0.07808,170349037.0,13300852.80896,0.0001,,OK,
2026-09-04T21:00:00Z,Bitget USDT Futures,HYPEUSDT,84.083,2346334.58,197286850.49014,5e-05,,OK,
2026-09-04T21:00:00Z,Bitget USDT Futures,LINKUSDT,11.677,3895236.0,45484670.772,6.1e-05,,OK,
2026-09-04T21:00:00Z,Bitget USDT Futures,MORPHOUSDT,2.5246,986015.0,2489293.469,5e-05,,OK,
2026-09-04T21:00:00Z,Bitget USDT Futures,NEARUSDT,2.1245,16317616.0,34666775.191999994,0.0001,,OK,
2026-09-04T21:00:00Z,Bitget USDT Futures,ONDOUSDT,0.3577,54490911.900000006,19491399.186630003,5e-05,,OK,
2026-09-04T21:00:00Z,Bitget USDT Futures,SEIUSDT,0.04684,130201838.0,6098654.09192,0.0001,,OK,
2026-09-04T21:00:00Z,Bitget USDT Futures,SOLUSDT,101.634,4496663.799999962,457013928.6491961,-8e-06,,OK,
2026-09-04T21:00:00Z,Bitget USDT Futures,SUIUSDT,0.7571,61933640.80000001,46889959.44968001,0.0001,,OK,
2026-09-04T21:00:00Z,Bitget USDT Futures,TAOUSDT,225.07,105518.50400000002,23749049.695280004,5e-05,,OK,
2026-09-04T21:00:00Z,Bitget USDT Futures,UNIUSDT,6.176,4019247.0,24822869.472,-3.9e-05,,OK,
2026-09-04T21:00:00Z,Bitget USDT Futures,XLMUSDT,0.17927,119661346.0,21451689.49742,0.0001,,OK,
2026-09-04T21:00:00Z,Bitget USDT Futures,XRPUSDT,1.3989,167970422.0,234973823.3358,5.7e-05,,OK,
2026-09-04T21:00:00Z,Bitget USDT Futures,ZECUSDT,1024.13,107903.67199999923,110507387.60535923,-0.000474,,OK,
2026-09-04T22:00:00Z,Bitget USDT Futures,AAVEUSDT,129.52,195002.00000000012,25256659.040000018,0.0001,,OK,
2026-09-04T22:00:00Z,Bitget USDT Futures,AVAXUSDT,7.349,2923289.3,21483253.0657,0.0001,,OK,
2026-09-04T22:00:00Z,Bitget USDT Futures,BTCUSDT,79651.1,32933.06499999992,2623154853.621494,-2.4e-05,,OK,
2026-09-04T22:00:00Z,Bitget USDT Futures,CAKEUSDT,1.9678,748959.7999999998,1473803.0944399997,5e-05,,OK,
2026-09-04T22:00:00Z,Bitget USDT Futures,CCUSDT,0.10593,7523330.0,796946.3469,5e-05,,OK,
2026-09-04T22:00:00Z,Bitget USDT Futures,ENAUSDT,0.16293,232789488.0,37928391.27984,5e-05,,OK,
2026-09-04T22:00:00Z,Bitget USDT Futures,ETHUSDT,2451.32,780717.3899999999,1913788152.4548,8.2e-05,,OK,
2026-09-04T22:00:00Z,Bitget USDT Futures,HBARUSDT,0.07782,170171673.0,13242759.59286,0.0001,,OK,
2026-09-04T22:00:00Z,Bitget USDT Futures,HYPEUSDT,83.984,2350716.5,197422574.53599998,5e-05,,OK,
2026-09-04T22:00:00Z,Bitget USDT Futures,LINKUSDT,11.632,3910908.0,45491681.856,7e-05,,OK,
2026-09-04T22:00:00Z,Bitget USDT Futures,MORPHOUSDT,2.5713,989065.0,2543182.8345,5e-05,,OK,
2026-09-04T22:00:00Z,Bitget USDT Futures,NEARUSDT,2.1238,16269309.0,34552758.4542,0.0001,,OK,
2026-09-04T22:00:00Z,Bitget USDT Futures,ONDOUSDT,0.3563,54236988.900000006,19324639.14507,5e-05,,OK,
2026-09-04T22:00:00Z,Bitget USDT Futures,SEIUSDT,0.04663,130253800.0,6073734.694,0.0001,,OK,
2026-09-04T22:00:00Z,Bitget USDT Futures,SOLUSDT,101.649,4492023.499999962,456609696.75149614,-1.2e-05,,OK,
2026-09-04T22:00:00Z,Bitget USDT Futures,SUIUSDT,0.7522,62498523.10000002,47011389.075820014,0.0001,,OK,
2026-09-04T22:00:00Z,Bitget USDT Futures,TAOUSDT,223.03,105235.45600000002,23470663.751680005,5e-05,,OK,
2026-09-04T22:00:00Z,Bitget USDT Futures,UNIUSDT,6.093,4050258.0,24678221.994,-3.8e-05,,OK,
2026-09-04T22:00:00Z,Bitget USDT Futures,XLMUSDT,0.17902,119721314.0,21432509.632280003,0.0001,,OK,
2026-09-04T22:00:00Z,Bitget USDT Futures,XRPUSDT,1.3963,168398778.0,235135213.72140002,5e-05,,OK,
2026-09-04T22:00:00Z,Bitget USDT Futures,ZECUSDT,1022.23,109326.14399999924,111756464.18111923,-0.000371,,OK,
2026-09-04T23:00:00Z,Bitget USDT Futures,AAVEUSDT,129.92,194846.00000000012,25314392.32000001,0.0001,,OK,
2026-09-04T23:00:00Z,Bitget USDT Futures,AVAXUSDT,7.352,2923279.0999999996,21491947.9432,0.0001,,OK,
2026-09-04T23:00:00Z,Bitget USDT Futures,BTCUSDT,79581.7,33017.60189999992,2627596889.1252236,-1.8e-05,,OK,
2026-09-04T23:00:00Z,Bitget USDT Futures,CAKEUSDT,1.9651,752727.1999999998,1479184.2207199996,5e-05,,OK,
2026-09-04T23:00:00Z,Bitget USDT Futures,CCUSDT,0.10705,7526864.0,805750.7912000001,5e-05,,OK,
2026-09-04T23:00:00Z,Bitget USDT Futures,ENAUSDT,0.1624,232184954.0,37706836.529599994,5e-05,,OK,
2026-09-04T23:00:00Z,Bitget USDT Futures,ETHUSDT,2449.91,780481.8699999999,1912110338.1316996,8.4e-05,,OK,
2026-09-04T23:00:00Z,Bitget USDT Futures,HBARUSDT,0.0777,170145315.0,13220290.9755,0.0001,,OK,
2026-09-04T23:00:00Z,Bitget USDT Futures,HYPEUSDT,84.179,2349847.04,197807773.98016,5e-05,,OK,
2026-09-04T23:00:00Z,Bitget USDT Futures,LINKUSDT,11.595,3915084.0,45395398.980000004,8.3e-05,,OK,
2026-09-04T23:00:00Z,Bitget USDT Futures,MORPHOUSDT,2.5501,982975.0,2506684.5475,5e-05,,OK,
2026-09-04T23:00:00Z,Bitget USDT Futures,NEARUSDT,2.1338,16203920.0,34575924.496,0.0001,,OK,
2026-09-04T23:00:00Z,Bitget USDT Futures,ONDOUSDT,0.3554,54177594.1,19254716.94314,5e-05,,OK,
2026-09-04T23:00:00Z,Bitget USDT Futures,SEIUSDT,0.04661,130245746.0,6070754.221059999,0.0001,,OK,
2026-09-04T23:00:00Z,Bitget USDT Futures,SOLUSDT,101.757,4485856.399999962,456467289.6947962,-1.5e-05,,OK,
2026-09-04T23:00:00Z,Bitget USDT Futures,SUIUSDT,0.7522,62129707.000000015,46733965.60540001,0.0001,,OK,
2026-09-04T23:00:00Z,Bitget USDT Futures,TAOUSDT,222.96,105573.35800000002,23538635.899680007,5e-05,,OK,
2026-09-04T23:00:00Z,Bitget USDT Futures,UNIUSDT,6.124,4026345.0,24657336.779999997,-9.9e-05,,OK,
2026-09-04T23:00:00Z,Bitget USDT Futures,XLMUSDT,0.17901,119646106.0,21417849.435060002,0.0001,,OK,
2026-09-04T23:00:00Z,Bitget USDT Futures,XRPUSDT,1.3957,168789148.0,235579013.8636,4.3e-05,,OK,
2026-09-04T23:00:00Z,Bitget USDT Futures,ZECUSDT,1027.22,109684.15199999926,112669754.61743924,-0.000315,,OK,
2026-09-05T00:00:00Z,Bitget USDT Futures,AAVEUSDT,130.77,194386.4000000001,25419909.528000016,0.0001,,OK,
2026-09-05T00:00:00Z,Bitget USDT Futures,AVAXUSDT,7.39,2924337.6999999997,21610855.602999996,0.0001,,OK,
2026-09-05T00:00:00Z,Bitget USDT Futures,BTCUSDT,79619.9,32972.51269999992,2625268163.9227233,2e-06,,OK,
2026-09-05T00:00:00Z,Bitget USDT Futures,CAKEUSDT,1.9689,751869.1999999998,1480355.2678799997,5e-05,,OK,
2026-09-05T00:00:00Z,Bitget USDT Futures,CCUSDT,0.10712,7659808.0,820518.6329600001,5e-05,,OK,
2026-09-05T00:00:00Z,Bitget USDT Futures,ENAUSDT,0.16187,231990125.0,37552241.533750005,5e-05,,OK,
2026-09-05T00:00:00Z,Bitget USDT Futures,ETHUSDT,2451.91,780135.4399999998,1912821886.6903994,8.5e-05,,OK,
2026-09-05T00:00:00Z,Bitget USDT Futures,HBARUSDT,0.07879,168747381.0,13295606.14899,0.0001,,OK,
2026-09-05T00:00:00Z,Bitget USDT Futures,HYPEUSDT,84.48,2346512.7800000003,198233399.65440002,5e-05,,OK,
2026-09-05T00:00:00Z,Bitget USDT Futures,LINKUSDT,11.613,3942033.0,45778829.228999995,0.0001,,OK,
2026-09-05T00:00:00Z,Bitget USDT Futures,MORPHOUSDT,2.5374,982789.0,2493728.8086,5e-05,,OK,
2026-09-05T00:00:00Z,Bitget USDT Futures,NEARUSDT,2.2385,16122529.0,36090281.1665,0.0001,,OK,
2026-09-05T00:00:00Z,Bitget USDT Futures,ONDOUSDT,0.3599,54165597.7,19494198.61223,5e-05,,OK,
2026-09-05T00:00:00Z,Bitget USDT Futures,SEIUSDT,0.04698,131515898.0,6178616.888040001,0.0001,,OK,
2026-09-05T00:00:00Z,Bitget USDT Futures,SOLUSDT,101.782,4484580.099999962,456449531.73819613,-1.7e-05,,OK,
2026-09-05T00:00:00Z,Bitget USDT Futures,SUIUSDT,0.7569,61740842.50000001,46731643.688250005,0.0001,,OK,
2026-09-05T00:00:00Z,Bitget USDT Futures,TAOUSDT,225.79,105387.26200000002,23795389.886980005,5e-05,,OK,
2026-09-05T00:00:00Z,Bitget USDT Futures,UNIUSDT,6.126,4020951.0,24632345.826,-0.000126,,OK,
2026-09-05T00:00:00Z,Bitget USDT Futures,XLMUSDT,0.17887,119529340.0,21380213.0458,0.0001,,OK,
2026-09-05T00:00:00Z,Bitget USDT Futures,XRPUSDT,1.3964,168645694.0,235496847.10160002,4.9e-05,,OK,
2026-09-05T00:00:00Z,Bitget USDT Futures,ZECUSDT,1016.93,109489.32099999927,111342975.20452926,-0.000209,,OK,
2026-09-05T01:00:00Z,Bitget USDT Futures,AAVEUSDT,130.97,192357.40000000014,25193048.678000018,0.0001,,OK,
2026-09-05T01:00:00Z,Bitget USDT Futures,AVAXUSDT,7.39,2930392.4999999995,21655600.574999996,0.0001,,OK,
2026-09-05T01:00:00Z,Bitget USDT Futures,BTCUSDT,79595.9,33035.51989999992,2629491938.4084034,9e-06,,OK,
2026-09-05T01:00:00Z,Bitget USDT Futures,CAKEUSDT,1.9621,752875.1999999998,1477216.4299199996,5e-05,,OK,
2026-09-05T01:00:00Z,Bitget USDT Futures,CCUSDT,0.10731,7532558.0,808318.79898,5e-05,,OK,
2026-09-05T01:00:00Z,Bitget USDT Futures,ENAUSDT,0.1633,233552029.0,38139046.3357,5e-05,,OK,
2026-09-05T01:00:00Z,Bitget USDT Futures,ETHUSDT,2453.0,780616.0299999998,1914851121.5899994,8.8e-05,,OK,
2026-09-05T01:00:00Z,Bitget USDT Futures,HBARUSDT,0.07892,168282829.0,13280880.864680002,0.0001,,OK,
2026-09-05T01:00:00Z,Bitget USDT Futures,HYPEUSDT,84.205,2348824.75,197782788.07375,5e-05,,OK,
2026-09-05T01:00:00Z,Bitget USDT Futures,LINKUSDT,11.657,3943416.0,45968400.312,0.0001,,OK,
2026-09-05T01:00:00Z,Bitget USDT Futures,MORPHOUSDT,2.5554,990561.0,2531279.5794,5e-05,,OK,
2026-09-05T01:00:00Z,Bitget USDT Futures,NEARUSDT,2.2488,16054304.0,36102918.835200004,0.0001,,OK,
2026-09-05T01:00:00Z,Bitget USDT Futures,ONDOUSDT,0.3662,55244499.5,20230535.716900002,5e-05,,OK,
2026-09-05T01:00:00Z,Bitget USDT Futures,SEIUSDT,0.04718,131947402.0,6225278.42636,0.0001,,OK,
2026-09-05T01:00:00Z,Bitget USDT Futures,SOLUSDT,101.821,4483048.199999963,456468450.77219623,-1e-05,,OK,
2026-09-05T01:00:00Z,Bitget USDT Futures,SUIUSDT,0.7647,61425112.70000001,46971783.68169001,0.0001,,OK,
2026-09-05T01:00:00Z,Bitget USDT Futures,TAOUSDT,228.84,105498.17200000002,24142201.680480003,5e-05,,OK,
2026-09-05T01:00:00Z,Bitget USDT Futures,UNIUSDT,6.172,4025695.0,24846589.54,-0.000135,,OK,
2026-09-05T01:00:00Z,Bitget USDT Futures,XLMUSDT,0.17891,119631370.0,21403248.4067,0.0001,,OK,
2026-09-05T01:00:00Z,Bitget USDT Futures,XRPUSDT,1.3981,169106023.0,236427130.75629997,6.1e-05,,OK,
2026-09-05T01:00:00Z,Bitget USDT Futures,ZECUSDT,1018.7,109308.56800000001,111352638.22160003,-0.000133,,OK,
2026-09-05T02:00:00Z,Bitget USDT Futures,AAVEUSDT,130.04,190491.00000000015,24771449.64000002,0.0001,,OK,
2026-09-05T02:00:00Z,Bitget USDT Futures,AVAXUSDT,7.386,2933823.4999999995,21669220.370999996,0.0001,,OK,
2026-09-05T02:00:00Z,Bitget USDT Futures,BTCUSDT,79531.6,33054.42399999992,2628871227.7983937,2.1e-05,,OK,
2026-09-05T02:00:00Z,Bitget USDT Futures,CAKEUSDT,1.9556,785092.3999999999,1535326.6974399998,5e-05,,OK,
2026-09-05T02:00:00Z,Bitget USDT Futures,CCUSDT,0.10736,7531628.0,808595.58208,5e-05,,OK,
2026-09-05T02:00:00Z,Bitget USDT Futures,ENAUSDT,0.16259,232616726.0,37821153.480340004,5e-05,,OK,
2026-09-05T02:00:00Z,Bitget USDT Futures,ETHUSDT,2451.45,781726.4299999998,1916363256.8234994,9.2e-05,,OK,
2026-09-05T02:00:00Z,Bitget USDT Futures,HBARUSDT,0.07874,168330109.0,13254312.78266,0.0001,,OK,
2026-09-05T02:00:00Z,Bitget USDT Futures,HYPEUSDT,84.095,2347083.31,197377970.95445,5e-05,,OK,
2026-09-05T02:00:00Z,Bitget USDT Futures,LINKUSDT,11.648,3939506.0,45887365.888,0.0001,,OK,
2026-09-05T02:00:00Z,Bitget USDT Futures,MORPHOUSDT,2.547,991201.0,2524588.947,5e-05,,OK,
2026-09-05T02:00:00Z,Bitget USDT Futures,NEARUSDT,2.1866,16030680.0,35052684.888,0.0001,,OK,
2026-09-05T02:00:00Z,Bitget USDT Futures,ONDOUSDT,0.3662,55382694.1,20281142.57942,5e-05,,OK,
2026-09-05T02:00:00Z,Bitget USDT Futures,SEIUSDT,0.0468,131886552.0,6172290.6336,0.0001,,OK,
2026-09-05T02:00:00Z,Bitget USDT Futures,SOLUSDT,101.79,4483499.099999964,456375373.38899636,-7e-06,,OK,
2026-09-05T02:00:00Z,Bitget USDT Futures,SUIUSDT,0.7633,61921873.10000001,47264965.73723,0.0001,,OK,
2026-09-05T02:00:00Z,Bitget USDT Futures,TAOUSDT,226.05,105305.54400000002,23804318.221200008,5e-05,,OK,
2026-09-05T02:00:00Z,Bitget USDT Futures,UNIUSDT,6.168,4021147.0,24802434.696000002,-0.000135,,OK,
2026-09-05T02:00:00Z,Bitget USDT Futures,XLMUSDT,0.17864,119552134.0,21356793.21776,0.0001,,OK,
2026-09-05T02:00:00Z,Bitget USDT Futures,XRPUSDT,1.3951,169112975.0,235929511.4225,7.5e-05,,OK,
2026-09-05T02:00:00Z,Bitget USDT Futures,ZECUSDT,1014.86,109028.45999999999,110648622.91559999,-3.4e-05,,OK,
2026-09-05T03:00:00Z,Bitget USDT Futures,AAVEUSDT,130.7,190066.30000000016,24841665.41000002,0.0001,,OK,
2026-09-05T03:00:00Z,Bitget USDT Futures,AVAXUSDT,7.396,2930426.3,21673432.9148,0.0001,,OK,
2026-09-05T03:00:00Z,Bitget USDT Futures,BTCUSDT,79576.7,33030.10189999992,2628426509.8657236,3.1e-05,,OK,
2026-09-05T03:00:00Z,Bitget USDT Futures,CAKEUSDT,1.9654,770557.2,1514453.1208799998,5e-05,,OK,
2026-09-05T03:00:00Z,Bitget USDT Futures,CCUSDT,0.10767,7528614.0,810605.86938,5e-05,,OK,
2026-09-05T03:00:00Z,Bitget USDT Futures,ENAUSDT,0.16456,232657157.0,38286061.75592,5e-05,,OK,
2026-09-05T03:00:00Z,Bitget USDT Futures,ETHUSDT,2452.96,781910.2999999998,1917994689.4879997,0.0001,,OK,
2026-09-05T03:00:00Z,Bitget USDT Futures,HBARUSDT,0.0788,168205229.0,13254572.0452,0.0001,,OK,
2026-09-05T03:00:00Z,Bitget USDT Futures,HYPEUSDT,83.951,2344308.02,196807002.58701998,5e-05,,OK,
2026-09-05T03:00:00Z,Bitget USDT Futures,LINKUSDT,11.698,3965344.0,46386594.112,0.0001,,OK,
2026-09-05T03:00:00Z,Bitget USDT Futures,MORPHOUSDT,2.5296,992603.0,2510888.5488,5e-05,,OK,
2026-09-05T03:00:00Z,Bitget USDT Futures,NEARUSDT,2.2371,16229998.0,36308128.5258,0.0001,,OK,
2026-09-05T03:00:00Z,Bitget USDT Futures,ONDOUSDT,0.3685,55322459.7,20386326.39945,5e-05,,OK,
2026-09-05T03:00:00Z,Bitget USDT Futures,SEIUSDT,0.04701,131674394.0,6190013.261940001,0.0001,,OK,
2026-09-05T03:00:00Z,Bitget USDT Futures,SOLUSDT,101.917,4493582.399999964,457972437.46079636,1.2e-05,,OK,
2026-09-05T03:00:00Z,Bitget USDT Futures,SUIUSDT,0.7658,63702478.10000002,48783357.72898001,0.0001,,OK,
2026-09-05T03:00:00Z,Bitget USDT Futures,TAOUSDT,228.87,105330.51000000002,24106993.823700007,5e-05,,OK,
2026-09-05T03:00:00Z,Bitget USDT Futures,UNIUSDT,6.228,3877305.0,24147855.54,-8.2e-05,,OK,
2026-09-05T03:00:00Z,Bitget USDT Futures,XLMUSDT,0.17999,119677400.0,21540735.226,0.0001,,OK,
2026-09-05T03:00:00Z,Bitget USDT Futures,XRPUSDT,1.3999,170480216.0,238655254.3784,9.6e-05,,OK,
2026-09-05T03:00:00Z,Bitget USDT Futures,ZECUSDT,1029.39,109158.174,112366332.73386002,4e-06,,OK,
2026-09-05T04:00:00Z,Bitget USDT Futures,AAVEUSDT,130.2,190025.40000000017,24741307.08000002,0.0001,,OK,
2026-09-05T04:00:00Z,Bitget USDT Futures,AVAXUSDT,7.396,2925180.3,21634633.4988,0.0001,,OK,
2026-09-05T04:00:00Z,Bitget USDT Futures,BTCUSDT,79531.6,32990.59209999992,2623794574.660354,3.7e-05,,OK,
2026-09-05T04:00:00Z,Bitget USDT Futures,CAKEUSDT,1.9582,765802.3999999999,1499594.2596799997,5e-05,,OK,
2026-09-05T04:00:00Z,Bitget USDT Futures,CCUSDT,0.10818,7589082.0,820986.89076,5e-05,,OK,
2026-09-05T04:00:00Z,Bitget USDT Futures,ENAUSDT,0.16279,230665926.0,37550106.09354,5e-05,,OK,
2026-09-05T04:00:00Z,Bitget USDT Futures,ETHUSDT,2451.6,781562.0699999998,1916077570.8119996,0.0001,,OK,
2026-09-05T04:00:00Z,Bitget USDT Futures,HBARUSDT,0.07877,168154937.0,13245564.38749,0.0001,,OK,
2026-09-05T04:00:00Z,Bitget USDT Futures,HYPEUSDT,83.814,2344656.6,196515048.2724,5e-05,,OK,
2026-09-05T04:00:00Z,Bitget USDT Futures,LINKUSDT,11.645,3946578.0,45957900.809999995,0.0001,,OK,
2026-09-05T04:00:00Z,Bitget USDT Futures,MORPHOUSDT,2.5196,992321.0,2500251.9916,5e-05,,OK,
2026-09-05T04:00:00Z,Bitget USDT Futures,NEARUSDT,2.2184,16417306.0,36420151.6304,0.0001,,OK,
2026-09-05T04:00:00Z,Bitget USDT Futures,ONDOUSDT,0.3663,55450127.5,20311381.703250002,5e-05,,OK,
2026-09-05T04:00:00Z,Bitget USDT Futures,SEIUSDT,0.04689,131616210.0,6171484.0869,0.0001,,OK,
2026-09-05T04:00:00Z,Bitget USDT Futures,SOLUSDT,101.802,4490863.299999964,457178865.6665964,2.9e-05,,OK,
2026-09-05T04:00:00Z,Bitget USDT Futures,SUIUSDT,0.7631,62335242.70000001,47568023.70437001,0.0001,,OK,
2026-09-05T04:00:00Z,Bitget USDT Futures,TAOUSDT,227.95,106165.89800000002,24200516.449100003,5e-05,,OK,
2026-09-05T04:00:00Z,Bitget USDT Futures,UNIUSDT,6.29,3850035.0,24216720.15,-2.2e-05,,OK,
2026-09-05T04:00:00Z,Bitget USDT Futures,XLMUSDT,0.18049,119707510.0,21606008.479900002,0.0001,,OK,
2026-09-05T04:00:00Z,Bitget USDT Futures,XRPUSDT,1.3965,171153225.0,239015478.7125,0.0001,,OK,
2026-09-05T04:00:00Z,Bitget USDT Futures,ZECUSDT,1024.69,109603.78699999998,112309904.50102998,-2e-06,,OK,
2026-09-05T05:00:00Z,Bitget USDT Futures,AAVEUSDT,129.29,190605.00000000015,24643320.450000018,0.0001,,OK,
2026-09-05T05:00:00Z,Bitget USDT Futures,AVAXUSDT,7.405,2927472.3,21677932.3815,0.0001,,OK,
2026-09-05T05:00:00Z,Bitget USDT Futures,BTCUSDT,79525.8,32953.39629999992,2620645203.4745336,3.4e-05,,OK,
2026-09-05T05:00:00Z,Bitget USDT Futures,CAKEUSDT,1.9705,763983.9999999999,1505430.4719999996,5e-05,,OK,
2026-09-05T05:00:00Z,Bitget USDT Futures,CCUSDT,0.10783,7487240.0,807349.0891999999,5e-05,,OK,
2026-09-05T05:00:00Z,Bitget USDT Futures,ENAUSDT,0.16231,230339009.0,37386324.550790004,5e-05,,OK,
2026-09-05T05:00:00Z,Bitget USDT Futures,ETHUSDT,2449.49,784302.5599999998,1921141277.6943994,0.0001,,OK,
2026-09-05T05:00:00Z,Bitget USDT Futures,HBARUSDT,0.0792,167217539.0,13243629.088800002,0.0001,,OK,
2026-09-05T05:00:00Z,Bitget USDT Futures,HYPEUSDT,83.887,2340434.05,196331991.15234998,3.7e-05,,OK,
2026-09-05T05:00:00Z,Bitget USDT Futures,LINKUSDT,11.657,3944524.0,45981316.268,0.0001,,OK,
2026-09-05T05:00:00Z,Bitget USDT Futures,MORPHOUSDT,2.5053,988663.0,2476897.4139,5e-05,,OK,
2026-09-05T05:00:00Z,Bitget USDT Futures,NEARUSDT,2.2044,16383546.0,36115888.8024,0.0001,,OK,
2026-09-05T05:00:00Z,Bitget USDT Futures,ONDOUSDT,0.3715,55614989.5,20660968.59925,5e-05,,OK,
2026-09-05T05:00:00Z,Bitget USDT Futures,SEIUSDT,0.04696,131629652.0,6181328.45792,0.0001,,OK,
2026-09-05T05:00:00Z,Bitget USDT Futures,SOLUSDT,101.762,4491695.299999965,457083897.1185965,4.5e-05,,OK,
2026-09-05T05:00:00Z,Bitget USDT Futures,SUIUSDT,0.7671,62561560.50000001,47990973.05955001,0.0001,,OK,
2026-09-05T05:00:00Z,Bitget USDT Futures,TAOUSDT,226.72,106368.11200000002,24115778.352640007,5e-05,,OK,
2026-09-05T05:00:00Z,Bitget USDT Futures,UNIUSDT,6.313,3850327.0,24307114.351,9e-06,,OK,
2026-09-05T05:00:00Z,Bitget USDT Futures,XLMUSDT,0.18076,119637638.0,21625699.44488,0.0001,,OK,
2026-09-05T05:00:00Z,Bitget USDT Futures,XRPUSDT,1.3972,171538809.0,239674023.9348,0.0001,,OK,
2026-09-05T05:00:00Z,Bitget USDT Futures,ZECUSDT,1019.28,110641.67699999997,112774848.53255996,-2.9e-05,,OK,
2026-09-05T06:00:00Z,Bitget USDT Futures,AAVEUSDT,129.3,190603.20000000016,24644993.760000024,0.0001,,OK,
2026-09-05T06:00:00Z,Bitget USDT Futures,AVAXUSDT,7.445,2922176.5,21755604.0425,0.0001,,OK,
2026-09-05T06:00:00Z,Bitget USDT Futures,BTCUSDT,79588.5,33097.83029999992,2634206666.831544,2.6e-05,,OK,
2026-09-05T06:00:00Z,Bitget USDT Futures,CAKEUSDT,1.98,760220.7999999999,1505237.184,5e-05,,OK,
2026-09-05T06:00:00Z,Bitget USDT Futures,CCUSDT,0.10849,7503850.0,814092.6865000001,5e-05,,OK,
2026-09-05T06:00:00Z,Bitget USDT Futures,ENAUSDT,0.16321,230875003.0,37681109.23963,5e-05,,OK,
2026-09-05T06:00:00Z,Bitget USDT Futures,ETHUSDT,2450.95,786328.2099999998,1927251126.2994995,0.0001,,OK,
2026-09-05T06:00:00Z,Bitget USDT Futures,HBARUSDT,0.07958,166944316.0,13285428.66728,0.0001,,OK,
2026-09-05T06:00:00Z,Bitget USDT Futures,HYPEUSDT,84.007,2341809.64,196728402.42748,4.2e-05,,OK,
2026-09-05T06:00:00Z,Bitget USDT Futures,LINKUSDT,11.657,3947784.0,46019318.088,0.0001,,OK,
2026-09-05T06:00:00Z,Bitget USDT Futures,MORPHOUSDT,2.4939,992237.0,2474539.8543,5e-05,,OK,
2026-09-05T06:00:00Z,Bitget USDT Futures,NEARUSDT,2.2221,16406810.0,36457572.501,0.0001,,OK,
2026-09-05T06:00:00Z,Bitget USDT Futures,ONDOUSDT,0.3729,55661156.5,20756045.25885,5e-05,,OK,
2026-09-05T06:00:00Z,Bitget USDT Futures,SEIUSDT,0.04725,132391243.0,6255486.23175,0.0001,,OK,
2026-09-05T06:00:00Z,Bitget USDT Futures,SOLUSDT,101.912,4489346.899999966,457518321.2727966,5.6e-05,,OK,
2026-09-05T06:00:00Z,Bitget USDT Futures,SUIUSDT,0.7743,62505824.50000001,48398259.91035,0.0001,,OK,
2026-09-05T06:00:00Z,Bitget USDT Futures,TAOUSDT,228.04,106345.09100000001,24250934.551640004,5e-05,,OK,
2026-09-05T06:00:00Z,Bitget USDT Futures,UNIUSDT,6.282,3854693.0,24215181.426,1.2e-05,,OK,
2026-09-05T06:00:00Z,Bitget USDT Futures,XLMUSDT,0.18147,119498736.0,21685435.62192,0.0001,,OK,
2026-09-05T06:00:00Z,Bitget USDT Futures,XRPUSDT,1.3998,171546477.0,240130758.5046,0.0001,,OK,
2026-09-05T06:00:00Z,Bitget USDT Futures,ZECUSDT,1013.66,111406.76399999997,112928580.39623997,-5.4e-05,,OK,
2026-09-05T07:00:00Z,Bitget USDT Futures,AAVEUSDT,129.98,189068.40000000014,24575110.632000018,0.0001,,OK,
2026-09-05T07:00:00Z,Bitget USDT Futures,AVAXUSDT,7.459,2924096.9,21810838.777099997,0.0001,,OK,
2026-09-05T07:00:00Z,Bitget USDT Futures,BTCUSDT,79644.3,33089.90349999992,2635422201.3250437,1.6e-05,,OK,
2026-09-05T07:00:00Z,Bitget USDT Futures,CAKEUSDT,2.0063,751753.6,1508243.24768,5e-05,,OK,
2026-09-05T07:00:00Z,Bitget USDT Futures,CCUSDT,0.10849,7550440.0,819147.2356,5e-05,,OK,
2026-09-05T07:00:00Z,Bitget USDT Futures,ENAUSDT,0.16524,231431824.0,38241794.59776,5e-05,,OK,
2026-09-05T07:00:00Z,Bitget USDT Futures,ETHUSDT,2453.74,778657.6699999998,1910623471.1857994,0.0001,,OK,
2026-09-05T07:00:00Z,Bitget USDT Futures,HBARUSDT,0.08017,166849109.0,13376293.06853,0.0001,,OK,
2026-09-05T07:00:00Z,Bitget USDT Futures,HYPEUSDT,84.389,2340860.38,197542866.60781997,4.9e-05,,OK,
2026-09-05T07:00:00Z,Bitget USDT Futures,LINKUSDT,11.73,3955413.0,46396994.49,0.0001,,OK,
2026-09-05T07:00:00Z,Bitget USDT Futures,MORPHOUSDT,2.5112,989875.0,2485774.1,5e-05,,OK,
2026-09-05T07:00:00Z,Bitget USDT Futures,NEARUSDT,2.2475,16470214.0,37016805.965,0.0001,,OK,
2026-09-05T07:00:00Z,Bitget USDT Futures,ONDOUSDT,0.3713,55664923.7,20668386.16981,5e-05,,OK,
2026-09-05T07:00:00Z,Bitget USDT Futures,SEIUSDT,0.04781,132269354.0,6323797.814739999,0.0001,,OK,
2026-09-05T07:00:00Z,Bitget USDT Futures,SOLUSDT,102.306,4497526.199999966,460123915.41719645,5.4e-05,,OK,
2026-09-05T07:00:00Z,Bitget USDT Futures,SUIUSDT,0.7793,63215031.70000001,49263474.20381001,0.0001,,OK,
2026-09-05T07:00:00Z,Bitget USDT Futures,TAOUSDT,234.89,105629.34600000002,24811277.081940003,5e-05,,OK,
2026-09-05T07:00:00Z,Bitget USDT Futures,UNIUSDT,6.239,3852354.0,24034836.606,5e-06,,OK,
2026-09-05T07:00:00Z,Bitget USDT Futures,XLMUSDT,0.18307,120175092.0,22000454.09244,0.0001,,OK,
2026-09-05T07:00:00Z,Bitget USDT Futures,XRPUSDT,1.4034,170908033.0,239852333.5122,9.7e-05,,OK,
2026-09-05T07:00:00Z,Bitget USDT Futures,ZECUSDT,1007.4,109894.19400000003,110707411.03560004,-6.2e-05,,OK,
2026-09-05T08:00:00Z,Bitget USDT Futures,AAVEUSDT,130.31,188813.20000000016,24604248.092000023,0.0001,,OK,
2026-09-05T08:00:00Z,Bitget USDT Futures,AVAXUSDT,7.486,2915110.5,21822517.202999998,0.0001,,OK,
2026-09-05T08:00:00Z,Bitget USDT Futures,BTCUSDT,79666.0,33115.54489999992,2638183000.0033937,3e-06,,OK,
2026-09-05T08:00:00Z,Bitget USDT Futures,CAKEUSDT,2.0572,752886.6,1548838.3135199999,5e-05,,OK,
2026-09-05T08:00:00Z,Bitget USDT Futures,CCUSDT,0.10806,7559482.0,816877.62492,5e-05,,OK,
2026-09-05T08:00:00Z,Bitget USDT Futures,ENAUSDT,0.16456,231926852.0,38165882.76512,5e-05,,OK,
2026-09-05T08:00:00Z,Bitget USDT Futures,ETHUSDT,2455.68,780611.4099999998,1916931827.3087993,8.4e-05,,OK,
2026-09-05T08:00:00Z,Bitget USDT Futures,HBARUSDT,0.07982,166531945.0,13292579.8499,0.0001,,OK,
2026-09-05T08:00:00Z,Bitget USDT Futures,HYPEUSDT,84.707,2343110.12,198477828.93484,4.1e-05,,OK,
2026-09-05T08:00:00Z,Bitget USDT Futures,LINKUSDT,11.77,3966829.0,46689577.33,0.0001,,OK,
2026-09-05T08:00:00Z,Bitget USDT Futures,MORPHOUSDT,2.5221,988795.0,2493839.8695,5e-05,,OK,
2026-09-05T08:00:00Z,Bitget USDT Futures,NEARUSDT,2.2291,16470936.0,36715363.437599994,0.0001,,OK,
2026-09-05T08:00:00Z,Bitget USDT Futures,ONDOUSDT,0.3693,56178917.300000004,20746874.15889,5e-05,,OK,
2026-09-05T08:00:00Z,Bitget USDT Futures,SEIUSDT,0.04791,132264270.0,6336781.1757000005,0.0001,,OK,
2026-09-05T08:00:00Z,Bitget USDT Futures,SOLUSDT,102.346,4489084.399999966,459439832.0023965,4.5e-05,,OK,
2026-09-05T08:00:00Z,Bitget USDT Futures,SUIUSDT,0.7895,62565608.70000001,49395548.06865001,0.0001,,OK,
2026-09-05T08:00:00Z,Bitget USDT Futures,TAOUSDT,236.1,111051.22800000002,26219194.930800002,5e-05,,OK,
2026-09-05T08:00:00Z,Bitget USDT Futures,UNIUSDT,6.248,3903496.0,24389043.008,-7e-06,,OK,
2026-09-05T08:00:00Z,Bitget USDT Futures,XLMUSDT,0.18236,120276852.0,21933686.73072,0.0001,,OK,
2026-09-05T08:00:00Z,Bitget USDT Futures,XRPUSDT,1.4054,169760119.0,238580871.2426,5.4e-05,,OK,
2026-09-05T08:00:00Z,Bitget USDT Futures,ZECUSDT,1006.68,109271.07399999998,110001004.77431998,-6.3e-05,,OK,
2026-09-05T09:00:00Z,Bitget USDT Futures,AAVEUSDT,129.82,188963.40000000014,24531228.58800002,0.0001,,OK,
2026-09-05T09:00:00Z,Bitget USDT Futures,AVAXUSDT,7.498,2920038.9,21894451.6722,0.0001,,OK,
2026-09-05T09:00:00Z,Bitget USDT Futures,BTCUSDT,79657.1,33175.33669999992,2642651113.0455637,1e-06,,OK,
2026-09-05T09:00:00Z,Bitget USDT Futures,CAKEUSDT,2.1298,758532.3999999999,1615522.3055199997,5e-05,,OK,
2026-09-05T09:00:00Z,Bitget USDT Futures,CCUSDT,0.10855,7610672.0,826138.4456,5e-05,,OK,
2026-09-05T09:00:00Z,Bitget USDT Futures,ENAUSDT,0.16377,232274046.0,38039520.51342,5e-05,,OK,
2026-09-05T09:00:00Z,Bitget USDT Futures,ETHUSDT,2456.65,781648.4099999998,1920236566.4264996,6.1e-05,,OK,
2026-09-05T09:00:00Z,Bitget USDT Futures,HBARUSDT,0.08015,166501589.0,13345102.35835,0.0001,,OK,
2026-09-05T09:00:00Z,Bitget USDT Futures,HYPEUSDT,84.645,2345257.54,198514324.47329998,2.7e-05,,OK,
2026-09-05T09:00:00Z,Bitget USDT Futures,LINKUSDT,11.799,3973236.0,46880211.563999996,0.0001,,OK,
2026-09-05T09:00:00Z,Bitget USDT Futures,MORPHOUSDT,2.5213,986339.0,2486856.5207,5e-05,,OK,
2026-09-05T09:00:00Z,Bitget USDT Futures,NEARUSDT,2.2185,16427676.0,36444799.206,0.0001,,OK,
2026-09-05T09:00:00Z,Bitget USDT Futures,ONDOUSDT,0.3696,56098706.1,20734081.77456,5e-05,,OK,
2026-09-05T09:00:00Z,Bitget USDT Futures,SEIUSDT,0.04789,132258630.0,6333865.790700001,0.0001,,OK,
2026-09-05T09:00:00Z,Bitget USDT Futures,SOLUSDT,102.623,4497577.399999966,461554885.5201965,4.2e-05,,OK,
2026-09-05T09:00:00Z,Bitget USDT Futures,SUIUSDT,0.7878,63088035.300000004,49700754.20934,0.0001,,OK,
2026-09-05T09:00:00Z,Bitget USDT Futures,TAOUSDT,236.24,113014.63800000002,26698578.081120007,5e-05,,OK,
2026-09-05T09:00:00Z,Bitget USDT Futures,UNIUSDT,6.297,3913466.0,24643095.402,-7.8e-05,,OK,
2026-09-05T09:00:00Z,Bitget USDT Futures,XLMUSDT,0.18317,121213308.0,22202641.62636,0.0001,,OK,
2026-09-05T09:00:00Z,Bitget USDT Futures,XRPUSDT,1.4091,168659898.0,237658662.2718,3.5e-05,,OK,
2026-09-05T09:00:00Z,Bitget USDT Futures,ZECUSDT,1008.83,109217.80399999995,110182197.20931995,-7.1e-05,,OK,
2026-09-05T10:00:00Z,Bitget USDT Futures,AAVEUSDT,130.31,188598.80000000016,24576309.62800002,0.0001,,OK,
2026-09-05T10:00:00Z,Bitget USDT Futures,AVAXUSDT,7.501,2922790.9,21923854.5409,0.0001,,OK,
2026-09-05T10:00:00Z,Bitget USDT Futures,BTCUSDT,79589.3,33173.75259999992,2640275747.8071737,6e-06,,OK,
2026-09-05T10:00:00Z,Bitget USDT Futures,CAKEUSDT,2.1363,756502.9999999999,1616117.3588999996,5e-05,,OK,
2026-09-05T10:00:00Z,Bitget USDT Futures,CCUSDT,0.10843,7624964.0,826774.84652,5e-05,,OK,
2026-09-05T10:00:00Z,Bitget USDT Futures,ENAUSDT,0.16385,233017942.0,38179989.7967,5e-05,,OK,
2026-09-05T10:00:00Z,Bitget USDT Futures,ETHUSDT,2456.49,781427.3499999999,1919568471.0014994,3.9e-05,,OK,
2026-09-05T10:00:00Z,Bitget USDT Futures,HBARUSDT,0.08018,166799101.0,13373951.91818,0.0001,,OK,
2026-09-05T10:00:00Z,Bitget USDT Futures,HYPEUSDT,84.685,2344491.14,198543232.19090003,2.6e-05,,OK,
2026-09-05T10:00:00Z,Bitget USDT Futures,LINKUSDT,11.784,3995192.0,47079342.528000005,0.0001,,OK,
2026-09-05T10:00:00Z,Bitget USDT Futures,MORPHOUSDT,2.5291,989173.0,2501717.4343000003,5e-05,,OK,
2026-09-05T10:00:00Z,Bitget USDT Futures,NEARUSDT,2.2445,16441678.0,36903346.271,0.0001,,OK,
2026-09-05T10:00:00Z,Bitget USDT Futures,ONDOUSDT,0.3686,56260792.5,20737728.1155,5e-05,,OK,
2026-09-05T10:00:00Z,Bitget USDT Futures,SEIUSDT,0.04766,132105786.0,6296161.76076,0.0001,,OK,
2026-09-05T10:00:00Z,Bitget USDT Futures,SOLUSDT,102.396,4496194.799999966,460392362.74079657,2.7e-05,,OK,
2026-09-05T10:00:00Z,Bitget USDT Futures,SUIUSDT,0.7839,63975942.10000002,50150741.012190014,0.0001,,OK,
2026-09-05T10:00:00Z,Bitget USDT Futures,TAOUSDT,235.93,113671.18000000002,26818441.497400004,5e-05,,OK,
2026-09-05T10:00:00Z,Bitget USDT Futures,UNIUSDT,6.321,3897331.0,24635029.251,-8e-05,,OK,
2026-09-05T10:00:00Z,Bitget USDT Futures,XLMUSDT,0.18301,121496843.0,22235137.237430003,0.0001,,OK,
2026-09-05T10:00:00Z,Bitget USDT Futures,XRPUSDT,1.4047,168675579.0,236938585.8213,8e-06,,OK,
2026-09-05T10:00:00Z,Bitget USDT Futures,ZECUSDT,1008.77,109139.4019999999,110096554.55553989,-5.2e-05,,OK,
2026-09-05T11:00:00Z,Bitget USDT Futures,AAVEUSDT,129.95,188777.80000000016,24531675.110000018,0.0001,,OK,
2026-09-05T11:00:00Z,Bitget USDT Futures,AVAXUSDT,7.493,2927873.0999999996,21938553.138299998,0.0001,,OK,
2026-09-05T11:00:00Z,Bitget USDT Futures,BTCUSDT,79594.6,33178.25929999992,2640810277.679774,1.8e-05,,OK,
2026-09-05T11:00:00Z,Bitget USDT Futures,CAKEUSDT,2.1353,759812.5999999999,1622427.8447799997,5e-05,,OK,
2026-09-05T11:00:00Z,Bitget USDT Futures,CCUSDT,0.10847,7623932.0,826967.9040399999,5e-05,,OK,
2026-09-05T11:00:00Z,Bitget USDT Futures,ENAUSDT,0.16354,232958169.0,38097978.95826,5e-05,,OK,
2026-09-05T11:00:00Z,Bitget USDT Futures,ETHUSDT,2452.66,782740.5899999999,1919796535.4693995,4.3e-05,,OK,
2026-09-05T11:00:00Z,Bitget USDT Futures,HBARUSDT,0.08018,166742621.0,13369423.351780001,0.0001,,OK,
2026-09-05T11:00:00Z,Bitget USDT Futures,HYPEUSDT,84.664,2344788.4899999998,198519172.71736,3.3e-05,,OK,
2026-09-05T11:00:00Z,Bitget USDT Futures,LINKUSDT,11.741,3984004.0,46776190.964,0.0001,,OK,
2026-09-05T11:00:00Z,Bitget USDT Futures,MORPHOUSDT,2.5379,1001883.0,2542678.8657,5e-05,,OK,
2026-09-05T11:00:00Z,Bitget USDT Futures,NEARUSDT,2.2519,16484846.0,37122224.7074,0.0001,,OK,
2026-09-05T11:00:00Z,Bitget USDT Futures,ONDOUSDT,0.3688,56165416.900000006,20713805.752720002,5e-05,,OK,
2026-09-05T11:00:00Z,Bitget USDT Futures,SEIUSDT,0.04784,133088336.0,6366945.99424,0.0001,,OK,
2026-09-05T11:00:00Z,Bitget USDT Futures,SOLUSDT,102.353,4500106.599999966,460599410.8297965,2.5e-05,,OK,
2026-09-05T11:00:00Z,Bitget USDT Futures,SUIUSDT,0.7831,64023662.70000001,50136930.26037001,0.0001,,OK,
2026-09-05T11:00:00Z,Bitget USDT Futures,TAOUSDT,238.08,113375.37800000001,26992409.994240005,5e-05,,OK,
2026-09-05T11:00:00Z,Bitget USDT Futures,UNIUSDT,6.244,3891569.0,24298956.836,-6.4e-05,,OK,
2026-09-05T11:00:00Z,Bitget USDT Futures,XLMUSDT,0.18322,121359940.0,22235568.2068,0.0001,,OK,
2026-09-05T11:00:00Z,Bitget USDT Futures,XRPUSDT,1.4035,168858806.0,236993334.221,-6e-06,,OK,
2026-09-05T11:00:00Z,Bitget USDT Futures,ZECUSDT,1004.72,110143.79399999986,110663672.70767987,-5e-05,,OK,
2026-09-05T12:00:00Z,Bitget USDT Futures,AAVEUSDT,129.88,188890.20000000016,24533059.17600002,0.0001,,OK,
2026-09-05T12:00:00Z,Bitget USDT Futures,AVAXUSDT,7.499,2925495.6999999997,21938292.2543,0.0001,,OK,
2026-09-05T12:00:00Z,Bitget USDT Futures,BTCUSDT,79619.0,33194.95669999992,2642949257.497294,2.7e-05,,OK,
2026-09-05T12:00:00Z,Bitget USDT Futures,CAKEUSDT,2.1721,761290.6,1653599.3122599998,5e-05,,OK,
2026-09-05T12:00:00Z,Bitget USDT Futures,CCUSDT,0.10864,7815164.0,849039.4169600001,5e-05,,OK,
2026-09-05T12:00:00Z,Bitget USDT Futures,ENAUSDT,0.16309,234112904.0,38181473.51336,5e-05,,OK,
2026-09-05T12:00:00Z,Bitget USDT Futures,ETHUSDT,2453.6,780160.8899999999,1914202759.7039998,4.5e-05,,OK,
2026-09-05T12:00:00Z,Bitget USDT Futures,HBARUSDT,0.08022,166792109.0,13380062.98398,0.0001,,OK,
2026-09-05T12:00:00Z,Bitget USDT Futures,HYPEUSDT,84.854,2344732.41,198959923.91814002,5e-05,,OK,
2026-09-05T12:00:00Z,Bitget USDT Futures,LINKUSDT,11.729,3971166.0,46577806.014,0.0001,,OK,
2026-09-05T12:00:00Z,Bitget USDT Futures,MORPHOUSDT,2.5198,1014297.0,2555825.5806,5e-05,,OK,
2026-09-05T12:00:00Z,Bitget USDT Futures,NEARUSDT,2.2315,16606625.0,37057683.6875,0.0001,,OK,
2026-09-05T12:00:00Z,Bitget USDT Futures,ONDOUSDT,0.3701,56268969.300000004,20825145.53793,5e-05,,OK,
2026-09-05T12:00:00Z,Bitget USDT Futures,SEIUSDT,0.04793,133628210.0,6404800.1053,0.0001,,OK,
2026-09-05T12:00:00Z,Bitget USDT Futures,SOLUSDT,102.288,4501546.399999966,460454178.1631965,2.1e-05,,OK,
2026-09-05T12:00:00Z,Bitget USDT Futures,SUIUSDT,0.787,64274469.300000004,50584007.3391,0.0001,,OK,
2026-09-05T12:00:00Z,Bitget USDT Futures,TAOUSDT,239.04,111678.86500000002,26695715.889600005,5e-05,,OK,
2026-09-05T12:00:00Z,Bitget USDT Futures,UNIUSDT,6.262,3919843.0,24546056.865999997,-4.4e-05,,OK,
2026-09-05T12:00:00Z,Bitget USDT Futures,XLMUSDT,0.18291,121461866.0,22216589.91006,0.0001,,OK,
2026-09-05T12:00:00Z,Bitget USDT Futures,XRPUSDT,1.4041,167385052.0,235025351.51319999,-1.3e-05,,OK,
2026-09-05T12:00:00Z,Bitget USDT Futures,ZECUSDT,1012.57,109064.93999999978,110435886.29579979,-3.6e-05,,OK,
2026-09-05T13:00:00Z,Bitget USDT Futures,AAVEUSDT,130.72,188333.80000000013,24618994.336000018,0.0001,,OK,
2026-09-05T13:00:00Z,Bitget USDT Futures,AVAXUSDT,7.552,2909269.1999999997,21970800.998399995,0.0001,,OK,
2026-09-05T13:00:00Z,Bitget USDT Futures,BTCUSDT,79679.9,33098.65589999992,2637297592.246403,2.4e-05,,OK,
2026-09-05T13:00:00Z,Bitget USDT Futures,CAKEUSDT,2.2441,756038.3999999999,1696625.7734399997,5e-05,,OK,
2026-09-05T13:00:00Z,Bitget USDT Futures,CCUSDT,0.10958,7806132.0,855395.94456,5e-05,,OK,
2026-09-05T13:00:00Z,Bitget USDT Futures,ENAUSDT,0.16487,231692444.0,38199133.24228,5e-05,,OK,
2026-09-05T13:00:00Z,Bitget USDT Futures,ETHUSDT,2458.47,782934.8799999999,1924821914.4335995,4.1e-05,,OK,
2026-09-05T13:00:00Z,Bitget USDT Futures,HBARUSDT,0.08141,166671407.0,13568719.24387,0.0001,,OK,
2026-09-05T13:00:00Z,Bitget USDT Futures,HYPEUSDT,85.154,2346030.1,199773847.1354,5e-05,,OK,
2026-09-05T13:00:00Z,Bitget USDT Futures,LINKUSDT,11.855,4021582.0,47675854.61,0.0001,,OK,
2026-09-05T13:00:00Z,Bitget USDT Futures,MORPHOUSDT,2.5123,1013505.0,2546228.6115,5e-05,,OK,
2026-09-05T13:00:00Z,Bitget USDT Futures,NEARUSDT,2.2257,16384510.0,36467003.907,0.0001,,OK,
2026-09-05T13:00:00Z,Bitget USDT Futures,ONDOUSDT,0.3726,56187387.900000006,20935420.731540002,5e-05,,OK,
2026-09-05T13:00:00Z,Bitget USDT Futures,SEIUSDT,0.04844,133997662.0,6490846.74728,0.0001,,OK,
2026-09-05T13:00:00Z,Bitget USDT Futures,SOLUSDT,103.33,4501359.299999966,465125456.4689965,3.4e-05,,OK,
2026-09-05T13:00:00Z,Bitget USDT Futures,SUIUSDT,0.7999,63673556.50000001,50932477.84435001,0.0001,,OK,
2026-09-05T13:00:00Z,Bitget USDT Futures,TAOUSDT,237.82,110327.48000000001,26238081.2936,5e-05,,OK,
2026-09-05T13:00:00Z,Bitget USDT Futures,UNIUSDT,6.239,3939103.0,24576063.617,-4.7e-05,,OK,
2026-09-05T13:00:00Z,Bitget USDT Futures,XLMUSDT,0.18441,120629668.0,22245317.07588,0.0001,,OK,
2026-09-05T13:00:00Z,Bitget USDT Futures,XRPUSDT,1.4169,168567736.0,238843625.13840002,2e-06,,OK,
2026-09-05T13:00:00Z,Bitget USDT Futures,ZECUSDT,1014.6,109086.34199999976,110679002.59319976,-2.2e-05,,OK,
2026-09-05T14:00:00Z,Bitget USDT Futures,AAVEUSDT,129.93,187736.70000000013,24392629.431000017,0.0001,,OK,
2026-09-05T14:00:00Z,Bitget USDT Futures,AVAXUSDT,7.54,2910227.3,21943113.842,0.0001,,OK,
2026-09-05T14:00:00Z,Bitget USDT Futures,BTCUSDT,79632.2,33153.95259999992,2640122184.233713,1.9e-05,,OK,
2026-09-05T14:00:00Z,Bitget USDT Futures,CAKEUSDT,2.2072,752002.7,1659820.3594399998,5e-05,,OK,
2026-09-05T14:00:00Z,Bitget USDT Futures,CCUSDT,0.10915,7801270.0,851508.6205,5e-05,,OK,
2026-09-05T14:00:00Z,Bitget USDT Futures,ENAUSDT,0.16299,233159910.0,38002733.7309,5e-05,,OK,
2026-09-05T14:00:00Z,Bitget USDT Futures,ETHUSDT,2454.07,783815.5399999999,1923538202.2477999,3.9e-05,,OK,
2026-09-05T14:00:00Z,Bitget USDT Futures,HBARUSDT,0.08042,166928963.0,13424427.20446,0.0001,,OK,
2026-09-05T14:00:00Z,Bitget USDT Futures,HYPEUSDT,85.297,2340568.02,199643430.40194,5e-05,,OK,
2026-09-05T14:00:00Z,Bitget USDT Futures,LINKUSDT,11.863,4013662.0,47614072.306,0.0001,,OK,
2026-09-05T14:00:00Z,Bitget USDT Futures,MORPHOUSDT,2.508,1011447.0,2536709.076,5e-05,,OK,
2026-09-05T14:00:00Z,Bitget USDT Futures,NEARUSDT,2.1938,16284070.0,35723992.766,0.0001,,OK,
2026-09-05T14:00:00Z,Bitget USDT Futures,ONDOUSDT,0.3696,56175319.50000001,20762398.0872,5e-05,,OK,
2026-09-05T14:00:00Z,Bitget USDT Futures,SEIUSDT,0.04815,133547456.0,6430310.006399999,0.0001,,OK,
2026-09-05T14:00:00Z,Bitget USDT Futures,SOLUSDT,102.716,4506641.899999967,462904229.4003966,5.9e-05,,OK,
2026-09-05T14:00:00Z,Bitget USDT Futures,SUIUSDT,0.799,63988206.60000001,51126577.07340001,0.0001,,OK,
2026-09-05T14:00:00Z,Bitget USDT Futures,TAOUSDT,235.73,110438.69500000002,26033713.572350003,5e-05,,OK,
2026-09-05T14:00:00Z,Bitget USDT Futures,UNIUSDT,6.329,3852269.0,24381010.501,-2.7e-05,,OK,
2026-09-05T14:00:00Z,Bitget USDT Futures,XLMUSDT,0.18317,121645936.0,22281886.09712,0.0001,,OK,
2026-09-05T14:00:00Z,Bitget USDT Futures,XRPUSDT,1.4132,167686833.0,236975032.3956,1.7e-05,,OK,
2026-09-05T14:00:00Z,Bitget USDT Futures,ZECUSDT,1011.45,108980.97399999965,110228806.15229966,-2.4e-05,,OK,
2026-09-05T15:00:00Z,Bitget USDT Futures,AAVEUSDT,130.38,187454.20000000013,24440278.596000016,0.0001,,OK,
2026-09-05T15:00:00Z,Bitget USDT Futures,AVAXUSDT,7.543,2922530.8,22044649.8244,0.0001,,OK,
2026-09-05T15:00:00Z,Bitget USDT Futures,BTCUSDT,79653.0,33173.59099999992,2642376043.9229937,6e-06,,OK,
2026-09-05T15:00:00Z,Bitget USDT Futures,CAKEUSDT,2.2317,772022.7999999999,1722923.2827599999,5e-05,,OK,
2026-09-05T15:00:00Z,Bitget USDT Futures,CCUSDT,0.10964,7691286.0,843272.59704,5e-05,,OK,
2026-09-05T15:00:00Z,Bitget USDT Futures,ENAUSDT,0.16239,232857150.0,37813672.5885,5e-05,,OK,
2026-09-05T15:00:00Z,Bitget USDT Futures,ETHUSDT,2456.04,783325.0499999998,1923877655.8019996,4.4e-05,,OK,
2026-09-05T15:00:00Z,Bitget USDT Futures,HBARUSDT,0.08056,167067958.0,13458994.69648,0.0001,,OK,
2026-09-05T15:00:00Z,Bitget USDT Futures,HYPEUSDT,85.125,2342256.16,199384555.62,5e-05,,OK,
2026-09-05T15:00:00Z,Bitget USDT Futures,LINKUSDT,11.878,4026736.0,47829570.208,0.0001,,OK,
2026-09-05T15:00:00Z,Bitget USDT Futures,MORPHOUSDT,2.5085,1012773.0,2540541.0705000004,5e-05,,OK,
2026-09-05T15:00:00Z,Bitget USDT Futures,NEARUSDT,2.1781,16356799.0,35626743.9019,0.0001,,OK,
2026-09-05T15:00:00Z,Bitget USDT Futures,ONDOUSDT,0.3681,56292058.800000004,20721106.84428,5e-05,,OK,
2026-09-05T15:00:00Z,Bitget USDT Futures,SEIUSDT,0.04807,132799056.0,6383650.62192,0.0001,,OK,
2026-09-05T15:00:00Z,Bitget USDT Futures,SOLUSDT,102.697,4515412.199999967,463719286.70339656,8.5e-05,,OK,
2026-09-05T15:00:00Z,Bitget USDT Futures,SUIUSDT,0.7946,65395328.900000006,51963128.343940005,0.0001,,OK,
2026-09-05T15:00:00Z,Bitget USDT Futures,TAOUSDT,236.53,109439.58000000002,25885743.857400004,5e-05,,OK,
2026-09-05T15:00:00Z,Bitget USDT Futures,UNIUSDT,6.32,3926187.0,24813501.84,5.6e-05,,OK,
2026-09-05T15:00:00Z,Bitget USDT Futures,XLMUSDT,0.18353,121680034.0,22331936.64002,0.0001,,OK,
2026-09-05T15:00:00Z,Bitget USDT Futures,XRPUSDT,1.4103,168360486.0,237438793.4058,3.7e-05,,OK,
2026-09-05T15:00:00Z,Bitget USDT Futures,ZECUSDT,1016.8,109490.34899999958,111329786.86319956,-2.8e-05,,OK,
2026-09-05T16:00:00Z,Bitget USDT Futures,AAVEUSDT,131.53,187923.60000000012,24717591.108000018,0.0001,,OK,
2026-09-05T16:00:00Z,Bitget USDT Futures,AVAXUSDT,7.542,2927872.9,22082017.411799997,0.0001,,OK,
2026-09-05T16:00:00Z,Bitget USDT Futures,BTCUSDT,79758.6,33141.85889999992,2643348267.2615337,-1e-05,,OK,
2026-09-05T16:00:00Z,Bitget USDT Futures,CAKEUSDT,2.2409,759457.3999999999,1701868.0876599997,5e-05,,OK,
2026-09-05T16:00:00Z,Bitget USDT Futures,CCUSDT,0.11096,7655666.0,849472.69936,5e-05,,OK,
2026-09-05T16:00:00Z,Bitget USDT Futures,ENAUSDT,0.16297,231702084.0,37760488.629480004,5e-05,,OK,
2026-09-05T16:00:00Z,Bitget USDT Futures,ETHUSDT,2459.19,784194.6499999999,1928483641.3335,4e-05,,OK,
2026-09-05T16:00:00Z,Bitget USDT Futures,HBARUSDT,0.08046,167063783.0,13441951.98018,0.0001,,OK,
2026-09-05T16:00:00Z,Bitget USDT Futures,HYPEUSDT,85.661,2341604.87,200584214.76907,5e-05,,OK,
2026-09-05T16:00:00Z,Bitget USDT Futures,LINKUSDT,11.935,4028250.0,48077163.75,0.0001,,OK,
2026-09-05T16:00:00Z,Bitget USDT Futures,MORPHOUSDT,2.5072,1013859.0,2541947.2848,5e-05,,OK,
2026-09-05T16:00:00Z,Bitget USDT Futures,NEARUSDT,2.1806,16397941.0,35757350.144600004,0.0001,,OK,
2026-09-05T16:00:00Z,Bitget USDT Futures,ONDOUSDT,0.3685,56701252.300000004,20894411.47255,5e-05,,OK,
2026-09-05T16:00:00Z,Bitget USDT Futures,SEIUSDT,0.04788,132630236.0,6350335.69968,0.0001,,OK,
2026-09-05T16:00:00Z,Bitget USDT Futures,SOLUSDT,102.898,4508899.599999966,463956751.0407965,8.3e-05,,OK,
2026-09-05T16:00:00Z,Bitget USDT Futures,SUIUSDT,0.7938,65511363.00000001,52002919.9494,0.0001,,OK,
2026-09-05T16:00:00Z,Bitget USDT Futures,TAOUSDT,235.98,109193.75900000002,25767543.248820003,5e-05,,OK,
2026-09-05T16:00:00Z,Bitget USDT Futures,UNIUSDT,6.383,3911687.0,24968298.121,9.3e-05,,OK,
2026-09-05T16:00:00Z,Bitget USDT Futures,XLMUSDT,0.18362,121584082.0,22325269.13684,0.0001,,OK,
2026-09-05T16:00:00Z,Bitget USDT Futures,XRPUSDT,1.4119,168457481.0,237845117.42389998,4.2e-05,,OK,
2026-09-05T16:00:00Z,Bitget USDT Futures,ZECUSDT,1025.02,110432.49299999948,113195513.97485946,-3.9e-05,,OK,
2026-09-05T17:00:00Z,Bitget USDT Futures,AAVEUSDT,131.98,188517.10000000012,24880486.858000014,0.0001,,OK,
2026-09-05T17:00:00Z,Bitget USDT Futures,AVAXUSDT,7.578,2931431.5,22214387.907,0.0001,,OK,
2026-09-05T17:00:00Z,Bitget USDT Futures,BTCUSDT,80055.2,33133.57549999992,2652515013.3675933,-1.2e-05,,OK,
2026-09-05T17:00:00Z,Bitget USDT Futures,CAKEUSDT,2.2466,764877.3999999999,1718373.5668399998,5e-05,,OK,
2026-09-05T17:00:00Z,Bitget USDT Futures,CCUSDT,0.11003,7616276.0,838018.84828,5e-05,,OK,
2026-09-05T17:00:00Z,Bitget USDT Futures,ENAUSDT,0.16528,231798655.0,38311681.698400006,5e-05,,OK,
2026-09-05T17:00:00Z,Bitget USDT Futures,ETHUSDT,2478.18,787036.7799999998,1950418807.4603994,4e-05,,OK,
2026-09-05T17:00:00Z,Bitget USDT Futures,HBARUSDT,0.08058,166801057.0,13440829.17306,0.0001,,OK,
2026-09-05T17:00:00Z,Bitget USDT Futures,HYPEUSDT,85.709,2341675.44,200702660.28696,5e-05,,OK,
2026-09-05T17:00:00Z,Bitget USDT Futures,LINKUSDT,12.086,4007735.0,48437485.21,0.0001,,OK,
2026-09-05T17:00:00Z,Bitget USDT Futures,MORPHOUSDT,2.4983,1016345.0,2539134.7135,5e-05,,OK,
2026-09-05T17:00:00Z,Bitget USDT Futures,NEARUSDT,2.2135,16259347.0,35990064.5845,8.6e-05,,OK,
2026-09-05T17:00:00Z,Bitget USDT Futures,ONDOUSDT,0.3697,56620970.0,20932772.608999997,5e-05,,OK,
2026-09-05T17:00:00Z,Bitget USDT Futures,SEIUSDT,0.04802,132363616.0,6356100.84032,0.0001,,OK,
2026-09-05T17:00:00Z,Bitget USDT Futures,SOLUSDT,103.799,4497176.599999967,466802433.9033966,8.9e-05,,OK,
2026-09-05T17:00:00Z,Bitget USDT Futures,SUIUSDT,0.8004,64525632.40000001,51646316.17296001,0.0001,,OK,
2026-09-05T17:00:00Z,Bitget USDT Futures,TAOUSDT,235.55,109081.86400000002,25694233.065200005,5e-05,,OK,
2026-09-05T17:00:00Z,Bitget USDT Futures,UNIUSDT,6.659,3984146.0,26530428.213999998,0.0001,,OK,
2026-09-05T17:00:00Z,Bitget USDT Futures,XLMUSDT,0.1845,121810477.0,22474033.0065,0.0001,,OK,
2026-09-05T17:00:00Z,Bitget USDT Futures,XRPUSDT,1.4186,169583535.0,240571202.75100002,5.4e-05,,OK,
2026-09-05T17:00:00Z,Bitget USDT Futures,ZECUSDT,1033.39,111416.48199999944,115136678.33397943,-2.9e-05,,OK,
2026-09-05T18:00:00Z,Bitget USDT Futures,AAVEUSDT,133.72,187332.00000000012,25050035.040000014,0.0001,,OK,
2026-09-05T18:00:00Z,Bitget USDT Futures,AVAXUSDT,7.608,2938565.5,22356606.323999997,0.0001,,OK,
2026-09-05T18:00:00Z,Bitget USDT Futures,BTCUSDT,79982.7,33099.91999999992,2647420971.383993,4e-06,,OK,
2026-09-05T18:00:00Z,Bitget USDT Futures,CAKEUSDT,2.2724,780865.7999999999,1774439.44392,5e-05,,OK,
2026-09-05T18:00:00Z,Bitget USDT Futures,CCUSDT,0.10992,7604342.0,835869.27264,5e-05,,OK,
2026-09-05T18:00:00Z,Bitget USDT Futures,ENAUSDT,0.1658,232617207.0,38567932.9206,5e-05,,OK,
2026-09-05T18:00:00Z,Bitget USDT Futures,ETHUSDT,2477.3,785423.6999999998,1945730132.0099998,4.2e-05,,OK,
2026-09-05T18:00:00Z,Bitget USDT Futures,HBARUSDT,0.08118,169098113.0,13727384.81334,0.0001,,OK,
2026-09-05T18:00:00Z,Bitget USDT Futures,HYPEUSDT,85.63,2336381.5,200064347.845,5e-05,,OK,
2026-09-05T18:00:00Z,Bitget USDT Futures,LINKUSDT,12.065,4077084.0,49190018.46,0.0001,,OK,
2026-09-05T18:00:00Z,Bitget USDT Futures,MORPHOUSDT,2.4924,997173.0,2485353.9852,-5.2e-05,,OK,
2026-09-05T18:00:00Z,Bitget USDT Futures,NEARUSDT,2.2468,16204350.0,36407933.58,1.4e-05,,OK,
2026-09-05T18:00:00Z,Bitget USDT Futures,ONDOUSDT,0.3685,56754830.300000004,20914154.96555,5e-05,,OK,
2026-09-05T18:00:00Z,Bitget USDT Futures,SEIUSDT,0.04779,132440424.0,6329327.86296,0.0001,,OK,
2026-09-05T18:00:00Z,Bitget USDT Futures,SOLUSDT,103.983,4487101.199999968,466582244.07959664,9.9e-05,,OK,
2026-09-05T18:00:00Z,Bitget USDT Futures,SUIUSDT,0.8082,64820786.40000001,52388159.568480015,0.0001,,OK,
2026-09-05T18:00:00Z,Bitget USDT Futures,TAOUSDT,234.51,108897.80800000002,25537624.954080004,5e-05,,OK,
2026-09-05T18:00:00Z,Bitget USDT Futures,UNIUSDT,6.95,3894807.0,27068908.650000002,0.0001,,OK,
2026-09-05T18:00:00Z,Bitget USDT Futures,XLMUSDT,0.18503,121738601.0,22525293.34303,0.0001,,OK,
2026-09-05T18:00:00Z,Bitget USDT Futures,XRPUSDT,1.4221,168810620.0,240065582.702,6e-05,,OK,
2026-09-05T18:00:00Z,Bitget USDT Futures,ZECUSDT,1034.2,111323.93799999935,115131216.67959934,-2.7e-05,,OK,
2026-09-05T19:00:00Z,Bitget USDT Futures,AAVEUSDT,134.3,186764.2000000001,25082432.060000014,0.0001,,OK,
2026-09-05T19:00:00Z,Bitget USDT Futures,AVAXUSDT,7.599,2922141.3,22205351.7387,0.0001,,OK,
2026-09-05T19:00:00Z,Bitget USDT Futures,BTCUSDT,79903.3,33050.70289999992,2640860229.0295634,1.6e-05,,OK,
2026-09-05T19:00:00Z,Bitget USDT Futures,CAKEUSDT,2.2521,784353.1999999998,1766441.8417199997,5e-05,,OK,
2026-09-05T19:00:00Z,Bitget USDT Futures,CCUSDT,0.10984,7602992.0,835112.64128,5e-05,,OK,
2026-09-05T19:00:00Z,Bitget USDT Futures,ENAUSDT,0.16573,231070674.0,38295342.80202,5e-05,,OK,
2026-09-05T19:00:00Z,Bitget USDT Futures,ETHUSDT,2476.98,783485.3899999999,1940677641.3221998,4.1e-05,,OK,
2026-09-05T19:00:00Z,Bitget USDT Futures,HBARUSDT,0.08081,169097855.0,13664797.66255,0.0001,,OK,
2026-09-05T19:00:00Z,Bitget USDT Futures,HYPEUSDT,86.0,2336371.72,200927967.92000002,5e-05,,OK,
2026-09-05T19:00:00Z,Bitget USDT Futures,LINKUSDT,12.017,4089130.0,49139075.21,0.0001,,OK,
2026-09-05T19:00:00Z,Bitget USDT Futures,MORPHOUSDT,2.4991,995437.0,2487696.6067,-0.000129,,OK,
2026-09-05T19:00:00Z,Bitget USDT Futures,NEARUSDT,2.2259,16284819.0,36248378.612100005,2.8e-05,,OK,
2026-09-05T19:00:00Z,Bitget USDT Futures,ONDOUSDT,0.3699,56530001.50000001,20910447.554850005,5e-05,,OK,
2026-09-05T19:00:00Z,Bitget USDT Futures,SEIUSDT,0.04773,132284954.0,6313960.85442,0.0001,,OK,
2026-09-05T19:00:00Z,Bitget USDT Futures,SOLUSDT,103.772,4487472.999999967,465674048.1559966,0.0001,,OK,
2026-09-05T19:00:00Z,Bitget USDT Futures,SUIUSDT,0.8047,65147324.60000001,52424052.105620004,0.0001,,OK,
2026-09-05T19:00:00Z,Bitget USDT Futures,TAOUSDT,234.61,108230.36700000001,25391926.401870005,5e-05,,OK,
2026-09-05T19:00:00Z,Bitget USDT Futures,UNIUSDT,7.04,3907230.0,27506899.2,0.0001,,OK,
2026-09-05T19:00:00Z,Bitget USDT Futures,XLMUSDT,0.18487,121269798.0,22419147.55626,0.0001,,OK,
2026-09-05T19:00:00Z,Bitget USDT Futures,XRPUSDT,1.4189,168471085.0,239043622.5065,5.3e-05,,OK,
2026-09-05T19:00:00Z,Bitget USDT Futures,ZECUSDT,1021.22,111670.42199999934,114040068.35483932,-1.4e-05,,OK,
2026-09-05T20:00:00Z,Bitget USDT Futures,AAVEUSDT,134.75,188380.8000000001,25384312.800000016,0.0001,,OK,
2026-09-05T20:00:00Z,Bitget USDT Futures,AVAXUSDT,7.594,2919413.9,22170029.1566,0.0001,,OK,
2026-09-05T20:00:00Z,Bitget USDT Futures,BTCUSDT,79694.3,32896.247299999915,2621643401.200383,2.3e-05,,OK,
2026-09-05T20:00:00Z,Bitget USDT Futures,CAKEUSDT,2.2444,787633.5999999999,1767764.85184,5e-05,,OK,
2026-09-05T20:00:00Z,Bitget USDT Futures,CCUSDT,0.10908,7452276.0,812894.26608,5e-05,,OK,
2026-09-05T20:00:00Z,Bitget USDT Futures,ENAUSDT,0.16455,229281976.0,37728349.1508,5e-05,,OK,
2026-09-05T20:00:00Z,Bitget USDT Futures,ETHUSDT,2476.39,782957.4099999998,1938907900.5498993,3.7e-05,,OK,
2026-09-05T20:00:00Z,Bitget USDT Futures,HBARUSDT,0.08089,169128999.0,13680844.72911,0.0001,,OK,
2026-09-05T20:00:00Z,Bitget USDT Futures,HYPEUSDT,85.313,2335576.74,199255058.41962004,3.8e-05,,OK,
2026-09-05T20:00:00Z,Bitget USDT Futures,LINKUSDT,11.993,4096687.0,49131567.191,0.0001,,OK,
2026-09-05T20:00:00Z,Bitget USDT Futures,MORPHOUSDT,2.5022,995109.0,2489961.7398,-0.000117,,OK,
2026-09-05T20:00:00Z,Bitget USDT Futures,NEARUSDT,2.1871,16268382.0,35580578.2722,9.8e-05,,OK,
2026-09-05T20:00:00Z,Bitget USDT Futures,ONDOUSDT,0.3704,56573199.900000006,20954713.242960002,5e-05,,OK,
2026-09-05T20:00:00Z,Bitget USDT Futures,SEIUSDT,0.0477,132192570.0,6305585.589,0.0001,,OK,
2026-09-05T20:00:00Z,Bitget USDT Futures,SOLUSDT,103.348,4465970.999999967,461549170.90799665,0.0001,,OK,
2026-09-05T20:00:00Z,Bitget USDT Futures,SUIUSDT,0.8006,65801857.20000001,52680966.87432001,0.0001,,OK,
2026-09-05T20:00:00Z,Bitget USDT Futures,TAOUSDT,232.86,108034.33600000001,25156875.480960004,5e-05,,OK,
2026-09-05T20:00:00Z,Bitget USDT Futures,UNIUSDT,7.153,3842289.0,27483893.217,0.0001,,OK,
2026-09-05T20:00:00Z,Bitget USDT Futures,XLMUSDT,0.18431,121448920.0,22384250.4452,0.0001,,OK,
2026-09-05T20:00:00Z,Bitget USDT Futures,XRPUSDT,1.4145,168213436.0,237937905.222,5.8e-05,,OK,
2026-09-05T20:00:00Z,Bitget USDT Futures,ZECUSDT,1009.93,112077.77399999935,113190706.29581934,-1.7e-05,,OK,
2026-09-05T21:00:00Z,Bitget USDT Futures,AAVEUSDT,133.67,187733.2000000001,25094296.84400001,0.0001,,OK,
2026-09-05T21:00:00Z,Bitget USDT Futures,AVAXUSDT,7.582,2915374.9,22104372.4918,0.0001,,OK,
2026-09-05T21:00:00Z,Bitget USDT Futures,BTCUSDT,79751.3,33007.85909999992,2632419673.441824,3e-05,,OK,
2026-09-05T21:00:00Z,Bitget USDT Futures,CAKEUSDT,2.2371,784177.7999999999,1754284.1563799998,5e-05,,OK,
2026-09-05T21:00:00Z,Bitget USDT Futures,CCUSDT,0.10886,7452496.0,811278.71456,5e-05,,OK,
2026-09-05T21:00:00Z,Bitget USDT Futures,ENAUSDT,0.16723,230836422.0,38602774.851059996,5e-05,,OK,
2026-09-05T21:00:00Z,Bitget USDT Futures,ETHUSDT,2475.96,783346.9600000001,1939535739.0816002,3.3e-05,,OK,
2026-09-05T21:00:00Z,Bitget USDT Futures,HBARUSDT,0.08075,168896265.0,13638373.39875,0.0001,,OK,
2026-09-05T21:00:00Z,Bitget USDT Futures,HYPEUSDT,85.279,2339160.92,199481304.09668,3.4e-05,,OK,
2026-09-05T21:00:00Z,Bitget USDT Futures,LINKUSDT,12.042,4075720.0,49079820.24,0.0001,,OK,
2026-09-05T21:00:00Z,Bitget USDT Futures,MORPHOUSDT,2.4932,994845.0,2480347.554,-7.7e-05,,OK,
2026-09-05T21:00:00Z,Bitget USDT Futures,NEARUSDT,2.1649,16271554.0,35226287.254599996,0.0001,,OK,
2026-09-05T21:00:00Z,Bitget USDT Futures,ONDOUSDT,0.3695,56745110.1,20967318.18195,5e-05,,OK,
2026-09-05T21:00:00Z,Bitget USDT Futures,SEIUSDT,0.04742,132476066.0,6282015.04972,0.0001,,OK,
2026-09-05T21:00:00Z,Bitget USDT Futures,SOLUSDT,103.381,4488974.999999967,464074724.4749966,0.0001,,OK,
2026-09-05T21:00:00Z,Bitget USDT Futures,SUIUSDT,0.8019,65101806.80000001,52205138.87292001,0.0001,,OK,
2026-09-05T21:00:00Z,Bitget USDT Futures,TAOUSDT,233.95,107611.63900000001,25175742.944050003,5e-05,,OK,
2026-09-05T21:00:00Z,Bitget USDT Futures,UNIUSDT,7.067,3817130.0,26975657.71,0.0001,,OK,
2026-09-05T21:00:00Z,Bitget USDT Futures,XLMUSDT,0.18438,121674202.0,22434289.36476,0.0001,,OK,
2026-09-05T21:00:00Z,Bitget USDT Futures,XRPUSDT,1.4163,167780792.0,237627935.70959997,6.2e-05,,OK,
2026-09-05T21:00:00Z,Bitget USDT Futures,ZECUSDT,1013.66,111906.82399999932,113435471.21583931,-1.6e-05,,OK,
2026-09-05T22:00:00Z,Bitget USDT Futures,AAVEUSDT,134.79,188638.0000000001,25426516.02000001,0.0001,,OK,
2026-09-05T22:00:00Z,Bitget USDT Futures,AVAXUSDT,7.607,2911862.3,22150536.5161,0.0001,,OK,
2026-09-05T22:00:00Z,Bitget USDT Futures,BTCUSDT,79872.2,33036.25979999992,2638678749.9975533,3.2e-05,,OK,
2026-09-05T22:00:00Z,Bitget USDT Futures,CAKEUSDT,2.2622,774735.5999999999,1752606.8743199997,5e-05,,OK,
2026-09-05T22:00:00Z,Bitget USDT Futures,CCUSDT,0.10875,7460846.0,811367.0025,5e-05,,OK,
2026-09-05T22:00:00Z,Bitget USDT Futures,ENAUSDT,0.17321,231756509.0,40142544.92389,5e-05,,OK,
2026-09-05T22:00:00Z,Bitget USDT Futures,ETHUSDT,2485.03,778818.6000000001,1935387585.5580003,2.9e-05,,OK,
2026-09-05T22:00:00Z,Bitget USDT Futures,HBARUSDT,0.08055,168830552.0,13599300.963599999,0.0001,,OK,
2026-09-05T22:00:00Z,Bitget USDT Futures,HYPEUSDT,85.543,2338118.14,200009640.05002004,1.6e-05,,OK,
2026-09-05T22:00:00Z,Bitget USDT Futures,LINKUSDT,12.055,4073098.0,49101196.39,0.0001,,OK,
2026-09-05T22:00:00Z,Bitget USDT Futures,MORPHOUSDT,2.505,995229.0,2493048.645,-2e-06,,OK,
2026-09-05T22:00:00Z,Bitget USDT Futures,NEARUSDT,2.1809,16157921.0,35238809.9089,0.0001,,OK,
2026-09-05T22:00:00Z,Bitget USDT Futures,ONDOUSDT,0.3721,57004917.5,21211529.80175,5e-05,,OK,
2026-09-05T22:00:00Z,Bitget USDT Futures,SEIUSDT,0.04782,132493652.0,6335846.43864,0.0001,,OK,
2026-09-05T22:00:00Z,Bitget USDT Futures,SOLUSDT,103.6,4481616.699999968,464295490.1199966,0.0001,,OK,
2026-09-05T22:00:00Z,Bitget USDT Futures,SUIUSDT,0.802,64932656.900000006,52075990.83380001,0.0001,,OK,
2026-09-05T22:00:00Z,Bitget USDT Futures,TAOUSDT,236.25,108302.27100000002,25586411.523750007,5e-05,,OK,
2026-09-05T22:00:00Z,Bitget USDT Futures,UNIUSDT,7.125,3799209.0,27069364.125,0.0001,,OK,
2026-09-05T22:00:00Z,Bitget USDT Futures,XLMUSDT,0.185,121539088.0,22484731.28,0.0001,,OK,
2026-09-05T22:00:00Z,Bitget USDT Futures,XRPUSDT,1.4173,168189241.0,238374611.2693,6.7e-05,,OK,
2026-09-05T22:00:00Z,Bitget USDT Futures,ZECUSDT,1017.4,111356.75999999934,113294367.62399933,6e-06,,OK,
2026-09-05T23:00:00Z,Bitget USDT Futures,AAVEUSDT,134.49,188237.2000000001,25316021.028000016,0.0001,,OK,
2026-09-05T23:00:00Z,Bitget USDT Futures,AVAXUSDT,7.584,2907946.1,22053863.2224,0.0001,,OK,
2026-09-05T23:00:00Z,Bitget USDT Futures,BTCUSDT,79711.5,32921.84429999992,2624249591.9194436,3.4e-05,,OK,
2026-09-05T23:00:00Z,Bitget USDT Futures,CAKEUSDT,2.2526,779481.1999999998,1755859.3511199998,5e-05,,OK,
2026-09-05T23:00:00Z,Bitget USDT Futures,CCUSDT,0.10861,7443822.0,808473.50742,5e-05,,OK,
2026-09-05T23:00:00Z,Bitget USDT Futures,ENAUSDT,0.17084,231441970.0,39539546.1548,5e-05,,OK,
2026-09-05T23:00:00Z,Bitget USDT Futures,ETHUSDT,2477.28,779487.92,1931009834.4576004,3.5e-05,,OK,
2026-09-05T23:00:00Z,Bitget USDT Futures,HBARUSDT,0.08024,173596043.0,13929346.49032,0.0001,,OK,
2026-09-05T23:00:00Z,Bitget USDT Futures,HYPEUSDT,85.2,2335797.15,199009917.18,1.9e-05,,OK,
2026-09-05T23:00:00Z,Bitget USDT Futures,LINKUSDT,11.97,4088781.0,48942708.57,0.0001,,OK,
2026-09-05T23:00:00Z,Bitget USDT Futures,MORPHOUSDT,2.483,990491.0,2459389.153,5e-05,,OK,
2026-09-05T23:00:00Z,Bitget USDT Futures,NEARUSDT,2.1853,16164776.0,35324884.9928,0.0001,,OK,
2026-09-05T23:00:00Z,Bitget USDT Futures,ONDOUSDT,0.3705,57296356.50000001,21228300.08325,5e-05,,OK,
2026-09-05T23:00:00Z,Bitget USDT Futures,SEIUSDT,0.04797,132355082.0,6349073.28354,0.0001,,OK,
2026-09-05T23:00:00Z,Bitget USDT Futures,SOLUSDT,103.121,4479206.099999968,461900212.23809665,9.7e-05,,OK,
2026-09-05T23:00:00Z,Bitget USDT Futures,SUIUSDT,0.7966,64450990.400000006,51341658.952640004,0.0001,,OK,
2026-09-05T23:00:00Z,Bitget USDT Futures,TAOUSDT,235.57,107851.42200000002,25406559.480540004,5e-05,,OK,
2026-09-05T23:00:00Z,Bitget USDT Futures,UNIUSDT,7.05,3767971.0,26564195.55,0.0001,,OK,
2026-09-05T23:00:00Z,Bitget USDT Futures,XLMUSDT,0.184,121582314.0,22371145.776,0.0001,,OK,
2026-09-05T23:00:00Z,Bitget USDT Futures,XRPUSDT,1.4126,167002905.0,235908303.60300002,6.1e-05,,OK,
2026-09-05T23:00:00Z,Bitget USDT Futures,ZECUSDT,1016.95,111020.79899999934,112902601.54304934,-2e-06,,OK,
2026-09-06T00:00:00Z,Bitget USDT Futures,AAVEUSDT,135.48,188460.7000000001,25532655.63600001,0.0001,,OK,
2026-09-06T00:00:00Z,Bitget USDT Futures,AVAXUSDT,7.609,2910682.9,22147386.1861,0.0001,,OK,
2026-09-06T00:00:00Z,Bitget USDT Futures,BTCUSDT,79884.8,32977.91669999992,2634434279.996154,4.2e-05,,OK,
2026-09-06T00:00:00Z,Bitget USDT Futures,CAKEUSDT,2.2777,779459.0999999999,1775373.9920699995,5e-05,,OK,
2026-09-06T00:00:00Z,Bitget USDT Futures,CCUSDT,0.10883,7434218.0,809065.94494,5e-05,,OK,
2026-09-06T00:00:00Z,Bitget USDT Futures,ENAUSDT,0.17774,234424931.0,41666687.23594,5e-05,,OK,
2026-09-06T00:00:00Z,Bitget USDT Futures,ETHUSDT,2485.56,777939.4800000001,1933615253.9088001,4.8e-05,,OK,
2026-09-06T00:00:00Z,Bitget USDT Futures,HBARUSDT,0.08065,174324335.0,14059257.61775,0.0001,,OK,
2026-09-06T00:00:00Z,Bitget USDT Futures,HYPEUSDT,85.489,2334109.46,199540683.62594,-5e-06,,OK,
2026-09-06T00:00:00Z,Bitget USDT Futures,LINKUSDT,12.081,4097591.0,49502996.871,0.0001,,OK,
2026-09-06T00:00:00Z,Bitget USDT Futures,MORPHOUSDT,2.5081,984691.0,2469703.4971000003,5e-05,,OK,
2026-09-06T00:00:00Z,Bitget USDT Futures,NEARUSDT,2.1979,16192095.0,35588605.6005,0.0001,,OK,
2026-09-06T00:00:00Z,Bitget USDT Futures,ONDOUSDT,0.3739,56942214.7,21290694.076330002,5e-05,,OK,
2026-09-06T00:00:00Z,Bitget USDT Futures,SEIUSDT,0.04822,132250924.0,6377139.55528,0.0001,,OK,
2026-09-06T00:00:00Z,Bitget USDT Futures,SOLUSDT,103.381,4475690.599999968,462701369.9185967,9.2e-05,,OK,
2026-09-06T00:00:00Z,Bitget USDT Futures,SUIUSDT,0.7978,64759667.80000001,51665262.97084001,0.0001,,OK,
2026-09-06T00:00:00Z,Bitget USDT Futures,TAOUSDT,238.74,109047.35300000002,26033965.055220004,5e-05,,OK,
2026-09-06T00:00:00Z,Bitget USDT Futures,UNIUSDT,7.134,3773555.0,26920541.37,0.0001,,OK,
2026-09-06T00:00:00Z,Bitget USDT Futures,XLMUSDT,0.18435,121809158.0,22455518.2773,0.0001,,OK,
2026-09-06T00:00:00Z,Bitget USDT Futures,XRPUSDT,1.4145,166188614.0,235073794.50300002,5.1e-05,,OK,
2026-09-06T00:00:00Z,Bitget USDT Futures,ZECUSDT,1032.88,110367.82399999934,113996718.05311933,3.9e-05,,OK,
2026-09-06T01:00:00Z,Bitget USDT Futures,AAVEUSDT,138.47,188108.0000000001,26047314.760000013,0.0001,,OK,
2026-09-06T01:00:00Z,Bitget USDT Futures,AVAXUSDT,7.646,2913641.4,22277702.1444,0.0001,,OK,
2026-09-06T01:00:00Z,Bitget USDT Futures,BTCUSDT,79914.2,33012.25789999992,2638148180.2721734,4.4e-05,,OK,
2026-09-06T01:00:00Z,Bitget USDT Futures,CAKEUSDT,2.2535,795452.3999999999,1792551.9833999996,5e-05,,OK,
2026-09-06T01:00:00Z,Bitget USDT Futures,CCUSDT,0.11085,7504248.0,831845.8908,5e-05,,OK,
2026-09-06T01:00:00Z,Bitget USDT Futures,ENAUSDT,0.18571,236213498.0,43867208.71358,5e-05,,OK,
2026-09-06T01:00:00Z,Bitget USDT Futures,ETHUSDT,2495.63,777500.28,1940353023.7764,4.2e-05,,OK,
2026-09-06T01:00:00Z,Bitget USDT Futures,HBARUSDT,0.08078,173127551.0,13985243.569780001,0.0001,,OK,
2026-09-06T01:00:00Z,Bitget USDT Futures,HYPEUSDT,86.313,2340425.32,202009130.64516,6e-06,,OK,
2026-09-06T01:00:00Z,Bitget USDT Futures,LINKUSDT,12.206,4129465.0,50404249.79,0.0001,,OK,
2026-09-06T01:00:00Z,Bitget USDT Futures,MORPHOUSDT,2.5597,989371.0,2532492.9487,5e-05,,OK,
2026-09-06T01:00:00Z,Bitget USDT Futures,NEARUSDT,2.2051,16133036.0,35574957.6836,0.0001,,OK,
2026-09-06T01:00:00Z,Bitget USDT Futures,ONDOUSDT,0.3755,56717183.7,21297302.47935,5e-05,,OK,
2026-09-06T01:00:00Z,Bitget USDT Futures,SEIUSDT,0.04864,132746642.0,6456796.66688,0.0001,,OK,
2026-09-06T01:00:00Z,Bitget USDT Futures,SOLUSDT,103.554,4472386.399999968,463133501.2655967,9.5e-05,,OK,
2026-09-06T01:00:00Z,Bitget USDT Futures,SUIUSDT,0.8015,65442563.300000004,52452214.484950006,0.0001,,OK,
2026-09-06T01:00:00Z,Bitget USDT Futures,TAOUSDT,238.48,108262.62400000001,25818470.57152,5e-05,,OK,
2026-09-06T01:00:00Z,Bitget USDT Futures,UNIUSDT,7.406,3801947.0,28157219.481999997,0.0001,,OK,
2026-09-06T01:00:00Z,Bitget USDT Futures,XLMUSDT,0.18499,121971144.0,22563441.92856,0.0001,,OK,
2026-09-06T01:00:00Z,Bitget USDT Futures,XRPUSDT,1.416,166519219.0,235791214.104,5.7e-05,,OK,
2026-09-06T01:00:00Z,Bitget USDT Futures,ZECUSDT,1079.99,112546.19799999933,121548768.37801929,4.2e-05,,OK,
2026-09-06T02:00:00Z,Bitget USDT Futures,AAVEUSDT,137.63,188486.40000000008,25941383.232000012,0.0001,,OK,
2026-09-06T02:00:00Z,Bitget USDT Futures,AVAXUSDT,7.679,2919834.0,22421405.286000002,0.0001,,OK,
2026-09-06T02:00:00Z,Bitget USDT Futures,BTCUSDT,79937.1,33132.65099999992,2648528036.252094,4.6e-05,,OK,
2026-09-06T02:00:00Z,Bitget USDT Futures,CAKEUSDT,2.2474,778534.5999999999,1749678.6600399995,5e-05,,OK,
2026-09-06T02:00:00Z,Bitget USDT Futures,CCUSDT,0.11061,7536300.0,833590.143,5e-05,,OK,
2026-09-06T02:00:00Z,Bitget USDT Futures,ENAUSDT,0.18179,235641373.0,42837245.197670005,5e-05,,OK,
2026-09-06T02:00:00Z,Bitget USDT Futures,ETHUSDT,2503.92,774502.29,1939291773.9768002,4e-05,,OK,
2026-09-06T02:00:00Z,Bitget USDT Futures,HBARUSDT,0.08147,172233297.0,14031846.70659,0.0001,,OK,
2026-09-06T02:00:00Z,Bitget USDT Futures,HYPEUSDT,85.375,2345407.2,200239139.70000002,1.9e-05,,OK,
2026-09-06T02:00:00Z,Bitget USDT Futures,LINKUSDT,12.345,4111777.0,50759887.065000005,0.0001,,OK,
2026-09-06T02:00:00Z,Bitget USDT Futures,MORPHOUSDT,2.5587,987427.0,2526529.4649,5e-05,,OK,
2026-09-06T02:00:00Z,Bitget USDT Futures,NEARUSDT,2.2119,16108602.0,35630616.7638,0.0001,,OK,
2026-09-06T02:00:00Z,Bitget USDT Futures,ONDOUSDT,0.3763,57223010.50000001,21533018.851150002,5e-05,,OK,
2026-09-06T02:00:00Z,Bitget USDT Futures,SEIUSDT,0.04877,134586842.0,6563800.28434,0.0001,,OK,
2026-09-06T02:00:00Z,Bitget USDT Futures,SOLUSDT,104.022,4498449.899999968,467937755.49779665,0.0001,,OK,
2026-09-06T02:00:00Z,Bitget USDT Futures,SUIUSDT,0.8014,67216206.80000001,53867068.12952001,0.0001,,OK,
2026-09-06T02:00:00Z,Bitget USDT Futures,TAOUSDT,237.06,108011.14400000001,25605121.796640005,5e-05,,OK,
2026-09-06T02:00:00Z,Bitget USDT Futures,UNIUSDT,7.356,3828759.0,28164351.204,0.0001,,OK,
2026-09-06T02:00:00Z,Bitget USDT Futures,XLMUSDT,0.18566,122399904.0,22724766.17664,0.0001,,OK,
2026-09-06T02:00:00Z,Bitget USDT Futures,XRPUSDT,1.4175,166426207.0,235909148.42249998,6.8e-05,,OK,
2026-09-06T02:00:00Z,Bitget USDT Futures,ZECUSDT,1067.4,112884.45299999931,120492865.13219927,-3.5e-05,,OK,
2026-09-06T03:00:00Z,Bitget USDT Futures,AAVEUSDT,135.46,188951.2000000001,25595329.552000016,0.0001,,OK,
2026-09-06T03:00:00Z,Bitget USDT Futures,AVAXUSDT,7.686,2919631.5,22440287.709,0.0001,,OK,
2026-09-06T03:00:00Z,Bitget USDT Futures,BTCUSDT,79920.0,33062.35619999992,2642343507.503994,5.3e-05,,OK,
2026-09-06T03:00:00Z,Bitget USDT Futures,CAKEUSDT,2.241,803031.7999999998,1799594.2637999996,5e-05,,OK,
2026-09-06T03:00:00Z,Bitget USDT Futures,CCUSDT,0.11022,7463410.0,822617.0501999999,5e-05,,OK,
2026-09-06T03:00:00Z,Bitget USDT Futures,ENAUSDT,0.18006,236804062.0,42638939.40372,5e-05,,OK,
2026-09-06T03:00:00Z,Bitget USDT Futures,ETHUSDT,2504.47,775400.79,1941968016.5312998,5.9e-05,,OK,
2026-09-06T03:00:00Z,Bitget USDT Futures,HBARUSDT,0.08116,172515179.0,14001331.927639998,0.0001,,OK,
2026-09-06T03:00:00Z,Bitget USDT Futures,HYPEUSDT,85.661,2345362.08,200906061.13488,2.2e-05,,OK,
2026-09-06T03:00:00Z,Bitget USDT Futures,LINKUSDT,12.229,4098128.0,50116007.312,0.0001,,OK,
2026-09-06T03:00:00Z,Bitget USDT Futures,MORPHOUSDT,2.5235,984029.0,2483197.1815,5e-05,,OK,
2026-09-06T03:00:00Z,Bitget USDT Futures,NEARUSDT,2.206,16165625.0,35661368.75,0.0001,,OK,
2026-09-06T03:00:00Z,Bitget USDT Futures,ONDOUSDT,0.3751,56897478.300000004,21342244.11033,5e-05,,OK,
2026-09-06T03:00:00Z,Bitget USDT Futures,SEIUSDT,0.0485,135057788.0,6550302.718,0.0001,,OK,
2026-09-06T03:00:00Z,Bitget USDT Futures,SOLUSDT,104.556,4495997.799999968,470083545.9767967,0.0001,,OK,
2026-09-06T03:00:00Z,Bitget USDT Futures,SUIUSDT,0.7978,66526788.90000001,53075072.184420004,0.0001,,OK,
2026-09-06T03:00:00Z,Bitget USDT Futures,TAOUSDT,236.46,108019.79700000002,25542361.198620006,5e-05,,OK,
2026-09-06T03:00:00Z,Bitget USDT Futures,UNIUSDT,7.157,3851382.0,27564340.974,0.0001,,OK,
2026-09-06T03:00:00Z,Bitget USDT Futures,XLMUSDT,0.18636,122211610.0,22775355.6396,0.0001,,OK,
2026-09-06T03:00:00Z,Bitget USDT Futures,XRPUSDT,1.4182,167147988.0,237049276.58159998,7.3e-05,,OK,
2026-09-06T03:00:00Z,Bitget USDT Futures,ZECUSDT,1068.63,112748.63899999933,120486578.0945693,-7.8e-05,,OK,
2026-09-06T04:00:00Z,Bitget USDT Futures,AAVEUSDT,134.78,188632.8000000001,25423928.784000013,0.0001,,OK,
2026-09-06T04:00:00Z,Bitget USDT Futures,AVAXUSDT,7.665,2905607.9,22271484.5535,0.0001,,OK,
2026-09-06T04:00:00Z,Bitget USDT Futures,BTCUSDT,79927.0,33101.88099999992,2645734042.6869936,6e-05,,OK,
2026-09-06T04:00:00Z,Bitget USDT Futures,CAKEUSDT,2.2451,779929.9999999999,1751020.8429999996,5e-05,,OK,
2026-09-06T04:00:00Z,Bitget USDT Futures,CCUSDT,0.10983,7488286.0,822438.45138,5e-05,,OK,
2026-09-06T04:00:00Z,Bitget USDT Futures,ENAUSDT,0.17586,234321693.0,41207812.93098,5e-05,,OK,
2026-09-06T04:00:00Z,Bitget USDT Futures,ETHUSDT,2505.55,777194.92,1947300731.8060002,6.4e-05,,OK,
2026-09-06T04:00:00Z,Bitget USDT Futures,HBARUSDT,0.08154,173212091.0,14123713.90014,0.0001,,OK,
2026-09-06T04:00:00Z,Bitget USDT Futures,HYPEUSDT,86.22,2341758.62,201906428.2164,4e-06,,OK,
2026-09-06T04:00:00Z,Bitget USDT Futures,LINKUSDT,12.162,4091891.0,49765578.342,0.0001,,OK,
2026-09-06T04:00:00Z,Bitget USDT Futures,MORPHOUSDT,2.5846,983921.0,2543042.2166,5e-05,,OK,
2026-09-06T04:00:00Z,Bitget USDT Futures,NEARUSDT,2.2069,16215012.0,35784909.9828,0.0001,,OK,
2026-09-06T04:00:00Z,Bitget USDT Futures,ONDOUSDT,0.3746,57425685.300000004,21511661.71338,5e-05,,OK,
2026-09-06T04:00:00Z,Bitget USDT Futures,SEIUSDT,0.04833,135556156.0,6551429.019479999,0.0001,,OK,
2026-09-06T04:00:00Z,Bitget USDT Futures,SOLUSDT,105.832,4460601.799999968,472074409.6975966,0.0001,,OK,
2026-09-06T04:00:00Z,Bitget USDT Futures,SUIUSDT,0.7981,66131044.00000001,52779186.216400005,0.0001,,OK,
2026-09-06T04:00:00Z,Bitget USDT Futures,TAOUSDT,237.71,108228.62600000002,25727026.686460007,5e-05,,OK,
2026-09-06T04:00:00Z,Bitget USDT Futures,UNIUSDT,7.184,3873479.0,27827073.136,0.0001,,OK,
2026-09-06T04:00:00Z,Bitget USDT Futures,XLMUSDT,0.18568,122778614.0,22797533.04752,0.0001,,OK,
2026-09-06T04:00:00Z,Bitget USDT Futures,XRPUSDT,1.4217,166670665.0,236955684.4305,7.5e-05,,OK,
2026-09-06T04:00:00Z,Bitget USDT Futures,ZECUSDT,1072.31,113423.64399999932,121625307.69763926,-0.000133,,OK,
2026-09-06T05:00:00Z,Bitget USDT Futures,AAVEUSDT,135.19,188982.6000000001,25548557.694000013,0.0001,,OK,
2026-09-06T05:00:00Z,Bitget USDT Futures,AVAXUSDT,7.641,2900316.5,22161318.3765,0.0001,,OK,
2026-09-06T05:00:00Z,Bitget USDT Futures,BTCUSDT,79777.6,33124.17139999992,2642566896.280634,6.4e-05,,OK,
2026-09-06T05:00:00Z,Bitget USDT Futures,CAKEUSDT,2.2424,779483.3999999999,1747913.5761599997,5e-05,,OK,
2026-09-06T05:00:00Z,Bitget USDT Futures,CCUSDT,0.10956,7589168.0,831469.2460800001,5e-05,,OK,
2026-09-06T05:00:00Z,Bitget USDT Futures,ENAUSDT,0.17483,233311058.0,40789772.27014,5e-05,,OK,
2026-09-06T05:00:00Z,Bitget USDT Futures,ETHUSDT,2501.18,777656.92,1945059935.1656,7.8e-05,,OK,
2026-09-06T05:00:00Z,Bitget USDT Futures,HBARUSDT,0.08117,172580669.0,14008372.902730001,0.0001,,OK,
2026-09-06T05:00:00Z,Bitget USDT Futures,HYPEUSDT,86.72,2376647.2399999998,206102848.65279996,8e-06,,OK,
2026-09-06T05:00:00Z,Bitget USDT Futures,LINKUSDT,12.133,4092934.0,49659568.221999995,0.0001,,OK,
2026-09-06T05:00:00Z,Bitget USDT Futures,MORPHOUSDT,2.5803,995587.0,2568913.1361,5e-05,,OK,
2026-09-06T05:00:00Z,Bitget USDT Futures,NEARUSDT,2.2051,16337048.0,36024824.5448,0.0001,,OK,
2026-09-06T05:00:00Z,Bitget USDT Futures,ONDOUSDT,0.3724,57096555.800000004,21262757.379920002,5e-05,,OK,
2026-09-06T05:00:00Z,Bitget USDT Futures,SEIUSDT,0.04816,136240716.0,6561352.88256,0.0001,,OK,
2026-09-06T05:00:00Z,Bitget USDT Futures,SOLUSDT,105.584,4439730.099999968,468764462.87839663,0.0001,,OK,
2026-09-06T05:00:00Z,Bitget USDT Futures,SUIUSDT,0.7956,66347529.900000006,52786094.788440004,0.0001,,OK,
2026-09-06T05:00:00Z,Bitget USDT Futures,TAOUSDT,237.46,107885.20800000001,25618421.491680004,5e-05,,OK,
2026-09-06T05:00:00Z,Bitget USDT Futures,UNIUSDT,7.058,3908059.0,27583080.422,0.0001,,OK,
2026-09-06T05:00:00Z,Bitget USDT Futures,XLMUSDT,0.18569,122480976.0,22743492.43344,0.0001,,OK,
2026-09-06T05:00:00Z,Bitget USDT Futures,XRPUSDT,1.4178,166168570.0,235593798.546,6.8e-05,,OK,
2026-09-06T05:00:00Z,Bitget USDT Futures,ZECUSDT,1150.05,110632.6499999993,127233079.13249919,-0.000131,,OK,
2026-09-06T06:00:00Z,Bitget USDT Futures,AAVEUSDT,136.13,188262.6000000001,25628187.738000013,0.0001,,OK,
2026-09-06T06:00:00Z,Bitget USDT Futures,AVAXUSDT,7.669,2916077.1,22363395.2799,0.0001,,OK,
2026-09-06T06:00:00Z,Bitget USDT Futures,BTCUSDT,79866.1,33113.88939999992,2644677202.209334,6.3e-05,,OK,
2026-09-06T06:00:00Z,Bitget USDT Futures,CAKEUSDT,2.2685,776421.7999999999,1761312.8532999998,5e-05,,OK,
2026-09-06T06:00:00Z,Bitget USDT Futures,CCUSDT,0.11,7597464.0,835721.04,5e-05,,OK,
2026-09-06T06:00:00Z,Bitget USDT Futures,ENAUSDT,0.17458,235887063.0,41181163.45854,5e-05,,OK,
2026-09-06T06:00:00Z,Bitget USDT Futures,ETHUSDT,2506.35,777905.29,1949702923.5915,8.1e-05,,OK,
2026-09-06T06:00:00Z,Bitget USDT Futures,HBARUSDT,0.0814,172982538.0,14080778.5932,0.0001,,OK,
2026-09-06T06:00:00Z,Bitget USDT Futures,HYPEUSDT,86.538,2378630.3499999996,205841913.22829995,5e-05,,OK,
2026-09-06T06:00:00Z,Bitget USDT Futures,LINKUSDT,12.235,4117216.0,50374137.76,0.0001,,OK,
2026-09-06T06:00:00Z,Bitget USDT Futures,MORPHOUSDT,2.5647,986067.0,2528966.0349000003,5e-05,,OK,
2026-09-06T06:00:00Z,Bitget USDT Futures,NEARUSDT,2.2152,16266096.0,36032655.8592,0.0001,,OK,
2026-09-06T06:00:00Z,Bitget USDT Futures,ONDOUSDT,0.3756,56978269.2,21401037.91152,5e-05,,OK,
2026-09-06T06:00:00Z,Bitget USDT Futures,SEIUSDT,0.04815,136468210.0,6570944.3115,0.0001,,OK,
2026-09-06T06:00:00Z,Bitget USDT Futures,SOLUSDT,105.935,4431921.599999968,469495614.69599664,0.0001,,OK,
2026-09-06T06:00:00Z,Bitget USDT Futures,SUIUSDT,0.7959,66463743.70000001,52898493.61083001,0.0001,,OK,
2026-09-06T06:00:00Z,Bitget USDT Futures,TAOUSDT,236.98,108126.58200000001,25623837.40236,5e-05,,OK,
2026-09-06T06:00:00Z,Bitget USDT Futures,UNIUSDT,7.062,3896064.0,27514003.968000002,0.0001,,OK,
2026-09-06T06:00:00Z,Bitget USDT Futures,XLMUSDT,0.18633,122729978.0,22868276.80074,0.0001,,OK,
2026-09-06T06:00:00Z,Bitget USDT Futures,XRPUSDT,1.4206,165800445.0,235536112.16700003,7.3e-05,,OK,
2026-09-06T06:00:00Z,Bitget USDT Futures,ZECUSDT,1166.2,113016.55499999931,131799906.4409992,-0.000102,,OK,
2026-09-06T07:00:00Z,Bitget USDT Futures,AAVEUSDT,134.82,188482.3000000001,25411183.68600001,0.0001,,OK,
2026-09-06T07:00:00Z,Bitget USDT Futures,AVAXUSDT,7.642,2908381.1,22225848.3662,0.0001,,OK,
2026-09-06T07:00:00Z,Bitget USDT Futures,BTCUSDT,79730.0,33227.50949999992,2649229332.4349937,6.3e-05,,OK,
2026-09-06T07:00:00Z,Bitget USDT Futures,CAKEUSDT,2.2341,777139.5999999999,1736207.5803599998,5e-05,,OK,
2026-09-06T07:00:00Z,Bitget USDT Futures,CCUSDT,0.10911,7597072.0,828916.52592,5e-05,,OK,
2026-09-06T07:00:00Z,Bitget USDT Futures,ENAUSDT,0.17373,235172640.0,40856542.7472,5e-05,,OK,
2026-09-06T07:00:00Z,Bitget USDT Futures,ETHUSDT,2494.13,780307.19,1946187571.7947,8.7e-05,,OK,
2026-09-06T07:00:00Z,Bitget USDT Futures,HBARUSDT,0.08087,172652477.0,13962405.814989999,0.0001,,OK,
2026-09-06T07:00:00Z,Bitget USDT Futures,HYPEUSDT,86.291,2380962.1999999997,205455609.20019996,5e-05,,OK,
2026-09-06T07:00:00Z,Bitget USDT Futures,LINKUSDT,12.184,4097970.0,49929666.48,0.0001,,OK,
2026-09-06T07:00:00Z,Bitget USDT Futures,MORPHOUSDT,2.5057,997912.0,2500468.0984,5e-05,,OK,
2026-09-06T07:00:00Z,Bitget USDT Futures,NEARUSDT,2.246,16247090.0,36490964.14,0.0001,,OK,
2026-09-06T07:00:00Z,Bitget USDT Futures,ONDOUSDT,0.3732,57160053.2,21332131.85424,5e-05,,OK,
2026-09-06T07:00:00Z,Bitget USDT Futures,SEIUSDT,0.04816,134585476.0,6481636.5241600005,0.0001,,OK,
2026-09-06T07:00:00Z,Bitget USDT Futures,SOLUSDT,105.061,4444311.599999967,466923821.00759655,0.0001,,OK,
2026-09-06T07:00:00Z,Bitget USDT Futures,SUIUSDT,0.7903,66066903.10000001,52212673.519930005,0.0001,,OK,
2026-09-06T07:00:00Z,Bitget USDT Futures,TAOUSDT,235.03,108100.35,25406825.260500003,5e-05,,OK,
2026-09-06T07:00:00Z,Bitget USDT Futures,UNIUSDT,6.994,3881158.0,27144819.051999997,0.0001,,OK,
2026-09-06T07:00:00Z,Bitget USDT Futures,XLMUSDT,0.18498,122688344.0,22694889.873120002,0.0001,,OK,
2026-09-06T07:00:00Z,Bitget USDT Futures,XRPUSDT,1.4145,164464005.0,232634335.07250002,6.4e-05,,OK,
2026-09-06T07:00:00Z,Bitget USDT Futures,ZECUSDT,1168.29,115993.22799999923,135513728.3401191,-0.000104,,OK,
2026-09-06T08:00:00Z,Bitget USDT Futures,AAVEUSDT,134.48,188197.8000000001,25308840.144000012,0.0001,,OK,
2026-09-06T08:00:00Z,Bitget USDT Futures,AVAXUSDT,7.654,2907696.5,22255509.011,0.0001,,OK,
2026-09-06T08:00:00Z,Bitget USDT Futures,BTCUSDT,79808.0,33274.29649999993,2655555055.0719943,5.7e-05,,OK,
2026-09-06T08:00:00Z,Bitget USDT Futures,CAKEUSDT,2.1798,790754.9999999999,1723687.7489999998,5e-05,,OK,
2026-09-06T08:00:00Z,Bitget USDT Futures,CCUSDT,0.10977,7592032.0,833377.35264,5e-05,,OK,
2026-09-06T08:00:00Z,Bitget USDT Futures,ENAUSDT,0.17445,236358720.0,41232778.703999996,5e-05,,OK,
2026-09-06T08:00:00Z,Bitget USDT Futures,ETHUSDT,2496.82,778423.26,1943582764.0332003,9.3e-05,,OK,
2026-09-06T08:00:00Z,Bitget USDT Futures,HBARUSDT,0.08116,173984093.0,14120548.987879999,0.0001,,OK,
2026-09-06T08:00:00Z,Bitget USDT Futures,HYPEUSDT,87.103,2355280.47,205151994.77841002,5e-05,,OK,
2026-09-06T08:00:00Z,Bitget USDT Futures,LINKUSDT,12.228,4073138.0,49806331.464,0.0001,,OK,
2026-09-06T08:00:00Z,Bitget USDT Futures,MORPHOUSDT,2.5437,995190.0,2531464.803,5e-05,,OK,
2026-09-06T08:00:00Z,Bitget USDT Futures,NEARUSDT,2.3409,16349857.0,38273380.2513,0.0001,,OK,
2026-09-06T08:00:00Z,Bitget USDT Futures,ONDOUSDT,0.3741,57208669.10000001,21401763.110310003,5e-05,,OK,
2026-09-06T08:00:00Z,Bitget USDT Futures,SEIUSDT,0.04833,133511778.0,6452624.23074,0.0001,,OK,
2026-09-06T08:00:00Z,Bitget USDT Futures,SOLUSDT,105.171,4467593.399999968,469861265.4713966,0.0001,,OK,
2026-09-06T08:00:00Z,Bitget USDT Futures,SUIUSDT,0.7949,66515731.500000015,52873354.96935002,0.0001,,OK,
2026-09-06T08:00:00Z,Bitget USDT Futures,TAOUSDT,235.49,108259.41800000002,25494010.344820004,5e-05,,OK,
2026-09-06T08:00:00Z,Bitget USDT Futures,UNIUSDT,6.905,3861023.0,26660363.815,0.0001,,OK,
2026-09-06T08:00:00Z,Bitget USDT Futures,XLMUSDT,0.18574,122770206.0,22803338.062439997,0.0001,,OK,
2026-09-06T08:00:00Z,Bitget USDT Futures,XRPUSDT,1.4167,164056523.0,232418876.13410002,4.7e-05,,OK,
2026-09-06T08:00:00Z,Bitget USDT Futures,ZECUSDT,1169.62,111393.33599999924,130287873.6523191,-7.1e-05,,OK,
2026-09-06T09:00:00Z,Bitget USDT Futures,AAVEUSDT,134.31,188654.00000000012,25338118.740000017,0.0001,,OK,
2026-09-06T09:00:00Z,Bitget USDT Futures,AVAXUSDT,7.66,2902261.5,22231323.09,0.0001,,OK,
2026-09-06T09:00:00Z,Bitget USDT Futures,BTCUSDT,79921.0,33222.14529999993,2655147074.5212946,6.4e-05,,OK,
2026-09-06T09:00:00Z,Bitget USDT Futures,CAKEUSDT,2.2016,760077.7999999999,1673387.28448,5e-05,,OK,
2026-09-06T09:00:00Z,Bitget USDT Futures,CCUSDT,0.11032,7748658.0,854831.95056,5e-05,,OK,
2026-09-06T09:00:00Z,Bitget USDT Futures,ENAUSDT,0.17707,237317094.0,42021737.834580004,5e-05,,OK,
2026-09-06T09:00:00Z,Bitget USDT Futures,ETHUSDT,2500.48,782653.5,1957009423.68,9.5e-05,,OK,
2026-09-06T09:00:00Z,Bitget USDT Futures,HBARUSDT,0.08137,173212352.0,14094289.08224,0.0001,,OK,
2026-09-06T09:00:00Z,Bitget USDT Futures,HYPEUSDT,87.046,2348817.9300000006,204455205.53478009,5e-05,,OK,
2026-09-06T09:00:00Z,Bitget USDT Futures,LINKUSDT,12.281,4066188.0,49936854.828,0.0001,,OK,
2026-09-06T09:00:00Z,Bitget USDT Futures,MORPHOUSDT,2.5376,999625.0,2536648.4,5e-05,,OK,
2026-09-06T09:00:00Z,Bitget USDT Futures,NEARUSDT,2.3653,16349951.0,38672539.1003,0.0001,,OK,
2026-09-06T09:00:00Z,Bitget USDT Futures,ONDOUSDT,0.3763,57406452.5,21602048.07575,5e-05,,OK,
2026-09-06T09:00:00Z,Bitget USDT Futures,SEIUSDT,0.04866,133925300.0,6516805.098,0.0001,,OK,
2026-09-06T09:00:00Z,Bitget USDT Futures,SOLUSDT,105.886,4471586.399999967,473478397.55039644,0.0001,,OK,
2026-09-06T09:00:00Z,Bitget USDT Futures,SUIUSDT,0.7991,66254343.90000001,52943846.21049001,0.0001,,OK,
2026-09-06T09:00:00Z,Bitget USDT Futures,TAOUSDT,235.93,108714.95800000001,25649120.040940005,5e-05,,OK,
2026-09-06T09:00:00Z,Bitget USDT Futures,UNIUSDT,6.966,3831715.0,26691726.69,0.0001,,OK,
2026-09-06T09:00:00Z,Bitget USDT Futures,XLMUSDT,0.18606,123023688.0,22889787.38928,0.0001,,OK,
2026-09-06T09:00:00Z,Bitget USDT Futures,XRPUSDT,1.4191,164771472.0,233827195.9152,4.6e-05,,OK,
2026-09-06T09:00:00Z,Bitget USDT Futures,ZECUSDT,1190.07,110431.8299999993,131421607.92809917,-3e-06,,OK,
2026-09-06T10:00:00Z,Bitget USDT Futures,AAVEUSDT,134.35,188044.7000000001,25263805.44500001,0.0001,,OK,
2026-09-06T10:00:00Z,Bitget USDT Futures,AVAXUSDT,7.646,2899897.5,22172616.285,0.0001,,OK,
2026-09-06T10:00:00Z,Bitget USDT Futures,BTCUSDT,79920.0,33179.33429999993,2651692397.2559943,7.1e-05,,OK,
2026-09-06T10:00:00Z,Bitget USDT Futures,CAKEUSDT,2.204,759402.6999999998,1673723.5507999999,5e-05,,OK,
2026-09-06T10:00:00Z,Bitget USDT Futures,CCUSDT,0.11039,7858088.0,867454.33432,5e-05,,OK,
2026-09-06T10:00:00Z,Bitget USDT Futures,ENAUSDT,0.17407,237119324.0,41275360.72868,5e-05,,OK,
2026-09-06T10:00:00Z,Bitget USDT Futures,ETHUSDT,2497.99,784414.64,1959459926.5735998,9.7e-05,,OK,
2026-09-06T10:00:00Z,Bitget USDT Futures,HBARUSDT,0.08122,171663807.0,13942534.40454,0.0001,,OK,
2026-09-06T10:00:00Z,Bitget USDT Futures,HYPEUSDT,87.734,2343150.3500000006,205573952.80690002,5e-05,,OK,
2026-09-06T10:00:00Z,Bitget USDT Futures,LINKUSDT,12.257,4080862.0,50019125.534,0.0001,,OK,
2026-09-06T10:00:00Z,Bitget USDT Futures,MORPHOUSDT,2.5609,1025841.0,2627076.2169000003,5e-05,,OK,
2026-09-06T10:00:00Z,Bitget USDT Futures,NEARUSDT,2.3669,16439647.0,38911000.484299995,0.0001,,OK,
2026-09-06T10:00:00Z,Bitget USDT Futures,ONDOUSDT,0.375,57619154.7,21607183.012500003,5e-05,,OK,
2026-09-06T10:00:00Z,Bitget USDT Futures,SEIUSDT,0.0485,134844906.0,6539977.941000001,0.0001,,OK,
2026-09-06T10:00:00Z,Bitget USDT Futures,SOLUSDT,106.562,4492058.899999967,478682780.5017965,0.0001,,OK,
2026-09-06T10:00:00Z,Bitget USDT Futures,SUIUSDT,0.7969,65923300.80000001,52534278.40752001,0.0001,,OK,
2026-09-06T10:00:00Z,Bitget USDT Futures,TAOUSDT,235.89,108986.34800000001,25708789.629720002,5e-05,,OK,
2026-09-06T10:00:00Z,Bitget USDT Futures,UNIUSDT,6.968,3839117.0,26750967.256,0.0001,,OK,
2026-09-06T10:00:00Z,Bitget USDT Futures,XLMUSDT,0.18605,123425994.0,22963406.1837,0.0001,,OK,
2026-09-06T10:00:00Z,Bitget USDT Futures,XRPUSDT,1.4171,164078093.0,232515065.5903,5e-05,,OK,
2026-09-06T10:00:00Z,Bitget USDT Futures,ZECUSDT,1183.2,111806.67499999933,132289657.85999921,4.1e-05,,OK,
2026-09-06T11:00:00Z,Bitget USDT Futures,AAVEUSDT,135.24,189112.60000000012,25575588.02400002,0.0001,,OK,
2026-09-06T11:00:00Z,Bitget USDT Futures,AVAXUSDT,7.681,2903380.3,22300864.0843,0.0001,,OK,
2026-09-06T11:00:00Z,Bitget USDT Futures,BTCUSDT,79946.2,33150.28659999993,2650239442.580914,7.3e-05,,OK,
2026-09-06T11:00:00Z,Bitget USDT Futures,CAKEUSDT,2.2204,774463.5999999999,1719618.9774399998,5e-05,,OK,
2026-09-06T11:00:00Z,Bitget USDT Futures,CCUSDT,0.10976,7613746.0,835684.76096,5e-05,,OK,
2026-09-06T11:00:00Z,Bitget USDT Futures,ENAUSDT,0.17467,237943766.0,41561637.60722,5e-05,,OK,
2026-09-06T11:00:00Z,Bitget USDT Futures,ETHUSDT,2501.52,785263.88,1964353301.0976,9.6e-05,,OK,
2026-09-06T11:00:00Z,Bitget USDT Futures,HBARUSDT,0.08143,171422391.0,13958925.29913,0.0001,,OK,
2026-09-06T11:00:00Z,Bitget USDT Futures,HYPEUSDT,87.725,2342611.1100000003,205505559.62475002,5e-05,,OK,
2026-09-06T11:00:00Z,Bitget USDT Futures,LINKUSDT,12.274,4052344.0,49738470.256,0.0001,,OK,
2026-09-06T11:00:00Z,Bitget USDT Futures,MORPHOUSDT,2.5671,1024897.0,2631013.0886999997,5e-05,,OK,
2026-09-06T11:00:00Z,Bitget USDT Futures,NEARUSDT,2.3832,16363209.0,38996799.6888,0.0001,,OK,
2026-09-06T11:00:00Z,Bitget USDT Futures,ONDOUSDT,0.3793,57650556.1,21866855.928730004,5e-05,,OK,
2026-09-06T11:00:00Z,Bitget USDT Futures,SEIUSDT,0.04879,139379644.0,6800332.83076,0.0001,,OK,
2026-09-06T11:00:00Z,Bitget USDT Futures,SOLUSDT,106.5,4469826.699999968,476036543.54999655,0.0001,,OK,
2026-09-06T11:00:00Z,Bitget USDT Futures,SUIUSDT,0.7997,65705964.30000001,52545059.65071001,0.0001,,OK,
2026-09-06T11:00:00Z,Bitget USDT Futures,TAOUSDT,236.66,108289.448,25627780.76368,5e-05,,OK,
2026-09-06T11:00:00Z,Bitget USDT Futures,UNIUSDT,6.99,3833401.0,26795472.990000002,0.0001,,OK,
2026-09-06T11:00:00Z,Bitget USDT Futures,XLMUSDT,0.18701,123596204.0,23113726.11004,0.0001,,OK,
2026-09-06T11:00:00Z,Bitget USDT Futures,XRPUSDT,1.4209,164696850.0,234017754.16500002,6e-05,,OK,
2026-09-06T11:00:00Z,Bitget USDT Futures,ZECUSDT,1184.99,111870.42499999933,132565334.92074922,4.9e-05,,OK,
2026-09-06T12:00:00Z,Bitget USDT Futures,AAVEUSDT,135.96,188633.20000000013,25646569.87200002,0.0001,,OK,
2026-09-06T12:00:00Z,Bitget USDT Futures,AVAXUSDT,7.701,2911679.3,22422842.2893,0.0001,,OK,
2026-09-06T12:00:00Z,Bitget USDT Futures,BTCUSDT,79943.8,33140.63239999993,2649388088.4591146,6.4e-05,,OK,
2026-09-06T12:00:00Z,Bitget USDT Futures,CAKEUSDT,2.2116,778365.1999999998,1721432.4763199994,5e-05,,OK,
2026-09-06T12:00:00Z,Bitget USDT Futures,CCUSDT,0.11032,7613440.0,839914.7008,5e-05,,OK,
2026-09-06T12:00:00Z,Bitget USDT Futures,ENAUSDT,0.17342,238336911.0,41332387.10562,5e-05,,OK,
2026-09-06T12:00:00Z,Bitget USDT Futures,ETHUSDT,2503.28,787234.9,1970669380.4720001,9.5e-05,,OK,
2026-09-06T12:00:00Z,Bitget USDT Futures,HBARUSDT,0.08139,170933053.0,13912241.183670001,0.0001,,OK,
2026-09-06T12:00:00Z,Bitget USDT Futures,HYPEUSDT,88.97,2342491.3400000003,208411454.51980004,5e-05,,OK,
2026-09-06T12:00:00Z,Bitget USDT Futures,LINKUSDT,12.327,4079396.0,50286714.492,0.0001,,OK,
2026-09-06T12:00:00Z,Bitget USDT Futures,MORPHOUSDT,2.5759,1054493.0,2716268.5187,5e-05,,OK,
2026-09-06T12:00:00Z,Bitget USDT Futures,NEARUSDT,2.3806,16325080.0,38863485.448,0.0001,,OK,
2026-09-06T12:00:00Z,Bitget USDT Futures,ONDOUSDT,0.3819,57395144.900000006,21919205.837310005,5e-05,,OK,
2026-09-06T12:00:00Z,Bitget USDT Futures,SEIUSDT,0.04904,135397300.0,6639883.592,0.0001,,OK,
2026-09-06T12:00:00Z,Bitget USDT Futures,SOLUSDT,106.584,4471503.499999967,476590729.0439965,0.0001,,OK,
2026-09-06T12:00:00Z,Bitget USDT Futures,SUIUSDT,0.8057,65785138.90000001,53003086.41173001,0.0001,,OK,
2026-09-06T12:00:00Z,Bitget USDT Futures,TAOUSDT,246.5,109102.15900000001,26893682.193500005,5e-05,,OK,
2026-09-06T12:00:00Z,Bitget USDT Futures,UNIUSDT,7.063,3884165.0,27433857.395,0.0001,,OK,
2026-09-06T12:00:00Z,Bitget USDT Futures,XLMUSDT,0.18673,123563014.0,23072921.60422,0.0001,,OK,
2026-09-06T12:00:00Z,Bitget USDT Futures,XRPUSDT,1.4219,165874407.0,235856819.31329998,6.9e-05,,OK,
2026-09-06T12:00:00Z,Bitget USDT Futures,ZECUSDT,1175.12,109697.85799999934,128908146.8929592,5.9e-05,,OK,
2026-09-06T13:00:00Z,Bitget USDT Futures,AAVEUSDT,134.57,188548.8000000001,25373012.016000014,0.0001,,OK,
2026-09-06T13:00:00Z,Bitget USDT Futures,AVAXUSDT,7.681,2912541.0,22371227.421,0.0001,,OK,
2026-09-06T13:00:00Z,Bitget USDT Futures,BTCUSDT,79850.0,33102.50619999993,2643235120.0699944,5.6e-05,,OK,
2026-09-06T13:00:00Z,Bitget USDT Futures,CAKEUSDT,2.1903,778511.7999999999,1705174.39554,5e-05,,OK,
2026-09-06T13:00:00Z,Bitget USDT Futures,CCUSDT,0.10993,7609486.0,836510.79598,5e-05,,OK,
2026-09-06T13:00:00Z,Bitget USDT Futures,ENAUSDT,0.17191,239224534.0,41125089.63994,5e-05,,OK,
2026-09-06T13:00:00Z,Bitget USDT Futures,ETHUSDT,2495.97,785046.53,1959452587.4840999,9.6e-05,,OK,
2026-09-06T13:00:00Z,Bitget USDT Futures,HBARUSDT,0.08104,170934129.0,13852501.81416,0.0001,,OK,
2026-09-06T13:00:00Z,Bitget USDT Futures,HYPEUSDT,89.281,2370956.5700000008,211681373.52617007,5e-05,,OK,
2026-09-06T13:00:00Z,Bitget USDT Futures,LINKUSDT,12.31,4073162.0,50140624.22,0.0001,,OK,
2026-09-06T13:00:00Z,Bitget USDT Futures,MORPHOUSDT,2.5792,1069411.0,2758224.8512000004,5e-05,,OK,
2026-09-06T13:00:00Z,Bitget USDT Futures,NEARUSDT,2.3718,16391380.0,38877075.084,0.0001,,OK,
2026-09-06T13:00:00Z,Bitget USDT Futures,ONDOUSDT,0.3789,57612057.10000001,21829208.435190003,5e-05,,OK,
2026-09-06T13:00:00Z,Bitget USDT Futures,SEIUSDT,0.04896,135279020.0,6623260.8192,0.0001,,OK,
2026-09-06T13:00:00Z,Bitget USDT Futures,SOLUSDT,106.508,4489014.499999967,478115956.3659965,0.0001,,OK,
2026-09-06T13:00:00Z,Bitget USDT Futures,SUIUSDT,0.7968,65688273.10000001,52340416.00608,0.0001,,OK,
2026-09-06T13:00:00Z,Bitget USDT Futures,TAOUSDT,245.03,108217.79600000002,26516606.553880002,5e-05,,OK,
2026-09-06T13:00:00Z,Bitget USDT Futures,UNIUSDT,7.011,3856512.0,27038005.632,0.0001,,OK,
2026-09-06T13:00:00Z,Bitget USDT Futures,XLMUSDT,0.18644,123509586.0,23027127.21384,0.0001,,OK,
2026-09-06T13:00:00Z,Bitget USDT Futures,XRPUSDT,1.4164,165265265.0,234081721.34600002,7.9e-05,,OK,
2026-09-06T13:00:00Z,Bitget USDT Futures,ZECUSDT,1183.24,109570.10599999934,129647732.22343923,4.3e-05,,OK,
2026-09-06T14:00:00Z,Bitget USDT Futures,AAVEUSDT,134.0,189224.00000000012,25356016.000000015,0.0001,,OK,
2026-09-06T14:00:00Z,Bitget USDT Futures,AVAXUSDT,7.638,2910952.6999999997,22233856.722599998,0.0001,,OK,
2026-09-06T14:00:00Z,Bitget USDT Futures,BTCUSDT,79668.7,33068.70999999993,2634541136.376994,5.7e-05,,OK,
2026-09-06T14:00:00Z,Bitget USDT Futures,CAKEUSDT,2.1776,778239.3999999999,1694694.1174399997,5e-05,,OK,
2026-09-06T14:00:00Z,Bitget USDT Futures,CCUSDT,0.10978,7600620.0,834396.0636,5e-05,,OK,
2026-09-06T14:00:00Z,Bitget USDT Futures,ENAUSDT,0.17289,236742017.0,40930327.319129996,5e-05,,OK,
2026-09-06T14:00:00Z,Bitget USDT Futures,ETHUSDT,2485.04,786831.24,1955307104.6496,9e-05,,OK,
2026-09-06T14:00:00Z,Bitget USDT Futures,HBARUSDT,0.08099,169916964.0,13761574.914360002,0.0001,,OK,
2026-09-06T14:00:00Z,Bitget USDT Futures,HYPEUSDT,89.066,2360701.090000001,210258203.28194007,5e-05,,OK,
2026-09-06T14:00:00Z,Bitget USDT Futures,LINKUSDT,12.271,4067383.0,49910856.793000005,0.0001,,OK,
2026-09-06T14:00:00Z,Bitget USDT Futures,MORPHOUSDT,2.5629,1065630.0,2731103.127,5e-05,,OK,
2026-09-06T14:00:00Z,Bitget USDT Futures,NEARUSDT,2.4237,16413847.0,39782240.973900005,0.0001,,OK,
2026-09-06T14:00:00Z,Bitget USDT Futures,ONDOUSDT,0.3774,57849173.0,21832277.8902,5e-05,,OK,
2026-09-06T14:00:00Z,Bitget USDT Futures,SEIUSDT,0.04845,134480770.0,6515593.3065,0.0001,,OK,
2026-09-06T14:00:00Z,Bitget USDT Futures,SOLUSDT,106.214,4480687.599999968,475911752.7463966,0.0001,,OK,
2026-09-06T14:00:00Z,Bitget USDT Futures,SUIUSDT,0.7978,65517230.60000001,52269646.572680004,0.0001,,OK,
2026-09-06T14:00:00Z,Bitget USDT Futures,TAOUSDT,242.86,108334.28500000002,26310064.455100007,5e-05,,OK,
2026-09-06T14:00:00Z,Bitget USDT Futures,UNIUSDT,6.905,3818637.0,26367688.485,0.0001,,OK,
2026-09-06T14:00:00Z,Bitget USDT Futures,XLMUSDT,0.18477,123673514.0,22851155.18178,0.0001,,OK,
2026-09-06T14:00:00Z,Bitget USDT Futures,XRPUSDT,1.4113,166765066.0,235355537.6458,7.9e-05,,OK,
2026-09-06T14:00:00Z,Bitget USDT Futures,ZECUSDT,1175.52,109862.87499999933,129146006.81999922,1.5e-05,,OK,
2026-09-06T15:00:00Z,Bitget USDT Futures,AAVEUSDT,133.84,187606.20000000013,25109213.808000017,0.0001,,OK,
2026-09-06T15:00:00Z,Bitget USDT Futures,AVAXUSDT,7.596,2893750.0,21980925.0,0.0001,,OK,
2026-09-06T15:00:00Z,Bitget USDT Futures,BTCUSDT,79574.7,33052.11079999993,2630111801.2767544,6.1e-05,,OK,
2026-09-06T15:00:00Z,Bitget USDT Futures,CAKEUSDT,2.1687,800701.2,1736480.6924399997,5e-05,,OK,
2026-09-06T15:00:00Z,Bitget USDT Futures,CCUSDT,0.10922,7465238.0,815353.2943599999,5e-05,,OK,
2026-09-06T15:00:00Z,Bitget USDT Futures,ENAUSDT,0.17186,237611365.0,40835889.1889,5e-05,,OK,
2026-09-06T15:00:00Z,Bitget USDT Futures,ETHUSDT,2478.1,783976.39,1942771892.059,6.9e-05,,OK,
2026-09-06T15:00:00Z,Bitget USDT Futures,HBARUSDT,0.08041,169760301.0,13650425.80341,0.0001,,OK,
2026-09-06T15:00:00Z,Bitget USDT Futures,HYPEUSDT,89.309,2329725.7600000007,208065477.89984006,5e-05,,OK,
2026-09-06T15:00:00Z,Bitget USDT Futures,LINKUSDT,12.162,4080628.0,49628597.736,0.0001,,OK,
2026-09-06T15:00:00Z,Bitget USDT Futures,MORPHOUSDT,2.5289,1078581.0,2727623.4909,5e-05,,OK,
2026-09-06T15:00:00Z,Bitget USDT Futures,NEARUSDT,2.3758,16314461.0,38759896.443799995,0.0001,,OK,
2026-09-06T15:00:00Z,Bitget USDT Futures,ONDOUSDT,0.3733,57084162.300000004,21309517.786590002,5e-05,,OK,
2026-09-06T15:00:00Z,Bitget USDT Futures,SEIUSDT,0.04793,134373980.0,6440544.8614,0.0001,,OK,
2026-09-06T15:00:00Z,Bitget USDT Futures,SOLUSDT,105.468,4497063.199999968,474296261.5775966,0.0001,,OK,
2026-09-06T15:00:00Z,Bitget USDT Futures,SUIUSDT,0.7881,65310344.500000015,51471082.500450015,0.0001,,OK,
2026-09-06T15:00:00Z,Bitget USDT Futures,TAOUSDT,241.67,107339.65600000002,25940774.66552,5e-05,,OK,
2026-09-06T15:00:00Z,Bitget USDT Futures,UNIUSDT,6.932,3818307.0,26468504.124,9.5e-05,,OK,
2026-09-06T15:00:00Z,Bitget USDT Futures,XLMUSDT,0.18325,123949962.0,22713830.5365,0.0001,,OK,
2026-09-06T15:00:00Z,Bitget USDT Futures,XRPUSDT,1.4078,170216602.0,239630932.2956,0.0001,,OK,
2026-09-06T15:00:00Z,Bitget USDT Futures,ZECUSDT,1160.6,107939.97599999931,125275136.14559919,-2.8e-05,,OK,
2026-09-06T16:00:00Z,Bitget USDT Futures,AAVEUSDT,133.76,187573.00000000012,25089764.480000015,0.0001,,OK,
2026-09-06T16:00:00Z,Bitget USDT Futures,AVAXUSDT,7.63,2907777.5,22186342.325,0.0001,,OK,
2026-09-06T16:00:00Z,Bitget USDT Futures,BTCUSDT,79667.7,32948.45409999993,2624927556.7025642,6.3e-05,,OK,
2026-09-06T16:00:00Z,Bitget USDT Futures,CAKEUSDT,2.1736,757196.9999999998,1645843.3991999994,5e-05,,OK,
2026-09-06T16:00:00Z,Bitget USDT Futures,CCUSDT,0.10873,7496274.0,815069.8720199999,5e-05,,OK,
2026-09-06T16:00:00Z,Bitget USDT Futures,ENAUSDT,0.17229,238404204.0,41074660.30716,5e-05,,OK,
2026-09-06T16:00:00Z,Bitget USDT Futures,ETHUSDT,2481.12,788025.2599999999,1955185233.0911996,6.2e-05,,OK,
2026-09-06T16:00:00Z,Bitget USDT Futures,HBARUSDT,0.0806,169596559.0,13669482.6554,0.0001,,OK,
2026-09-06T16:00:00Z,Bitget USDT Futures,HYPEUSDT,88.41,2319818.360000001,205095141.20760006,5e-05,,OK,
2026-09-06T16:00:00Z,Bitget USDT Futures,LINKUSDT,12.244,4061098.0,49724083.912,0.0001,,OK,
2026-09-06T16:00:00Z,Bitget USDT Futures,MORPHOUSDT,2.537,1080749.0,2741860.213,5e-05,,OK,
2026-09-06T16:00:00Z,Bitget USDT Futures,NEARUSDT,2.4068,16387645.0,39441783.986,0.0001,,OK,
2026-09-06T16:00:00Z,Bitget USDT Futures,ONDOUSDT,0.3758,56952004.900000006,21402563.441420004,5e-05,,OK,
2026-09-06T16:00:00Z,Bitget USDT Futures,SEIUSDT,0.04791,134325132.0,6435517.07412,0.0001,,OK,
2026-09-06T16:00:00Z,Bitget USDT Futures,SOLUSDT,105.788,4524897.199999968,478679824.99359655,0.0001,,OK,
2026-09-06T16:00:00Z,Bitget USDT Futures,SUIUSDT,0.794,64970382.80000001,51586483.943200015,0.0001,,OK,
2026-09-06T16:00:00Z,Bitget USDT Futures,TAOUSDT,247.65,106678.49500000001,26418929.286750004,5e-05,,OK,
2026-09-06T16:00:00Z,Bitget USDT Futures,UNIUSDT,7.119,3803837.0,27079515.603,9.5e-05,,OK,
2026-09-06T16:00:00Z,Bitget USDT Futures,XLMUSDT,0.18426,124151446.0,22876145.43996,0.0001,,OK,
2026-09-06T16:00:00Z,Bitget USDT Futures,XRPUSDT,1.4113,169906256.0,239788699.0928,0.0001,,OK,
2026-09-06T16:00:00Z,Bitget USDT Futures,ZECUSDT,1172.49,109142.17599999932,127968109.9382392,-7.3e-05,,OK,
2026-09-06T17:00:00Z,Bitget USDT Futures,AAVEUSDT,132.93,188499.20000000013,25057198.656000018,0.0001,,OK,
2026-09-06T17:00:00Z,Bitget USDT Futures,AVAXUSDT,7.628,2934624.5,22385315.686,0.0001,,OK,
2026-09-06T17:00:00Z,Bitget USDT Futures,BTCUSDT,79596.5,32896.737399999925,2618465158.459094,5.6e-05,,OK,
2026-09-06T17:00:00Z,Bitget USDT Futures,CAKEUSDT,2.1751,750711.3999999998,1632872.3661399996,5e-05,,OK,
2026-09-06T17:00:00Z,Bitget USDT Futures,CCUSDT,0.10875,7519620.0,817758.675,5e-05,,OK,
2026-09-06T17:00:00Z,Bitget USDT Futures,ENAUSDT,0.17215,237066017.0,40810914.82655,5e-05,,OK,
2026-09-06T17:00:00Z,Bitget USDT Futures,ETHUSDT,2484.6,797515.1299999998,1981506091.9979994,7.1e-05,,OK,
2026-09-06T17:00:00Z,Bitget USDT Futures,HBARUSDT,0.08039,169968677.0,13663781.94403,0.0001,,OK,
2026-09-06T17:00:00Z,Bitget USDT Futures,HYPEUSDT,87.743,2326824.920000001,204162598.95556006,5e-05,,OK,
2026-09-06T17:00:00Z,Bitget USDT Futures,LINKUSDT,12.284,4049594.0,49745212.696,0.0001,,OK,
2026-09-06T17:00:00Z,Bitget USDT Futures,MORPHOUSDT,2.5679,1110137.0,2850720.8022999996,5e-05,,OK,
2026-09-06T17:00:00Z,Bitget USDT Futures,NEARUSDT,2.395,16318084.0,39081811.18,0.0001,,OK,
2026-09-06T17:00:00Z,Bitget USDT Futures,ONDOUSDT,0.3776,57041157.900000006,21538741.223040003,5e-05,,OK,
2026-09-06T17:00:00Z,Bitget USDT Futures,SEIUSDT,0.04797,134247268.0,6439841.44596,0.0001,,OK,
2026-09-06T17:00:00Z,Bitget USDT Futures,SOLUSDT,105.983,4521900.199999968,479244548.8965966,0.0001,,OK,
2026-09-06T17:00:00Z,Bitget USDT Futures,SUIUSDT,0.798,64418197.70000001,51405721.76460001,0.0001,,OK,
2026-09-06T17:00:00Z,Bitget USDT Futures,TAOUSDT,250.11,106364.73500000002,26602883.870850004,5e-05,,OK,
2026-09-06T17:00:00Z,Bitget USDT Futures,UNIUSDT,7.201,3825745.0,27549189.744999997,9.6e-05,,OK,
2026-09-06T17:00:00Z,Bitget USDT Futures,XLMUSDT,0.18392,124163766.0,22836199.84272,0.0001,,OK,
2026-09-06T17:00:00Z,Bitget USDT Futures,XRPUSDT,1.4102,166995797.0,235497472.9294,0.0001,,OK,
2026-09-06T17:00:00Z,Bitget USDT Futures,ZECUSDT,1184.7,109535.74999999933,129767003.02499922,-9e-05,,OK,
2026-09-06T18:00:00Z,Bitget USDT Futures,AAVEUSDT,133.47,188907.40000000014,25213470.678000018,0.0001,,OK,
2026-09-06T18:00:00Z,Bitget USDT Futures,AVAXUSDT,7.624,2936355.9,22386777.3816,0.0001,,OK,
2026-09-06T18:00:00Z,Bitget USDT Futures,BTCUSDT,79830.1,32931.42859999993,2628919238.280854,5.8e-05,,OK,
2026-09-06T18:00:00Z,Bitget USDT Futures,CAKEUSDT,2.1866,760304.9999999998,1662482.9129999995,5e-05,,OK,
2026-09-06T18:00:00Z,Bitget USDT Futures,CCUSDT,0.10918,7535536.0,822729.82048,5e-05,,OK,
2026-09-06T18:00:00Z,Bitget USDT Futures,ENAUSDT,0.17458,236627838.0,41310487.95804001,5e-05,,OK,
2026-09-06T18:00:00Z,Bitget USDT Futures,ETHUSDT,2493.65,792805.1799999997,1976978637.1069994,8.8e-05,,OK,
2026-09-06T18:00:00Z,Bitget USDT Futures,HBARUSDT,0.0806,169813995.0,13687007.997000001,0.0001,,OK,
2026-09-06T18:00:00Z,Bitget USDT Futures,HYPEUSDT,87.908,2329172.5500000007,204752900.52540007,5e-05,,OK,
2026-09-06T18:00:00Z,Bitget USDT Futures,LINKUSDT,12.328,4054428.0,49982988.383999996,0.0001,,OK,
2026-09-06T18:00:00Z,Bitget USDT Futures,MORPHOUSDT,2.6117,1102791.0,2880159.2547,5e-05,,OK,
2026-09-06T18:00:00Z,Bitget USDT Futures,NEARUSDT,2.3801,16352370.0,38920275.837000005,0.0001,,OK,
2026-09-06T18:00:00Z,Bitget USDT Futures,ONDOUSDT,0.379,57346298.10000001,21734246.979900002,5e-05,,OK,
2026-09-06T18:00:00Z,Bitget USDT Futures,SEIUSDT,0.04811,134137502.0,6453355.22122,0.0001,,OK,
2026-09-06T18:00:00Z,Bitget USDT Futures,SOLUSDT,106.274,4505225.699999968,478788356.04179657,0.0001,,OK,
2026-09-06T18:00:00Z,Bitget USDT Futures,SUIUSDT,0.797,64875997.50000001,51706170.00750001,0.0001,,OK,
2026-09-06T18:00:00Z,Bitget USDT Futures,TAOUSDT,259.67,106088.361,27547964.700870004,5e-05,,OK,
2026-09-06T18:00:00Z,Bitget USDT Futures,UNIUSDT,7.198,3842021.0,27654867.158,0.0001,,OK,
2026-09-06T18:00:00Z,Bitget USDT Futures,XLMUSDT,0.18414,124323542.0,22892937.02388,0.0001,,OK,
2026-09-06T18:00:00Z,Bitget USDT Futures,XRPUSDT,1.4123,166413121.0,235025250.7883,0.0001,,OK,
2026-09-06T18:00:00Z,Bitget USDT Futures,ZECUSDT,1225.83,110705.83999999936,135706539.8471992,-5.6e-05,,OK,
2026-09-06T19:00:00Z,Bitget USDT Futures,AAVEUSDT,132.88,188133.40000000014,24999166.192000017,0.0001,,OK,
2026-09-06T19:00:00Z,Bitget USDT Futures,AVAXUSDT,7.639,2940171.1,22459967.0329,0.0001,,OK,
2026-09-06T19:00:00Z,Bitget USDT Futures,BTCUSDT,79834.2,32885.10879999993,2625356352.960954,6.6e-05,,OK,
2026-09-06T19:00:00Z,Bitget USDT Futures,CAKEUSDT,2.1891,756903.3999999998,1656937.2329399993,5e-05,,OK,
2026-09-06T19:00:00Z,Bitget USDT Futures,CCUSDT,0.10952,7532880.0,825001.0176,5e-05,,OK,
2026-09-06T19:00:00Z,Bitget USDT Futures,ENAUSDT,0.17515,238764976.0,41819685.5464,5e-05,,OK,
2026-09-06T19:00:00Z,Bitget USDT Futures,ETHUSDT,2490.51,790087.5799999997,1967721018.8657994,0.0001,,OK,
2026-09-06T19:00:00Z,Bitget USDT Futures,HBARUSDT,0.08037,169709791.0,13639575.90267,0.0001,,OK,
2026-09-06T19:00:00Z,Bitget USDT Futures,HYPEUSDT,87.517,2326428.900000001,203602078.04130006,5e-05,,OK,
2026-09-06T19:00:00Z,Bitget USDT Futures,LINKUSDT,12.349,4058286.0,50115773.814,0.0001,,OK,
2026-09-06T19:00:00Z,Bitget USDT Futures,MORPHOUSDT,2.5745,1099509.0,2830685.9205,5e-05,,OK,
2026-09-06T19:00:00Z,Bitget USDT Futures,NEARUSDT,2.3998,16403054.0,39364048.989199996,0.0001,,OK,
2026-09-06T19:00:00Z,Bitget USDT Futures,ONDOUSDT,0.3777,57100294.10000001,21566781.081570003,5e-05,,OK,
2026-09-06T19:00:00Z,Bitget USDT Futures,SEIUSDT,0.0482,134271616.0,6471891.8912,0.0001,,OK,
2026-09-06T19:00:00Z,Bitget USDT Futures,SOLUSDT,105.739,4501115.699999968,475943473.00229657,9e-05,,OK,
2026-09-06T19:00:00Z,Bitget USDT Futures,SUIUSDT,0.7951,64954776.900000006,51645543.11319001,0.0001,,OK,
2026-09-06T19:00:00Z,Bitget USDT Futures,TAOUSDT,265.15,105221.471,27899473.03565,5e-05,,OK,
2026-09-06T19:00:00Z,Bitget USDT Futures,UNIUSDT,7.112,3819122.0,27161595.664,0.0001,,OK,
2026-09-06T19:00:00Z,Bitget USDT Futures,XLMUSDT,0.18355,124283588.0,22812252.5774,0.0001,,OK,
2026-09-06T19:00:00Z,Bitget USDT Futures,XRPUSDT,1.4115,167564608.0,236517444.192,0.0001,,OK,
2026-09-06T19:00:00Z,Bitget USDT Futures,ZECUSDT,1220.0,110243.78399999936,134497416.4799992,-5e-05,,OK,
2026-09-06T20:00:00Z,Bitget USDT Futures,AAVEUSDT,132.77,188085.60000000012,24972125.11200002,0.0001,,OK,
2026-09-06T20:00:00Z,Bitget USDT Futures,AVAXUSDT,7.673,2936933.0,22535086.909,0.0001,,OK,
2026-09-06T20:00:00Z,Bitget USDT Futures,BTCUSDT,79781.9,32771.280599999925,2614555031.7011337,6.9e-05,,OK,
2026-09-06T20:00:00Z,Bitget USDT Futures,CAKEUSDT,2.1931,753722.1999999998,1652988.1568199995,5e-05,,OK,
2026-09-06T20:00:00Z,Bitget USDT Futures,CCUSDT,0.10996,7534636.0,828508.57456,5e-05,,OK,
2026-09-06T20:00:00Z,Bitget USDT Futures,ENAUSDT,0.17571,238193326.0,41852949.31146,5e-05,,OK,
2026-09-06T20:00:00Z,Bitget USDT Futures,ETHUSDT,2490.7,790187.6699999997,1968120429.6689992,0.0001,,OK,
2026-09-06T20:00:00Z,Bitget USDT Futures,HBARUSDT,0.08057,169872395.0,13686618.86515,0.0001,,OK,
2026-09-06T20:00:00Z,Bitget USDT Futures,HYPEUSDT,87.199,2325455.9200000004,202777430.76808003,5e-05,,OK,
2026-09-06T20:00:00Z,Bitget USDT Futures,LINKUSDT,12.345,4056606.0,50078801.07,0.0001,,OK,
2026-09-06T20:00:00Z,Bitget USDT Futures,MORPHOUSDT,2.5859,1102115.0,2849959.1785,5e-05,,OK,
2026-09-06T20:00:00Z,Bitget USDT Futures,NEARUSDT,2.4269,16385019.0,39764802.611099996,0.0001,,OK,
2026-09-06T20:00:00Z,Bitget USDT Futures,ONDOUSDT,0.3778,57280435.00000001,21640548.343000006,5e-05,,OK,
2026-09-06T20:00:00Z,Bitget USDT Futures,SEIUSDT,0.04823,136421882.0,6579627.36886,0.0001,,OK,
2026-09-06T20:00:00Z,Bitget USDT Futures,SOLUSDT,105.381,4493883.399999968,473569926.5753966,7.4e-05,,OK,
2026-09-06T20:00:00Z,Bitget USDT Futures,SUIUSDT,0.7971,64958667.70000001,51778554.02367001,0.0001,,OK,
2026-09-06T20:00:00Z,Bitget USDT Futures,TAOUSDT,267.85,104992.016,28122111.485600002,5e-05,,OK,
2026-09-06T20:00:00Z,Bitget USDT Futures,UNIUSDT,7.135,3808459.0,27173354.965,0.0001,,OK,
2026-09-06T20:00:00Z,Bitget USDT Futures,XLMUSDT,0.18355,124264428.0,22808735.7594,0.0001,,OK,
2026-09-06T20:00:00Z,Bitget USDT Futures,XRPUSDT,1.4107,167320878.0,236039562.59460002,0.0001,,OK,
2026-09-06T20:00:00Z,Bitget USDT Futures,ZECUSDT,1220.0,110929.83899999932,135334403.57999918,-5.3e-05,,OK,
2026-09-06T21:00:00Z,Bitget USDT Futures,AAVEUSDT,134.45,187885.4000000001,25261192.030000012,0.0001,,OK,
2026-09-06T21:00:00Z,Bitget USDT Futures,AVAXUSDT,7.798,2940993.9,22933870.4322,0.0001,,OK,
2026-09-06T21:00:00Z,Bitget USDT Futures,BTCUSDT,79973.2,32673.305599999927,2612988803.409914,6.5e-05,,OK,
2026-09-06T21:00:00Z,Bitget USDT Futures,CAKEUSDT,2.2019,751681.7999999998,1655128.1554199997,5e-05,,OK,
2026-09-06T21:00:00Z,Bitget USDT Futures,CCUSDT,0.11082,7521306.0,833511.13092,5e-05,,OK,
2026-09-06T21:00:00Z,Bitget USDT Futures,ENAUSDT,0.17657,237943607.0,42013702.68799,5e-05,,OK,
2026-09-06T21:00:00Z,Bitget USDT Futures,ETHUSDT,2510.75,787863.8399999996,1978129136.279999,0.0001,,OK,
2026-09-06T21:00:00Z,Bitget USDT Futures,HBARUSDT,0.08146,169717353.0,13825175.575380001,0.0001,,OK,
2026-09-06T21:00:00Z,Bitget USDT Futures,HYPEUSDT,88.211,2327426.1000000006,205304583.70710003,5e-05,,OK,
2026-09-06T21:00:00Z,Bitget USDT Futures,LINKUSDT,13.153,4073743.0,53581941.679000005,0.0001,,OK,
2026-09-06T21:00:00Z,Bitget USDT Futures,MORPHOUSDT,2.5939,1101449.0,2857048.5611,5e-05,,OK,
2026-09-06T21:00:00Z,Bitget USDT Futures,NEARUSDT,2.4315,16387117.0,39845274.9855,0.0001,,OK,
2026-09-06T21:00:00Z,Bitget USDT Futures,ONDOUSDT,0.3846,58162933.300000004,22369464.147180002,5e-05,,OK,
2026-09-06T21:00:00Z,Bitget USDT Futures,SEIUSDT,0.04898,135527282.0,6638126.272360001,0.0001,,OK,
2026-09-06T21:00:00Z,Bitget USDT Futures,SOLUSDT,106.112,4491631.699999968,476616022.95039654,7.5e-05,,OK,
2026-09-06T21:00:00Z,Bitget USDT Futures,SUIUSDT,0.813,64385006.90000001,52345010.60970001,0.0001,,OK,
2026-09-06T21:00:00Z,Bitget USDT Futures,TAOUSDT,271.68,104708.29900000001,28447150.672320005,5e-05,,OK,
2026-09-06T21:00:00Z,Bitget USDT Futures,UNIUSDT,7.129,3812323.0,27178050.667,0.0001,,OK,
2026-09-06T21:00:00Z,Bitget USDT Futures,XLMUSDT,0.1859,123822025.0,23018514.4475,0.0001,,OK,
2026-09-06T21:00:00Z,Bitget USDT Futures,XRPUSDT,1.4232,165616403.0,235705264.7496,0.0001,,OK,
2026-09-06T21:00:00Z,Bitget USDT Futures,ZECUSDT,1229.97,110858.24599999932,136352316.83261916,-4.1e-05,,OK,
2026-09-06T22:00:00Z,Bitget USDT Futures,AAVEUSDT,133.94,191653.60000000012,25670083.184000015,0.0001,,OK,
2026-09-06T22:00:00Z,Bitget USDT Futures,AVAXUSDT,7.741,2933862.3,22711028.064299997,0.0001,,OK,
2026-09-06T22:00:00Z,Bitget USDT Futures,BTCUSDT,79677.0,32601.789299999928,2597612766.056094,6e-05,,OK,
2026-09-06T22:00:00Z,Bitget USDT Futures,CAKEUSDT,2.1991,752687.5999999999,1655235.3011599998,5e-05,,OK,
2026-09-06T22:00:00Z,Bitget USDT Futures,CCUSDT,0.1093,7548426.0,825042.9617999999,5e-05,,OK,
2026-09-06T22:00:00Z,Bitget USDT Futures,ENAUSDT,0.17448,238192518.0,41559830.54064,5e-05,,OK,
2026-09-06T22:00:00Z,Bitget USDT Futures,ETHUSDT,2496.15,785948.5499999995,1961845473.0824988,0.0001,,OK,
2026-09-06T22:00:00Z,Bitget USDT Futures,HBARUSDT,0.0808,169532613.0,13698235.1304,0.0001,,OK,
2026-09-06T22:00:00Z,Bitget USDT Futures,HYPEUSDT,86.723,2314481.920000001,200718815.54816008,5e-05,,OK,
2026-09-06T22:00:00Z,Bitget USDT Futures,LINKUSDT,12.797,4041676.0,51721327.772,0.0001,,OK,
2026-09-06T22:00:00Z,Bitget USDT Futures,MORPHOUSDT,2.562,1094141.0,2803189.2419999996,5e-05,,OK,
2026-09-06T22:00:00Z,Bitget USDT Futures,NEARUSDT,2.4239,16346941.0,39623350.289900005,0.0001,,OK,
2026-09-06T22:00:00Z,Bitget USDT Futures,ONDOUSDT,0.3785,57380682.7,21718588.40195,5e-05,,OK,
2026-09-06T22:00:00Z,Bitget USDT Futures,SEIUSDT,0.0488,136289100.0,6650908.08,0.0001,,OK,
2026-09-06T22:00:00Z,Bitget USDT Futures,SOLUSDT,105.114,4486230.499999967,471565632.7769966,8.1e-05,,OK,
2026-09-06T22:00:00Z,Bitget USDT Futures,SUIUSDT,0.8025,64658152.10000002,51888167.060250014,0.0001,,OK,
2026-09-06T22:00:00Z,Bitget USDT Futures,TAOUSDT,260.62,104956.94900000001,27353880.048380002,5e-05,,OK,
2026-09-06T22:00:00Z,Bitget USDT Futures,UNIUSDT,7.154,3823470.0,27353104.38,0.0001,,OK,
2026-09-06T22:00:00Z,Bitget USDT Futures,XLMUSDT,0.18488,124174048.0,22957297.994239997,0.0001,,OK,
2026-09-06T22:00:00Z,Bitget USDT Futures,XRPUSDT,1.4128,164417018.0,232288363.0304,8.8e-05,,OK,
2026-09-06T22:00:00Z,Bitget USDT Futures,ZECUSDT,1216.98,111719.81999999931,135960786.54359916,-3.4e-05,,OK,
2026-09-06T23:00:00Z,Bitget USDT Futures,AAVEUSDT,134.92,192801.4000000001,26012764.88800001,0.0001,,OK,
2026-09-06T23:00:00Z,Bitget USDT Futures,AVAXUSDT,7.815,2934364.1999999997,22932056.222999997,0.0001,,OK,
2026-09-06T23:00:00Z,Bitget USDT Futures,BTCUSDT,80150.4,32493.20299999993,2604343217.731194,6.1e-05,,OK,
2026-09-06T23:00:00Z,Bitget USDT Futures,CAKEUSDT,2.2161,752002.9999999999,1666513.8482999997,5e-05,,OK,
2026-09-06T23:00:00Z,Bitget USDT Futures,CCUSDT,0.10991,7578841.0,832990.4143099999,5e-05,,OK,
2026-09-06T23:00:00Z,Bitget USDT Futures,ENAUSDT,0.17497,238438045.0,41719504.73365,5e-05,,OK,
2026-09-06T23:00:00Z,Bitget USDT Futures,ETHUSDT,2509.25,784630.3199999995,1968833630.4599986,0.0001,,OK,
2026-09-06T23:00:00Z,Bitget USDT Futures,HBARUSDT,0.08116,169581419.0,13763227.966039998,0.0001,,OK,
2026-09-06T23:00:00Z,Bitget USDT Futures,HYPEUSDT,87.929,2324322.840000001,204375382.99836007,5e-05,,OK,
2026-09-06T23:00:00Z,Bitget USDT Futures,LINKUSDT,13.134,4061835.0,53348140.89,0.0001,,OK,
2026-09-06T23:00:00Z,Bitget USDT Futures,MORPHOUSDT,2.5631,1091101.0,2796600.9731,5e-05,,OK,
2026-09-06T23:00:00Z,Bitget USDT Futures,NEARUSDT,2.4547,16339238.0,40107927.518599994,0.0001,,OK,
2026-09-06T23:00:00Z,Bitget USDT Futures,ONDOUSDT,0.3852,57430704.1,22122307.21932,5e-05,,OK,
2026-09-06T23:00:00Z,Bitget USDT Futures,SEIUSDT,0.04891,134917274.0,6598803.87134,0.0001,,OK,
2026-09-06T23:00:00Z,Bitget USDT Futures,SOLUSDT,106.046,4481927.799999968,475290515.47879666,9.1e-05,,OK,
2026-09-06T23:00:00Z,Bitget USDT Futures,SUIUSDT,0.8078,64525737.70000001,52123890.914060004,0.0001,,OK,
2026-09-06T23:00:00Z,Bitget USDT Futures,TAOUSDT,262.19,104408.03000000001,27374741.385700002,5e-05,,OK,
2026-09-06T23:00:00Z,Bitget USDT Futures,UNIUSDT,7.159,3857346.0,27614740.014,0.0001,,OK,
2026-09-06T23:00:00Z,Bitget USDT Futures,XLMUSDT,0.18595,123895058.0,23038286.0351,0.0001,,OK,
2026-09-06T23:00:00Z,Bitget USDT Futures,XRPUSDT,1.4195,164581211.0,233623029.0145,7.9e-05,,OK,
2026-09-06T23:00:00Z,Bitget USDT Futures,ZECUSDT,1234.8,112774.88499999928,139254427.9979991,-4.6e-05,,OK,
2026-09-07T00:00:00Z,Bitget USDT Futures,AAVEUSDT,135.96,190469.00000000012,25896165.240000017,0.0001,,OK,
2026-09-07T00:00:00Z,Bitget USDT Futures,AVAXUSDT,7.949,2900217.6999999997,23053830.4973,0.0001,,OK,
2026-09-07T00:00:00Z,Bitget USDT Futures,BTCUSDT,80175.6,32467.54299999993,2603104740.5507946,5.7e-05,,OK,
2026-09-07T00:00:00Z,Bitget USDT Futures,CAKEUSDT,2.2407,761501.5999999999,1706296.6351199995,5e-05,,OK,
2026-09-07T00:00:00Z,Bitget USDT Futures,CCUSDT,0.1113,7553124.0,840662.7012,5e-05,,OK,
2026-09-07T00:00:00Z,Bitget USDT Futures,ENAUSDT,0.17521,238097740.0,41717105.0254,5e-05,,OK,
2026-09-07T00:00:00Z,Bitget USDT Futures,ETHUSDT,2517.24,778688.7599999994,1960146494.2223983,0.0001,,OK,
2026-09-07T00:00:00Z,Bitget USDT Futures,HBARUSDT,0.08191,169099155.0,13850911.78605,0.0001,,OK,
2026-09-07T00:00:00Z,Bitget USDT Futures,HYPEUSDT,87.72,2325427.0800000005,203986463.45760006,5e-05,,OK,
2026-09-07T00:00:00Z,Bitget USDT Futures,LINKUSDT,13.254,4099730.0,54337821.42,0.0001,,OK,
2026-09-07T00:00:00Z,Bitget USDT Futures,MORPHOUSDT,2.5899,1090709.0,2824827.2391,5e-05,,OK,
2026-09-07T00:00:00Z,Bitget USDT Futures,NEARUSDT,2.4184,16389208.0,39635660.6272,0.0001,,OK,
2026-09-07T00:00:00Z,Bitget USDT Futures,ONDOUSDT,0.3909,57049825.400000006,22300776.748860005,5e-05,,OK,
2026-09-07T00:00:00Z,Bitget USDT Futures,SEIUSDT,0.04974,134493568.0,6689710.07232,0.0001,,OK,
2026-09-07T00:00:00Z,Bitget USDT Futures,SOLUSDT,106.312,4463983.999999968,474575067.0079966,0.0001,,OK,
2026-09-07T00:00:00Z,Bitget USDT Futures,SUIUSDT,0.8199,65814823.00000001,53961573.3777,0.0001,,OK,
2026-09-07T00:00:00Z,Bitget USDT Futures,TAOUSDT,266.12,104757.70800000001,27878121.252960004,5e-05,,OK,
2026-09-07T00:00:00Z,Bitget USDT Futures,UNIUSDT,7.235,3840187.0,27783752.945,0.0001,,OK,
2026-09-07T00:00:00Z,Bitget USDT Futures,XLMUSDT,0.18827,124263872.0,23395159.18144,0.0001,,OK,
2026-09-07T00:00:00Z,Bitget USDT Futures,XRPUSDT,1.4211,165660402.0,235419997.2822,8.8e-05,,OK,
2026-09-07T00:00:00Z,Bitget USDT Futures,ZECUSDT,1216.45,114212.12999999928,138933345.53849912,-7.2e-05,,OK,
2026-09-07T01:00:00Z,Bitget USDT Futures,AAVEUSDT,134.59,189459.3000000001,25499327.187000014,0.0001,,OK,
2026-09-07T01:00:00Z,Bitget USDT Futures,AVAXUSDT,7.872,2898258.4,22815090.1248,0.0001,,OK,
2026-09-07T01:00:00Z,Bitget USDT Futures,BTCUSDT,79893.5,32405.060599999928,2588953709.0460944,4.8e-05,,OK,
2026-09-07T01:00:00Z,Bitget USDT Futures,CAKEUSDT,2.2144,755752.5999999999,1673538.5574399997,5e-05,,OK,
2026-09-07T01:00:00Z,Bitget USDT Futures,CCUSDT,0.11033,7481950.0,825483.5435,5e-05,,OK,
2026-09-07T01:00:00Z,Bitget USDT Futures,ENAUSDT,0.17523,237340297.0,41589140.24331,5e-05,,OK,
2026-09-07T01:00:00Z,Bitget USDT Futures,ETHUSDT,2504.92,777280.0999999994,1947024468.0919986,0.0001,,OK,
2026-09-07T01:00:00Z,Bitget USDT Futures,HBARUSDT,0.08135,168661071.0,13720578.125850001,0.0001,,OK,
2026-09-07T01:00:00Z,Bitget USDT Futures,HYPEUSDT,87.159,2322849.5700000008,202457245.67163008,5e-05,,OK,
2026-09-07T01:00:00Z,Bitget USDT Futures,LINKUSDT,13.082,4108188.0,53743315.416,0.0001,,OK,
2026-09-07T01:00:00Z,Bitget USDT Futures,MORPHOUSDT,2.5522,1095283.0,2795381.2726000003,5e-05,,OK,
2026-09-07T01:00:00Z,Bitget USDT Futures,NEARUSDT,2.3687,16430126.0,38918039.4562,0.0001,,OK,
2026-09-07T01:00:00Z,Bitget USDT Futures,ONDOUSDT,0.3809,56779013.900000006,21627126.394510005,5e-05,,OK,
2026-09-07T01:00:00Z,Bitget USDT Futures,SEIUSDT,0.04887,133771566.0,6537416.430419999,0.0001,,OK,
2026-09-07T01:00:00Z,Bitget USDT Futures,SOLUSDT,105.467,4488862.099999968,473426819.1006966,9.4e-05,,OK,
2026-09-07T01:00:00Z,Bitget USDT Futures,SUIUSDT,0.8011,65434276.50000001,52419398.90415001,0.0001,,OK,
2026-09-07T01:00:00Z,Bitget USDT Futures,TAOUSDT,262.92,104585.17100000002,27497533.159320004,5e-05,,OK,
2026-09-07T01:00:00Z,Bitget USDT Futures,UNIUSDT,7.183,3853444.0,27679288.252,0.0001,,OK,
2026-09-07T01:00:00Z,Bitget USDT Futures,XLMUSDT,0.18682,124133909.0,23190696.879380003,0.0001,,OK,
2026-09-07T01:00:00Z,Bitget USDT Futures,XRPUSDT,1.4078,164570864.0,231682862.3392,0.0001,,OK,
2026-09-07T01:00:00Z,Bitget USDT Futures,ZECUSDT,1184.47,111626.9789999993,132218807.81612916,-4.5e-05,,OK,
2026-09-07T02:00:00Z,Bitget USDT Futures,AAVEUSDT,133.36,190979.20000000013,25468986.11200002,0.0001,,OK,
2026-09-07T02:00:00Z,Bitget USDT Futures,AVAXUSDT,7.818,2876388.9,22487608.420199998,0.0001,,OK,
2026-09-07T02:00:00Z,Bitget USDT Futures,BTCUSDT,79846.1,32563.66699999993,2600081811.6486945,4.5e-05,,OK,
2026-09-07T02:00:00Z,Bitget USDT Futures,CAKEUSDT,2.2244,753326.9999999998,1675700.5787999996,5e-05,,OK,
2026-09-07T02:00:00Z,Bitget USDT Futures,CCUSDT,0.10948,7547908.0,826344.9678399999,5e-05,,OK,
2026-09-07T02:00:00Z,Bitget USDT Futures,ENAUSDT,0.17284,237348790.0,41023364.8636,5e-05,,OK,
2026-09-07T02:00:00Z,Bitget USDT Futures,ETHUSDT,2500.94,782555.0599999995,1957123251.7563987,0.0001,,OK,
2026-09-07T02:00:00Z,Bitget USDT Futures,HBARUSDT,0.08094,168218431.0,13615599.80514,0.0001,,OK,
2026-09-07T02:00:00Z,Bitget USDT Futures,HYPEUSDT,86.955,2335121.270000001,203050470.0328501,5e-05,,OK,
2026-09-07T02:00:00Z,Bitget USDT Futures,LINKUSDT,12.956,4084708.0,52921476.848,0.0001,,OK,
2026-09-07T02:00:00Z,Bitget USDT Futures,MORPHOUSDT,2.5526,1084219.0,2767577.4194,5e-05,,OK,
2026-09-07T02:00:00Z,Bitget USDT Futures,NEARUSDT,2.3713,16275120.0,38593192.056,0.0001,,OK,
2026-09-07T02:00:00Z,Bitget USDT Futures,ONDOUSDT,0.3803,56512346.900000006,21491645.526070002,5e-05,,OK,
2026-09-07T02:00:00Z,Bitget USDT Futures,SEIUSDT,0.04841,135061936.0,6538348.321760001,0.0001,,OK,
2026-09-07T02:00:00Z,Bitget USDT Futures,SOLUSDT,105.259,4514587.599999968,475200976.18839663,8.3e-05,,OK,
2026-09-07T02:00:00Z,Bitget USDT Futures,SUIUSDT,0.797,65082582.80000001,51870818.491600014,0.0001,,OK,
2026-09-07T02:00:00Z,Bitget USDT Futures,TAOUSDT,267.05,104860.68600000002,28003046.196300004,5e-05,,OK,
2026-09-07T02:00:00Z,Bitget USDT Futures,UNIUSDT,7.032,3868539.0,27203566.248,0.0001,,OK,
2026-09-07T02:00:00Z,Bitget USDT Futures,XLMUSDT,0.18615,124160522.0,23112481.1703,0.0001,,OK,
2026-09-07T02:00:00Z,Bitget USDT Futures,XRPUSDT,1.4048,168207214.0,236297494.2272,0.0001,,OK,
2026-09-07T02:00:00Z,Bitget USDT Futures,ZECUSDT,1183.64,110781.4389999993,131125342.45795918,-3.2e-05,,OK,
2026-09-07T03:00:00Z,Bitget USDT Futures,AAVEUSDT,133.81,190508.4000000001,25491929.004000016,0.0001,,OK,
2026-09-07T03:00:00Z,Bitget USDT Futures,AVAXUSDT,7.821,2865790.5,22413347.5005,0.0001,,OK,
2026-09-07T03:00:00Z,Bitget USDT Futures,BTCUSDT,79764.4,32518.263999999926,2593799817.001594,4.5e-05,,OK,
2026-09-07T03:00:00Z,Bitget USDT Futures,CAKEUSDT,2.2128,756131.7999999998,1673168.4470399998,5e-05,,OK,
2026-09-07T03:00:00Z,Bitget USDT Futures,CCUSDT,0.11031,7562238.0,834190.47378,5e-05,,OK,
2026-09-07T03:00:00Z,Bitget USDT Futures,ENAUSDT,0.1742,237062356.0,41296262.415199995,5e-05,,OK,
2026-09-07T03:00:00Z,Bitget USDT Futures,ETHUSDT,2506.82,775412.9499999995,1943820691.3189988,0.0001,,OK,
2026-09-07T03:00:00Z,Bitget USDT Futures,HBARUSDT,0.08096,168195510.0,13617108.4896,0.0001,,OK,
2026-09-07T03:00:00Z,Bitget USDT Futures,HYPEUSDT,86.419,2334760.1600000006,201767638.26704004,5e-05,,OK,
2026-09-07T03:00:00Z,Bitget USDT Futures,LINKUSDT,13.051,4067790.0,53088727.29,0.0001,,OK,
2026-09-07T03:00:00Z,Bitget USDT Futures,MORPHOUSDT,2.5759,1093031.0,2815538.5529,5e-05,,OK,
2026-09-07T03:00:00Z,Bitget USDT Futures,NEARUSDT,2.4146,16328092.0,39425810.9432,0.0001,,OK,
2026-09-07T03:00:00Z,Bitget USDT Futures,ONDOUSDT,0.3844,56234252.00000001,21616446.468800005,5e-05,,OK,
2026-09-07T03:00:00Z,Bitget USDT Futures,SEIUSDT,0.04874,136013770.0,6629311.1498,0.0001,,OK,
2026-09-07T03:00:00Z,Bitget USDT Futures,SOLUSDT,105.326,4465403.499999968,470323089.0409966,7.1e-05,,OK,
2026-09-07T03:00:00Z,Bitget USDT Futures,SUIUSDT,0.8007,64975039.500000015,52025514.12765001,0.0001,,OK,
2026-09-07T03:00:00Z,Bitget USDT Futures,TAOUSDT,271.6,104477.123,28375986.606800005,5e-05,,OK,
2026-09-07T03:00:00Z,Bitget USDT Futures,UNIUSDT,7.119,3867348.0,27531650.412,0.0001,,OK,
2026-09-07T03:00:00Z,Bitget USDT Futures,XLMUSDT,0.18742,124309172.0,23298025.01624,0.0001,,OK,
2026-09-07T03:00:00Z,Bitget USDT Futures,XRPUSDT,1.4099,165327379.0,233095071.6521,0.0001,,OK,
2026-09-07T03:00:00Z,Bitget USDT Futures,ZECUSDT,1191.57,110359.61099999928,131501201.67926913,-4.8e-05,,OK,
2026-09-07T04:00:00Z,Bitget USDT Futures,AAVEUSDT,133.83,191435.10000000012,25619759.433000017,0.0001,,OK,
2026-09-07T04:00:00Z,Bitget USDT Futures,AVAXUSDT,7.804,2866963.5,22373783.154,0.0001,,OK,
2026-09-07T04:00:00Z,Bitget USDT Futures,BTCUSDT,79631.9,32709.492499999928,2604719035.810744,4.7e-05,,OK,
2026-09-07T04:00:00Z,Bitget USDT Futures,CAKEUSDT,2.189,777958.7999999998,1702951.8131999997,-3.4e-05,,OK,
2026-09-07T04:00:00Z,Bitget USDT Futures,CCUSDT,0.10987,7565810.0,831255.5447,5e-05,,OK,
2026-09-07T04:00:00Z,Bitget USDT Futures,ENAUSDT,0.17417,235442097.0,41006950.03449,5e-05,,OK,
2026-09-07T04:00:00Z,Bitget USDT Futures,ETHUSDT,2496.22,780708.3999999994,1948819922.2479985,8.7e-05,,OK,
2026-09-07T04:00:00Z,Bitget USDT Futures,HBARUSDT,0.08081,168150583.0,13588248.612230001,0.0001,,OK,
2026-09-07T04:00:00Z,Bitget USDT Futures,HYPEUSDT,86.27,2332697.880000001,201241846.10760006,5e-05,,OK,
2026-09-07T04:00:00Z,Bitget USDT Futures,LINKUSDT,13.12,4088011.0,53634704.32,0.0001,,OK,
2026-09-07T04:00:00Z,Bitget USDT Futures,MORPHOUSDT,2.5875,1093623.0,2829749.5124999997,5e-05,,OK,
2026-09-07T04:00:00Z,Bitget USDT Futures,NEARUSDT,2.405,16336996.0,39290475.379999995,0.0001,,OK,
2026-09-07T04:00:00Z,Bitget USDT Futures,ONDOUSDT,0.3841,56214920.5,21592150.96405,5e-05,,OK,
2026-09-07T04:00:00Z,Bitget USDT Futures,SEIUSDT,0.04873,136133584.0,6633789.54832,0.0001,,OK,
2026-09-07T04:00:00Z,Bitget USDT Futures,SOLUSDT,105.075,4496418.799999968,472461205.4099967,6e-05,,OK,
2026-09-07T04:00:00Z,Bitget USDT Futures,SUIUSDT,0.7963,65244011.30000001,51953806.19819001,0.0001,,OK,
2026-09-07T04:00:00Z,Bitget USDT Futures,TAOUSDT,271.25,104396.498,28317550.082500003,5e-05,,OK,
2026-09-07T04:00:00Z,Bitget USDT Futures,UNIUSDT,7.013,3842018.0,26944072.234,0.0001,,OK,
2026-09-07T04:00:00Z,Bitget USDT Futures,XLMUSDT,0.1893,125322106.0,23723474.665799998,0.0001,,OK,
2026-09-07T04:00:00Z,Bitget USDT Futures,XRPUSDT,1.4068,167237360.0,235269518.048,0.0001,,OK,
2026-09-07T04:00:00Z,Bitget USDT Futures,ZECUSDT,1188.22,110527.53599999928,131331028.82591915,-0.000101,,OK,
2026-09-07T05:00:00Z,Bitget USDT Futures,AAVEUSDT,135.71,190376.00000000012,25835926.960000016,0.0001,,OK,
2026-09-07T05:00:00Z,Bitget USDT Futures,AVAXUSDT,7.871,2865238.4,22552291.4464,0.0001,,OK,
2026-09-07T05:00:00Z,Bitget USDT Futures,BTCUSDT,79807.9,32864.277399999926,2622828964.311454,6.4e-05,,OK,
2026-09-07T05:00:00Z,Bitget USDT Futures,CAKEUSDT,2.2012,757907.9999999998,1668307.0895999996,-8.1e-05,,OK,
2026-09-07T05:00:00Z,Bitget USDT Futures,CCUSDT,0.11033,7565604.0,834713.08932,5e-05,,OK,
2026-09-07T05:00:00Z,Bitget USDT Futures,ENAUSDT,0.17744,235452480.0,41778688.051199995,5e-05,,OK,
2026-09-07T05:00:00Z,Bitget USDT Futures,ETHUSDT,2506.61,785934.1899999994,1970030499.9958985,8.2e-05,,OK,
2026-09-07T05:00:00Z,Bitget USDT Futures,HBARUSDT,0.0811,168207287.0,13641610.9757,0.0001,,OK,
2026-09-07T05:00:00Z,Bitget USDT Futures,HYPEUSDT,86.722,2335551.4800000004,202543695.44856003,5e-05,,OK,
2026-09-07T05:00:00Z,Bitget USDT Futures,LINKUSDT,13.156,4093923.0,53859650.988000005,0.0001,,OK,
2026-09-07T05:00:00Z,Bitget USDT Futures,MORPHOUSDT,2.619,1093411.0,2863643.4090000005,5e-05,,OK,
2026-09-07T05:00:00Z,Bitget USDT Futures,NEARUSDT,2.4342,16359652.0,39822664.8984,0.0001,,OK,
2026-09-07T05:00:00Z,Bitget USDT Futures,ONDOUSDT,0.3864,56179446.300000004,21707738.050320003,5e-05,,OK,
2026-09-07T05:00:00Z,Bitget USDT Futures,SEIUSDT,0.04906,135929240.0,6668688.5144,0.0001,,OK,
2026-09-07T05:00:00Z,Bitget USDT Futures,SOLUSDT,105.437,4504610.399999968,474952606.7447966,5.7e-05,,OK,
2026-09-07T05:00:00Z,Bitget USDT Futures,SUIUSDT,0.8047,65204242.60000002,52469854.02022001,0.0001,,OK,
2026-09-07T05:00:00Z,Bitget USDT Futures,TAOUSDT,275.05,104825.202,28832171.810100004,5e-05,,OK,
2026-09-07T05:00:00Z,Bitget USDT Futures,UNIUSDT,7.012,3830699.0,26860861.387999997,0.0001,,OK,
2026-09-07T05:00:00Z,Bitget USDT Futures,XLMUSDT,0.1923,126653630.0,24355493.049,0.0001,,OK,
2026-09-07T05:00:00Z,Bitget USDT Futures,XRPUSDT,1.4115,167723690.0,236741988.435,0.0001,,OK,
2026-09-07T05:00:00Z,Bitget USDT Futures,ZECUSDT,1215.4,113019.76599999925,137364223.5963991,-0.00013,,OK,
2026-09-07T06:00:00Z,Bitget USDT Futures,AAVEUSDT,135.18,189948.00000000012,25677170.640000015,0.0001,,OK,
2026-09-07T06:00:00Z,Bitget USDT Futures,AVAXUSDT,7.887,2875618.3,22680001.532099996,0.0001,,OK,
2026-09-07T06:00:00Z,Bitget USDT Futures,BTCUSDT,79711.5,32856.82729999993,2619066989.3239446,6.5e-05,,OK,
2026-09-07T06:00:00Z,Bitget USDT Futures,CAKEUSDT,2.199,769214.1999999998,1691502.0257999995,-0.000107,,OK,
2026-09-07T06:00:00Z,Bitget USDT Futures,CCUSDT,0.11015,7567558.0,833566.5137,5e-05,,OK,
2026-09-07T06:00:00Z,Bitget USDT Futures,ENAUSDT,0.17503,235556499.0,41229454.01997,5e-05,,OK,
2026-09-07T06:00:00Z,Bitget USDT Futures,ETHUSDT,2504.97,781822.4399999992,1958441757.526798,7.6e-05,,OK,
2026-09-07T06:00:00Z,Bitget USDT Futures,HBARUSDT,0.08106,168241267.0,13637637.10302,0.0001,,OK,
2026-09-07T06:00:00Z,Bitget USDT Futures,HYPEUSDT,86.868,2328370.8000000007,202260914.65440005,5e-05,,OK,
2026-09-07T06:00:00Z,Bitget USDT Futures,LINKUSDT,13.521,4085180.0,55235718.78,0.0001,,OK,
2026-09-07T06:00:00Z,Bitget USDT Futures,MORPHOUSDT,2.5967,1092623.0,2837214.1440999997,5e-05,,OK,
2026-09-07T06:00:00Z,Bitget USDT Futures,NEARUSDT,2.419,16416707.0,39712014.233,0.0001,,OK,
2026-09-07T06:00:00Z,Bitget USDT Futures,ONDOUSDT,0.3855,56430314.300000004,21753886.162650004,5e-05,,OK,
2026-09-07T06:00:00Z,Bitget USDT Futures,SEIUSDT,0.04893,136093462.0,6659053.09566,0.0001,,OK,
2026-09-07T06:00:00Z,Bitget USDT Futures,SOLUSDT,105.221,4478423.499999968,471224199.0934967,4.8e-05,,OK,
2026-09-07T06:00:00Z,Bitget USDT Futures,SUIUSDT,0.8003,64874938.30000001,51919413.12149001,0.0001,,OK,
2026-09-07T06:00:00Z,Bitget USDT Futures,TAOUSDT,267.23,104741.35600000001,27990032.563880004,5e-05,,OK,
2026-09-07T06:00:00Z,Bitget USDT Futures,UNIUSDT,7.056,3839064.0,27088435.584,0.0001,,OK,
2026-09-07T06:00:00Z,Bitget USDT Futures,XLMUSDT,0.19044,127317782.0,24246398.40408,0.0001,,OK,
2026-09-07T06:00:00Z,Bitget USDT Futures,XRPUSDT,1.4094,166479701.0,234636490.5894,0.0001,,OK,
2026-09-07T06:00:00Z,Bitget USDT Futures,ZECUSDT,1214.45,111800.34099999926,135775924.1274491,-0.000114,,OK,
2026-09-07T07:00:00Z,Bitget USDT Futures,AAVEUSDT,134.57,190546.00000000012,25641775.220000014,0.0001,,OK,
2026-09-07T07:00:00Z,Bitget USDT Futures,AVAXUSDT,7.863,2879886.9,22644550.6947,0.0001,,OK,
2026-09-07T07:00:00Z,Bitget USDT Futures,BTCUSDT,79556.5,32908.86129999993,2618113824.0134444,5.8e-05,,OK,
2026-09-07T07:00:00Z,Bitget USDT Futures,CAKEUSDT,2.1969,769093.1999999998,1689620.8510799995,-0.000107,,OK,
2026-09-07T07:00:00Z,Bitget USDT Futures,CCUSDT,0.10979,7557536.0,829741.87744,5e-05,,OK,
2026-09-07T07:00:00Z,Bitget USDT Futures,ENAUSDT,0.17345,234821382.0,40729768.707899995,5e-05,,OK,
2026-09-07T07:00:00Z,Bitget USDT Futures,ETHUSDT,2498.3,783941.5399999992,1958521149.3819983,8.1e-05,,OK,
2026-09-07T07:00:00Z,Bitget USDT Futures,HBARUSDT,0.08089,168261215.0,13610649.68135,0.0001,,OK,
2026-09-07T07:00:00Z,Bitget USDT Futures,HYPEUSDT,86.996,2323554.500000001,202139947.28200006,5e-05,,OK,
2026-09-07T07:00:00Z,Bitget USDT Futures,LINKUSDT,13.335,4096387.0,54625320.645,0.0001,,OK,
2026-09-07T07:00:00Z,Bitget USDT Futures,MORPHOUSDT,2.5821,1088979.0,2811852.6759,5e-05,,OK,
2026-09-07T07:00:00Z,Bitget USDT Futures,NEARUSDT,2.3805,16450470.0,39160343.835,0.0001,,OK,
2026-09-07T07:00:00Z,Bitget USDT Futures,ONDOUSDT,0.3865,56362068.50000001,21783939.475250002,5e-05,,OK,
2026-09-07T07:00:00Z,Bitget USDT Futures,SEIUSDT,0.0493,136478972.0,6728413.319599999,0.0001,,OK,
2026-09-07T07:00:00Z,Bitget USDT Futures,SOLUSDT,105.273,4480524.099999969,471678213.5792967,6.9e-05,,OK,
2026-09-07T07:00:00Z,Bitget USDT Futures,SUIUSDT,0.8043,65020712.90000001,52296159.38547001,0.0001,,OK,
2026-09-07T07:00:00Z,Bitget USDT Futures,TAOUSDT,267.12,104941.19200000001,28031891.207040004,5e-05,,OK,
2026-09-07T07:00:00Z,Bitget USDT Futures,UNIUSDT,7.147,3816022.0,27273109.234,0.0001,,OK,
2026-09-07T07:00:00Z,Bitget USDT Futures,XLMUSDT,0.19033,127297766.0,24228583.80278,0.0001,,OK,
2026-09-07T07:00:00Z,Bitget USDT Futures,XRPUSDT,1.4101,166333056.0,234546242.2656,0.0001,,OK,
2026-09-07T07:00:00Z,Bitget USDT Futures,ZECUSDT,1201.33,113026.57699999925,135782217.74740908,-0.000112,,OK,
2026-09-07T08:00:00Z,Bitget USDT Futures,AAVEUSDT,133.64,186768.80000000013,24959782.432000015,0.0001,,OK,
2026-09-07T08:00:00Z,Bitget USDT Futures,AVAXUSDT,7.84,2867666.0999999996,22482502.223999996,0.0001,,OK,
2026-09-07T08:00:00Z,Bitget USDT Futures,BTCUSDT,79476.0,33023.67909999993,2624589920.151594,6.3e-05,,OK,
2026-09-07T08:00:00Z,Bitget USDT Futures,CAKEUSDT,2.1901,761762.7999999998,1668336.7082799997,-8.1e-05,,OK,
2026-09-07T08:00:00Z,Bitget USDT Futures,CCUSDT,0.10943,7559150.0,827197.7845,5e-05,,OK,
2026-09-07T08:00:00Z,Bitget USDT Futures,ENAUSDT,0.17121,237878696.0,40727211.54216,5e-05,,OK,
2026-09-07T08:00:00Z,Bitget USDT Futures,ETHUSDT,2490.62,789807.9099999991,1967111376.8041978,7.2e-05,,OK,
2026-09-07T08:00:00Z,Bitget USDT Futures,HBARUSDT,0.08068,171023835.0,13798203.0078,0.0001,,OK,
2026-09-07T08:00:00Z,Bitget USDT Futures,HYPEUSDT,86.632,2321384.6900000004,201106198.46408004,5e-05,,OK,
2026-09-07T08:00:00Z,Bitget USDT Futures,LINKUSDT,13.279,4072658.0,54080825.582,0.0001,,OK,
2026-09-07T08:00:00Z,Bitget USDT Futures,MORPHOUSDT,2.5641,1090741.0,2796768.9981,5e-05,,OK,
2026-09-07T08:00:00Z,Bitget USDT Futures,NEARUSDT,2.3372,16431498.0,38403697.1256,0.0001,,OK,
2026-09-07T08:00:00Z,Bitget USDT Futures,ONDOUSDT,0.3886,55511696.6,21571845.29876,5e-05,,OK,
2026-09-07T08:00:00Z,Bitget USDT Futures,SEIUSDT,0.04909,135394270.0,6646504.7143,0.0001,,OK,
2026-09-07T08:00:00Z,Bitget USDT Futures,SOLUSDT,104.646,4473626.199999969,468147087.3251968,7.5e-05,,OK,
2026-09-07T08:00:00Z,Bitget USDT Futures,SUIUSDT,0.8094,64557325.70000001,52252699.42158001,0.0001,,OK,
2026-09-07T08:00:00Z,Bitget USDT Futures,TAOUSDT,265.48,105266.87500000001,27946249.975000005,5e-05,,OK,
2026-09-07T08:00:00Z,Bitget USDT Futures,UNIUSDT,7.077,3827503.0,27087238.731,0.0001,,OK,
2026-09-07T08:00:00Z,Bitget USDT Futures,XLMUSDT,0.18984,127781456.0,24258031.607040003,0.0001,,OK,
2026-09-07T08:00:00Z,Bitget USDT Futures,XRPUSDT,1.403,171812737.0,241053270.011,0.0001,,OK,
2026-09-07T08:00:00Z,Bitget USDT Futures,ZECUSDT,1182.47,113384.57999999925,134073864.31259911,-8.7e-05,,OK,
2026-09-07T09:00:00Z,Bitget USDT Futures,AAVEUSDT,134.06,186856.20000000013,25049942.172000017,0.0001,,OK,
2026-09-07T09:00:00Z,Bitget USDT Futures,AVAXUSDT,7.936,2866795.5,22750889.088,0.0001,,OK,
2026-09-07T09:00:00Z,Bitget USDT Futures,BTCUSDT,79499.9,33281.06539999993,2645841371.193454,7.3e-05,,OK,
2026-09-07T09:00:00Z,Bitget USDT Futures,CAKEUSDT,2.1987,753393.9999999998,1656487.3877999997,-1e-05,,OK,
2026-09-07T09:00:00Z,Bitget USDT Futures,CCUSDT,0.10903,7642062.0,833214.01986,5e-05,,OK,
2026-09-07T09:00:00Z,Bitget USDT Futures,ENAUSDT,0.17124,236628175.0,40520208.687,5e-05,,OK,
2026-09-07T09:00:00Z,Bitget USDT Futures,ETHUSDT,2494.27,791908.8199999991,1975234412.461398,5e-05,,OK,
2026-09-07T09:00:00Z,Bitget USDT Futures,HBARUSDT,0.08076,171392173.0,13841631.891479999,0.0001,,OK,
2026-09-07T09:00:00Z,Bitget USDT Futures,HYPEUSDT,87.396,2319370.7400000007,202703725.19304007,5e-05,,OK,
2026-09-07T09:00:00Z,Bitget USDT Futures,LINKUSDT,13.448,4058495.0,54578640.76,0.0001,,OK,
2026-09-07T09:00:00Z,Bitget USDT Futures,MORPHOUSDT,2.5801,1110363.0,2864847.5763,5e-05,,OK,
2026-09-07T09:00:00Z,Bitget USDT Futures,NEARUSDT,2.3503,16464502.0,38696519.0506,0.0001,,OK,
2026-09-07T09:00:00Z,Bitget USDT Futures,ONDOUSDT,0.3939,56477456.0,22246469.918399997,5e-05,,OK,
2026-09-07T09:00:00Z,Bitget USDT Futures,SEIUSDT,0.04924,135032838.0,6649016.94312,0.0001,,OK,
2026-09-07T09:00:00Z,Bitget USDT Futures,SOLUSDT,104.954,4467721.499999969,468905242.3109968,8.5e-05,,OK,
2026-09-07T09:00:00Z,Bitget USDT Futures,SUIUSDT,0.8132,64896643.80000001,52773950.738160014,0.0001,,OK,
2026-09-07T09:00:00Z,Bitget USDT Futures,TAOUSDT,269.51,107260.77700000002,28907852.009270005,5e-05,,OK,
2026-09-07T09:00:00Z,Bitget USDT Futures,UNIUSDT,7.046,3760053.0,26493333.438,8.6e-05,,OK,
2026-09-07T09:00:00Z,Bitget USDT Futures,XLMUSDT,0.19103,127896900.0,24432144.807,0.0001,,OK,
2026-09-07T09:00:00Z,Bitget USDT Futures,XRPUSDT,1.405,167100220.0,234775809.1,0.0001,,OK,
2026-09-07T09:00:00Z,Bitget USDT Futures,ZECUSDT,1187.06,112697.99199999927,133779278.38351913,-3.7e-05,,OK,
2026-09-07T10:00:00Z,Bitget USDT Futures,AAVEUSDT,133.42,186510.20000000013,24884190.884000015,0.0001,,OK,
2026-09-07T10:00:00Z,Bitget USDT Futures,AVAXUSDT,7.881,2849663.1,22458194.8911,9.4e-05,,OK,
2026-09-07T10:00:00Z,Bitget USDT Futures,BTCUSDT,79378.3,33408.23559999993,2651888947.9274745,8.1e-05,,OK,
2026-09-07T10:00:00Z,Bitget USDT Futures,CAKEUSDT,2.1989,754892.3999999998,1659932.8983599995,5e-05,,OK,
2026-09-07T10:00:00Z,Bitget USDT Futures,CCUSDT,0.10702,7744412.0,828806.97224,5e-05,,OK,
2026-09-07T10:00:00Z,Bitget USDT Futures,ENAUSDT,0.16978,235082712.0,39912342.84336,5e-05,,OK,
2026-09-07T10:00:00Z,Bitget USDT Futures,ETHUSDT,2488.34,786871.7299999992,1958004400.6281981,3.5e-05,,OK,
2026-09-07T10:00:00Z,Bitget USDT Futures,HBARUSDT,0.08042,175918207.0,14147342.20694,0.0001,,OK,
2026-09-07T10:00:00Z,Bitget USDT Futures,HYPEUSDT,87.39,2313620.8400000003,202187325.20760003,5e-05,,OK,
2026-09-07T10:00:00Z,Bitget USDT Futures,LINKUSDT,13.3,4059598.0,53992653.400000006,0.0001,,OK,
2026-09-07T10:00:00Z,Bitget USDT Futures,MORPHOUSDT,2.5633,1106487.0,2836258.1270999997,5e-05,,OK,
2026-09-07T10:00:00Z,Bitget USDT Futures,NEARUSDT,2.3457,16545503.0,38810786.387099996,0.0001,,OK,
2026-09-07T10:00:00Z,Bitget USDT Futures,ONDOUSDT,0.3871,55843079.2,21616855.95832,5e-05,,OK,
2026-09-07T10:00:00Z,Bitget USDT Futures,SEIUSDT,0.04889,136114580.0,6654641.8162,0.0001,,OK,
2026-09-07T10:00:00Z,Bitget USDT Futures,SOLUSDT,104.958,4470379.499999968,469202091.56099665,9e-05,,OK,
2026-09-07T10:00:00Z,Bitget USDT Futures,SUIUSDT,0.8105,64763771.30000001,52491036.63865001,0.0001,,OK,
2026-09-07T10:00:00Z,Bitget USDT Futures,TAOUSDT,267.31,105127.15400000002,28101539.535740007,5e-05,,OK,
2026-09-07T10:00:00Z,Bitget USDT Futures,UNIUSDT,6.967,3773163.0,26287626.621,8.8e-05,,OK,
2026-09-07T10:00:00Z,Bitget USDT Futures,XLMUSDT,0.19098,127511524.0,24352150.853520002,0.0001,,OK,
2026-09-07T10:00:00Z,Bitget USDT Futures,XRPUSDT,1.3995,169305363.0,236942855.5185,0.0001,,OK,
2026-09-07T10:00:00Z,Bitget USDT Futures,ZECUSDT,1193.99,112569.06499999926,134406337.9193491,-6.8e-05,,OK,
2026-09-07T11:00:00Z,Bitget USDT Futures,AAVEUSDT,134.13,186038.4000000001,24953330.592000015,0.0001,,OK,
2026-09-07T11:00:00Z,Bitget USDT Futures,AVAXUSDT,7.858,2854307.6,22429149.1208,9.3e-05,,OK,
2026-09-07T11:00:00Z,Bitget USDT Futures,BTCUSDT,79374.1,33488.10259999993,2658088004.582655,9e-05,,OK,
2026-09-07T11:00:00Z,Bitget USDT Futures,CAKEUSDT,2.2171,759376.1999999997,1683612.9730199992,5e-05,,OK,
2026-09-07T11:00:00Z,Bitget USDT Futures,CCUSDT,0.10686,7572617.0,809209.85262,5e-05,,OK,
2026-09-07T11:00:00Z,Bitget USDT Futures,ENAUSDT,0.17035,233534033.0,39782522.52155,5e-05,,OK,
2026-09-07T11:00:00Z,Bitget USDT Futures,ETHUSDT,2490.37,787919.1399999991,1962210188.6817977,4.2e-05,,OK,
2026-09-07T11:00:00Z,Bitget USDT Futures,HBARUSDT,0.08119,174990949.0,14207515.14931,0.0001,,OK,
2026-09-07T11:00:00Z,Bitget USDT Futures,HYPEUSDT,87.928,2354135.4599999995,206994422.72687995,5e-05,,OK,
2026-09-07T11:00:00Z,Bitget USDT Futures,LINKUSDT,13.247,4059116.0,53771109.652,0.0001,,OK,
2026-09-07T11:00:00Z,Bitget USDT Futures,MORPHOUSDT,2.5629,1109943.0,2844672.9147,5e-05,,OK,
2026-09-07T11:00:00Z,Bitget USDT Futures,NEARUSDT,2.3468,16502698.0,38728531.6664,0.0001,,OK,
2026-09-07T11:00:00Z,Bitget USDT Futures,ONDOUSDT,0.3863,55613514.7,21483500.72861,5e-05,,OK,
2026-09-07T11:00:00Z,Bitget USDT Futures,SEIUSDT,0.04891,136041462.0,6653787.90642,0.0001,,OK,
2026-09-07T11:00:00Z,Bitget USDT Futures,SOLUSDT,104.836,4472850.399999969,468915744.5343967,0.0001,,OK,
2026-09-07T11:00:00Z,Bitget USDT Futures,SUIUSDT,0.8134,65164588.10000002,53004875.96054001,0.0001,,OK,
2026-09-07T11:00:00Z,Bitget USDT Futures,TAOUSDT,265.62,104982.73000000001,27885512.742600005,5e-05,,OK,
2026-09-07T11:00:00Z,Bitget USDT Futures,UNIUSDT,7.049,3763381.0,26528072.669,0.0001,,OK,
2026-09-07T11:00:00Z,Bitget USDT Futures,XLMUSDT,0.19166,127168128.0,24373043.41248,0.0001,,OK,
2026-09-07T11:00:00Z,Bitget USDT Futures,XRPUSDT,1.3985,169771369.0,237425259.54650003,0.0001,,OK,
2026-09-07T11:00:00Z,Bitget USDT Futures,ZECUSDT,1197.86,113042.38899999912,135408956.08753893,-0.000101,,OK,
2026-09-07T12:00:00Z,Bitget USDT Futures,AAVEUSDT,134.68,186428.80000000013,25108230.78400002,0.0001,,OK,
2026-09-07T12:00:00Z,Bitget USDT Futures,AVAXUSDT,7.875,2857873.9,22505756.9625,9.3e-05,,OK,
2026-09-07T12:00:00Z,Bitget USDT Futures,BTCUSDT,79445.0,33585.05799999993,2668164932.8099947,9.4e-05,,OK,
2026-09-07T12:00:00Z,Bitget USDT Futures,CAKEUSDT,2.3439,764602.1999999998,1792151.0965799997,5e-05,,OK,
2026-09-07T12:00:00Z,Bitget USDT Futures,CCUSDT,0.10737,7443790.0,799239.7322999999,5e-05,,OK,
2026-09-07T12:00:00Z,Bitget USDT Futures,ENAUSDT,0.16945,233728415.0,39605279.921749994,5e-05,,OK,
2026-09-07T12:00:00Z,Bitget USDT Futures,ETHUSDT,2490.89,789415.6499999991,1966347548.4284976,5.2e-05,,OK,
2026-09-07T12:00:00Z,Bitget USDT Futures,HBARUSDT,0.08109,174781827.0,14173058.351429999,0.0001,,OK,
2026-09-07T12:00:00Z,Bitget USDT Futures,HYPEUSDT,88.259,2347273.7499999995,207168033.90124995,5e-05,,OK,
2026-09-07T12:00:00Z,Bitget USDT Futures,LINKUSDT,13.218,4065604.0,53739153.672,0.0001,,OK,
2026-09-07T12:00:00Z,Bitget USDT Futures,MORPHOUSDT,2.5478,1119349.0,2851877.3822,5e-05,,OK,
2026-09-07T12:00:00Z,Bitget USDT Futures,NEARUSDT,2.3417,16494670.0,38625568.739,0.0001,,OK,
2026-09-07T12:00:00Z,Bitget USDT Futures,ONDOUSDT,0.389,55826615.300000004,21716553.351700004,5e-05,,OK,
2026-09-07T12:00:00Z,Bitget USDT Futures,SEIUSDT,0.04917,136198142.0,6696862.64214,0.0001,,OK,
2026-09-07T12:00:00Z,Bitget USDT Futures,SOLUSDT,105.218,4467994.999999968,470113497.9099967,0.0001,,OK,
2026-09-07T12:00:00Z,Bitget USDT Futures,SUIUSDT,0.8195,65249760.10000002,53472178.40195002,0.0001,,OK,
2026-09-07T12:00:00Z,Bitget USDT Futures,TAOUSDT,265.52,104971.33100000002,27871987.807120003,5e-05,,OK,
2026-09-07T12:00:00Z,Bitget USDT Futures,UNIUSDT,7.082,3757872.0,26613249.504,0.0001,,OK,
2026-09-07T12:00:00Z,Bitget USDT Futures,XLMUSDT,0.19375,127072936.0,24620381.35,0.0001,,OK,
2026-09-07T12:00:00Z,Bitget USDT Futures,XRPUSDT,1.4033,170111755.0,238717825.7915,0.0001,,OK,
2026-09-07T12:00:00Z,Bitget USDT Futures,ZECUSDT,1192.84,112160.89999999908,133790007.9559989,-8.5e-05,,OK,
2026-09-07T13:00:00Z,Bitget USDT Futures,AAVEUSDT,134.71,186071.60000000012,25065705.236000016,0.0001,,OK,
2026-09-07T13:00:00Z,Bitget USDT Futures,AVAXUSDT,8.065,2875057.9,23187341.963499997,0.0001,,OK,
2026-09-07T13:00:00Z,Bitget USDT Futures,BTCUSDT,79593.9,33524.32939999993,2668332121.830654,9.4e-05,,OK,
2026-09-07T13:00:00Z,Bitget USDT Futures,CAKEUSDT,2.3332,764039.9999999998,1782658.1279999996,5e-05,,OK,
2026-09-07T13:00:00Z,Bitget USDT Futures,CCUSDT,0.10825,7666452.0,829893.429,5e-05,,OK,
2026-09-07T13:00:00Z,Bitget USDT Futures,ENAUSDT,0.17133,234770801.0,40223281.33533,5e-05,,OK,
2026-09-07T13:00:00Z,Bitget USDT Futures,ETHUSDT,2507.69,784608.6599999991,1967555290.5953977,6.2e-05,,OK,
2026-09-07T13:00:00Z,Bitget USDT Futures,HBARUSDT,0.08249,174259454.0,14374662.360459998,0.0001,,OK,
2026-09-07T13:00:00Z,Bitget USDT Futures,HYPEUSDT,88.066,2343992.36,206426031.17576,5e-05,,OK,
2026-09-07T13:00:00Z,Bitget USDT Futures,LINKUSDT,13.285,4067260.0,54033549.1,0.0001,,OK,
2026-09-07T13:00:00Z,Bitget USDT Futures,MORPHOUSDT,2.56,1124833.0,2879572.48,5e-05,,OK,
2026-09-07T13:00:00Z,Bitget USDT Futures,NEARUSDT,2.3982,16634992.0,39894037.8144,0.0001,,OK,
2026-09-07T13:00:00Z,Bitget USDT Futures,ONDOUSDT,0.3924,56089410.900000006,22009484.837160002,5e-05,,OK,
2026-09-07T13:00:00Z,Bitget USDT Futures,SEIUSDT,0.05018,136718860.0,6860552.3948,0.0001,,OK,
2026-09-07T13:00:00Z,Bitget USDT Futures,SOLUSDT,105.721,4456197.799999968,471113687.61379665,0.0001,,OK,
2026-09-07T13:00:00Z,Bitget USDT Futures,SUIUSDT,0.8329,64809565.2,53979886.85508,0.0001,,OK,
2026-09-07T13:00:00Z,Bitget USDT Futures,TAOUSDT,265.4,105197.98200000002,27919544.4228,5e-05,,OK,
2026-09-07T13:00:00Z,Bitget USDT Futures,UNIUSDT,7.126,3778885.0,26928334.51,0.0001,,OK,
2026-09-07T13:00:00Z,Bitget USDT Futures,XLMUSDT,0.19453,126903550.0,24686547.5815,0.0001,,OK,
2026-09-07T13:00:00Z,Bitget USDT Futures,XRPUSDT,1.4119,168173817.0,237444612.2223,0.0001,,OK,
2026-09-07T13:00:00Z,Bitget USDT Futures,ZECUSDT,1193.1,112559.75399999905,134295042.49739885,-5.8e-05,,OK,
2026-09-07T14:00:00Z,Bitget USDT Futures,AAVEUSDT,132.77,185851.80000000013,24675543.48600002,0.0001,,OK,
2026-09-07T14:00:00Z,Bitget USDT Futures,AVAXUSDT,8.058,2851026.9000000004,22973574.7602,0.0001,,OK,
2026-09-07T14:00:00Z,Bitget USDT Futures,BTCUSDT,79110.7,33710.51059999993,2666862090.923414,8.9e-05,,OK,
2026-09-07T14:00:00Z,Bitget USDT Futures,CAKEUSDT,2.2749,763900.3999999998,1737797.0199599997,5e-05,,OK,
2026-09-07T14:00:00Z,Bitget USDT Futures,CCUSDT,0.10756,7544400.0,811475.664,5e-05,,OK,
2026-09-07T14:00:00Z,Bitget USDT Futures,ENAUSDT,0.1686,236219068.0,39826534.8648,5e-05,,OK,
2026-09-07T14:00:00Z,Bitget USDT Futures,ETHUSDT,2484.69,784952.729999999,1950364198.7036977,6.4e-05,,OK,
2026-09-07T14:00:00Z,Bitget USDT Futures,HBARUSDT,0.08247,173930807.0,14344073.65329,0.0001,,OK,
2026-09-07T14:00:00Z,Bitget USDT Futures,HYPEUSDT,87.102,2314392.78,201588239.92356,5e-05,,OK,
2026-09-07T14:00:00Z,Bitget USDT Futures,LINKUSDT,13.007,4099268.0,53319178.876,0.0001,,OK,
2026-09-07T14:00:00Z,Bitget USDT Futures,MORPHOUSDT,2.5199,1108793.0,2794047.4806999997,5e-05,,OK,
2026-09-07T14:00:00Z,Bitget USDT Futures,NEARUSDT,2.376,16665990.0,39598392.239999995,0.0001,,OK,
2026-09-07T14:00:00Z,Bitget USDT Futures,ONDOUSDT,0.3867,55714623.300000004,21544844.830110002,5e-05,,OK,
2026-09-07T14:00:00Z,Bitget USDT Futures,SEIUSDT,0.04946,136698030.0,6761084.5638,0.0001,,OK,
2026-09-07T14:00:00Z,Bitget USDT Futures,SOLUSDT,104.354,4458295.499999967,465240968.6069966,0.0001,,OK,
2026-09-07T14:00:00Z,Bitget USDT Futures,SUIUSDT,0.8221,64888770.5,53345058.22805,0.0001,,OK,
2026-09-07T14:00:00Z,Bitget USDT Futures,TAOUSDT,262.81,106707.13600000001,28043702.412160005,5e-05,,OK,
2026-09-07T14:00:00Z,Bitget USDT Futures,UNIUSDT,7.077,3769976.0,26680120.152,0.0001,,OK,
2026-09-07T14:00:00Z,Bitget USDT Futures,XLMUSDT,0.1919,128477186.0,24654771.9934,0.0001,,OK,
2026-09-07T14:00:00Z,Bitget USDT Futures,XRPUSDT,1.3961,169262186.0,236306937.8746,0.0001,,OK,
2026-09-07T14:00:00Z,Bitget USDT Futures,ZECUSDT,1175.01,113469.672999999,133328000.47172883,-1.5e-05,,OK,
2026-09-07T15:00:00Z,Bitget USDT Futures,AAVEUSDT,132.12,186139.00000000015,24592684.68000002,0.0001,,OK,
2026-09-07T15:00:00Z,Bitget USDT Futures,AVAXUSDT,8.049,2845261.7,22901511.4233,0.0001,,OK,
2026-09-07T15:00:00Z,Bitget USDT Futures,BTCUSDT,78970.4,34203.19089999993,2701039666.649354,9.1e-05,,OK,
2026-09-07T15:00:00Z,Bitget USDT Futures,CAKEUSDT,2.2454,761593.9999999999,1710083.1675999998,3.1e-05,,OK,
2026-09-07T15:00:00Z,Bitget USDT Futures,CCUSDT,0.10612,7592076.0,805671.1051200001,5e-05,,OK,
2026-09-07T15:00:00Z,Bitget USDT Futures,ENAUSDT,0.16661,236077425.0,39332859.77925,5e-05,,OK,
2026-09-07T15:00:00Z,Bitget USDT Futures,ETHUSDT,2480.44,787792.219999999,1954071334.1767976,7e-05,,OK,
2026-09-07T15:00:00Z,Bitget USDT Futures,HBARUSDT,0.08161,173664503.0,14172760.08983,0.0001,,OK,
2026-09-07T15:00:00Z,Bitget USDT Futures,HYPEUSDT,86.079,2295955.2199999997,197633529.38237995,5e-05,,OK,
2026-09-07T15:00:00Z,Bitget USDT Futures,LINKUSDT,12.929,4108236.0,53115383.244,0.0001,,OK,
2026-09-07T15:00:00Z,Bitget USDT Futures,MORPHOUSDT,2.5146,1106089.0,2781371.3994,5e-05,,OK,
2026-09-07T15:00:00Z,Bitget USDT Futures,NEARUSDT,2.3353,16597454.0,38760034.3262,0.0001,,OK,
2026-09-07T15:00:00Z,Bitget USDT Futures,ONDOUSDT,0.3865,55987692.0,21639242.958,5e-05,,OK,
2026-09-07T15:00:00Z,Bitget USDT Futures,SEIUSDT,0.04892,136322422.0,6668892.88424,0.0001,,OK,
2026-09-07T15:00:00Z,Bitget USDT Futures,SOLUSDT,104.067,4459728.4999999665,464110565.80949646,8.6e-05,,OK,
2026-09-07T15:00:00Z,Bitget USDT Futures,SUIUSDT,0.8132,64775789.49999999,52675672.0214,0.0001,,OK,
2026-09-07T15:00:00Z,Bitget USDT Futures,TAOUSDT,258.58,104263.13600000001,26960361.706880003,5e-05,,OK,
2026-09-07T15:00:00Z,Bitget USDT Futures,UNIUSDT,6.988,3774208.0,26374165.504,0.0001,,OK,
2026-09-07T15:00:00Z,Bitget USDT Futures,XLMUSDT,0.18981,128913820.0,24469132.174200002,0.0001,,OK,
2026-09-07T15:00:00Z,Bitget USDT Futures,XRPUSDT,1.3887,172531277.0,239594184.36990002,0.0001,,OK,
2026-09-07T15:00:00Z,Bitget USDT Futures,ZECUSDT,1157.81,113592.61799999903,131518669.04657887,2.2e-05,,OK,
2026-09-07T16:00:00Z,Bitget USDT Futures,AAVEUSDT,131.11,187350.00000000015,24563458.500000022,0.0001,,OK,
2026-09-07T16:00:00Z,Bitget USDT Futures,AVAXUSDT,8.064,2840562.3000000003,22906294.3872,0.0001,,OK,
2026-09-07T16:00:00Z,Bitget USDT Futures,BTCUSDT,78870.4,34268.696499999925,2702785800.4335938,8.8e-05,,OK,
2026-09-07T16:00:00Z,Bitget USDT Futures,CAKEUSDT,2.2369,775001.5999999999,1733601.0790399995,-3.1e-05,,OK,
2026-09-07T16:00:00Z,Bitget USDT Futures,CCUSDT,0.10558,7691908.0,812111.6466399999,5e-05,,OK,
2026-09-07T16:00:00Z,Bitget USDT Futures,ENAUSDT,0.1648,234254912.0,38605209.497600004,5e-05,,OK,
2026-09-07T16:00:00Z,Bitget USDT Futures,ETHUSDT,2474.47,794619.389999999,1966261841.9732974,7.4e-05,,OK,
2026-09-07T16:00:00Z,Bitget USDT Futures,HBARUSDT,0.08173,172287791.0,14081081.158429999,0.0001,,OK,
2026-09-07T16:00:00Z,Bitget USDT Futures,HYPEUSDT,85.442,2277525.109999999,194596300.4486199,5e-05,,OK,
2026-09-07T16:00:00Z,Bitget USDT Futures,LINKUSDT,12.846,4115012.0,52861444.152,0.0001,,OK,
2026-09-07T16:00:00Z,Bitget USDT Futures,MORPHOUSDT,2.4661,1086255.0,2678813.4555,5e-05,,OK,
2026-09-07T16:00:00Z,Bitget USDT Futures,NEARUSDT,2.3097,16584332.0,38304831.6204,0.0001,,OK,
2026-09-07T16:00:00Z,Bitget USDT Futures,ONDOUSDT,0.3831,55464454.1,21248432.36571,5e-05,,OK,
2026-09-07T16:00:00Z,Bitget USDT Futures,SEIUSDT,0.04901,135702586.0,6650783.73986,0.0001,,OK,
2026-09-07T16:00:00Z,Bitget USDT Futures,SOLUSDT,103.483,4470028.4999999665,462571959.26549655,6.3e-05,,OK,
2026-09-07T16:00:00Z,Bitget USDT Futures,SUIUSDT,0.8073,64558846.699999996,52118356.94091,0.0001,,OK,
2026-09-07T16:00:00Z,Bitget USDT Futures,TAOUSDT,259.54,104416.11300000003,27100157.96802001,5e-05,,OK,
2026-09-07T16:00:00Z,Bitget USDT Futures,UNIUSDT,6.802,3774086.0,25671332.972,0.0001,,OK,
2026-09-07T16:00:00Z,Bitget USDT Futures,XLMUSDT,0.19173,128747470.0,24684752.423100002,0.0001,,OK,
2026-09-07T16:00:00Z,Bitget USDT Futures,XRPUSDT,1.3886,175459853.0,243643551.8758,0.0001,,OK,
2026-09-07T16:00:00Z,Bitget USDT Futures,ZECUSDT,1153.2,115026.076999999,132648071.99639885,8e-05,,OK,
2026-09-07T17:00:00Z,Bitget USDT Futures,AAVEUSDT,132.16,190848.10000000015,25222484.89600002,0.0001,,OK,
2026-09-07T17:00:00Z,Bitget USDT Futures,AVAXUSDT,8.057,2842059.5000000005,22898473.391500004,0.0001,,OK,
2026-09-07T17:00:00Z,Bitget USDT Futures,BTCUSDT,79103.6,34226.77929999992,2707461459.035474,9.6e-05,,OK,
2026-09-07T17:00:00Z,Bitget USDT Futures,CAKEUSDT,2.2448,759443.7999999998,1704799.4422399998,4e-06,,OK,
2026-09-07T17:00:00Z,Bitget USDT Futures,CCUSDT,0.10584,7762617.0,821595.3832800001,5e-05,,OK,
2026-09-07T17:00:00Z,Bitget USDT Futures,ENAUSDT,0.16652,234401002.0,39032454.85304,5e-05,,OK,
2026-09-07T17:00:00Z,Bitget USDT Futures,ETHUSDT,2489.35,792318.809999999,1972358829.6734974,8.2e-05,,OK,
2026-09-07T17:00:00Z,Bitget USDT Futures,HBARUSDT,0.08275,171208483.0,14167501.96825,0.0001,,OK,
2026-09-07T17:00:00Z,Bitget USDT Futures,HYPEUSDT,85.675,2280055.7899999986,195343779.8082499,5e-05,,OK,
2026-09-07T17:00:00Z,Bitget USDT Futures,LINKUSDT,12.936,4074494.0,52707654.384,0.0001,,OK,
2026-09-07T17:00:00Z,Bitget USDT Futures,MORPHOUSDT,2.4777,1082423.0,2681919.4671,5e-05,,OK,
2026-09-07T17:00:00Z,Bitget USDT Futures,NEARUSDT,2.3225,16621732.0,38603972.56999999,0.0001,,OK,
2026-09-07T17:00:00Z,Bitget USDT Futures,ONDOUSDT,0.3902,55522747.9,21664976.23058,5e-05,,OK,
2026-09-07T17:00:00Z,Bitget USDT Futures,SEIUSDT,0.04934,136387402.0,6729354.41468,0.0001,,OK,
2026-09-07T17:00:00Z,Bitget USDT Futures,SOLUSDT,104.061,4462507.9999999665,464373044.9879965,5e-05,,OK,
2026-09-07T17:00:00Z,Bitget USDT Futures,SUIUSDT,0.8189,64310352.29999999,52663747.498469986,9.9e-05,,OK,
2026-09-07T17:00:00Z,Bitget USDT Futures,TAOUSDT,262.22,104353.16200000003,27363486.13964001,5e-05,,OK,
2026-09-07T17:00:00Z,Bitget USDT Futures,UNIUSDT,6.866,3768998.0,25877940.268,0.0001,,OK,
2026-09-07T17:00:00Z,Bitget USDT Futures,XLMUSDT,0.19235,128400170.0,24697772.6995,0.0001,,OK,
2026-09-07T17:00:00Z,Bitget USDT Futures,XRPUSDT,1.3975,170026988.0,237612715.73,0.0001,,OK,
2026-09-07T17:00:00Z,Bitget USDT Futures,ZECUSDT,1167.42,114919.91799999894,134159810.67155877,0.0001,,OK,
2026-09-07T18:00:00Z,Bitget USDT Futures,AAVEUSDT,132.15,190293.80000000013,25147325.67000002,0.0001,,OK,
2026-09-07T18:00:00Z,Bitget USDT Futures,AVAXUSDT,8.072,2840543.3000000007,22928865.517600004,0.0001,,OK,
2026-09-07T18:00:00Z,Bitget USDT Futures,BTCUSDT,79157.3,34105.73099999993,2699717580.4862943,9.4e-05,,OK,
2026-09-07T18:00:00Z,Bitget USDT Futures,CAKEUSDT,2.2288,753392.7999999998,1679161.8726399997,-9e-06,,OK,
2026-09-07T18:00:00Z,Bitget USDT Futures,CCUSDT,0.10593,7783638.0,824520.77334,5e-05,,OK,
2026-09-07T18:00:00Z,Bitget USDT Futures,ENAUSDT,0.16635,234653092.0,39034541.8542,5e-05,,OK,
2026-09-07T18:00:00Z,Bitget USDT Futures,ETHUSDT,2494.03,788765.5899999989,1967205044.4276974,8.3e-05,,OK,
2026-09-07T18:00:00Z,Bitget USDT Futures,HBARUSDT,0.08227,171094137.0,14075914.65099,0.0001,,OK,
2026-09-07T18:00:00Z,Bitget USDT Futures,HYPEUSDT,85.138,2278479.9999999986,193985230.2399999,5e-05,,OK,
2026-09-07T18:00:00Z,Bitget USDT Futures,LINKUSDT,12.789,4079738.0,52175769.282,7e-05,,OK,
2026-09-07T18:00:00Z,Bitget USDT Futures,MORPHOUSDT,2.4667,1085239.0,2676959.0412999997,5e-05,,OK,
2026-09-07T18:00:00Z,Bitget USDT Futures,NEARUSDT,2.3025,16623530.0,38275677.825,0.0001,,OK,
2026-09-07T18:00:00Z,Bitget USDT Futures,ONDOUSDT,0.3864,55485230.1,21439492.91064,5e-05,,OK,
2026-09-07T18:00:00Z,Bitget USDT Futures,SEIUSDT,0.04893,135263392.0,6618437.77056,0.0001,,OK,
2026-09-07T18:00:00Z,Bitget USDT Futures,SOLUSDT,103.858,4440640.099999967,461195999.5057966,4.3e-05,,OK,
2026-09-07T18:00:00Z,Bitget USDT Futures,SUIUSDT,0.8233,64860924.49999999,53399999.14084999,3.8e-05,,OK,
2026-09-07T18:00:00Z,Bitget USDT Futures,TAOUSDT,259.32,104068.64200000002,26987080.243440006,5e-05,,OK,
2026-09-07T18:00:00Z,Bitget USDT Futures,UNIUSDT,6.868,3771481.0,25902531.508,0.0001,,OK,
2026-09-07T18:00:00Z,Bitget USDT Futures,XLMUSDT,0.19004,128641228.0,24446978.96912,0.0001,,OK,
2026-09-07T18:00:00Z,Bitget USDT Futures,XRPUSDT,1.3964,167845113.0,234378915.79320002,6e-05,,OK,
2026-09-07T18:00:00Z,Bitget USDT Futures,ZECUSDT,1158.89,114040.11799999895,132159952.3490188,0.0001,,OK,
2026-09-07T19:00:00Z,Bitget USDT Futures,AAVEUSDT,131.82,190316.00000000015,25087455.12000002,0.0001,,OK,
2026-09-07T19:00:00Z,Bitget USDT Futures,AVAXUSDT,8.112,2832773.7000000007,22979460.254400007,0.0001,,OK,
2026-09-07T19:00:00Z,Bitget USDT Futures,BTCUSDT,79142.4,33879.566299999926,2681310187.941114,7.6e-05,,OK,
2026-09-07T19:00:00Z,Bitget USDT Futures,CAKEUSDT,2.2318,752674.5999999999,1679819.1722799996,-4e-05,,OK,
2026-09-07T19:00:00Z,Bitget USDT Futures,CCUSDT,0.1054,7842597.0,826609.7237999999,5e-05,,OK,
2026-09-07T19:00:00Z,Bitget USDT Futures,ENAUSDT,0.16512,234949027.0,38794783.33824,5e-05,,OK,
2026-09-07T19:00:00Z,Bitget USDT Futures,ETHUSDT,2489.99,786094.579999999,1957367643.2541974,8.6e-05,,OK,
2026-09-07T19:00:00Z,Bitget USDT Futures,HBARUSDT,0.08192,170987617.0,14007305.584640002,0.0001,,OK,
2026-09-07T19:00:00Z,Bitget USDT Futures,HYPEUSDT,84.928,2284063.7499999986,193980966.15999988,5e-05,,OK,
2026-09-07T19:00:00Z,Bitget USDT Futures,LINKUSDT,12.741,4099734.0,52234710.894,4.5e-05,,OK,
2026-09-07T19:00:00Z,Bitget USDT Futures,MORPHOUSDT,2.4593,1089787.0,2680113.1690999996,5e-05,,OK,
2026-09-07T19:00:00Z,Bitget USDT Futures,NEARUSDT,2.3065,16615902.0,38324577.96300001,0.0001,,OK,
2026-09-07T19:00:00Z,Bitget USDT Futures,ONDOUSDT,0.3837,55516795.6,21301794.47172,5e-05,,OK,
2026-09-07T19:00:00Z,Bitget USDT Futures,SEIUSDT,0.04877,135547766.0,6610664.54782,0.0001,,OK,
2026-09-07T19:00:00Z,Bitget USDT Futures,SOLUSDT,103.887,4440207.799999967,461279867.7185966,4.6e-05,,OK,
2026-09-07T19:00:00Z,Bitget USDT Futures,SUIUSDT,0.8231,65538900.69999999,53945069.16616999,5e-06,,OK,
2026-09-07T19:00:00Z,Bitget USDT Futures,TAOUSDT,258.94,103859.52700000003,26893385.92138001,5e-05,,OK,
2026-09-07T19:00:00Z,Bitget USDT Futures,UNIUSDT,6.867,3772309.0,25904445.903,0.0001,,OK,
2026-09-07T19:00:00Z,Bitget USDT Futures,XLMUSDT,0.18987,128747030.0,24445198.5861,0.0001,,OK,
2026-09-07T19:00:00Z,Bitget USDT Futures,XRPUSDT,1.3938,167679867.0,233712198.6246,1.5e-05,,OK,
2026-09-07T19:00:00Z,Bitget USDT Futures,ZECUSDT,1153.46,114201.83299999897,131727246.29217881,0.0001,,OK,
2026-09-07T20:00:00Z,Bitget USDT Futures,AAVEUSDT,132.25,190291.20000000016,25166011.20000002,0.0001,,OK,
2026-09-07T20:00:00Z,Bitget USDT Futures,AVAXUSDT,8.068,2828285.5000000005,22818607.414000005,0.0001,,OK,
2026-09-07T20:00:00Z,Bitget USDT Futures,BTCUSDT,79206.0,33597.25429999992,2661104124.0857935,5.6e-05,,OK,
2026-09-07T20:00:00Z,Bitget USDT Futures,CAKEUSDT,2.2368,759341.1999999998,1698494.3961599998,-6.6e-05,,OK,
2026-09-07T20:00:00Z,Bitget USDT Futures,CCUSDT,0.1047,7939180.0,831232.1460000001,5e-05,,OK,
2026-09-07T20:00:00Z,Bitget USDT Futures,ENAUSDT,0.16471,233991041.0,38540664.36311,5e-05,,OK,
2026-09-07T20:00:00Z,Bitget USDT Futures,ETHUSDT,2488.75,786370.8299999989,1957080403.1624973,9.4e-05,,OK,
2026-09-07T20:00:00Z,Bitget USDT Futures,HBARUSDT,0.08232,170992469.0,14076100.048080001,0.0001,,OK,
2026-09-07T20:00:00Z,Bitget USDT Futures,HYPEUSDT,85.487,2304869.1199999982,197036346.46143985,5e-05,,OK,
2026-09-07T20:00:00Z,Bitget USDT Futures,LINKUSDT,12.759,4092508.0,52216309.572000004,1.9e-05,,OK,
2026-09-07T20:00:00Z,Bitget USDT Futures,MORPHOUSDT,2.4533,1088241.0,2669781.6453,5e-05,,OK,
2026-09-07T20:00:00Z,Bitget USDT Futures,NEARUSDT,2.3105,16644174.0,38456364.027,0.0001,,OK,
2026-09-07T20:00:00Z,Bitget USDT Futures,ONDOUSDT,0.3857,55251382.5,21310458.23025,5e-05,,OK,
2026-09-07T20:00:00Z,Bitget USDT Futures,SEIUSDT,0.04904,135002504.0,6620522.79616,0.0001,,OK,
2026-09-07T20:00:00Z,Bitget USDT Futures,SOLUSDT,104.005,4443745.299999967,462171729.92649657,5.4e-05,,OK,
2026-09-07T20:00:00Z,Bitget USDT Futures,SUIUSDT,0.8308,65420462.3,54351320.078839995,-1.4e-05,,OK,
2026-09-07T20:00:00Z,Bitget USDT Futures,TAOUSDT,260.41,104161.39200000002,27124668.09072001,5e-05,,OK,
2026-09-07T20:00:00Z,Bitget USDT Futures,UNIUSDT,6.917,3773915.0,26104170.055,0.0001,,OK,
2026-09-07T20:00:00Z,Bitget USDT Futures,XLMUSDT,0.19304,128717353.0,24847597.823119998,0.0001,,OK,
2026-09-07T20:00:00Z,Bitget USDT Futures,XRPUSDT,1.3976,167308743.0,233830699.2168,-5e-06,,OK,
2026-09-07T20:00:00Z,Bitget USDT Futures,ZECUSDT,1155.14,114326.07999999895,132062628.05119881,0.0001,,OK,
2026-09-07T21:00:00Z,Bitget USDT Futures,AAVEUSDT,132.78,189373.10000000015,25144960.21800002,0.0001,,OK,
2026-09-07T21:00:00Z,Bitget USDT Futures,AVAXUSDT,8.152,2832595.1000000006,23091315.255200002,0.0001,,OK,
2026-09-07T21:00:00Z,Bitget USDT Futures,BTCUSDT,79193.2,33621.66609999992,2662607327.7905135,3.7e-05,,OK,
2026-09-07T21:00:00Z,Bitget USDT Futures,CAKEUSDT,2.2409,758923.9999999999,1700672.7915999996,-3.4e-05,,OK,
2026-09-07T21:00:00Z,Bitget USDT Futures,CCUSDT,0.10427,7990621.0,833182.05167,5e-05,,OK,
2026-09-07T21:00:00Z,Bitget USDT Futures,ENAUSDT,0.16521,233957474.0,38652114.27954,5e-05,,OK,
2026-09-07T21:00:00Z,Bitget USDT Futures,ETHUSDT,2493.18,786243.0599999988,1960245472.3307967,0.0001,,OK,
2026-09-07T21:00:00Z,Bitget USDT Futures,HBARUSDT,0.08289,170869459.0,14163369.456510002,0.0001,,OK,
2026-09-07T21:00:00Z,Bitget USDT Futures,HYPEUSDT,85.344,2303825.5799999973,196617690.29951975,5e-05,,OK,
2026-09-07T21:00:00Z,Bitget USDT Futures,LINKUSDT,12.784,4109011.0,52529596.624000005,1.2e-05,,OK,
2026-09-07T21:00:00Z,Bitget USDT Futures,MORPHOUSDT,2.4619,1090795.0,2685428.2105,5e-05,,OK,
2026-09-07T21:00:00Z,Bitget USDT Futures,NEARUSDT,2.3274,16633652.0,38713161.664799996,0.0001,,OK,
2026-09-07T21:00:00Z,Bitget USDT Futures,ONDOUSDT,0.3864,55335268.3,21381547.67112,5e-05,,OK,
2026-09-07T21:00:00Z,Bitget USDT Futures,SEIUSDT,0.04938,135319107.0,6682057.50366,0.0001,,OK,
2026-09-07T21:00:00Z,Bitget USDT Futures,SOLUSDT,103.936,4440537.099999967,461531664.0255966,6e-05,,OK,
2026-09-07T21:00:00Z,Bitget USDT Futures,SUIUSDT,0.8311,64599077.99999999,53688293.72579999,-1e-06,,OK,
2026-09-07T21:00:00Z,Bitget USDT Futures,TAOUSDT,261.26,104986.68300000002,27428820.800580002,5e-05,,OK,
2026-09-07T21:00:00Z,Bitget USDT Futures,UNIUSDT,6.972,3775541.0,26323071.852,0.0001,,OK,
2026-09-07T21:00:00Z,Bitget USDT Futures,XLMUSDT,0.19368,129013756.0,24987384.26208,0.0001,,OK,
2026-09-07T21:00:00Z,Bitget USDT Futures,XRPUSDT,1.3987,167497936.0,234279363.0832,-4e-06,,OK,
2026-09-07T21:00:00Z,Bitget USDT Futures,ZECUSDT,1156.6,114100.49999999895,131968638.29999878,0.0001,,OK,
2026-09-07T22:00:00Z,Bitget USDT Futures,AAVEUSDT,131.6,189573.50000000015,24947872.600000016,0.0001,,OK,
2026-09-07T22:00:00Z,Bitget USDT Futures,AVAXUSDT,8.056,2827423.0000000005,22777719.688,0.0001,,OK,
2026-09-07T22:00:00Z,Bitget USDT Futures,BTCUSDT,79090.9,33516.37009999992,2650839875.9420834,2.6e-05,,OK,
2026-09-07T22:00:00Z,Bitget USDT Futures,CAKEUSDT,2.2171,758667.1999999998,1682041.0491199996,2.3e-05,,OK,
2026-09-07T22:00:00Z,Bitget USDT Futures,CCUSDT,0.10463,8030648.0,840246.70024,5e-05,,OK,
2026-09-07T22:00:00Z,Bitget USDT Futures,ENAUSDT,0.16409,234241012.0,38436607.659080006,5e-05,,OK,
2026-09-07T22:00:00Z,Bitget USDT Futures,ETHUSDT,2485.68,783442.7899999989,1947388074.2471972,9.2e-05,,OK,
2026-09-07T22:00:00Z,Bitget USDT Futures,HBARUSDT,0.08175,170957888.0,13975807.344,0.0001,,OK,
2026-09-07T22:00:00Z,Bitget USDT Futures,HYPEUSDT,85.195,2304823.5699999975,196359444.04614976,5e-05,,OK,
2026-09-07T22:00:00Z,Bitget USDT Futures,LINKUSDT,12.719,4110850.0,52285901.15,3e-06,,OK,
2026-09-07T22:00:00Z,Bitget USDT Futures,MORPHOUSDT,2.4524,1088509.0,2669459.4716,5e-05,,OK,
2026-09-07T22:00:00Z,Bitget USDT Futures,NEARUSDT,2.3054,16644946.0,38373258.5084,0.0001,,OK,
2026-09-07T22:00:00Z,Bitget USDT Futures,ONDOUSDT,0.3832,55258228.3,21174953.08456,5e-05,,OK,
2026-09-07T22:00:00Z,Bitget USDT Futures,SEIUSDT,0.04889,136100166.0,6653937.11574,0.0001,,OK,
2026-09-07T22:00:00Z,Bitget USDT Futures,SOLUSDT,103.739,4444438.399999967,461061595.17759657,7e-05,,OK,
2026-09-07T22:00:00Z,Bitget USDT Futures,SUIUSDT,0.8171,63981099.599999994,52278956.48316,2.2e-05,,OK,
2026-09-07T22:00:00Z,Bitget USDT Futures,TAOUSDT,259.07,104332.56500000003,27029437.614550006,5e-05,,OK,
2026-09-07T22:00:00Z,Bitget USDT Futures,UNIUSDT,6.85,3782342.0,25909042.7,0.0001,,OK,
2026-09-07T22:00:00Z,Bitget USDT Futures,XLMUSDT,0.19206,128991977.0,24774199.102620002,0.0001,,OK,
2026-09-07T22:00:00Z,Bitget USDT Futures,XRPUSDT,1.3923,169171234.0,235537109.09820002,1.7e-05,,OK,
2026-09-07T22:00:00Z,Bitget USDT Futures,ZECUSDT,1147.96,114861.33799999897,131856221.57047883,0.0001,,OK,
2026-09-07T23:00:00Z,Bitget USDT Futures,AAVEUSDT,131.66,189745.70000000016,24981918.86200002,0.0001,,OK,
2026-09-07T23:00:00Z,Bitget USDT Futures,AVAXUSDT,8.063,2819039.6000000006,22729916.294800006,6.7e-05,,OK,
2026-09-07T23:00:00Z,Bitget USDT Futures,BTCUSDT,79058.2,33622.56329999992,2658139333.8840537,2.5e-05,,OK,
2026-09-07T23:00:00Z,Bitget USDT Futures,CAKEUSDT,2.2211,762002.0999999999,1692482.8643099996,3.6e-05,,OK,
2026-09-07T23:00:00Z,Bitget USDT Futures,CCUSDT,0.1049,8044212.0,843837.8387999999,5e-05,,OK,
2026-09-07T23:00:00Z,Bitget USDT Futures,ENAUSDT,0.1634,232795820.0,38038836.988,5e-05,,OK,
2026-09-07T23:00:00Z,Bitget USDT Futures,ETHUSDT,2485.21,785246.4799999988,1951502404.560797,7.3e-05,,OK,
2026-09-07T23:00:00Z,Bitget USDT Futures,HBARUSDT,0.08202,170788363.0,14008061.533259999,0.0001,,OK,
2026-09-07T23:00:00Z,Bitget USDT Futures,HYPEUSDT,85.294,2312827.5599999973,197270313.90263975,5e-05,,OK,
2026-09-07T23:00:00Z,Bitget USDT Futures,LINKUSDT,12.721,4110881.0,52294517.201,-7e-06,,OK,
2026-09-07T23:00:00Z,Bitget USDT Futures,MORPHOUSDT,2.4566,1091209.0,2680664.0294,5e-05,,OK,
2026-09-07T23:00:00Z,Bitget USDT Futures,NEARUSDT,2.3008,16543501.0,38063287.1008,0.0001,,OK,
2026-09-07T23:00:00Z,Bitget USDT Futures,ONDOUSDT,0.3828,55094233.6,21090072.62208,5e-05,,OK,
2026-09-07T23:00:00Z,Bitget USDT Futures,SEIUSDT,0.04894,135279052.0,6620556.80488,0.0001,,OK,
2026-09-07T23:00:00Z,Bitget USDT Futures,SOLUSDT,103.704,4449097.899999967,461389248.6215965,7e-05,,OK,
2026-09-07T23:00:00Z,Bitget USDT Futures,SUIUSDT,0.8162,64460679.599999994,52612806.689519994,1.9e-05,,OK,
2026-09-07T23:00:00Z,Bitget USDT Futures,TAOUSDT,258.48,104647.67000000001,27049329.741600007,5e-05,,OK,
2026-09-07T23:00:00Z,Bitget USDT Futures,UNIUSDT,6.864,3772899.0,25897178.735999998,0.0001,,OK,
2026-09-07T23:00:00Z,Bitget USDT Futures,XLMUSDT,0.19314,129196537.0,24953019.15618,0.0001,,OK,
2026-09-07T23:00:00Z,Bitget USDT Futures,XRPUSDT,1.3926,169888025.0,236586063.615,4.9e-05,,OK,
2026-09-07T23:00:00Z,Bitget USDT Futures,ZECUSDT,1134.25,113858.92799999901,129144489.08399887,7.2e-05,,OK,
2026-09-08T00:00:00Z,Bitget USDT Futures,AAVEUSDT,131.64,191362.40000000014,25190946.336000014,0.0001,,OK,
2026-09-08T00:00:00Z,Bitget USDT Futures,AVAXUSDT,8.057,2819859.2000000007,22719605.574400008,1.9e-05,,OK,
2026-09-08T00:00:00Z,Bitget USDT Futures,BTCUSDT,78994.2,33667.70529999992,2659553446.0092535,3.3e-05,,OK,
2026-09-08T00:00:00Z,Bitget USDT Futures,CAKEUSDT,2.2178,761071.5999999999,1687904.5944799997,5e-05,,OK,
2026-09-08T00:00:00Z,Bitget USDT Futures,CCUSDT,0.10508,8129274.0,854224.11192,5e-05,,OK,
2026-09-08T00:00:00Z,Bitget USDT Futures,ENAUSDT,0.16329,233476490.0,38124376.052099995,5e-05,,OK,
2026-09-08T00:00:00Z,Bitget USDT Futures,ETHUSDT,2483.66,785669.6899999988,1951336382.2653968,6.2e-05,,OK,
2026-09-08T00:00:00Z,Bitget USDT Futures,HBARUSDT,0.08183,170233441.0,13930202.47703,0.0001,,OK,
2026-09-08T00:00:00Z,Bitget USDT Futures,HYPEUSDT,84.802,2314317.4799999977,196258750.9389598,5e-05,,OK,
2026-09-08T00:00:00Z,Bitget USDT Futures,LINKUSDT,12.715,4119578.0,52380434.269999996,-1.6e-05,,OK,
2026-09-08T00:00:00Z,Bitget USDT Futures,MORPHOUSDT,2.4594,1087381.0,2674304.8314,5e-05,,OK,
2026-09-08T00:00:00Z,Bitget USDT Futures,NEARUSDT,2.3064,16740988.0,38611414.7232,0.0001,,OK,
2026-09-08T00:00:00Z,Bitget USDT Futures,ONDOUSDT,0.3816,54874190.699999996,20939991.17112,5e-05,,OK,
2026-09-08T00:00:00Z,Bitget USDT Futures,SEIUSDT,0.04894,135286732.0,6620932.66408,0.0001,,OK,
2026-09-08T00:00:00Z,Bitget USDT Futures,SOLUSDT,103.479,4457848.599999967,461293715.2793966,6.4e-05,,OK,
2026-09-08T00:00:00Z,Bitget USDT Futures,SUIUSDT,0.8185,64685339.99999999,52944950.78999999,2.4e-05,,OK,
2026-09-08T00:00:00Z,Bitget USDT Futures,TAOUSDT,257.86,104011.46400000002,26820396.107040007,5e-05,,OK,
2026-09-08T00:00:00Z,Bitget USDT Futures,UNIUSDT,6.79,3790543.0,25737786.97,0.0001,,OK,
2026-09-08T00:00:00Z,Bitget USDT Futures,XLMUSDT,0.1919,129785608.0,24905858.175199997,0.0001,,OK,
2026-09-08T00:00:00Z,Bitget USDT Futures,XRPUSDT,1.3934,170556508.0,237653438.24719998,6.5e-05,,OK,
2026-09-08T00:00:00Z,Bitget USDT Futures,ZECUSDT,1134.86,113082.93899999902,128333304.15353888,5.1e-05,,OK,
2026-09-08T01:00:00Z,Bitget USDT Futures,AAVEUSDT,132.36,191088.90000000014,25292526.80400002,0.0001,,OK,
2026-09-08T01:00:00Z,Bitget USDT Futures,AVAXUSDT,8.12,2823942.3000000003,22930411.476,3.5e-05,,OK,
2026-09-08T01:00:00Z,Bitget USDT Futures,BTCUSDT,79259.2,33692.80659999992,2670464896.8707137,4.4e-05,,OK,
2026-09-08T01:00:00Z,Bitget USDT Futures,CAKEUSDT,2.2339,760155.7999999998,1698112.0416199998,5e-05,,OK,
2026-09-08T01:00:00Z,Bitget USDT Futures,CCUSDT,0.10624,8056840.0,855958.6816,5e-05,,OK,
2026-09-08T01:00:00Z,Bitget USDT Futures,ENAUSDT,0.16557,233757409.0,38703214.20813,5e-05,,OK,
2026-09-08T01:00:00Z,Bitget USDT Futures,ETHUSDT,2495.64,786301.1699999988,1962324651.8987968,5.9e-05,,OK,
2026-09-08T01:00:00Z,Bitget USDT Futures,HBARUSDT,0.08236,170406774.0,14034701.90664,0.0001,,OK,
2026-09-08T01:00:00Z,Bitget USDT Futures,HYPEUSDT,84.999,2319808.0899999975,197181367.84190977,5e-05,,OK,
2026-09-08T01:00:00Z,Bitget USDT Futures,LINKUSDT,12.774,4126799.0,52715730.426,-6e-06,,OK,
2026-09-08T01:00:00Z,Bitget USDT Futures,MORPHOUSDT,2.4846,1094299.0,2718895.2953999997,5e-05,,OK,
2026-09-08T01:00:00Z,Bitget USDT Futures,NEARUSDT,2.3542,16640404.0,39174839.0968,0.0001,,OK,
2026-09-08T01:00:00Z,Bitget USDT Futures,ONDOUSDT,0.3872,54956313.6,21279084.62592,5e-05,,OK,
2026-09-08T01:00:00Z,Bitget USDT Futures,SEIUSDT,0.04942,136977626.0,6769434.27692,0.0001,,OK,
2026-09-08T01:00:00Z,Bitget USDT Futures,SOLUSDT,104.009,4469662.599999967,464885137.3633966,6.3e-05,,OK,
2026-09-08T01:00:00Z,Bitget USDT Futures,SUIUSDT,0.8295,64757350.699999996,53716222.40565,5e-05,,OK,
2026-09-08T01:00:00Z,Bitget USDT Futures,TAOUSDT,261.83,104539.42600000002,27371557.909580003,5e-05,,OK,
2026-09-08T01:00:00Z,Bitget USDT Futures,UNIUSDT,6.99,3764492.0,26313799.080000002,0.0001,,OK,
2026-09-08T01:00:00Z,Bitget USDT Futures,XLMUSDT,0.19314,129815720.0,25072608.160800003,0.0001,,OK,
2026-09-08T01:00:00Z,Bitget USDT Futures,XRPUSDT,1.4004,170079129.0,238178812.25160003,8.9e-05,,OK,
2026-09-08T01:00:00Z,Bitget USDT Futures,ZECUSDT,1137.82,112887.54499999902,128445706.45189889,4.9e-05,,OK,
2026-09-08T02:00:00Z,Bitget USDT Futures,AAVEUSDT,132.35,190961.80000000013,25273794.230000015,0.0001,,OK,
2026-09-08T02:00:00Z,Bitget USDT Futures,AVAXUSDT,8.101,2831539.3000000007,22938299.869300008,6e-05,,OK,
2026-09-08T02:00:00Z,Bitget USDT Futures,BTCUSDT,79266.3,33670.56049999993,2668940749.761144,5.6e-05,,OK,
2026-09-08T02:00:00Z,Bitget USDT Futures,CAKEUSDT,2.2369,756706.1999999998,1692676.0987799997,5e-05,,OK,
2026-09-08T02:00:00Z,Bitget USDT Futures,CCUSDT,0.10703,8068708.0,863593.81724,5e-05,,OK,
2026-09-08T02:00:00Z,Bitget USDT Futures,ENAUSDT,0.16739,234467268.0,39247475.99052,5e-05,,OK,
2026-09-08T02:00:00Z,Bitget USDT Futures,ETHUSDT,2497.3,786878.0999999986,1965070679.1299965,6.1e-05,,OK,
2026-09-08T02:00:00Z,Bitget USDT Futures,HBARUSDT,0.08277,170355749.0,14100345.34473,0.0001,,OK,
2026-09-08T02:00:00Z,Bitget USDT Futures,HYPEUSDT,85.211,2320458.1399999973,197728558.56753978,5e-05,,OK,
2026-09-08T02:00:00Z,Bitget USDT Futures,LINKUSDT,12.769,4122184.0,52636167.496,5e-06,,OK,
2026-09-08T02:00:00Z,Bitget USDT Futures,MORPHOUSDT,2.4811,1087933.0,2699270.5663,5e-05,,OK,
2026-09-08T02:00:00Z,Bitget USDT Futures,NEARUSDT,2.3407,16687408.0,39060215.9056,0.0001,,OK,
2026-09-08T02:00:00Z,Bitget USDT Futures,ONDOUSDT,0.3864,54826964.3,21185139.00552,5e-05,,OK,
2026-09-08T02:00:00Z,Bitget USDT Futures,SEIUSDT,0.04994,138046226.0,6894028.52644,0.0001,,OK,
2026-09-08T02:00:00Z,Bitget USDT Futures,SOLUSDT,104.13,4467914.799999966,465243968.1239965,6.5e-05,,OK,
2026-09-08T02:00:00Z,Bitget USDT Futures,SUIUSDT,0.8286,64311314.199999996,53288354.946119994,8.4e-05,,OK,
2026-09-08T02:00:00Z,Bitget USDT Futures,TAOUSDT,261.51,104208.13600000003,27251469.645360008,5e-05,,OK,
2026-09-08T02:00:00Z,Bitget USDT Futures,UNIUSDT,7.104,3775248.0,26819361.792,0.0001,,OK,
2026-09-08T02:00:00Z,Bitget USDT Futures,XLMUSDT,0.19285,129743088.0,25020954.5208,0.0001,,OK,
2026-09-08T02:00:00Z,Bitget USDT Futures,XRPUSDT,1.4024,168195478.0,235877338.3472,0.0001,,OK,
2026-09-08T02:00:00Z,Bitget USDT Futures,ZECUSDT,1148.61,112230.36699999904,128908921.83986889,6.3e-05,,OK,
2026-09-08T03:00:00Z,Bitget USDT Futures,AAVEUSDT,130.92,192036.60000000015,25141431.672000017,0.0001,,OK,
2026-09-08T03:00:00Z,Bitget USDT Futures,AVAXUSDT,8.043,2820394.7000000007,22684434.572100002,2.2e-05,,OK,
2026-09-08T03:00:00Z,Bitget USDT Futures,BTCUSDT,78872.4,33844.29569999992,2669380828.1686735,6.7e-05,,OK,
2026-09-08T03:00:00Z,Bitget USDT Futures,CAKEUSDT,2.2301,756707.7999999998,1687534.0647799997,5e-05,,OK,
2026-09-08T03:00:00Z,Bitget USDT Futures,CCUSDT,0.10597,8092348.0,857546.1175599999,5e-05,,OK,
2026-09-08T03:00:00Z,Bitget USDT Futures,ENAUSDT,0.16412,235722930.0,38686847.2716,5e-05,,OK,
2026-09-08T03:00:00Z,Bitget USDT Futures,ETHUSDT,2482.34,788489.5999999985,1957299273.6639962,6.5e-05,,OK,
2026-09-08T03:00:00Z,Bitget USDT Futures,HBARUSDT,0.08155,169470769.0,13820341.21195,7e-05,,OK,
2026-09-08T03:00:00Z,Bitget USDT Futures,HYPEUSDT,84.072,2338781.1599999974,196626009.68351978,5e-05,,OK,
2026-09-08T03:00:00Z,Bitget USDT Futures,LINKUSDT,12.604,4128302.0,52033118.408,2e-06,,OK,
2026-09-08T03:00:00Z,Bitget USDT Futures,MORPHOUSDT,2.4437,1088293.0,2659461.6041,5e-05,,OK,
2026-09-08T03:00:00Z,Bitget USDT Futures,NEARUSDT,2.3032,16711552.0,38490046.5664,0.0001,,OK,
2026-09-08T03:00:00Z,Bitget USDT Futures,ONDOUSDT,0.3793,55057406.7,20883274.36131,5e-05,,OK,
2026-09-08T03:00:00Z,Bitget USDT Futures,SEIUSDT,0.04943,137036830.0,6773730.5069,0.0001,,OK,
2026-09-08T03:00:00Z,Bitget USDT Futures,SOLUSDT,103.035,4483151.9999999665,461921566.31999654,5.2e-05,,OK,
2026-09-08T03:00:00Z,Bitget USDT Futures,SUIUSDT,0.8225,64834358.89999999,53326260.19524999,8.8e-05,,OK,
2026-09-08T03:00:00Z,Bitget USDT Futures,TAOUSDT,256.74,104137.59000000003,26736284.85660001,5e-05,,OK,
2026-09-08T03:00:00Z,Bitget USDT Futures,UNIUSDT,6.993,3747184.0,26204057.712,0.0001,,OK,
2026-09-08T03:00:00Z,Bitget USDT Futures,XLMUSDT,0.18895,130662360.0,24688652.922000002,0.0001,,OK,
2026-09-08T03:00:00Z,Bitget USDT Futures,XRPUSDT,1.3912,167748947.0,233372335.0664,0.0001,,OK,
2026-09-08T03:00:00Z,Bitget USDT Futures,ZECUSDT,1127.79,111650.63899999902,125918474.15780888,7e-05,,OK,
2026-09-08T04:00:00Z,Bitget USDT Futures,AAVEUSDT,131.16,190973.00000000015,25048018.68000002,0.0001,,OK,
2026-09-08T04:00:00Z,Bitget USDT Futures,AVAXUSDT,8.06,2819325.900000001,22723766.754000008,-1e-06,,OK,
2026-09-08T04:00:00Z,Bitget USDT Futures,BTCUSDT,78809.9,34036.81489999992,2682437978.5875034,8.3e-05,,OK,
2026-09-08T04:00:00Z,Bitget USDT Futures,CAKEUSDT,2.2383,756995.8999999998,1694383.9229699997,5e-05,,OK,
2026-09-08T04:00:00Z,Bitget USDT Futures,CCUSDT,0.1068,8206914.0,876498.4152,5e-05,,OK,
2026-09-08T04:00:00Z,Bitget USDT Futures,ENAUSDT,0.16434,237064854.0,38959238.10636,5e-05,,OK,
2026-09-08T04:00:00Z,Bitget USDT Futures,ETHUSDT,2483.49,793973.9399999983,1971826340.2505956,8e-05,,OK,
2026-09-08T04:00:00Z,Bitget USDT Futures,HBARUSDT,0.08145,169033383.0,13767769.045349998,-1.1e-05,,OK,
2026-09-08T04:00:00Z,Bitget USDT Futures,HYPEUSDT,84.075,2343263.299999997,197009861.94749975,5e-05,,OK,
2026-09-08T04:00:00Z,Bitget USDT Futures,LINKUSDT,12.65,4118016.0,52092902.4,-1.5e-05,,OK,
2026-09-08T04:00:00Z,Bitget USDT Futures,MORPHOUSDT,2.441,1098203.0,2680713.523,5e-05,,OK,
2026-09-08T04:00:00Z,Bitget USDT Futures,NEARUSDT,2.2672,16644847.0,37737197.1184,0.0001,,OK,
2026-09-08T04:00:00Z,Bitget USDT Futures,ONDOUSDT,0.3786,55210233.5,20902594.4031,5e-05,,OK,
2026-09-08T04:00:00Z,Bitget USDT Futures,SEIUSDT,0.049,136932380.0,6709686.62,0.0001,,OK,
2026-09-08T04:00:00Z,Bitget USDT Futures,SOLUSDT,103.231,4452068.299999967,459591462.6772966,3.5e-05,,OK,
2026-09-08T04:00:00Z,Bitget USDT Futures,SUIUSDT,0.8203,64725670.099999994,53094467.183029994,0.0001,,OK,
2026-09-08T04:00:00Z,Bitget USDT Futures,TAOUSDT,256.39,103959.70400000003,26654228.508560006,5e-05,,OK,
2026-09-08T04:00:00Z,Bitget USDT Futures,UNIUSDT,6.988,3756557.0,26250820.316000003,0.0001,,OK,
2026-09-08T04:00:00Z,Bitget USDT Futures,XLMUSDT,0.19016,131602876.0,25025602.90016,0.0001,,OK,
2026-09-08T04:00:00Z,Bitget USDT Futures,XRPUSDT,1.3952,169420545.0,236375544.384,0.0001,,OK,
2026-09-08T04:00:00Z,Bitget USDT Futures,ZECUSDT,1128.23,111977.79299999902,126336705.39638889,8.2e-05,,OK,
2026-09-08T05:00:00Z,Bitget USDT Futures,AAVEUSDT,131.62,190884.00000000015,25124152.08000002,0.0001,,OK,
2026-09-08T05:00:00Z,Bitget USDT Futures,AVAXUSDT,8.058,2819015.1000000006,22715623.675800003,-1.6e-05,,OK,
2026-09-08T05:00:00Z,Bitget USDT Futures,BTCUSDT,78738.3,33969.50949999992,2674701429.863844,9.2e-05,,OK,
2026-09-08T05:00:00Z,Bitget USDT Futures,CAKEUSDT,2.322,753224.5999999999,1748987.5211999996,5e-05,,OK,
2026-09-08T05:00:00Z,Bitget USDT Futures,CCUSDT,0.10612,8075652.0,856988.19024,5e-05,,OK,
2026-09-08T05:00:00Z,Bitget USDT Futures,ENAUSDT,0.16512,237394029.0,39198502.06848,5e-05,,OK,
2026-09-08T05:00:00Z,Bitget USDT Futures,ETHUSDT,2479.67,795184.0199999983,1971793958.8733957,9.6e-05,,OK,
2026-09-08T05:00:00Z,Bitget USDT Futures,HBARUSDT,0.08142,168366584.0,13708407.269280002,-5.1e-05,,OK,
2026-09-08T05:00:00Z,Bitget USDT Futures,HYPEUSDT,84.447,2375450.479999997,200599666.68455976,5e-05,,OK,
2026-09-08T05:00:00Z,Bitget USDT Futures,LINKUSDT,12.656,4121141.0,52157160.496,-1.9e-05,,OK,
2026-09-08T05:00:00Z,Bitget USDT Futures,MORPHOUSDT,2.4171,1085871.0,2624658.7941,5e-05,,OK,
2026-09-08T05:00:00Z,Bitget USDT Futures,NEARUSDT,2.2794,16753885.0,38188805.469,0.0001,,OK,
2026-09-08T05:00:00Z,Bitget USDT Futures,ONDOUSDT,0.379,55060302.4,20867854.6096,5e-05,,OK,
2026-09-08T05:00:00Z,Bitget USDT Futures,SEIUSDT,0.04897,136539756.0,6686351.85132,0.0001,,OK,
2026-09-08T05:00:00Z,Bitget USDT Futures,SOLUSDT,103.18,4465897.199999967,460791273.0959966,3.2e-05,,OK,
2026-09-08T05:00:00Z,Bitget USDT Futures,SUIUSDT,0.8191,64655980.99999999,52959714.037099995,0.0001,,OK,
2026-09-08T05:00:00Z,Bitget USDT Futures,TAOUSDT,256.48,104196.88200000003,26724416.29536001,5e-05,,OK,
2026-09-08T05:00:00Z,Bitget USDT Futures,UNIUSDT,6.998,3777765.0,26436799.470000003,0.0001,,OK,
2026-09-08T05:00:00Z,Bitget USDT Futures,XLMUSDT,0.19129,130835279.0,25027480.51991,0.0001,,OK,
2026-09-08T05:00:00Z,Bitget USDT Futures,XRPUSDT,1.3927,170112668.0,236915912.7236,0.0001,,OK,
2026-09-08T05:00:00Z,Bitget USDT Futures,ZECUSDT,1127.86,112165.97499999899,126507516.56349884,8.4e-05,,OK,
2026-09-08T06:00:00Z,Bitget USDT Futures,AAVEUSDT,131.08,191625.10000000015,25118218.10800002,0.0001,,OK,
2026-09-08T06:00:00Z,Bitget USDT Futures,AVAXUSDT,8.021,2815361.3000000007,22582012.98730001,-6e-06,,OK,
2026-09-08T06:00:00Z,Bitget USDT Futures,BTCUSDT,78400.0,34082.651699999915,2672079893.2799935,9.3e-05,,OK,
2026-09-08T06:00:00Z,Bitget USDT Futures,CAKEUSDT,2.2865,763453.5999999997,1745636.6563999995,5e-05,,OK,
2026-09-08T06:00:00Z,Bitget USDT Futures,CCUSDT,0.10508,8114928.0,852716.63424,5e-05,,OK,
2026-09-08T06:00:00Z,Bitget USDT Futures,ENAUSDT,0.16231,237177074.0,38496210.880940005,5e-05,,OK,
2026-09-08T06:00:00Z,Bitget USDT Futures,ETHUSDT,2466.93,802114.8399999982,1978761162.2411954,9.2e-05,,OK,
2026-09-08T06:00:00Z,Bitget USDT Futures,HBARUSDT,0.08077,167662789.0,13542123.46753,-0.000105,,OK,
2026-09-08T06:00:00Z,Bitget USDT Futures,HYPEUSDT,84.092,2372508.859999997,199509015.05511975,5e-05,,OK,
2026-09-08T06:00:00Z,Bitget USDT Futures,LINKUSDT,12.641,4119264.0,52071616.224,1.5e-05,,OK,
2026-09-08T06:00:00Z,Bitget USDT Futures,MORPHOUSDT,2.387,1065848.0,2544179.176,5e-05,,OK,
2026-09-08T06:00:00Z,Bitget USDT Futures,NEARUSDT,2.2661,16698541.0,37840563.7601,0.0001,,OK,
2026-09-08T06:00:00Z,Bitget USDT Futures,ONDOUSDT,0.3744,54756103.199999996,20500685.03808,5e-05,,OK,
2026-09-08T06:00:00Z,Bitget USDT Futures,SEIUSDT,0.04848,136459946.0,6615578.182080001,0.0001,,OK,
2026-09-08T06:00:00Z,Bitget USDT Futures,SOLUSDT,102.651,4476515.299999967,459518772.0602966,3.6e-05,,OK,
2026-09-08T06:00:00Z,Bitget USDT Futures,SUIUSDT,0.8118,64951262.6,52727434.97868,0.0001,,OK,
2026-09-08T06:00:00Z,Bitget USDT Futures,TAOUSDT,254.82,104550.85400000002,26641648.616280004,5e-05,,OK,
2026-09-08T06:00:00Z,Bitget USDT Futures,UNIUSDT,7.049,3788641.0,26706130.409,0.0001,,OK,
2026-09-08T06:00:00Z,Bitget USDT Futures,XLMUSDT,0.18918,130897488.0,24763186.77984,0.0001,,OK,
2026-09-08T06:00:00Z,Bitget USDT Futures,XRPUSDT,1.3851,169290732.0,234484592.8932,0.0001,,OK,
2026-09-08T06:00:00Z,Bitget USDT Futures,ZECUSDT,1132.63,112180.426999999,127058917.03300889,0.0001,,OK,
2026-09-08T07:00:00Z,Bitget USDT Futures,AAVEUSDT,130.91,191756.00000000015,25102777.96000002,0.0001,,OK,
2026-09-08T07:00:00Z,Bitget USDT Futures,AVAXUSDT,8.042,2815721.900000001,22644035.519800007,-1.2e-05,,OK,
2026-09-08T07:00:00Z,Bitget USDT Futures,BTCUSDT,78419.1,34481.347799999916,2703996261.262974,9.9e-05,,OK,
2026-09-08T07:00:00Z,Bitget USDT Futures,CAKEUSDT,2.2989,761692.7999999998,1751055.5779199996,5e-05,,OK,
2026-09-08T07:00:00Z,Bitget USDT Futures,CCUSDT,0.1051,8179228.0,859636.8628,5e-05,,OK,
2026-09-08T07:00:00Z,Bitget USDT Futures,ENAUSDT,0.16234,236858810.0,38451659.2154,5e-05,,OK,
2026-09-08T07:00:00Z,Bitget USDT Futures,ETHUSDT,2473.73,817049.5999999981,2021160107.0079954,0.0001,,OK,
2026-09-08T07:00:00Z,Bitget USDT Futures,HBARUSDT,0.08045,168112979.0,13524689.160549998,-5.2e-05,,OK,
2026-09-08T07:00:00Z,Bitget USDT Futures,HYPEUSDT,83.931,2377845.2599999974,199574930.51705977,5e-05,,OK,
2026-09-08T07:00:00Z,Bitget USDT Futures,LINKUSDT,12.624,4105652.0,51829750.848000005,4.4e-05,,OK,
2026-09-08T07:00:00Z,Bitget USDT Futures,MORPHOUSDT,2.4062,1055721.0,2540275.8702000002,5e-05,,OK,
2026-09-08T07:00:00Z,Bitget USDT Futures,NEARUSDT,2.2764,16698912.0,38013403.27680001,0.0001,,OK,
2026-09-08T07:00:00Z,Bitget USDT Futures,ONDOUSDT,0.3737,54649607.89999999,20422558.472229995,5e-05,,OK,
2026-09-08T07:00:00Z,Bitget USDT Futures,SEIUSDT,0.04836,136549002.0,6603509.73672,0.0001,,OK,
2026-09-08T07:00:00Z,Bitget USDT Futures,SOLUSDT,102.752,4511363.599999963,463551632.6271962,4.4e-05,,OK,
2026-09-08T07:00:00Z,Bitget USDT Futures,SUIUSDT,0.8106,64652407.8,52407241.762679994,0.0001,,OK,
2026-09-08T07:00:00Z,Bitget USDT Futures,TAOUSDT,254.06,105861.11800000002,26895075.639080003,5e-05,,OK,
2026-09-08T07:00:00Z,Bitget USDT Futures,UNIUSDT,7.023,3806879.0,26735711.217,0.0001,,OK,
2026-09-08T07:00:00Z,Bitget USDT Futures,XLMUSDT,0.18887,131364022.0,24810722.83514,0.0001,,OK,
2026-09-08T07:00:00Z,Bitget USDT Futures,XRPUSDT,1.3856,171679564.0,237879203.8784,0.0001,,OK,
2026-09-08T07:00:00Z,Bitget USDT Futures,ZECUSDT,1122.98,111844.15699999902,125598751.4278589,0.0001,,OK,
2026-09-08T08:00:00Z,Bitget USDT Futures,AAVEUSDT,130.66,190959.20000000007,24950729.072000008,0.0001,,OK,
2026-09-08T08:00:00Z,Bitget USDT Futures,AVAXUSDT,8.032,2818514.3000000003,22638306.857600003,-9e-06,,OK,
2026-09-08T08:00:00Z,Bitget USDT Futures,BTCUSDT,78316.5,34853.37709999989,2729594507.652141,0.0001,,OK,
2026-09-08T08:00:00Z,Bitget USDT Futures,CAKEUSDT,2.4048,752524.7999999998,1809671.6390399993,5e-05,,OK,
2026-09-08T08:00:00Z,Bitget USDT Futures,CCUSDT,0.10458,8179042.0,855364.21236,5e-05,,OK,
2026-09-08T08:00:00Z,Bitget USDT Futures,ENAUSDT,0.16194,236956678.0,38372764.43532,5e-05,,OK,
2026-09-08T08:00:00Z,Bitget USDT Futures,ETHUSDT,2471.7,816984.9200000002,2019341626.7640002,9.5e-05,,OK,
2026-09-08T08:00:00Z,Bitget USDT Futures,HBARUSDT,0.07981,168096825.0,13415807.60325,3.4e-05,,OK,
2026-09-08T08:00:00Z,Bitget USDT Futures,HYPEUSDT,84.01,2369219.6699999995,199038144.47669998,5e-05,,OK,
2026-09-08T08:00:00Z,Bitget USDT Futures,LINKUSDT,12.618,4118754.0,51970437.972,4e-05,,OK,
2026-09-08T08:00:00Z,Bitget USDT Futures,MORPHOUSDT,2.3935,1053369.0,2521238.7015,5e-05,,OK,
2026-09-08T08:00:00Z,Bitget USDT Futures,NEARUSDT,2.2962,16847515.0,38685263.942999996,0.0001,,OK,
2026-09-08T08:00:00Z,Bitget USDT Futures,ONDOUSDT,0.374,54245008.699999996,20287633.253799997,5e-05,,OK,
2026-09-08T08:00:00Z,Bitget USDT Futures,SEIUSDT,0.04815,135790268.0,6538301.4042,0.0001,,OK,
2026-09-08T08:00:00Z,Bitget USDT Futures,SOLUSDT,102.599,4548931.799999961,466715853.748196,5.3e-05,,OK,
2026-09-08T08:00:00Z,Bitget USDT Futures,SUIUSDT,0.8105,65029712.400000006,52706581.9002,0.0001,,OK,
2026-09-08T08:00:00Z,Bitget USDT Futures,TAOUSDT,252.4,107494.30600000001,27131562.834400002,5e-05,,OK,
2026-09-08T08:00:00Z,Bitget USDT Futures,UNIUSDT,7.021,3816133.0,26793069.793,0.0001,,OK,
2026-09-08T08:00:00Z,Bitget USDT Futures,XLMUSDT,0.18903,131097986.0,24781452.29358,0.0001,,OK,
2026-09-08T08:00:00Z,Bitget USDT Futures,XRPUSDT,1.3851,169651723.0,234984601.5273,0.0001,,OK,
2026-09-08T08:00:00Z,Bitget USDT Futures,ZECUSDT,1125.08,111184.33899999919,125091276.12211908,0.0001,,OK,
2026-09-08T09:00:00Z,Bitget USDT Futures,AAVEUSDT,130.52,191549.8000000002,25001079.896000028,0.0001,,OK,
2026-09-08T09:00:00Z,Bitget USDT Futures,AVAXUSDT,8.049,2828988.3000000003,22770526.826700002,3e-06,,OK,
2026-09-08T09:00:00Z,Bitget USDT Futures,BTCUSDT,78401.5,34891.76159999989,2735566447.0823913,0.0001,,OK,
2026-09-08T09:00:00Z,Bitget USDT Futures,CAKEUSDT,2.3591,782701.7999999998,1846471.8163799997,5e-05,,OK,
2026-09-08T09:00:00Z,Bitget USDT Futures,CCUSDT,0.10455,8188552.0,856113.1116000001,5e-05,,OK,
2026-09-08T09:00:00Z,Bitget USDT Futures,ENAUSDT,0.16225,236931413.0,38442121.75925,5e-05,,OK,
2026-09-08T09:00:00Z,Bitget USDT Futures,ETHUSDT,2478.89,819028.55,2030281682.3095,9.6e-05,,OK,
2026-09-08T09:00:00Z,Bitget USDT Futures,HBARUSDT,0.07998,167069059.0,13362183.33882,0.0001,,OK,
2026-09-08T09:00:00Z,Bitget USDT Futures,HYPEUSDT,84.098,2374369.8199999994,199679753.12235993,5e-05,,OK,
2026-09-08T09:00:00Z,Bitget USDT Futures,LINKUSDT,12.652,4115824.0,52073405.247999996,6.1e-05,,OK,
2026-09-08T09:00:00Z,Bitget USDT Futures,MORPHOUSDT,2.3824,1048649.0,2498301.3776000002,9e-06,,OK,
2026-09-08T09:00:00Z,Bitget USDT Futures,NEARUSDT,2.3114,16936410.0,39146818.074,0.0001,,OK,
2026-09-08T09:00:00Z,Bitget USDT Futures,ONDOUSDT,0.3776,54410659.099999994,20545464.876159996,5e-05,,OK,
2026-09-08T09:00:00Z,Bitget USDT Futures,SEIUSDT,0.04859,136995054.0,6656589.67386,0.0001,,OK,
2026-09-08T09:00:00Z,Bitget USDT Futures,SOLUSDT,103.029,4551095.69999996,468894838.8752959,6.9e-05,,OK,
2026-09-08T09:00:00Z,Bitget USDT Futures,SUIUSDT,0.8185,65069225.400000006,53259160.98990001,0.0001,,OK,
2026-09-08T09:00:00Z,Bitget USDT Futures,TAOUSDT,252.88,107523.48000000001,27190537.6224,5e-05,,OK,
2026-09-08T09:00:00Z,Bitget USDT Futures,UNIUSDT,7.063,3858448.0,27252218.224,0.0001,,OK,
2026-09-08T09:00:00Z,Bitget USDT Futures,XLMUSDT,0.18985,130559014.0,24786628.8079,0.0001,,OK,
2026-09-08T09:00:00Z,Bitget USDT Futures,XRPUSDT,1.3896,170922720.0,237514211.71199998,0.0001,,OK,
2026-09-08T09:00:00Z,Bitget USDT Futures,ZECUSDT,1131.4,111703.4509999992,126381284.46139911,0.0001,,OK,
2026-09-08T10:00:00Z,Bitget USDT Futures,AAVEUSDT,131.43,191630.2000000002,25185957.186000027,0.0001,,OK,
2026-09-08T10:00:00Z,Bitget USDT Futures,AVAXUSDT,8.177,2831393.8000000003,23152307.1026,7.5e-05,,OK,
2026-09-08T10:00:00Z,Bitget USDT Futures,BTCUSDT,78790.2,34852.00559999989,2745996491.625111,0.0001,,OK,
2026-09-08T10:00:00Z,Bitget USDT Futures,CAKEUSDT,2.3269,794309.1999999998,1848278.0774799997,5e-05,,OK,
2026-09-08T10:00:00Z,Bitget USDT Futures,CCUSDT,0.10534,8274732.0,871660.26888,5e-05,,OK,
2026-09-08T10:00:00Z,Bitget USDT Futures,ENAUSDT,0.16423,236397766.0,38823605.11018,5e-05,,OK,
2026-09-08T10:00:00Z,Bitget USDT Futures,ETHUSDT,2490.25,815231.15,2030129371.2875001,9e-05,,OK,
2026-09-08T10:00:00Z,Bitget USDT Futures,HBARUSDT,0.08067,169835965.0,13700667.29655,0.0001,,OK,
2026-09-08T10:00:00Z,Bitget USDT Futures,HYPEUSDT,84.415,2380216.26,200925955.58789998,5e-05,,OK,
2026-09-08T10:00:00Z,Bitget USDT Futures,LINKUSDT,12.71,4131046.0,52505594.660000004,9.2e-05,,OK,
2026-09-08T10:00:00Z,Bitget USDT Futures,MORPHOUSDT,2.415,1046641.0,2527638.015,5e-05,,OK,
2026-09-08T10:00:00Z,Bitget USDT Futures,NEARUSDT,2.3304,16900620.0,39385204.848,0.0001,,OK,
2026-09-08T10:00:00Z,Bitget USDT Futures,ONDOUSDT,0.3818,54093854.69999999,20653033.724459995,5e-05,,OK,
2026-09-08T10:00:00Z,Bitget USDT Futures,SEIUSDT,0.04969,135323484.0,6724223.91996,0.0001,,OK,
2026-09-08T10:00:00Z,Bitget USDT Futures,SOLUSDT,103.719,4533039.89999996,470162365.38809586,6.9e-05,,OK,
2026-09-08T10:00:00Z,Bitget USDT Futures,SUIUSDT,0.8281,64998404.5,53825178.766449995,0.0001,,OK,
2026-09-08T10:00:00Z,Bitget USDT Futures,TAOUSDT,256.04,107486.61800000002,27520873.672720008,5e-05,,OK,
2026-09-08T10:00:00Z,Bitget USDT Futures,UNIUSDT,7.083,3924477.0,27797070.591000002,0.0001,,OK,
2026-09-08T10:00:00Z,Bitget USDT Futures,XLMUSDT,0.19153,131074302.0,25104661.062060002,0.0001,,OK,
2026-09-08T10:00:00Z,Bitget USDT Futures,XRPUSDT,1.3986,170294898.0,238174444.34280002,0.0001,,OK,
2026-09-08T10:00:00Z,Bitget USDT Futures,ZECUSDT,1156.03,112296.6919999992,129818344.85275906,0.0001,,OK,
2026-09-08T11:00:00Z,Bitget USDT Futures,AAVEUSDT,129.93,192391.5000000002,24997427.59500003,0.0001,,OK,
2026-09-08T11:00:00Z,Bitget USDT Futures,AVAXUSDT,8.031,2818351.8,22634183.3058,9.3e-05,,OK,
2026-09-08T11:00:00Z,Bitget USDT Futures,BTCUSDT,78354.6,34898.11739999988,2734428029.6300306,0.0001,,OK,
2026-09-08T11:00:00Z,Bitget USDT Futures,CAKEUSDT,2.297,818638.1999999998,1880411.9453999999,5e-05,,OK,
2026-09-08T11:00:00Z,Bitget USDT Futures,CCUSDT,0.10466,8287688.0,867389.42608,5e-05,,OK,
2026-09-08T11:00:00Z,Bitget USDT Futures,ENAUSDT,0.16125,236581611.0,38148784.77375,5e-05,,OK,
2026-09-08T11:00:00Z,Bitget USDT Futures,ETHUSDT,2473.54,810881.09,2005746811.3586,7.8e-05,,OK,
2026-09-08T11:00:00Z,Bitget USDT Futures,HBARUSDT,0.08016,169635955.0,13598018.1528,0.0001,,OK,
2026-09-08T11:00:00Z,Bitget USDT Futures,HYPEUSDT,83.646,2381504.29,199203307.84134,5e-05,,OK,
2026-09-08T11:00:00Z,Bitget USDT Futures,LINKUSDT,12.527,4108020.0,51461166.54,8e-05,,OK,
2026-09-08T11:00:00Z,Bitget USDT Futures,MORPHOUSDT,2.4125,1051089.0,2535752.2125,5e-05,,OK,
2026-09-08T11:00:00Z,Bitget USDT Futures,NEARUSDT,2.2922,16905922.0,38751754.4084,0.0001,,OK,
2026-09-08T11:00:00Z,Bitget USDT Futures,ONDOUSDT,0.377,53827930.99999999,20293129.986999996,5e-05,,OK,
2026-09-08T11:00:00Z,Bitget USDT Futures,SEIUSDT,0.04926,134722426.0,6636426.70476,0.0001,,OK,
2026-09-08T11:00:00Z,Bitget USDT Futures,SOLUSDT,102.883,4512314.699999961,464240473.280096,5.4e-05,,OK,
2026-09-08T11:00:00Z,Bitget USDT Futures,SUIUSDT,0.8157,65196003.50000001,53180380.05495001,0.0001,,OK,
2026-09-08T11:00:00Z,Bitget USDT Futures,TAOUSDT,254.61,107438.70800000001,27354969.443880007,5e-05,,OK,
2026-09-08T11:00:00Z,Bitget USDT Futures,UNIUSDT,6.935,3841275.0,26639242.125,6.4e-05,,OK,
2026-09-08T11:00:00Z,Bitget USDT Futures,XLMUSDT,0.18934,131593048.0,24915827.70832,0.0001,,OK,
2026-09-08T11:00:00Z,Bitget USDT Futures,XRPUSDT,1.3927,169608452.0,236213691.1004,0.0001,,OK,
2026-09-08T11:00:00Z,Bitget USDT Futures,ZECUSDT,1150.58,110571.92299999903,127221843.16533889,7.3e-05,,OK,
2026-09-08T12:00:00Z,Bitget USDT Futures,AAVEUSDT,128.81,191943.10000000018,24724190.711000025,0.0001,,OK,
2026-09-08T12:00:00Z,Bitget USDT Futures,AVAXUSDT,8.019,2807599.5,22514140.3905,4.5e-05,,OK,
2026-09-08T12:00:00Z,Bitget USDT Futures,BTCUSDT,78292.8,35196.39579999988,2755624377.090231,0.0001,,OK,
2026-09-08T12:00:00Z,Bitget USDT Futures,CAKEUSDT,2.2841,779322.1999999998,1780049.8370199997,5e-05,,OK,
2026-09-08T12:00:00Z,Bitget USDT Futures,CCUSDT,0.10461,8478846.0,886972.08006,5e-05,,OK,
2026-09-08T12:00:00Z,Bitget USDT Futures,ENAUSDT,0.1585,237257962.0,37605386.977,5e-05,,OK,
2026-09-08T12:00:00Z,Bitget USDT Futures,ETHUSDT,2474.35,817042.4899999998,2021649085.1314993,8e-05,,OK,
2026-09-08T12:00:00Z,Bitget USDT Futures,HBARUSDT,0.07992,169572542.0,13552237.556640001,0.0001,,OK,
2026-09-08T12:00:00Z,Bitget USDT Futures,HYPEUSDT,82.984,2348068.5799999996,194852123.04271996,5e-05,,OK,
2026-09-08T12:00:00Z,Bitget USDT Futures,LINKUSDT,12.535,4077965.0,51117291.275,7.4e-05,,OK,
2026-09-08T12:00:00Z,Bitget USDT Futures,MORPHOUSDT,2.429,1053431.0,2558783.8989999997,5e-05,,OK,
2026-09-08T12:00:00Z,Bitget USDT Futures,NEARUSDT,2.2784,16758382.0,38182297.5488,0.0001,,OK,
2026-09-08T12:00:00Z,Bitget USDT Futures,ONDOUSDT,0.3751,54044859.8,20272226.910979997,5e-05,,OK,
2026-09-08T12:00:00Z,Bitget USDT Futures,SEIUSDT,0.04923,135862868.0,6688528.991640001,0.0001,,OK,
2026-09-08T12:00:00Z,Bitget USDT Futures,SOLUSDT,102.766,4537330.399999962,466283295.8863961,5.3e-05,,OK,
2026-09-08T12:00:00Z,Bitget USDT Futures,SUIUSDT,0.8087,64272768.20000001,51977387.64334001,0.0001,,OK,
2026-09-08T12:00:00Z,Bitget USDT Futures,TAOUSDT,252.23,107667.83800000002,27157058.778740004,5e-05,,OK,
2026-09-08T12:00:00Z,Bitget USDT Futures,UNIUSDT,7.012,3868871.0,27128523.452,1.3e-05,,OK,
2026-09-08T12:00:00Z,Bitget USDT Futures,XLMUSDT,0.18746,131937280.0,24732962.5088,0.0001,,OK,
2026-09-08T12:00:00Z,Bitget USDT Futures,XRPUSDT,1.3919,169164190.0,235459636.061,0.0001,,OK,
2026-09-08T12:00:00Z,Bitget USDT Futures,ZECUSDT,1161.75,110327.32899999904,128172774.46574888,2.1e-05,,OK,
2026-09-08T13:00:00Z,Bitget USDT Futures,AAVEUSDT,128.97,191702.1000000002,24723819.837000027,0.0001,,OK,
2026-09-08T13:00:00Z,Bitget USDT Futures,AVAXUSDT,8.026,2819435.3,22628787.7178,1.8e-05,,OK,
2026-09-08T13:00:00Z,Bitget USDT Futures,BTCUSDT,78355.0,35207.82559999988,2758709174.8879905,0.0001,,OK,
2026-09-08T13:00:00Z,Bitget USDT Futures,CAKEUSDT,2.3116,761498.9999999998,1760281.0883999993,5e-05,,OK,
2026-09-08T13:00:00Z,Bitget USDT Futures,CCUSDT,0.10378,8560670.0,888426.3326,5e-05,,OK,
2026-09-08T13:00:00Z,Bitget USDT Futures,ENAUSDT,0.15884,236366964.0,37544528.56176,5e-05,,OK,
2026-09-08T13:00:00Z,Bitget USDT Futures,ETHUSDT,2469.13,818451.5299999998,2020863226.2688997,9.1e-05,,OK,
2026-09-08T13:00:00Z,Bitget USDT Futures,HBARUSDT,0.08011,169734019.0,13597392.26209,0.0001,,OK,
2026-09-08T13:00:00Z,Bitget USDT Futures,HYPEUSDT,82.958,2350621.64,195002870.01112002,5e-05,,OK,
2026-09-08T13:00:00Z,Bitget USDT Futures,LINKUSDT,12.495,4087002.0,51067089.989999995,6.4e-05,,OK,
2026-09-08T13:00:00Z,Bitget USDT Futures,MORPHOUSDT,2.4393,1040971.0,2539240.5603,3.8e-05,,OK,
2026-09-08T13:00:00Z,Bitget USDT Futures,NEARUSDT,2.2931,16770025.0,38455344.3275,0.0001,,OK,
2026-09-08T13:00:00Z,Bitget USDT Futures,ONDOUSDT,0.3761,53945078.699999996,20288744.099069998,5e-05,,OK,
2026-09-08T13:00:00Z,Bitget USDT Futures,SEIUSDT,0.04972,135420760.0,6733120.1872,0.0001,,OK,
2026-09-08T13:00:00Z,Bitget USDT Futures,SOLUSDT,102.794,4508955.599999962,463493581.9463961,4.9e-05,,OK,
2026-09-08T13:00:00Z,Bitget USDT Futures,SUIUSDT,0.8109,64957513.50000001,52674047.69715,8.9e-05,,OK,
2026-09-08T13:00:00Z,Bitget USDT Futures,TAOUSDT,252.51,108276.80000000002,27340974.768000003,5e-05,,OK,
2026-09-08T13:00:00Z,Bitget USDT Futures,UNIUSDT,6.936,3874928.0,26876500.608,2.7e-05,,OK,
2026-09-08T13:00:00Z,Bitget USDT Futures,XLMUSDT,0.18837,131839064.0,24834524.485680003,0.0001,,OK,
2026-09-08T13:00:00Z,Bitget USDT Futures,XRPUSDT,1.4,169700408.0,237580571.2,0.0001,,OK,
2026-09-08T13:00:00Z,Bitget USDT Futures,ZECUSDT,1155.93,111228.36799999903,128572207.42223889,2e-06,,OK,
2026-09-08T14:00:00Z,Bitget USDT Futures,AAVEUSDT,128.8,193004.8000000002,24859018.24000003,0.0001,,OK,
2026-09-08T14:00:00Z,Bitget USDT Futures,AVAXUSDT,7.97,2840290.3,22637113.691,-2.5e-05,,OK,
2026-09-08T14:00:00Z,Bitget USDT Futures,BTCUSDT,78320.9,35551.879499999864,2784455199.1315393,0.0001,,OK,
2026-09-08T14:00:00Z,Bitget USDT Futures,CAKEUSDT,2.2865,782433.9999999998,1789035.3409999995,5e-05,,OK,
2026-09-08T14:00:00Z,Bitget USDT Futures,CCUSDT,0.10428,9134518.0,952547.53704,5e-05,,OK,
2026-09-08T14:00:00Z,Bitget USDT Futures,ENAUSDT,0.16086,236630760.0,38064424.0536,5e-05,,OK,
2026-09-08T14:00:00Z,Bitget USDT Futures,ETHUSDT,2481.73,817769.5899999997,2029483324.5906994,0.0001,,OK,
2026-09-08T14:00:00Z,Bitget USDT Futures,HBARUSDT,0.08017,172803285.0,13853639.358450001,0.0001,,OK,
2026-09-08T14:00:00Z,Bitget USDT Futures,HYPEUSDT,83.406,2353663.2299999995,196309635.36137998,5e-05,,OK,
2026-09-08T14:00:00Z,Bitget USDT Futures,LINKUSDT,12.525,4057590.0,50821314.75,5.5e-05,,OK,
2026-09-08T14:00:00Z,Bitget USDT Futures,MORPHOUSDT,2.4163,1040091.0,2513171.8833000003,3.8e-05,,OK,
2026-09-08T14:00:00Z,Bitget USDT Futures,NEARUSDT,2.3241,16653472.0,38704334.2752,0.0001,,OK,
2026-09-08T14:00:00Z,Bitget USDT Futures,ONDOUSDT,0.3774,53388344.9,20148761.36526,5e-05,,OK,
2026-09-08T14:00:00Z,Bitget USDT Futures,SEIUSDT,0.04982,134968310.0,6724121.2042000005,0.0001,,OK,
2026-09-08T14:00:00Z,Bitget USDT Futures,SOLUSDT,103.017,4526157.899999964,466271208.3842963,4.6e-05,,OK,
2026-09-08T14:00:00Z,Bitget USDT Futures,SUIUSDT,0.8114,65230582.70000001,52928094.80278001,5.1e-05,,OK,
2026-09-08T14:00:00Z,Bitget USDT Futures,TAOUSDT,253.33,107100.03000000001,27131650.599900004,5e-05,,OK,
2026-09-08T14:00:00Z,Bitget USDT Futures,UNIUSDT,6.925,3817346.0,26435121.05,4.6e-05,,OK,
2026-09-08T14:00:00Z,Bitget USDT Futures,XLMUSDT,0.18895,131875236.0,24917825.8422,0.0001,,OK,
2026-09-08T14:00:00Z,Bitget USDT Futures,XRPUSDT,1.4089,169222527.0,238417618.2903,0.0001,,OK,
2026-09-08T14:00:00Z,Bitget USDT Futures,ZECUSDT,1164.97,109385.05299999902,127430305.19340886,-3.3e-05,,OK,
2026-09-08T15:00:00Z,Bitget USDT Futures,AAVEUSDT,129.83,193243.3000000002,25088777.63900003,0.0001,,OK,
2026-09-08T15:00:00Z,Bitget USDT Futures,AVAXUSDT,8.099,2854303.3,23117002.4267,-2.6e-05,,OK,
2026-09-08T15:00:00Z,Bitget USDT Futures,BTCUSDT,78582.5,35268.470499999865,2771484583.0662394,0.0001,,OK,
2026-09-08T15:00:00Z,Bitget USDT Futures,CAKEUSDT,2.2857,807104.5999999997,1844798.9842199993,5e-05,,OK,
2026-09-08T15:00:00Z,Bitget USDT Futures,CCUSDT,0.10579,9244488.0,977974.38552,5e-05,,OK,
2026-09-08T15:00:00Z,Bitget USDT Futures,ENAUSDT,0.16202,236310666.0,38287054.10532,5e-05,,OK,
2026-09-08T15:00:00Z,Bitget USDT Futures,ETHUSDT,2487.6,812357.3099999998,2020820044.3559995,8.7e-05,,OK,
2026-09-08T15:00:00Z,Bitget USDT Futures,HBARUSDT,0.08062,171714505.0,13843623.393099999,0.0001,,OK,
2026-09-08T15:00:00Z,Bitget USDT Futures,HYPEUSDT,83.939,2365729.06,198576931.56734,5e-05,,OK,
2026-09-08T15:00:00Z,Bitget USDT Futures,LINKUSDT,12.636,4072347.0,51458176.691999994,4.3e-05,,OK,
2026-09-08T15:00:00Z,Bitget USDT Futures,MORPHOUSDT,2.4333,1034835.0,2518064.0055,5e-05,,OK,
2026-09-08T15:00:00Z,Bitget USDT Futures,NEARUSDT,2.4198,16716602.0,40450833.5196,0.0001,,OK,
2026-09-08T15:00:00Z,Bitget USDT Futures,ONDOUSDT,0.381,53609130.199999996,20425078.6062,5e-05,,OK,
2026-09-08T15:00:00Z,Bitget USDT Futures,SEIUSDT,0.05137,135723322.0,6972107.05114,0.0001,,OK,
2026-09-08T15:00:00Z,Bitget USDT Futures,SOLUSDT,103.607,4519028.399999964,468202975.4387963,4e-05,,OK,
2026-09-08T15:00:00Z,Bitget USDT Futures,SUIUSDT,0.8282,65145894.6,53953829.90772001,4.9e-05,,OK,
2026-09-08T15:00:00Z,Bitget USDT Futures,TAOUSDT,259.95,107276.89200000002,27886628.075400006,5e-05,,OK,
2026-09-08T15:00:00Z,Bitget USDT Futures,UNIUSDT,6.872,3815648.0,26221133.055999998,6.8e-05,,OK,
2026-09-08T15:00:00Z,Bitget USDT Futures,XLMUSDT,0.19076,132359118.0,25248825.349680003,0.0001,,OK,
2026-09-08T15:00:00Z,Bitget USDT Futures,XRPUSDT,1.416,168460660.0,238540294.55999997,0.0001,,OK,
2026-09-08T15:00:00Z,Bitget USDT Futures,ZECUSDT,1178.89,109186.32699999902,128718669.03702885,-0.000124,,OK,
2026-09-08T16:00:00Z,Bitget USDT Futures,AAVEUSDT,129.76,191695.4000000002,24874395.104000024,0.0001,,OK,
2026-09-08T16:00:00Z,Bitget USDT Futures,AVAXUSDT,8.029,2886411.3,23174996.327699997,5.6e-05,,OK,
2026-09-08T16:00:00Z,Bitget USDT Futures,BTCUSDT,78559.6,35128.39659999987,2759672785.5373497,0.0001,,OK,
2026-09-08T16:00:00Z,Bitget USDT Futures,CAKEUSDT,2.2978,773005.1999999997,1776211.3485599994,5e-05,,OK,
2026-09-08T16:00:00Z,Bitget USDT Futures,CCUSDT,0.10544,9560370.0,1008045.4128,5e-05,,OK,
2026-09-08T16:00:00Z,Bitget USDT Futures,ENAUSDT,0.16128,236694726.0,38174125.40928,5e-05,,OK,
2026-09-08T16:00:00Z,Bitget USDT Futures,ETHUSDT,2486.81,808336.8800000001,2010180236.5528002,7.2e-05,,OK,
2026-09-08T16:00:00Z,Bitget USDT Futures,HBARUSDT,0.0803,172114967.0,13820831.8501,0.0001,,OK,
2026-09-08T16:00:00Z,Bitget USDT Futures,HYPEUSDT,83.655,2374276.9599999995,198620139.08879995,5e-05,,OK,
2026-09-08T16:00:00Z,Bitget USDT Futures,LINKUSDT,12.633,4080127.0,51544244.390999995,3.8e-05,,OK,
2026-09-08T16:00:00Z,Bitget USDT Futures,MORPHOUSDT,2.4194,1039139.0,2514092.8966,5e-05,,OK,
2026-09-08T16:00:00Z,Bitget USDT Futures,NEARUSDT,2.3758,16579835.0,39390371.993,0.0001,,OK,
2026-09-08T16:00:00Z,Bitget USDT Futures,ONDOUSDT,0.382,53808742.099999994,20554939.482199997,5e-05,,OK,
2026-09-08T16:00:00Z,Bitget USDT Futures,SEIUSDT,0.05064,136261356.0,6900275.06784,0.0001,,OK,
2026-09-08T16:00:00Z,Bitget USDT Futures,SOLUSDT,103.579,4505440.199999959,466668990.47579575,3.1e-05,,OK,
2026-09-08T16:00:00Z,Bitget USDT Futures,SUIUSDT,0.8188,65542329.7,53666059.55836,8.2e-05,,OK,
2026-09-08T16:00:00Z,Bitget USDT Futures,TAOUSDT,265.52,106558.92700000003,28293526.297040004,5e-05,,OK,
2026-09-08T16:00:00Z,Bitget USDT Futures,UNIUSDT,6.836,3818567.0,26103724.012000002,0.0001,,OK,
2026-09-08T16:00:00Z,Bitget USDT Futures,XLMUSDT,0.19135,131471990.0,25157165.2865,0.0001,,OK,
2026-09-08T16:00:00Z,Bitget USDT Futures,XRPUSDT,1.427,167072518.0,238412483.18600002,0.0001,,OK,
2026-09-08T16:00:00Z,Bitget USDT Futures,ZECUSDT,1187.42,109508.10399999903,130032112.85167886,-0.000267,,OK,
2026-09-08T17:00:00Z,Bitget USDT Futures,AAVEUSDT,129.87,191730.4000000002,24900027.048000026,0.0001,,OK,
2026-09-08T17:00:00Z,Bitget USDT Futures,AVAXUSDT,8.03,2904676.4,23324551.492,9.8e-05,,OK,
2026-09-08T17:00:00Z,Bitget USDT Futures,BTCUSDT,78625.0,35073.159399999866,2757627157.8249893,9.9e-05,,OK,
2026-09-08T17:00:00Z,Bitget USDT Futures,CAKEUSDT,2.2957,768860.7999999997,1765073.7385599993,5e-05,,OK,
2026-09-08T17:00:00Z,Bitget USDT Futures,CCUSDT,0.10803,9681553.0,1045898.17059,5e-05,,OK,
2026-09-08T17:00:00Z,Bitget USDT Futures,ENAUSDT,0.16158,235892159.0,38115455.05122,5e-05,,OK,
2026-09-08T17:00:00Z,Bitget USDT Futures,ETHUSDT,2493.8,807721.1300000002,2014294953.9940007,7.2e-05,,OK,
2026-09-08T17:00:00Z,Bitget USDT Futures,HBARUSDT,0.07962,171946456.0,13690376.82672,0.0001,,OK,
2026-09-08T17:00:00Z,Bitget USDT Futures,HYPEUSDT,84.044,2370681.859999999,199241586.24183992,5e-05,,OK,
2026-09-08T17:00:00Z,Bitget USDT Futures,LINKUSDT,12.718,4101274.0,52160002.732,4.6e-05,,OK,
2026-09-08T17:00:00Z,Bitget USDT Futures,MORPHOUSDT,2.4158,1042325.0,2518048.735,5e-05,,OK,
2026-09-08T17:00:00Z,Bitget USDT Futures,NEARUSDT,2.3744,16543456.0,39280781.9264,0.0001,,OK,
2026-09-08T17:00:00Z,Bitget USDT Futures,ONDOUSDT,0.381,53700916.099999994,20460049.0341,5e-05,,OK,
2026-09-08T17:00:00Z,Bitget USDT Futures,SEIUSDT,0.05009,136905168.0,6857579.86512,0.0001,,OK,
2026-09-08T17:00:00Z,Bitget USDT Futures,SOLUSDT,103.976,4495971.399999959,467473122.2863958,3.1e-05,,OK,
2026-09-08T17:00:00Z,Bitget USDT Futures,SUIUSDT,0.8268,64881545.10000001,53644061.488680005,0.0001,,OK,
2026-09-08T17:00:00Z,Bitget USDT Futures,TAOUSDT,266.36,104885.49100000002,27937299.382760007,5e-05,,OK,
2026-09-08T17:00:00Z,Bitget USDT Futures,UNIUSDT,6.878,3794353.0,26097559.934,0.0001,,OK,
2026-09-08T17:00:00Z,Bitget USDT Futures,XLMUSDT,0.19086,130840296.0,24972178.89456,0.0001,,OK,
2026-09-08T17:00:00Z,Bitget USDT Futures,XRPUSDT,1.4311,166395060.0,238127970.366,0.0001,,OK,
2026-09-08T17:00:00Z,Bitget USDT Futures,ZECUSDT,1187.21,106763.96099999906,126751242.13880889,-0.0004,,OK,
2026-09-08T18:00:00Z,Bitget USDT Futures,AAVEUSDT,130.15,192360.8000000002,25035758.120000027,0.0001,,OK,
2026-09-08T18:00:00Z,Bitget USDT Futures,AVAXUSDT,8.036,2897142.5,23281437.13,8.4e-05,,OK,
2026-09-08T18:00:00Z,Bitget USDT Futures,BTCUSDT,78736.4,34946.69449999987,2751576916.829789,7.5e-05,,OK,
2026-09-08T18:00:00Z,Bitget USDT Futures,CAKEUSDT,2.2886,770026.3999999998,1762282.4190399996,5e-05,,OK,
2026-09-08T18:00:00Z,Bitget USDT Futures,CCUSDT,0.10783,9831096.0,1060087.08168,5e-05,,OK,
2026-09-08T18:00:00Z,Bitget USDT Futures,ENAUSDT,0.16078,236371112.0,38003747.38736,5e-05,,OK,
2026-09-08T18:00:00Z,Bitget USDT Futures,ETHUSDT,2500.29,807600.8400000002,2019236304.2436004,7.8e-05,,OK,
2026-09-08T18:00:00Z,Bitget USDT Futures,HBARUSDT,0.07996,173687145.0,13888024.1142,0.0001,,OK,
2026-09-08T18:00:00Z,Bitget USDT Futures,HYPEUSDT,84.382,2373531.149999999,200283305.4992999,5e-05,,OK,
2026-09-08T18:00:00Z,Bitget USDT Futures,LINKUSDT,12.741,4113320.0,52407810.12,9.1e-05,,OK,
2026-09-08T18:00:00Z,Bitget USDT Futures,MORPHOUSDT,2.4084,1044437.0,2515422.0708,5e-05,,OK,
2026-09-08T18:00:00Z,Bitget USDT Futures,NEARUSDT,2.37,16517432.0,39146313.84,0.0001,,OK,
2026-09-08T18:00:00Z,Bitget USDT Futures,ONDOUSDT,0.3802,54431567.699999996,20694882.039539997,5e-05,,OK,
2026-09-08T18:00:00Z,Bitget USDT Futures,SEIUSDT,0.05029,137495912.0,6914669.41448,0.0001,,OK,
2026-09-08T18:00:00Z,Bitget USDT Futures,SOLUSDT,104.307,4501038.999999959,469489874.97299576,2.4e-05,,OK,
2026-09-08T18:00:00Z,Bitget USDT Futures,SUIUSDT,0.8254,64978241.400000006,53633040.451560006,0.0001,,OK,
2026-09-08T18:00:00Z,Bitget USDT Futures,TAOUSDT,262.76,104595.79000000002,27483589.780400004,5e-05,,OK,
2026-09-08T18:00:00Z,Bitget USDT Futures,UNIUSDT,6.896,3788589.0,26126109.744,0.0001,,OK,
2026-09-08T18:00:00Z,Bitget USDT Futures,XLMUSDT,0.19061,130702684.0,24913238.59724,0.0001,,OK,
2026-09-08T18:00:00Z,Bitget USDT Futures,XRPUSDT,1.4432,165555062.0,238929065.4784,9.4e-05,,OK,
2026-09-08T18:00:00Z,Bitget USDT Futures,ZECUSDT,1178.8,108218.71699999907,127568223.5995989,-0.000399,,OK,
2026-09-08T19:00:00Z,Bitget USDT Futures,AAVEUSDT,129.16,193433.8000000002,24983909.608000025,0.0001,,OK,
2026-09-08T19:00:00Z,Bitget USDT Futures,AVAXUSDT,7.999,2890275.5,23119313.7245,7.3e-05,,OK,
2026-09-08T19:00:00Z,Bitget USDT Futures,BTCUSDT,78451.2,34925.73819999987,2739966072.6758294,6.2e-05,,OK,
2026-09-08T19:00:00Z,Bitget USDT Futures,CAKEUSDT,2.2724,770776.7999999997,1751513.2003199994,5e-05,,OK,
2026-09-08T19:00:00Z,Bitget USDT Futures,CCUSDT,0.107,9585564.0,1025655.348,5e-05,,OK,
2026-09-08T19:00:00Z,Bitget USDT Futures,ENAUSDT,0.15985,235329753.0,37617461.01705,5e-05,,OK,
2026-09-08T19:00:00Z,Bitget USDT Futures,ETHUSDT,2486.48,800959.9800000002,1991570971.0704005,7.3e-05,,OK,
2026-09-08T19:00:00Z,Bitget USDT Futures,HBARUSDT,0.07947,173639525.0,13799133.05175,0.0001,,OK,
2026-09-08T19:00:00Z,Bitget USDT Futures,HYPEUSDT,84.447,2372626.8199999984,200361217.0685399,5e-05,,OK,
2026-09-08T19:00:00Z,Bitget USDT Futures,LINKUSDT,12.621,4107566.0,51841590.486,0.0001,,OK,
2026-09-08T19:00:00Z,Bitget USDT Futures,MORPHOUSDT,2.3854,1044955.0,2492635.657,5e-05,,OK,
2026-09-08T19:00:00Z,Bitget USDT Futures,NEARUSDT,2.3581,16505636.0,38921940.2516,0.0001,,OK,
2026-09-08T19:00:00Z,Bitget USDT Futures,ONDOUSDT,0.3769,54078729.99999999,20382273.336999997,5e-05,,OK,
2026-09-08T19:00:00Z,Bitget USDT Futures,SEIUSDT,0.04963,138009605.0,6849416.69615,0.0001,,OK,
2026-09-08T19:00:00Z,Bitget USDT Futures,SOLUSDT,103.378,4504962.899999959,465714054.6761958,1.4e-05,,OK,
2026-09-08T19:00:00Z,Bitget USDT Futures,SUIUSDT,0.8131,64673239.400000006,52585810.956140004,0.0001,,OK,
2026-09-08T19:00:00Z,Bitget USDT Futures,TAOUSDT,259.44,104934.00500000002,27224078.257200006,5e-05,,OK,
2026-09-08T19:00:00Z,Bitget USDT Futures,UNIUSDT,6.812,3777711.0,25733767.332000002,0.0001,,OK,
2026-09-08T19:00:00Z,Bitget USDT Futures,XLMUSDT,0.18892,130537142.0,24661076.86664,0.0001,,OK,
2026-09-08T19:00:00Z,Bitget USDT Futures,XRPUSDT,1.4292,164736441.0,235441321.4772,7.9e-05,,OK,
2026-09-08T19:00:00Z,Bitget USDT Futures,ZECUSDT,1152.84,107556.64599999906,123995603.7746389,-0.000353,,OK,
2026-09-08T20:00:00Z,Bitget USDT Futures,AAVEUSDT,129.17,193322.6000000002,24971480.242000025,0.0001,,OK,
2026-09-08T20:00:00Z,Bitget USDT Futures,AVAXUSDT,8.015,2882613.3,23104145.5995,5.6e-05,,OK,
2026-09-08T20:00:00Z,Bitget USDT Futures,BTCUSDT,78523.1,35026.00249999987,2750350296.90774,5.1e-05,,OK,
2026-09-08T20:00:00Z,Bitget USDT Futures,CAKEUSDT,2.2699,770006.9999999998,1747838.8892999992,2.6e-05,,OK,
2026-09-08T20:00:00Z,Bitget USDT Futures,CCUSDT,0.10799,9675940.0,1044904.7606,5e-05,,OK,
2026-09-08T20:00:00Z,Bitget USDT Futures,ENAUSDT,0.16005,235097332.0,37627327.9866,5e-05,,OK,
2026-09-08T20:00:00Z,Bitget USDT Futures,ETHUSDT,2487.0,800708.2800000001,1991361492.3600004,6.9e-05,,OK,
2026-09-08T20:00:00Z,Bitget USDT Futures,HBARUSDT,0.07968,173634689.0,13835212.01952,0.0001,,OK,
2026-09-08T20:00:00Z,Bitget USDT Futures,HYPEUSDT,84.38,2366805.819999999,199711075.09159988,5e-05,,OK,
2026-09-08T20:00:00Z,Bitget USDT Futures,LINKUSDT,12.568,4090088.0,51404225.984,0.0001,,OK,
2026-09-08T20:00:00Z,Bitget USDT Futures,MORPHOUSDT,2.3893,1068691.0,2553423.4063,5e-05,,OK,
2026-09-08T20:00:00Z,Bitget USDT Futures,NEARUSDT,2.324,16601682.0,38582308.967999995,0.0001,,OK,
2026-09-08T20:00:00Z,Bitget USDT Futures,ONDOUSDT,0.3781,54074032.199999996,20445391.574819997,5e-05,,OK,
2026-09-08T20:00:00Z,Bitget USDT Futures,SEIUSDT,0.04983,137724824.0,6862827.97992,0.0001,,OK,
2026-09-08T20:00:00Z,Bitget USDT Futures,SOLUSDT,103.434,4495107.299999959,464946928.46819574,-2e-06,,OK,
2026-09-08T20:00:00Z,Bitget USDT Futures,SUIUSDT,0.8171,64552199.10000001,52745601.88461001,0.0001,,OK,
2026-09-08T20:00:00Z,Bitget USDT Futures,TAOUSDT,259.57,105367.75000000003,27350306.867500007,5e-05,,OK,
2026-09-08T20:00:00Z,Bitget USDT Futures,UNIUSDT,6.772,3765503.0,25499986.316,0.0001,,OK,
2026-09-08T20:00:00Z,Bitget USDT Futures,XLMUSDT,0.18895,130153136.0,24592435.0472,0.0001,,OK,
2026-09-08T20:00:00Z,Bitget USDT Futures,XRPUSDT,1.4226,164474156.0,233980934.32560003,4.5e-05,,OK,
2026-09-08T20:00:00Z,Bitget USDT Futures,ZECUSDT,1147.62,106951.74999999904,122739967.33499889,-0.000246,,OK,
2026-09-08T21:00:00Z,Bitget USDT Futures,AAVEUSDT,129.16,193868.6000000002,25040068.376000028,0.0001,,OK,
2026-09-08T21:00:00Z,Bitget USDT Futures,AVAXUSDT,8.0,2891084.9,23128679.2,5e-05,,OK,
2026-09-08T21:00:00Z,Bitget USDT Futures,BTCUSDT,78540.1,34912.307699999874,2742016137.9887605,4.4e-05,,OK,
2026-09-08T21:00:00Z,Bitget USDT Futures,CAKEUSDT,2.2806,772247.3999999998,1761187.4204399996,3e-05,,OK,
2026-09-08T21:00:00Z,Bitget USDT Futures,CCUSDT,0.10786,9676658.0,1043724.33188,5e-05,,OK,
2026-09-08T21:00:00Z,Bitget USDT Futures,ENAUSDT,0.16017,235117076.0,37658702.062920004,5e-05,,OK,
2026-09-08T21:00:00Z,Bitget USDT Futures,ETHUSDT,2486.03,800981.8400000002,1991264883.6952007,6.9e-05,,OK,
2026-09-08T21:00:00Z,Bitget USDT Futures,HBARUSDT,0.07926,173573483.0,13757434.26258,0.0001,,OK,
2026-09-08T21:00:00Z,Bitget USDT Futures,HYPEUSDT,84.485,2366253.1399999987,199912896.5328999,4.2e-05,,OK,
2026-09-08T21:00:00Z,Bitget USDT Futures,LINKUSDT,12.551,4094105.0,51385111.855000004,0.0001,,OK,
2026-09-08T21:00:00Z,Bitget USDT Futures,MORPHOUSDT,2.3775,1080785.0,2569566.3375,5e-05,,OK,
2026-09-08T21:00:00Z,Bitget USDT Futures,NEARUSDT,2.3265,16551031.0,38505973.62149999,0.0001,,OK,
2026-09-08T21:00:00Z,Bitget USDT Futures,ONDOUSDT,0.3768,54299002.099999994,20459863.99128,5e-05,,OK,
2026-09-08T21:00:00Z,Bitget USDT Futures,SEIUSDT,0.04987,137717220.0,6867957.761399999,0.0001,,OK,
2026-09-08T21:00:00Z,Bitget USDT Futures,SOLUSDT,103.292,4480631.79999996,462813419.88559586,-3e-06,,OK,
2026-09-08T21:00:00Z,Bitget USDT Futures,SUIUSDT,0.813,64453020.70000001,52400305.829100005,0.0001,,OK,
2026-09-08T21:00:00Z,Bitget USDT Futures,TAOUSDT,259.56,105059.79200000003,27269319.611520007,5e-05,,OK,
2026-09-08T21:00:00Z,Bitget USDT Futures,UNIUSDT,6.758,3781900.0,25558080.2,0.0001,,OK,
2026-09-08T21:00:00Z,Bitget USDT Futures,XLMUSDT,0.18884,129595682.0,24472848.588880002,0.0001,,OK,
2026-09-08T21:00:00Z,Bitget USDT Futures,XRPUSDT,1.4208,164296772.0,233432853.65760002,1.5e-05,,OK,
2026-09-08T21:00:00Z,Bitget USDT Futures,ZECUSDT,1171.46,107475.06399999905,125902738.47343889,-0.000165,,OK,
2026-09-08T22:00:00Z,Bitget USDT Futures,AAVEUSDT,129.01,193976.2,25024869.562,0.0001,,OK,
2026-09-08T22:00:00Z,Bitget USDT Futures,AVAXUSDT,7.963,2880737.3,22939311.1199,4.4e-05,,OK,
2026-09-08T22:00:00Z,Bitget USDT Futures,BTCUSDT,78452.9,34878.28189999987,2736302362.0724998,4.8e-05,,OK,
2026-09-08T22:00:00Z,Bitget USDT Futures,CAKEUSDT,2.273,769917.5999999997,1750022.7047999995,5e-05,,OK,
2026-09-08T22:00:00Z,Bitget USDT Futures,CCUSDT,0.10695,9655260.0,1032630.057,5e-05,,OK,
2026-09-08T22:00:00Z,Bitget USDT Futures,ENAUSDT,0.15967,235352696.0,37578764.97032,5e-05,,OK,
2026-09-08T22:00:00Z,Bitget USDT Futures,ETHUSDT,2483.64,801084.7700000003,1989606178.1628006,6.2e-05,,OK,
2026-09-08T22:00:00Z,Bitget USDT Futures,HBARUSDT,0.0792,173849231.0,13768859.0952,0.0001,,OK,
2026-09-08T22:00:00Z,Bitget USDT Futures,HYPEUSDT,84.66,2365687.149999999,200279074.1189999,3.9e-05,,OK,
2026-09-08T22:00:00Z,Bitget USDT Futures,LINKUSDT,12.503,4096000.0,51212288.0,0.0001,,OK,
2026-09-08T22:00:00Z,Bitget USDT Futures,MORPHOUSDT,2.3778,1091433.0,2595209.3874000004,5e-05,,OK,
2026-09-08T22:00:00Z,Bitget USDT Futures,NEARUSDT,2.3011,16672401.0,38364861.9411,0.0001,,OK,
2026-09-08T22:00:00Z,Bitget USDT Futures,ONDOUSDT,0.3753,53951450.3,20247979.29759,5e-05,,OK,
2026-09-08T22:00:00Z,Bitget USDT Futures,SEIUSDT,0.04944,137581562.0,6802032.42528,0.0001,,OK,
2026-09-08T22:00:00Z,Bitget USDT Futures,SOLUSDT,103.213,4478660.79999996,462256017.1503958,-3e-06,,OK,
2026-09-08T22:00:00Z,Bitget USDT Futures,SUIUSDT,0.8122,64517841.900000006,52401391.191180006,0.0001,,OK,
2026-09-08T22:00:00Z,Bitget USDT Futures,TAOUSDT,257.12,105335.26200000002,27083802.565440007,5e-05,,OK,
2026-09-08T22:00:00Z,Bitget USDT Futures,UNIUSDT,6.709,3775298.0,25328474.281999998,0.0001,,OK,
2026-09-08T22:00:00Z,Bitget USDT Futures,XLMUSDT,0.18871,129428748.0,24424499.035079997,0.0001,,OK,
2026-09-08T22:00:00Z,Bitget USDT Futures,XRPUSDT,1.4189,165787196.0,235235452.40440002,8e-06,,OK,
2026-09-08T22:00:00Z,Bitget USDT Futures,ZECUSDT,1169.44,106195.32099999906,124189056.19023891,-7.5e-05,,OK,
2026-09-08T23:00:00Z,Bitget USDT Futures,AAVEUSDT,128.91,194027.40000000002,25012072.134000003,0.0001,,OK,
2026-09-08T23:00:00Z,Bitget USDT Futures,AVAXUSDT,7.983,2888270.9,23057066.594699997,3.6e-05,,OK,
2026-09-08T23:00:00Z,Bitget USDT Futures,BTCUSDT,78456.7,34899.89689999987,2738130741.1142197,5.8e-05,,OK,
2026-09-08T23:00:00Z,Bitget USDT Futures,CAKEUSDT,2.2746,769054.5999999997,1749291.5931599995,5e-05,,OK,
2026-09-08T23:00:00Z,Bitget USDT Futures,CCUSDT,0.10762,9658484.0,1039446.04808,5e-05,,OK,
2026-09-08T23:00:00Z,Bitget USDT Futures,ENAUSDT,0.1594,236491454.0,37696737.7676,5e-05,,OK,
2026-09-08T23:00:00Z,Bitget USDT Futures,ETHUSDT,2483.24,801433.3200000003,1990151277.5568006,6.8e-05,,OK,
2026-09-08T23:00:00Z,Bitget USDT Futures,HBARUSDT,0.07922,174093873.0,13791716.61906,0.0001,,OK,
2026-09-08T23:00:00Z,Bitget USDT Futures,HYPEUSDT,84.734,2365771.419999999,200461275.5022799,3.2e-05,,OK,
2026-09-08T23:00:00Z,Bitget USDT Futures,LINKUSDT,12.495,4098180.0,51206759.099999994,0.0001,,OK,
2026-09-08T23:00:00Z,Bitget USDT Futures,MORPHOUSDT,2.3753,1092237.0,2594390.5461000004,5e-05,,OK,
2026-09-08T23:00:00Z,Bitget USDT Futures,NEARUSDT,2.3106,16749272.0,38700867.8832,0.0001,,OK,
2026-09-08T23:00:00Z,Bitget USDT Futures,ONDOUSDT,0.3746,54317085.099999994,20347180.078459997,5e-05,,OK,
2026-09-08T23:00:00Z,Bitget USDT Futures,SEIUSDT,0.04936,137377740.0,6780965.2464000005,0.0001,,OK,
2026-09-08T23:00:00Z,Bitget USDT Futures,SOLUSDT,103.294,4483917.0999999605,463161732.9273959,2e-06,,OK,
2026-09-08T23:00:00Z,Bitget USDT Futures,SUIUSDT,0.8107,64239497.7,52078960.785390005,0.0001,,OK,
2026-09-08T23:00:00Z,Bitget USDT Futures,TAOUSDT,260.66,105108.70200000002,27397634.263320006,5e-05,,OK,
2026-09-08T23:00:00Z,Bitget USDT Futures,UNIUSDT,6.748,3747422.0,25287603.656,0.0001,,OK,
2026-09-08T23:00:00Z,Bitget USDT Futures,XLMUSDT,0.18781,129378718.0,24298617.02758,0.0001,,OK,
2026-09-08T23:00:00Z,Bitget USDT Futures,XRPUSDT,1.4172,166313980.0,235700172.456,1.4e-05,,OK,
2026-09-08T23:00:00Z,Bitget USDT Futures,ZECUSDT,1177.76,105691.75699999908,124479523.72431892,-5e-06,,OK,
2026-09-09T00:00:00Z,Bitget USDT Futures,AAVEUSDT,129.0,194489.7,25089171.3,0.0001,,OK,
2026-09-09T00:00:00Z,Bitget USDT Futures,AVAXUSDT,7.988,2879266.9,22999583.9972,5.7e-05,,OK,
2026-09-09T00:00:00Z,Bitget USDT Futures,BTCUSDT,78597.5,34890.13989999987,2742277770.79024,7.1e-05,,OK,
2026-09-09T00:00:00Z,Bitget USDT Futures,CAKEUSDT,2.2958,776711.3999999998,1783174.0321199994,5e-05,,OK,
2026-09-09T00:00:00Z,Bitget USDT Futures,CCUSDT,0.10822,9787484.0,1059201.5184799999,5e-05,,OK,
2026-09-09T00:00:00Z,Bitget USDT Futures,ENAUSDT,0.15991,236393336.0,37801658.35976,5e-05,,OK,
2026-09-09T00:00:00Z,Bitget USDT Futures,ETHUSDT,2489.91,798521.7900000003,1988247390.1389005,8.1e-05,,OK,
2026-09-09T00:00:00Z,Bitget USDT Futures,HBARUSDT,0.07899,174839437.0,13810567.128630001,0.0001,,OK,
2026-09-09T00:00:00Z,Bitget USDT Futures,HYPEUSDT,85.557,2363777.479999999,202237709.85635993,3.3e-05,,OK,
2026-09-09T00:00:00Z,Bitget USDT Futures,LINKUSDT,12.483,4092434.0,51085853.622,0.0001,,OK,
2026-09-09T00:00:00Z,Bitget USDT Futures,MORPHOUSDT,2.3669,1094049.0,2589504.5780999996,5e-05,,OK,
2026-09-09T00:00:00Z,Bitget USDT Futures,NEARUSDT,2.3439,16703154.0,39150522.6606,0.0001,,OK,
2026-09-09T00:00:00Z,Bitget USDT Futures,ONDOUSDT,0.3754,54758248.49999999,20556246.486899998,5e-05,,OK,
2026-09-09T00:00:00Z,Bitget USDT Futures,SEIUSDT,0.04958,137049640.0,6794921.1512,0.0001,,OK,
2026-09-09T00:00:00Z,Bitget USDT Futures,SOLUSDT,103.582,4487391.599999961,464812996.711196,1.6e-05,,OK,
2026-09-09T00:00:00Z,Bitget USDT Futures,SUIUSDT,0.818,64162608.300000004,52485013.5894,0.0001,,OK,
2026-09-09T00:00:00Z,Bitget USDT Futures,TAOUSDT,258.92,105070.93000000002,27204965.195600007,5e-05,,OK,
2026-09-09T00:00:00Z,Bitget USDT Futures,UNIUSDT,6.758,3769571.0,25474760.818,0.0001,,OK,
2026-09-09T00:00:00Z,Bitget USDT Futures,XLMUSDT,0.18805,129180622.0,24292415.9671,0.0001,,OK,
2026-09-09T00:00:00Z,Bitget USDT Futures,XRPUSDT,1.4196,165909378.0,235524953.0088,3.8e-05,,OK,
2026-09-09T00:00:00Z,Bitget USDT Futures,ZECUSDT,1185.24,104972.93699999909,124418123.84987892,-1.7e-05,,OK,
2026-09-09T01:00:00Z,Bitget USDT Futures,AAVEUSDT,128.83,195615.1,25201093.333000004,0.0001,,OK,
2026-09-09T01:00:00Z,Bitget USDT Futures,AVAXUSDT,7.967,2880528.3,22949168.966099996,4.2e-05,,OK,
2026-09-09T01:00:00Z,Bitget USDT Futures,BTCUSDT,78613.2,34902.19839999987,2743773503.2588696,7.8e-05,,OK,
2026-09-09T01:00:00Z,Bitget USDT Futures,CAKEUSDT,2.2716,771557.9999999998,1752671.1527999993,5e-05,,OK,
2026-09-09T01:00:00Z,Bitget USDT Futures,CCUSDT,0.10804,9893618.0,1068906.48872,5e-05,,OK,
2026-09-09T01:00:00Z,Bitget USDT Futures,ENAUSDT,0.15983,236745622.0,37839052.76426,5e-05,,OK,
2026-09-09T01:00:00Z,Bitget USDT Futures,ETHUSDT,2490.07,799503.6200000002,1990819979.0534008,9.7e-05,,OK,
2026-09-09T01:00:00Z,Bitget USDT Futures,HBARUSDT,0.07872,174826453.0,13762338.38016,0.0001,,OK,
2026-09-09T01:00:00Z,Bitget USDT Futures,HYPEUSDT,85.621,2367437.279999999,202702347.35087988,4.2e-05,,OK,
2026-09-09T01:00:00Z,Bitget USDT Futures,LINKUSDT,12.481,4119468.0,51415080.108,0.0001,,OK,
2026-09-09T01:00:00Z,Bitget USDT Futures,MORPHOUSDT,2.3381,1062215.0,2483564.8915,5e-05,,OK,
2026-09-09T01:00:00Z,Bitget USDT Futures,NEARUSDT,2.319,16694964.0,38715621.516,0.0001,,OK,
2026-09-09T01:00:00Z,Bitget USDT Futures,ONDOUSDT,0.3736,54385793.99999999,20318532.638399996,5e-05,,OK,
2026-09-09T01:00:00Z,Bitget USDT Futures,SEIUSDT,0.04933,137024232.0,6759405.36456,0.0001,,OK,
2026-09-09T01:00:00Z,Bitget USDT Futures,SOLUSDT,103.418,4503148.199999961,465706580.547596,2.2e-05,,OK,
2026-09-09T01:00:00Z,Bitget USDT Futures,SUIUSDT,0.8112,64520646.400000006,52339148.359680004,0.0001,,OK,
2026-09-09T01:00:00Z,Bitget USDT Futures,TAOUSDT,258.05,105391.88600000003,27196376.18230001,5e-05,,OK,
2026-09-09T01:00:00Z,Bitget USDT Futures,UNIUSDT,6.737,3765163.0,25365903.131,0.0001,,OK,
2026-09-09T01:00:00Z,Bitget USDT Futures,XLMUSDT,0.1877,128834402.0,24182217.255400002,0.0001,,OK,
2026-09-09T01:00:00Z,Bitget USDT Futures,XRPUSDT,1.4142,165542749.0,234110555.63579997,5.4e-05,,OK,
2026-09-09T01:00:00Z,Bitget USDT Futures,ZECUSDT,1182.34,105697.3059999991,124970152.77603891,-5.1e-05,,OK,
2026-09-09T02:00:00Z,Bitget USDT Futures,AAVEUSDT,129.09,194409.40000000002,25096309.446000002,0.0001,,OK,
2026-09-09T02:00:00Z,Bitget USDT Futures,AVAXUSDT,7.951,2880821.3,22905410.156299997,2.7e-05,,OK,
2026-09-09T02:00:00Z,Bitget USDT Futures,BTCUSDT,78741.6,34923.58069999987,2749938622.0471096,7.8e-05,,OK,
2026-09-09T02:00:00Z,Bitget USDT Futures,CAKEUSDT,2.2827,773307.1999999997,1765228.3454399996,5e-05,,OK,
2026-09-09T02:00:00Z,Bitget USDT Futures,CCUSDT,0.10778,9787344.0,1054879.93632,5e-05,,OK,
2026-09-09T02:00:00Z,Bitget USDT Futures,ENAUSDT,0.16014,237692073.0,38064008.57022,5e-05,,OK,
2026-09-09T02:00:00Z,Bitget USDT Futures,ETHUSDT,2493.33,798953.6700000003,1992055154.0211005,0.0001,,OK,
2026-09-09T02:00:00Z,Bitget USDT Futures,HBARUSDT,0.07868,174223927.0,13707938.57636,0.0001,,OK,
2026-09-09T02:00:00Z,Bitget USDT Futures,HYPEUSDT,85.481,2362570.3699999987,201954877.79796988,5e-05,,OK,
2026-09-09T02:00:00Z,Bitget USDT Futures,LINKUSDT,12.463,4128350.0,51451626.05,0.0001,,OK,
2026-09-09T02:00:00Z,Bitget USDT Futures,MORPHOUSDT,2.3284,1065847.0,2481718.1547999997,5e-05,,OK,
2026-09-09T02:00:00Z,Bitget USDT Futures,NEARUSDT,2.2919,16715954.0,38311294.9726,8.6e-05,,OK,
2026-09-09T02:00:00Z,Bitget USDT Futures,ONDOUSDT,0.3729,54716324.699999996,20403717.48063,5e-05,,OK,
2026-09-09T02:00:00Z,Bitget USDT Futures,SEIUSDT,0.04983,137087832.0,6831086.66856,0.0001,,OK,
2026-09-09T02:00:00Z,Bitget USDT Futures,SOLUSDT,103.542,4521415.399999961,468156393.346796,3.1e-05,,OK,
2026-09-09T02:00:00Z,Bitget USDT Futures,SUIUSDT,0.8147,64769909.20000001,52768045.025240004,0.0001,,OK,
2026-09-09T02:00:00Z,Bitget USDT Futures,TAOUSDT,255.15,105343.63000000002,26878427.194500007,5e-05,,OK,
2026-09-09T02:00:00Z,Bitget USDT Futures,UNIUSDT,6.803,3760411.0,25582076.033,0.0001,,OK,
2026-09-09T02:00:00Z,Bitget USDT Futures,XLMUSDT,0.18731,128600889.0,24088232.51859,0.0001,,OK,
2026-09-09T02:00:00Z,Bitget USDT Futures,XRPUSDT,1.4154,166922935.0,236262722.199,6.7e-05,,OK,
2026-09-09T02:00:00Z,Bitget USDT Futures,ZECUSDT,1182.03,105955.07499999907,125242077.3022489,-8e-05,,OK,
2026-09-09T03:00:00Z,Bitget USDT Futures,AAVEUSDT,128.05,193972.60000000003,24838191.430000007,0.0001,,OK,
2026-09-09T03:00:00Z,Bitget USDT Futures,AVAXUSDT,7.927,2873922.6999999997,22781585.242899995,1.4e-05,,OK,
2026-09-09T03:00:00Z,Bitget USDT Futures,BTCUSDT,78583.4,34933.75379999987,2745213148.3669095,7.6e-05,,OK,
2026-09-09T03:00:00Z,Bitget USDT Futures,CAKEUSDT,2.2688,770261.1999999997,1747568.6105599995,5e-05,,OK,
2026-09-09T03:00:00Z,Bitget USDT Futures,CCUSDT,0.10836,9969602.0,1080306.07272,5e-05,,OK,
2026-09-09T03:00:00Z,Bitget USDT Futures,ENAUSDT,0.15916,237174710.0,37748726.8436,5e-05,,OK,
2026-09-09T03:00:00Z,Bitget USDT Futures,ETHUSDT,2487.99,799660.0200000003,1989546133.1598005,0.0001,,OK,
2026-09-09T03:00:00Z,Bitget USDT Futures,HBARUSDT,0.07847,173895137.0,13645551.40039,0.0001,,OK,
2026-09-09T03:00:00Z,Bitget USDT Futures,HYPEUSDT,85.422,2373861.2999999975,202779979.96859977,5e-05,,OK,
2026-09-09T03:00:00Z,Bitget USDT Futures,LINKUSDT,12.4,4109034.0,50952021.6,0.0001,,OK,
2026-09-09T03:00:00Z,Bitget USDT Futures,MORPHOUSDT,2.3209,1060743.0,2461878.4287,5e-05,,OK,
2026-09-09T03:00:00Z,Bitget USDT Futures,NEARUSDT,2.2663,17094508.0,38741283.4804,0.0001,,OK,
2026-09-09T03:00:00Z,Bitget USDT Futures,ONDOUSDT,0.3706,54465923.5,20185071.2491,5e-05,,OK,
2026-09-09T03:00:00Z,Bitget USDT Futures,SEIUSDT,0.04937,137516266.0,6789178.05242,0.0001,,OK,
2026-09-09T03:00:00Z,Bitget USDT Futures,SOLUSDT,102.992,4539300.699999961,467511657.694396,2.7e-05,,OK,
2026-09-09T03:00:00Z,Bitget USDT Futures,SUIUSDT,0.8069,65285418.30000001,52678804.02627001,0.0001,,OK,
2026-09-09T03:00:00Z,Bitget USDT Futures,TAOUSDT,254.74,104761.21000000002,26686870.635400005,5e-05,,OK,
2026-09-09T03:00:00Z,Bitget USDT Futures,UNIUSDT,6.804,3764212.0,25611698.448000003,0.0001,,OK,
2026-09-09T03:00:00Z,Bitget USDT Futures,XLMUSDT,0.18668,128793592.0,24043187.75456,0.0001,,OK,
2026-09-09T03:00:00Z,Bitget USDT Futures,XRPUSDT,1.4114,165555155.0,233664545.767,9.6e-05,,OK,
2026-09-09T03:00:00Z,Bitget USDT Futures,ZECUSDT,1180.0,105992.65799999927,125071336.43999913,-0.000113,,OK,
2026-09-09T04:00:00Z,Bitget USDT Futures,AAVEUSDT,128.63,194553.80000000002,25025455.294,0.0001,,OK,
2026-09-09T04:00:00Z,Bitget USDT Futures,AVAXUSDT,7.974,2871883.6999999997,22900400.6238,1.2e-05,,OK,
2026-09-09T04:00:00Z,Bitget USDT Futures,BTCUSDT,78800.1,34991.09799999987,2757302021.50979,7.4e-05,,OK,
2026-09-09T04:00:00Z,Bitget USDT Futures,CAKEUSDT,2.2704,777640.9999999998,1765556.1263999995,5e-05,,OK,
2026-09-09T04:00:00Z,Bitget USDT Futures,CCUSDT,0.10844,8955140.0,971095.3816,5e-05,,OK,
2026-09-09T04:00:00Z,Bitget USDT Futures,ENAUSDT,0.16071,237406615.0,38153617.09665,5e-05,,OK,
2026-09-09T04:00:00Z,Bitget USDT Futures,ETHUSDT,2494.78,794712.2400000003,1982632202.107201,0.0001,,OK,
2026-09-09T04:00:00Z,Bitget USDT Futures,HBARUSDT,0.07899,173615645.0,13713899.79855,0.0001,,OK,
2026-09-09T04:00:00Z,Bitget USDT Futures,HYPEUSDT,85.488,2368362.219999998,202466549.4633598,4.5e-05,,OK,
2026-09-09T04:00:00Z,Bitget USDT Futures,LINKUSDT,12.462,4104356.0,51148484.471999995,0.0001,,OK,
2026-09-09T04:00:00Z,Bitget USDT Futures,MORPHOUSDT,2.3388,1059367.0,2477647.5396,5e-05,,OK,
2026-09-09T04:00:00Z,Bitget USDT Futures,NEARUSDT,2.296,16857472.0,38704755.712,0.0001,,OK,
2026-09-09T04:00:00Z,Bitget USDT Futures,ONDOUSDT,0.3719,54582743.5,20299322.30765,5e-05,,OK,
2026-09-09T04:00:00Z,Bitget USDT Futures,SEIUSDT,0.04992,137482223.0,6863112.57216,0.0001,,OK,
2026-09-09T04:00:00Z,Bitget USDT Futures,SOLUSDT,103.616,4520502.0999999605,468396345.5935959,1.4e-05,,OK,
2026-09-09T04:00:00Z,Bitget USDT Futures,SUIUSDT,0.811,65723921.90000001,53302100.66090001,8.1e-05,,OK,
2026-09-09T04:00:00Z,Bitget USDT Futures,TAOUSDT,257.0,104833.99800000002,26942337.486000005,5e-05,,OK,
2026-09-09T04:00:00Z,Bitget USDT Futures,UNIUSDT,6.823,3759213.0,25649110.299000002,0.0001,,OK,
2026-09-09T04:00:00Z,Bitget USDT Futures,XLMUSDT,0.18791,128983121.0,24237218.267109998,0.0001,,OK,
2026-09-09T04:00:00Z,Bitget USDT Futures,XRPUSDT,1.4246,165954036.0,236418119.6856,0.0001,,OK,
2026-09-09T04:00:00Z,Bitget USDT Futures,ZECUSDT,1202.11,106359.78199999926,127856157.54001911,-0.000121,,OK,
2026-09-09T05:00:00Z,Bitget USDT Futures,AAVEUSDT,130.16,194695.10000000003,25341514.216000006,0.0001,,OK,
2026-09-09T05:00:00Z,Bitget USDT Futures,AVAXUSDT,8.038,2885633.2,23194719.6616,4.6e-05,,OK,
2026-09-09T05:00:00Z,Bitget USDT Futures,BTCUSDT,79324.1,34869.66699999987,2766004952.07469,7.6e-05,,OK,
2026-09-09T05:00:00Z,Bitget USDT Futures,CAKEUSDT,2.2883,774386.9999999998,1772029.7720999995,5e-05,,OK,
2026-09-09T05:00:00Z,Bitget USDT Futures,CCUSDT,0.10942,9033576.0,988453.88592,5e-05,,OK,
2026-09-09T05:00:00Z,Bitget USDT Futures,ENAUSDT,0.16383,239013625.0,39157602.18375,5e-05,,OK,
2026-09-09T05:00:00Z,Bitget USDT Futures,ETHUSDT,2509.02,793685.6700000005,1991373219.7434013,9.4e-05,,OK,
2026-09-09T05:00:00Z,Bitget USDT Futures,HBARUSDT,0.07947,173564821.0,13793196.32487,0.0001,,OK,
2026-09-09T05:00:00Z,Bitget USDT Futures,HYPEUSDT,86.154,2370745.0399999986,204249168.1761599,2.9e-05,,OK,
2026-09-09T05:00:00Z,Bitget USDT Futures,LINKUSDT,12.576,4124378.0,51868177.728,0.0001,,OK,
2026-09-09T05:00:00Z,Bitget USDT Futures,MORPHOUSDT,2.3751,1060931.0,2519817.2181,5e-05,,OK,
2026-09-09T05:00:00Z,Bitget USDT Futures,NEARUSDT,2.3407,16678354.0,39039023.2078,0.0001,,OK,
2026-09-09T05:00:00Z,Bitget USDT Futures,ONDOUSDT,0.3776,54561527.9,20602432.935039997,5e-05,,OK,
2026-09-09T05:00:00Z,Bitget USDT Futures,SEIUSDT,0.05116,137213932.0,7019864.76112,0.0001,,OK,
2026-09-09T05:00:00Z,Bitget USDT Futures,SOLUSDT,104.624,4507094.69999996,471550275.8927958,1.1e-05,,OK,
2026-09-09T05:00:00Z,Bitget USDT Futures,SUIUSDT,0.8226,65917429.30000001,54223677.342180006,0.0001,,OK,
2026-09-09T05:00:00Z,Bitget USDT Futures,TAOUSDT,258.7,104982.73200000003,27159032.768400006,5e-05,,OK,
2026-09-09T05:00:00Z,Bitget USDT Futures,UNIUSDT,6.896,3735420.0,25759456.32,0.0001,,OK,
2026-09-09T05:00:00Z,Bitget USDT Futures,XLMUSDT,0.19037,128316584.0,24427628.09608,9.6e-05,,OK,
2026-09-09T05:00:00Z,Bitget USDT Futures,XRPUSDT,1.4346,165545326.0,237491324.67960003,0.0001,,OK,
2026-09-09T05:00:00Z,Bitget USDT Futures,ZECUSDT,1242.58,109462.40999999928,136015801.4177991,-0.000109,,OK,
2026-09-09T06:00:00Z,Bitget USDT Futures,AAVEUSDT,130.12,194864.6,25355781.752,0.0001,,OK,
2026-09-09T06:00:00Z,Bitget USDT Futures,AVAXUSDT,8.036,2883073.1,23168375.4316,5.1e-05,,OK,
2026-09-09T06:00:00Z,Bitget USDT Futures,BTCUSDT,79205.6,34714.11109999987,2749551998.14215,8.2e-05,,OK,
2026-09-09T06:00:00Z,Bitget USDT Futures,CAKEUSDT,2.297,762574.5999999997,1751633.8561999996,5e-05,,OK,
2026-09-09T06:00:00Z,Bitget USDT Futures,CCUSDT,0.10864,8991588.0,976846.12032,5e-05,,OK,
2026-09-09T06:00:00Z,Bitget USDT Futures,ENAUSDT,0.16676,241177854.0,40218818.93304,5e-05,,OK,
2026-09-09T06:00:00Z,Bitget USDT Futures,ETHUSDT,2502.6,787586.2100000007,1971013249.1460016,8.3e-05,,OK,
2026-09-09T06:00:00Z,Bitget USDT Futures,HBARUSDT,0.07945,173113939.0,13753902.453550002,0.0001,,OK,
2026-09-09T06:00:00Z,Bitget USDT Futures,HYPEUSDT,86.567,2377752.2699999986,205834880.75708985,3.6e-05,,OK,
2026-09-09T06:00:00Z,Bitget USDT Futures,LINKUSDT,12.58,4111384.0,51721210.72,0.0001,,OK,
2026-09-09T06:00:00Z,Bitget USDT Futures,MORPHOUSDT,2.3726,1073523.0,2547040.6698,5e-05,,OK,
2026-09-09T06:00:00Z,Bitget USDT Futures,NEARUSDT,2.3763,16621944.0,39498725.5272,0.0001,,OK,
2026-09-09T06:00:00Z,Bitget USDT Futures,ONDOUSDT,0.3779,55173384.699999996,20850022.07813,5e-05,,OK,
2026-09-09T06:00:00Z,Bitget USDT Futures,SEIUSDT,0.05116,138726860.0,7097266.1576,0.0001,,OK,
2026-09-09T06:00:00Z,Bitget USDT Futures,SOLUSDT,104.606,4528386.89999996,473696440.0613958,-4e-06,,OK,
2026-09-09T06:00:00Z,Bitget USDT Futures,SUIUSDT,0.8199,66384473.30000001,54428629.65867001,0.0001,,OK,
2026-09-09T06:00:00Z,Bitget USDT Futures,TAOUSDT,259.49,105403.99600000003,27351282.922040008,5e-05,,OK,
2026-09-09T06:00:00Z,Bitget USDT Futures,UNIUSDT,6.948,3736910.0,25964050.68,0.0001,,OK,
2026-09-09T06:00:00Z,Bitget USDT Futures,XLMUSDT,0.19048,128845345.0,24542461.3156,9.7e-05,,OK,
2026-09-09T06:00:00Z,Bitget USDT Futures,XRPUSDT,1.4385,164783475.0,237041028.7875,0.0001,,OK,
2026-09-09T06:00:00Z,Bitget USDT Futures,ZECUSDT,1231.19,109647.3059999993,134996666.67413914,-7.2e-05,,OK,
2026-09-09T07:00:00Z,Bitget USDT Futures,AAVEUSDT,129.85,193604.80000000002,25139583.28,0.0001,,OK,
2026-09-09T07:00:00Z,Bitget USDT Futures,AVAXUSDT,8.019,2888065.9,23159400.4521,7.9e-05,,OK,
2026-09-09T07:00:00Z,Bitget USDT Futures,BTCUSDT,79210.3,34742.60869999987,2751972457.9096003,7.6e-05,,OK,
2026-09-09T07:00:00Z,Bitget USDT Futures,CAKEUSDT,2.3037,764620.5999999997,1761456.4762199994,5e-05,,OK,
2026-09-09T07:00:00Z,Bitget USDT Futures,CCUSDT,0.10812,9023332.0,975602.6558399999,5e-05,,OK,
2026-09-09T07:00:00Z,Bitget USDT Futures,ENAUSDT,0.16656,243474658.0,40553139.03648,5e-05,,OK,
2026-09-09T07:00:00Z,Bitget USDT Futures,ETHUSDT,2508.81,788817.5900000008,1978993457.967902,6.4e-05,,OK,
2026-09-09T07:00:00Z,Bitget USDT Futures,HBARUSDT,0.0796,173001477.0,13770917.5692,0.0001,,OK,
2026-09-09T07:00:00Z,Bitget USDT Futures,HYPEUSDT,86.734,2383775.4199999985,206754377.27827987,4.5e-05,,OK,
2026-09-09T07:00:00Z,Bitget USDT Futures,LINKUSDT,12.567,4105154.0,51589470.318,0.0001,,OK,
2026-09-09T07:00:00Z,Bitget USDT Futures,MORPHOUSDT,2.3795,1075245.0,2558545.4775,5e-05,,OK,
2026-09-09T07:00:00Z,Bitget USDT Futures,NEARUSDT,2.3893,16604276.0,39672596.6468,0.0001,,OK,
2026-09-09T07:00:00Z,Bitget USDT Futures,ONDOUSDT,0.3793,54739198.099999994,20762577.83933,5e-05,,OK,
2026-09-09T07:00:00Z,Bitget USDT Futures,SEIUSDT,0.05101,137576714.0,7017788.18114,0.0001,,OK,
2026-09-09T07:00:00Z,Bitget USDT Futures,SOLUSDT,104.754,4525093.29999996,474021623.5481958,-1.7e-05,,OK,
2026-09-09T07:00:00Z,Bitget USDT Futures,SUIUSDT,0.8223,66096881.50000001,54351465.657450005,0.0001,,OK,
2026-09-09T07:00:00Z,Bitget USDT Futures,TAOUSDT,260.79,105942.93700000002,27628858.540230006,5e-05,,OK,
2026-09-09T07:00:00Z,Bitget USDT Futures,UNIUSDT,6.846,3734529.0,25566585.534,0.0001,,OK,
2026-09-09T07:00:00Z,Bitget USDT Futures,XLMUSDT,0.19035,129459830.0,24642678.640499998,0.0001,,OK,
2026-09-09T07:00:00Z,Bitget USDT Futures,XRPUSDT,1.4368,166964231.0,239894207.1008,0.0001,,OK,
2026-09-09T07:00:00Z,Bitget USDT Futures,ZECUSDT,1231.86,110846.38499999934,136547227.8260992,-6.8e-05,,OK,
2026-09-09T08:00:00Z,Bitget USDT Futures,AAVEUSDT,130.27,193574.6,25216963.142,0.0001,,OK,
2026-09-09T08:00:00Z,Bitget USDT Futures,AVAXUSDT,8.03,2900642.6999999997,23292160.880999997,0.0001,,OK,
2026-09-09T08:00:00Z,Bitget USDT Futures,BTCUSDT,79477.3,34686.63129999987,2756799801.81948,8.1e-05,,OK,
2026-09-09T08:00:00Z,Bitget USDT Futures,CAKEUSDT,2.2912,762475.1999999997,1746983.1782399993,5e-05,,OK,
2026-09-09T08:00:00Z,Bitget USDT Futures,CCUSDT,0.10835,9011042.0,976346.4007,5e-05,,OK,
2026-09-09T08:00:00Z,Bitget USDT Futures,ENAUSDT,0.16822,246993326.0,41549217.299720004,5e-05,,OK,
2026-09-09T08:00:00Z,Bitget USDT Futures,ETHUSDT,2516.19,795766.730000001,2002300288.3587027,5.6e-05,,OK,
2026-09-09T08:00:00Z,Bitget USDT Futures,HBARUSDT,0.07983,171694455.0,13706368.34265,0.0001,,OK,
2026-09-09T08:00:00Z,Bitget USDT Futures,HYPEUSDT,86.629,2395854.5899999985,207550487.2771099,5e-05,,OK,
2026-09-09T08:00:00Z,Bitget USDT Futures,LINKUSDT,12.499,4094870.0,51181780.13,0.0001,,OK,
2026-09-09T08:00:00Z,Bitget USDT Futures,MORPHOUSDT,2.3877,1077113.0,2571822.7101000003,5e-05,,OK,
2026-09-09T08:00:00Z,Bitget USDT Futures,NEARUSDT,2.4344,16552691.0,40295870.970400006,0.0001,,OK,
2026-09-09T08:00:00Z,Bitget USDT Futures,ONDOUSDT,0.3801,55205367.099999994,20983560.034709997,5e-05,,OK,
2026-09-09T08:00:00Z,Bitget USDT Futures,SEIUSDT,0.05052,136905180.0,6916449.6936,0.0001,,OK,
2026-09-09T08:00:00Z,Bitget USDT Futures,SOLUSDT,104.73,4534903.19999996,474940412.13599586,-2e-05,,OK,
2026-09-09T08:00:00Z,Bitget USDT Futures,SUIUSDT,0.826,65749626.400000006,54309191.4064,0.0001,,OK,
2026-09-09T08:00:00Z,Bitget USDT Futures,TAOUSDT,263.38,106323.10400000004,28003379.13152001,5e-05,,OK,
2026-09-09T08:00:00Z,Bitget USDT Futures,UNIUSDT,6.838,3744645.0,25605882.51,0.0001,,OK,
2026-09-09T08:00:00Z,Bitget USDT Futures,XLMUSDT,0.19048,128944200.0,24561291.216000002,0.0001,,OK,
2026-09-09T08:00:00Z,Bitget USDT Futures,XRPUSDT,1.4407,168071778.0,242141010.56460002,0.0001,,OK,
2026-09-09T08:00:00Z,Bitget USDT Futures,ZECUSDT,1240.08,111834.26499999936,138683435.3411992,-7.9e-05,,OK,
2026-09-09T09:00:00Z,Bitget USDT Futures,AAVEUSDT,130.53,193482.40000000002,25255257.672000002,0.0001,,OK,
2026-09-09T09:00:00Z,Bitget USDT Futures,AVAXUSDT,8.003,2895353.9,23171517.2617,0.0001,,OK,
2026-09-09T09:00:00Z,Bitget USDT Futures,BTCUSDT,79439.6,34404.54859999988,2733083578.9645505,7.9e-05,,OK,
2026-09-09T09:00:00Z,Bitget USDT Futures,CAKEUSDT,2.3143,821298.3999999998,1900730.8871199994,5e-05,,OK,
2026-09-09T09:00:00Z,Bitget USDT Futures,CCUSDT,0.10744,8732498.0,938219.58512,5e-05,,OK,
2026-09-09T09:00:00Z,Bitget USDT Futures,ENAUSDT,0.16692,245853270.0,41037827.8284,5e-05,,OK,
2026-09-09T09:00:00Z,Bitget USDT Futures,ETHUSDT,2509.58,793245.060000001,1990711937.6748023,5.8e-05,,OK,
2026-09-09T09:00:00Z,Bitget USDT Futures,HBARUSDT,0.07942,171655793.0,13632903.080060001,0.0001,,OK,
2026-09-09T09:00:00Z,Bitget USDT Futures,HYPEUSDT,86.497,2396322.6799999983,207274722.85195985,4.5e-05,,OK,
2026-09-09T09:00:00Z,Bitget USDT Futures,LINKUSDT,12.454,4160960.0,51820595.84,0.0001,,OK,
2026-09-09T09:00:00Z,Bitget USDT Futures,MORPHOUSDT,2.3919,1097575.0,2625289.6425,5e-05,,OK,
2026-09-09T09:00:00Z,Bitget USDT Futures,NEARUSDT,2.4587,16392611.0,40304512.665699996,0.0001,,OK,
2026-09-09T09:00:00Z,Bitget USDT Futures,ONDOUSDT,0.3769,55073441.4,20757180.06366,5e-05,,OK,
2026-09-09T09:00:00Z,Bitget USDT Futures,SEIUSDT,0.05035,136953544.0,6895610.9404,0.0001,,OK,
2026-09-09T09:00:00Z,Bitget USDT Futures,SOLUSDT,104.352,4527333.09999996,472436263.6511958,-2.5e-05,,OK,
2026-09-09T09:00:00Z,Bitget USDT Futures,SUIUSDT,0.8196,65913183.10000001,54022444.868760005,0.0001,,OK,
2026-09-09T09:00:00Z,Bitget USDT Futures,TAOUSDT,260.35,107023.94000000003,27863682.77900001,5e-05,,OK,
2026-09-09T09:00:00Z,Bitget USDT Futures,UNIUSDT,6.791,3760191.0,25535457.081,0.0001,,OK,
2026-09-09T09:00:00Z,Bitget USDT Futures,XLMUSDT,0.18906,128339902.0,24263941.87212,0.0001,,OK,
2026-09-09T09:00:00Z,Bitget USDT Futures,XRPUSDT,1.43,166392044.0,237940622.92,0.0001,,OK,
2026-09-09T09:00:00Z,Bitget USDT Futures,ZECUSDT,1243.29,114417.08899999937,142253622.5828092,-0.000144,,OK,
2026-09-09T10:00:00Z,Bitget USDT Futures,AAVEUSDT,128.51,193756.80000000002,24899686.368,0.0001,,OK,
2026-09-09T10:00:00Z,Bitget USDT Futures,AVAXUSDT,7.915,2859927.1999999997,22636323.788,2.8e-05,,OK,
2026-09-09T10:00:00Z,Bitget USDT Futures,BTCUSDT,78995.9,34370.19369999988,2715104384.5058203,7.2e-05,,OK,
2026-09-09T10:00:00Z,Bitget USDT Futures,CAKEUSDT,2.2766,804529.9999999998,1831592.9979999997,5e-05,,OK,
2026-09-09T10:00:00Z,Bitget USDT Futures,CCUSDT,0.10694,8602198.0,919919.05412,5e-05,,OK,
2026-09-09T10:00:00Z,Bitget USDT Futures,ENAUSDT,0.16325,243202908.0,39702874.731,5e-05,,OK,
2026-09-09T10:00:00Z,Bitget USDT Futures,ETHUSDT,2489.39,798913.960000001,1988808422.8844025,6.1e-05,,OK,
2026-09-09T10:00:00Z,Bitget USDT Futures,HBARUSDT,0.079,171794041.0,13571729.239,0.0001,,OK,
2026-09-09T10:00:00Z,Bitget USDT Futures,HYPEUSDT,85.755,2387205.9999999986,204714850.52999988,1e-05,,OK,
2026-09-09T10:00:00Z,Bitget USDT Futures,LINKUSDT,12.036,4204607.0,50606649.852,0.0001,,OK,
2026-09-09T10:00:00Z,Bitget USDT Futures,MORPHOUSDT,2.3513,1082945.0,2546328.5785000003,5e-05,,OK,
2026-09-09T10:00:00Z,Bitget USDT Futures,NEARUSDT,2.4638,16359309.0,40306065.5142,8.4e-05,,OK,
2026-09-09T10:00:00Z,Bitget USDT Futures,ONDOUSDT,0.3739,54867189.1,20514842.00449,5e-05,,OK,
2026-09-09T10:00:00Z,Bitget USDT Futures,SEIUSDT,0.04955,138738700.0,6874502.585,0.0001,,OK,
2026-09-09T10:00:00Z,Bitget USDT Futures,SOLUSDT,103.713,4519143.59999996,468693940.1867958,-3.4e-05,,OK,
2026-09-09T10:00:00Z,Bitget USDT Futures,SUIUSDT,0.8086,65917804.900000006,53301137.04214001,0.0001,,OK,
2026-09-09T10:00:00Z,Bitget USDT Futures,TAOUSDT,257.44,108589.25300000003,27955217.292320006,5e-05,,OK,
2026-09-09T10:00:00Z,Bitget USDT Futures,UNIUSDT,6.599,3731867.0,24626590.333,0.0001,,OK,
2026-09-09T10:00:00Z,Bitget USDT Futures,XLMUSDT,0.18753,128473077.0,24092556.12981,0.0001,,OK,
2026-09-09T10:00:00Z,Bitget USDT Futures,XRPUSDT,1.4208,166828435.0,237029840.448,0.0001,,OK,
2026-09-09T10:00:00Z,Bitget USDT Futures,ZECUSDT,1241.22,113986.29799999938,141482072.80355924,-0.000221,,OK,
2026-09-09T11:00:00Z,Bitget USDT Futures,AAVEUSDT,128.38,193922.00000000003,24895706.360000003,0.0001,,OK,
2026-09-09T11:00:00Z,Bitget USDT Futures,AVAXUSDT,7.895,2852526.1,22520693.5595,-2.2e-05,,OK,
2026-09-09T11:00:00Z,Bitget USDT Futures,BTCUSDT,78784.8,34748.42329999988,2737647580.005831,7.8e-05,,OK,
2026-09-09T11:00:00Z,Bitget USDT Futures,CAKEUSDT,2.2695,796043.1999999997,1806620.0423999992,2e-06,,OK,
2026-09-09T11:00:00Z,Bitget USDT Futures,CCUSDT,0.10557,8544554.0,902048.56578,5e-05,,OK,
2026-09-09T11:00:00Z,Bitget USDT Futures,ENAUSDT,0.16212,242990961.0,39393694.59732,5e-05,,OK,
2026-09-09T11:00:00Z,Bitget USDT Futures,ETHUSDT,2484.35,803324.4100000008,1995738997.9835021,8.2e-05,,OK,
2026-09-09T11:00:00Z,Bitget USDT Futures,HBARUSDT,0.07813,172596771.0,13484985.718230002,0.0001,,OK,
2026-09-09T11:00:00Z,Bitget USDT Futures,HYPEUSDT,85.57,2392752.1199999982,204747798.90839982,-1.9e-05,,OK,
2026-09-09T11:00:00Z,Bitget USDT Futures,LINKUSDT,12.035,4135616.0,49772138.56,0.0001,,OK,
2026-09-09T11:00:00Z,Bitget USDT Futures,MORPHOUSDT,2.3263,1078419.0,2508726.1196999997,5e-05,,OK,
2026-09-09T11:00:00Z,Bitget USDT Futures,NEARUSDT,2.5101,16553074.0,41549871.0474,2.4e-05,,OK,
2026-09-09T11:00:00Z,Bitget USDT Futures,ONDOUSDT,0.3727,55254510.3,20593355.98881,5e-05,,OK,
2026-09-09T11:00:00Z,Bitget USDT Futures,SEIUSDT,0.04937,139267963.0,6875659.33331,0.0001,,OK,
2026-09-09T11:00:00Z,Bitget USDT Futures,SOLUSDT,103.261,4514185.79999996,466139339.89379585,-2.4e-05,,OK,
2026-09-09T11:00:00Z,Bitget USDT Futures,SUIUSDT,0.803,65960060.300000004,52965928.42090001,0.0001,,OK,
2026-09-09T11:00:00Z,Bitget USDT Futures,TAOUSDT,261.34,107176.19600000003,28009427.062640004,5e-05,,OK,
2026-09-09T11:00:00Z,Bitget USDT Futures,UNIUSDT,6.583,3763729.0,24776628.007,0.0001,,OK,
2026-09-09T11:00:00Z,Bitget USDT Futures,XLMUSDT,0.18688,127925362.0,23906691.65056,0.0001,,OK,
2026-09-09T11:00:00Z,Bitget USDT Futures,XRPUSDT,1.4171,168575912.0,238888924.8952,0.0001,,OK,
2026-09-09T11:00:00Z,Bitget USDT Futures,ZECUSDT,1246.28,115335.06999999945,143739791.03959933,-0.000738,,OK,
2026-09-10T00:00:00Z,Bitget USDT Futures,AAVEUSDT,124.51,190704.6,23744629.746000003,0.0001,,OK,
2026-09-10T00:00:00Z,Bitget USDT Futures,AVAXUSDT,7.775,2843977.5,22111925.0625,3.1e-05,,OK,
2026-09-10T00:00:00Z,Bitget USDT Futures,BTCUSDT,78204.3,35422.002699999866,2770152925.7516,0.0001,,OK,
2026-09-10T00:00:00Z,Bitget USDT Futures,CAKEUSDT,2.2448,769784.5999999999,1728012.4700799999,5e-05,,OK,
2026-09-10T00:00:00Z,Bitget USDT Futures,CCUSDT,0.10374,7782804.0,807388.08696,5e-05,,OK,
2026-09-10T00:00:00Z,Bitget USDT Futures,ENAUSDT,0.15072,230249377.0,34703186.10144,-1e-06,,OK,
2026-09-10T00:00:00Z,Bitget USDT Futures,ETHUSDT,2466.17,809763.2399999996,1997013809.590799,9e-05,,OK,
2026-09-10T00:00:00Z,Bitget USDT Futures,HBARUSDT,0.07645,165883121.0,12681764.60045,7.8e-05,,OK,
2026-09-10T00:00:00Z,Bitget USDT Futures,HYPEUSDT,83.229,2375392.0699999994,197701506.59402993,4.7e-05,,OK,
2026-09-10T00:00:00Z,Bitget USDT Futures,LINKUSDT,11.733,4144222.0,48624156.726,7.1e-05,,OK,
2026-09-10T00:00:00Z,Bitget USDT Futures,MORPHOUSDT,2.2881,1075981.0,2461952.1261,5e-05,,OK,
2026-09-10T00:00:00Z,Bitget USDT Futures,NEARUSDT,2.4676,16574564.0,40899394.1264,0.0001,,OK,
2026-09-10T00:00:00Z,Bitget USDT Futures,ONDOUSDT,0.3562,54697374.699999996,19483204.86814,5e-05,,OK,
2026-09-10T00:00:00Z,Bitget USDT Futures,SEIUSDT,0.04682,139765648.0,6543827.63936,0.0001,,OK,
2026-09-10T00:00:00Z,Bitget USDT Futures,SOLUSDT,101.114,4539839.299999954,459041310.9801954,-9.9e-05,,OK,
2026-09-10T00:00:00Z,Bitget USDT Futures,SUIUSDT,0.7653,64823696.9,49609575.237569995,-6e-05,,OK,
2026-09-10T00:00:00Z,Bitget USDT Futures,TAOUSDT,251.8,106882.97200000001,26913132.349600002,5e-05,,OK,
2026-09-10T00:00:00Z,Bitget USDT Futures,UNIUSDT,6.117,3755363.0,22971555.471,0.0001,,OK,
2026-09-10T00:00:00Z,Bitget USDT Futures,XLMUSDT,0.18013,127875431.0,23034201.386030003,6.5e-05,,OK,
2026-09-10T00:00:00Z,Bitget USDT Futures,XRPUSDT,1.391,163624186.0,227601242.726,-3e-05,,OK,
2026-09-10T00:00:00Z,Bitget USDT Futures,ZECUSDT,1234.47,115104.42799999905,142092963.23315883,-6e-06,,OK,
2026-09-10T01:00:00Z,Bitget USDT Futures,AAVEUSDT,124.38,190501.4,23694564.132,0.0001,,OK,
2026-09-10T01:00:00Z,Bitget USDT Futures,AVAXUSDT,7.776,2842666.1,22104571.5936,2.9e-05,,OK,
2026-09-10T01:00:00Z,Bitget USDT Futures,BTCUSDT,78239.0,35387.55249999987,2768686720.0474896,0.0001,,OK,
2026-09-10T01:00:00Z,Bitget USDT Futures,CAKEUSDT,2.2313,763662.9999999998,1703961.2518999996,5e-05,,OK,
2026-09-10T01:00:00Z,Bitget USDT Futures,CCUSDT,0.10402,7858386.0,817429.31172,5e-05,,OK,
2026-09-10T01:00:00Z,Bitget USDT Futures,ENAUSDT,0.15048,230632334.0,34705553.62032,2e-06,,OK,
2026-09-10T01:00:00Z,Bitget USDT Futures,ETHUSDT,2466.12,808452.0899999996,1993739868.190799,8.9e-05,,OK,
2026-09-10T01:00:00Z,Bitget USDT Futures,HBARUSDT,0.07664,166010047.0,12723010.00208,9.8e-05,,OK,
2026-09-10T01:00:00Z,Bitget USDT Futures,HYPEUSDT,83.189,2367078.0499999993,196914855.90144992,1.4e-05,,OK,
2026-09-10T01:00:00Z,Bitget USDT Futures,LINKUSDT,11.734,4157262.0,48781312.308,5.3e-05,,OK,
2026-09-10T01:00:00Z,Bitget USDT Futures,MORPHOUSDT,2.2934,1074341.0,2463893.6494,5e-05,,OK,
2026-09-10T01:00:00Z,Bitget USDT Futures,NEARUSDT,2.4642,16556119.0,40797588.4398,0.0001,,OK,
2026-09-10T01:00:00Z,Bitget USDT Futures,ONDOUSDT,0.3574,54918310.699999996,19627804.244179998,5e-05,,OK,
2026-09-10T01:00:00Z,Bitget USDT Futures,SEIUSDT,0.04688,139409300.0,6535507.984,0.0001,,OK,
2026-09-10T01:00:00Z,Bitget USDT Futures,SOLUSDT,101.101,4547065.799999954,459712899.44579536,-9.6e-05,,OK,
2026-09-10T01:00:00Z,Bitget USDT Futures,SUIUSDT,0.7658,64347834.9,49277571.96642,-5.9e-05,,OK,
2026-09-10T01:00:00Z,Bitget USDT Futures,TAOUSDT,252.28,106577.59000000001,26887394.405200005,5e-05,,OK,
2026-09-10T01:00:00Z,Bitget USDT Futures,UNIUSDT,6.195,3754555.0,23259468.225,0.0001,,OK,
2026-09-10T01:00:00Z,Bitget USDT Futures,XLMUSDT,0.18024,128046917.0,23079176.32008,6.9e-05,,OK,
2026-09-10T01:00:00Z,Bitget USDT Futures,XRPUSDT,1.3876,163528707.0,226912433.83319998,-1.8e-05,,OK,
2026-09-10T01:00:00Z,Bitget USDT Futures,ZECUSDT,1233.9,115047.62899999907,141957269.42309886,-5e-06,,OK,
2026-09-10T02:00:00Z,Bitget USDT Futures,AAVEUSDT,124.02,190215.5,23590526.31,0.0001,,OK,
2026-09-10T02:00:00Z,Bitget USDT Futures,AVAXUSDT,7.738,2836740.3,21950696.4414,1.9e-05,,OK,
2026-09-10T02:00:00Z,Bitget USDT Futures,BTCUSDT,77997.7,35483.59669999986,2767638930.3275795,0.0001,,OK,
2026-09-10T02:00:00Z,Bitget USDT Futures,CAKEUSDT,2.1907,765185.7999999998,1676292.5320599996,5e-05,,OK,
2026-09-10T02:00:00Z,Bitget USDT Futures,CCUSDT,0.10313,8001686.0,825213.87718,5e-05,,OK,
2026-09-10T02:00:00Z,Bitget USDT Futures,ENAUSDT,0.14897,230813498.0,34384286.79706,-2e-05,,OK,
2026-09-10T02:00:00Z,Bitget USDT Futures,ETHUSDT,2460.92,809729.2099999996,1992678807.4731991,9.7e-05,,OK,
2026-09-10T02:00:00Z,Bitget USDT Futures,HBARUSDT,0.07625,166047635.0,12661132.16875,0.0001,,OK,
2026-09-10T02:00:00Z,Bitget USDT Futures,HYPEUSDT,83.336,2371355.0099999993,197619241.11335993,-1.9e-05,,OK,
2026-09-10T02:00:00Z,Bitget USDT Futures,LINKUSDT,11.747,4146006.0,48703132.482,2e-05,,OK,
2026-09-10T02:00:00Z,Bitget USDT Futures,MORPHOUSDT,2.2739,1075767.0,2446186.5812999997,2.5e-05,,OK,
2026-09-10T02:00:00Z,Bitget USDT Futures,NEARUSDT,2.4447,16455579.0,40228953.981300004,0.0001,,OK,
2026-09-10T02:00:00Z,Bitget USDT Futures,ONDOUSDT,0.3555,54592261.1,19407548.82105,5e-05,,OK,
2026-09-10T02:00:00Z,Bitget USDT Futures,SEIUSDT,0.04685,141050706.0,6608225.5761,0.0001,,OK,
2026-09-10T02:00:00Z,Bitget USDT Futures,SOLUSDT,101.009,4532321.499999956,457805262.39349556,-8.8e-05,,OK,
2026-09-10T02:00:00Z,Bitget USDT Futures,SUIUSDT,0.7613,64370701.8,49005415.28033999,-5.2e-05,,OK,
2026-09-10T02:00:00Z,Bitget USDT Futures,TAOUSDT,251.48,106623.76000000001,26813743.1648,5e-05,,OK,
2026-09-10T02:00:00Z,Bitget USDT Futures,UNIUSDT,5.971,3848733.0,22980784.743,0.0001,,OK,
2026-09-10T02:00:00Z,Bitget USDT Futures,XLMUSDT,0.17865,127131061.0,22711964.047650002,4.7e-05,,OK,
2026-09-10T02:00:00Z,Bitget USDT Futures,XRPUSDT,1.3804,163935537.0,226296615.2748,8e-06,,OK,
2026-09-10T02:00:00Z,Bitget USDT Futures,ZECUSDT,1217.77,113603.97299999913,138343510.20020893,1.5e-05,,OK,
2026-09-10T03:00:00Z,Bitget USDT Futures,AAVEUSDT,125.19,191253.4,23943013.145999998,0.0001,,OK,
2026-09-10T03:00:00Z,Bitget USDT Futures,AVAXUSDT,7.797,2835291.5,22106767.8255,4.3e-05,,OK,
2026-09-10T03:00:00Z,Bitget USDT Futures,BTCUSDT,78353.1,35553.59349999986,2785734266.864839,0.0001,,OK,
2026-09-10T03:00:00Z,Bitget USDT Futures,CAKEUSDT,2.1948,784794.5999999999,1722467.1880799995,5e-05,,OK,
2026-09-10T03:00:00Z,Bitget USDT Futures,CCUSDT,0.104,7692854.0,800056.816,5e-05,,OK,
2026-09-10T03:00:00Z,Bitget USDT Futures,ENAUSDT,0.15018,229892448.0,34525247.84064,3.8e-05,,OK,
2026-09-10T03:00:00Z,Bitget USDT Futures,ETHUSDT,2474.9,809002.7999999997,2002201029.7199993,9.7e-05,,OK,
2026-09-10T03:00:00Z,Bitget USDT Futures,HBARUSDT,0.07699,166133457.0,12790614.854430001,0.0001,,OK,
2026-09-10T03:00:00Z,Bitget USDT Futures,HYPEUSDT,84.128,2374095.1499999994,199727876.77919996,-2.2e-05,,OK,
2026-09-10T03:00:00Z,Bitget USDT Futures,LINKUSDT,11.845,4150296.0,49160256.120000005,1.1e-05,,OK,
2026-09-10T03:00:00Z,Bitget USDT Futures,MORPHOUSDT,2.3497,1071135.0,2516845.9095,5e-05,,OK,
2026-09-10T03:00:00Z,Bitget USDT Futures,NEARUSDT,2.5119,16372970.0,41127263.342999995,0.0001,,OK,
2026-09-10T03:00:00Z,Bitget USDT Futures,ONDOUSDT,0.3591,54690914.1,19639507.25331,5e-05,,OK,
2026-09-10T03:00:00Z,Bitget USDT Futures,SEIUSDT,0.04708,141517486.0,6662643.2408799995,0.0001,,OK,
2026-09-10T03:00:00Z,Bitget USDT Futures,SOLUSDT,101.808,4533447.499999956,461541223.0799956,-6.7e-05,,OK,
2026-09-10T03:00:00Z,Bitget USDT Futures,SUIUSDT,0.7694,63817032.49999999,49100824.80549999,-3.9e-05,,OK,
2026-09-10T03:00:00Z,Bitget USDT Futures,TAOUSDT,254.73,106684.83000000002,27175826.7459,5e-05,,OK,
2026-09-10T03:00:00Z,Bitget USDT Futures,UNIUSDT,6.04,3860331.0,23316399.24,0.0001,,OK,
2026-09-10T03:00:00Z,Bitget USDT Futures,XLMUSDT,0.18023,127298016.0,22942921.42368,5.8e-05,,OK,
2026-09-10T03:00:00Z,Bitget USDT Futures,XRPUSDT,1.3914,162760506.0,226464968.04839998,2.4e-05,,OK,
2026-09-10T03:00:00Z,Bitget USDT Futures,ZECUSDT,1239.89,112674.18999999913,139703601.43909892,2.9e-05,,OK,
2026-09-10T04:00:00Z,Bitget USDT Futures,AAVEUSDT,125.16,191294.6,23942432.136,0.0001,,OK,
2026-09-10T04:00:00Z,Bitget USDT Futures,AVAXUSDT,7.82,2835467.1,22173352.722000003,3.3e-05,,OK,
2026-09-10T04:00:00Z,Bitget USDT Futures,BTCUSDT,78374.4,35544.556099999856,2785783257.6038284,0.0001,,OK,
2026-09-10T04:00:00Z,Bitget USDT Futures,CAKEUSDT,2.1992,782301.5999999999,1720437.6787199995,5e-05,,OK,
2026-09-10T04:00:00Z,Bitget USDT Futures,CCUSDT,0.10396,7675834.0,797979.70264,5e-05,,OK,
2026-09-10T04:00:00Z,Bitget USDT Futures,ENAUSDT,0.15032,229550494.0,34506030.258080006,5e-05,,OK,
2026-09-10T04:00:00Z,Bitget USDT Futures,ETHUSDT,2476.1,808498.9199999997,2001924175.811999,9e-05,,OK,
2026-09-10T04:00:00Z,Bitget USDT Futures,HBARUSDT,0.07685,166355561.0,12784424.862850001,0.0001,,OK,
2026-09-10T04:00:00Z,Bitget USDT Futures,HYPEUSDT,84.239,2377180.8299999996,200251335.93837,-3.1e-05,,OK,
2026-09-10T04:00:00Z,Bitget USDT Futures,LINKUSDT,11.817,4142202.0,48948401.034,5.7e-05,,OK,
2026-09-10T04:00:00Z,Bitget USDT Futures,MORPHOUSDT,2.3317,1068915.0,2492389.1055,5e-05,,OK,
2026-09-10T04:00:00Z,Bitget USDT Futures,NEARUSDT,2.5212,16462303.0,41504758.3236,0.0001,,OK,
2026-09-10T04:00:00Z,Bitget USDT Futures,ONDOUSDT,0.3606,54788498.699999996,19756732.631219998,5e-05,,OK,
2026-09-10T04:00:00Z,Bitget USDT Futures,SEIUSDT,0.04721,141546246.0,6682398.27366,0.0001,,OK,
2026-09-10T04:00:00Z,Bitget USDT Futures,SOLUSDT,101.995,4547915.399999957,463864631.2229956,-5.1e-05,,OK,
2026-09-10T04:00:00Z,Bitget USDT Futures,SUIUSDT,0.769,63987320.3,49206249.3107,-2.1e-05,,OK,
2026-09-10T04:00:00Z,Bitget USDT Futures,TAOUSDT,257.32,106960.18400000002,27522994.546880007,5e-05,,OK,
2026-09-10T04:00:00Z,Bitget USDT Futures,UNIUSDT,6.091,3824623.0,23295778.693,3.2e-05,,OK,
2026-09-10T04:00:00Z,Bitget USDT Futures,XLMUSDT,0.18017,127336724.0,22942257.563079998,6.1e-05,,OK,
2026-09-10T04:00:00Z,Bitget USDT Futures,XRPUSDT,1.3902,162690397.0,226172189.90940002,3.3e-05,,OK,
2026-09-10T04:00:00Z,Bitget USDT Futures,ZECUSDT,1248.46,112484.18399999915,140432004.35663894,-1.1e-05,,OK,
2026-09-10T05:00:00Z,Bitget USDT Futures,AAVEUSDT,125.03,192265.0,24038892.95,0.0001,,OK,
2026-09-10T05:00:00Z,Bitget USDT Futures,AVAXUSDT,7.829,2834783.1,22193516.8899,3.2e-05,,OK,
2026-09-10T05:00:00Z,Bitget USDT Futures,BTCUSDT,78373.6,35682.993099999854,2796604628.0221486,0.0001,,OK,
2026-09-10T05:00:00Z,Bitget USDT Futures,CAKEUSDT,2.1864,788849.5999999999,1724740.7654399995,5e-05,,OK,
2026-09-10T05:00:00Z,Bitget USDT Futures,CCUSDT,0.10362,7673888.0,795168.27456,5e-05,,OK,
2026-09-10T05:00:00Z,Bitget USDT Futures,ENAUSDT,0.15093,229330764.0,34612892.21052,5e-05,,OK,
2026-09-10T05:00:00Z,Bitget USDT Futures,ETHUSDT,2477.83,810692.6499999997,2008758568.9494991,9.1e-05,,OK,
2026-09-10T05:00:00Z,Bitget USDT Futures,HBARUSDT,0.07702,167333193.0,12888002.52486,0.0001,,OK,
2026-09-10T05:00:00Z,Bitget USDT Futures,HYPEUSDT,84.112,2377040.8999999994,199937664.18079993,-2.2e-05,,OK,
2026-09-10T05:00:00Z,Bitget USDT Futures,LINKUSDT,11.819,4164370.0,49218689.03,8.7e-05,,OK,
2026-09-10T05:00:00Z,Bitget USDT Futures,MORPHOUSDT,2.3223,1068273.0,2480850.3879,5e-05,,OK,
2026-09-10T05:00:00Z,Bitget USDT Futures,NEARUSDT,2.5051,16531544.0,41413170.874400005,9.5e-05,,OK,
2026-09-10T05:00:00Z,Bitget USDT Futures,ONDOUSDT,0.36,55020497.1,19807378.956,5e-05,,OK,
2026-09-10T05:00:00Z,Bitget USDT Futures,SEIUSDT,0.04712,141614176.0,6672859.97312,0.0001,,OK,
2026-09-10T05:00:00Z,Bitget USDT Futures,SOLUSDT,101.929,4542156.999999956,462977520.8529956,-3.4e-05,,OK,
2026-09-10T05:00:00Z,Bitget USDT Futures,SUIUSDT,0.7691,64239477.5,49406582.14525,4e-06,,OK,
2026-09-10T05:00:00Z,Bitget USDT Futures,TAOUSDT,256.7,107653.39000000001,27634625.213000003,5e-05,,OK,
2026-09-10T05:00:00Z,Bitget USDT Futures,UNIUSDT,6.059,3832523.0,23221256.857,7.7e-05,,OK,
2026-09-10T05:00:00Z,Bitget USDT Futures,XLMUSDT,0.18032,127382150.0,22969549.288000003,7.7e-05,,OK,
2026-09-10T05:00:00Z,Bitget USDT Futures,XRPUSDT,1.3889,163876785.0,227608466.6865,4.8e-05,,OK,
2026-09-10T05:00:00Z,Bitget USDT Futures,ZECUSDT,1242.99,112634.34599999916,140003365.73453897,-6.4e-05,,OK,
2026-09-10T06:00:00Z,Bitget USDT Futures,AAVEUSDT,124.24,192340.19999999998,23896346.447999995,0.0001,,OK,
2026-09-10T06:00:00Z,Bitget USDT Futures,AVAXUSDT,7.8,2832550.3,22093892.34,2.3e-05,,OK,
2026-09-10T06:00:00Z,Bitget USDT Futures,BTCUSDT,78164.6,35547.56179999986,2778560949.072269,0.0001,,OK,
2026-09-10T06:00:00Z,Bitget USDT Futures,CAKEUSDT,2.178,772087.7999999999,1681607.2284,5e-05,,OK,
2026-09-10T06:00:00Z,Bitget USDT Futures,CCUSDT,0.10395,7699706.0,800384.4387,5e-05,,OK,
2026-09-10T06:00:00Z,Bitget USDT Futures,ENAUSDT,0.15019,229418186.0,34456317.35534,5e-05,,OK,
2026-09-10T06:00:00Z,Bitget USDT Futures,ETHUSDT,2471.82,805673.9699999997,1991481032.5253994,7.9e-05,,OK,
2026-09-10T06:00:00Z,Bitget USDT Futures,HBARUSDT,0.07671,166852867.0,12799283.42757,0.0001,,OK,
2026-09-10T06:00:00Z,Bitget USDT Futures,HYPEUSDT,83.39,2378693.7499999995,198359271.81249997,1.4e-05,,OK,
2026-09-10T06:00:00Z,Bitget USDT Futures,LINKUSDT,11.788,4154384.0,48971878.592,8.8e-05,,OK,
2026-09-10T06:00:00Z,Bitget USDT Futures,MORPHOUSDT,2.3073,1066171.0,2459976.3483,5e-05,,OK,
2026-09-10T06:00:00Z,Bitget USDT Futures,NEARUSDT,2.4487,16514959.0,40440180.103300005,6.9e-05,,OK,
2026-09-10T06:00:00Z,Bitget USDT Futures,ONDOUSDT,0.3564,54745659.3,19511352.974519998,5e-05,,OK,
2026-09-10T06:00:00Z,Bitget USDT Futures,SEIUSDT,0.04668,142142386.0,6635206.57848,0.0001,,OK,
2026-09-10T06:00:00Z,Bitget USDT Futures,SOLUSDT,101.442,4532076.599999957,459742914.4571956,-3e-05,,OK,
2026-09-10T06:00:00Z,Bitget USDT Futures,SUIUSDT,0.7643,63830567.3,48785702.58739,3.1e-05,,OK,
2026-09-10T06:00:00Z,Bitget USDT Futures,TAOUSDT,252.22,108153.87500000001,27278570.352500003,5e-05,,OK,
2026-09-10T06:00:00Z,Bitget USDT Futures,UNIUSDT,6.024,3837357.0,23116238.568,0.0001,,OK,
2026-09-10T06:00:00Z,Bitget USDT Futures,XLMUSDT,0.17983,127708588.0,22965835.380039997,8.2e-05,,OK,
2026-09-10T06:00:00Z,Bitget USDT Futures,XRPUSDT,1.3824,164288641.0,227112617.31840003,5.8e-05,,OK,
2026-09-10T06:00:00Z,Bitget USDT Futures,ZECUSDT,1218.28,112789.50199999921,137409194.49655902,-5e-05,,OK,
2026-09-10T07:00:00Z,Bitget USDT Futures,AAVEUSDT,124.36,192766.4,23972429.504,0.0001,,OK,
2026-09-10T07:00:00Z,Bitget USDT Futures,AVAXUSDT,7.802,2828732.9,22069774.0858,2.1e-05,,OK,
2026-09-10T07:00:00Z,Bitget USDT Futures,BTCUSDT,78170.0,35611.23819999989,2783730490.0939913,0.0001,,OK,
2026-09-10T07:00:00Z,Bitget USDT Futures,CAKEUSDT,2.1838,762753.5999999997,1665701.3116799996,5e-05,,OK,
2026-09-10T07:00:00Z,Bitget USDT Futures,CCUSDT,0.10515,7809302.0,821148.1052999999,5e-05,,OK,
2026-09-10T07:00:00Z,Bitget USDT Futures,ENAUSDT,0.15025,229184016.0,34434898.404,5e-05,,OK,
2026-09-10T07:00:00Z,Bitget USDT Futures,ETHUSDT,2473.41,804117.6800000002,1988912710.8888004,8.2e-05,,OK,
2026-09-10T07:00:00Z,Bitget USDT Futures,HBARUSDT,0.0765,165577119.0,12666649.6035,0.0001,,OK,
2026-09-10T07:00:00Z,Bitget USDT Futures,HYPEUSDT,83.266,2382538.159999999,198384422.43055993,1.9e-05,,OK,
2026-09-10T07:00:00Z,Bitget USDT Futures,LINKUSDT,11.805,4148988.0,48978803.339999996,7.3e-05,,OK,
2026-09-10T07:00:00Z,Bitget USDT Futures,MORPHOUSDT,2.3002,1066739.0,2453713.0478,5e-05,,OK,
2026-09-10T07:00:00Z,Bitget USDT Futures,NEARUSDT,2.4514,16688489.0,40910161.9346,3.6e-05,,OK,
2026-09-10T07:00:00Z,Bitget USDT Futures,ONDOUSDT,0.3563,54618689.5,19460639.06885,5e-05,,OK,
2026-09-10T07:00:00Z,Bitget USDT Futures,SEIUSDT,0.04659,143517690.0,6686489.1771,0.0001,,OK,
2026-09-10T07:00:00Z,Bitget USDT Futures,SOLUSDT,101.575,4537144.999999958,460860503.37499577,-2.6e-05,,OK,
2026-09-10T07:00:00Z,Bitget USDT Futures,SUIUSDT,0.7674,63800188.5,48960264.6549,1.9e-05,,OK,
2026-09-10T07:00:00Z,Bitget USDT Futures,TAOUSDT,253.92,108117.68400000001,27453242.321280003,5e-05,,OK,
2026-09-10T07:00:00Z,Bitget USDT Futures,UNIUSDT,5.998,3879109.0,23266895.782,0.0001,,OK,
2026-09-10T07:00:00Z,Bitget USDT Futures,XLMUSDT,0.1802,127521040.0,22979291.408,7.1e-05,,OK,
2026-09-10T07:00:00Z,Bitget USDT Futures,XRPUSDT,1.3845,164966015.0,228395447.7675,7.1e-05,,OK,
2026-09-10T07:00:00Z,Bitget USDT Futures,ZECUSDT,1216.82,112763.71699999923,137213146.11993906,-2.2e-05,,OK,
2026-09-10T08:00:00Z,Bitget USDT Futures,AAVEUSDT,124.33,192554.40000000002,23940288.552,0.0001,,OK,
2026-09-10T08:00:00Z,Bitget USDT Futures,AVAXUSDT,7.753,2824128.1,21895465.1593,2.1e-05,,OK,
2026-09-10T08:00:00Z,Bitget USDT Futures,BTCUSDT,78057.4,35887.91209999989,2801317109.954531,0.0001,,OK,
2026-09-10T08:00:00Z,Bitget USDT Futures,CAKEUSDT,2.1783,766320.1999999998,1669275.2916599996,5e-05,,OK,
2026-09-10T08:00:00Z,Bitget USDT Futures,CCUSDT,0.10421,7698138.0,802222.96098,5e-05,,OK,
2026-09-10T08:00:00Z,Bitget USDT Futures,ENAUSDT,0.14967,230236358.0,34459475.701859996,5e-05,,OK,
2026-09-10T08:00:00Z,Bitget USDT Futures,ETHUSDT,2470.67,810330.21,2002058539.9407,8e-05,,OK,
2026-09-10T08:00:00Z,Bitget USDT Futures,HBARUSDT,0.07621,165426199.0,12607130.62579,0.0001,,OK,
2026-09-10T08:00:00Z,Bitget USDT Futures,HYPEUSDT,83.114,2384783.139999999,198208865.89795995,-2e-06,,OK,
2026-09-10T08:00:00Z,Bitget USDT Futures,LINKUSDT,11.771,4150638.0,48857159.898,7.2e-05,,OK,
2026-09-10T08:00:00Z,Bitget USDT Futures,MORPHOUSDT,2.2799,1068147.0,2435268.3453,4.7e-05,,OK,
2026-09-10T08:00:00Z,Bitget USDT Futures,NEARUSDT,2.4228,16657988.0,40358973.326400004,5e-06,,OK,
2026-09-10T08:00:00Z,Bitget USDT Futures,ONDOUSDT,0.3538,54353589.7,19230300.035860002,1.2e-05,,OK,
2026-09-10T08:00:00Z,Bitget USDT Futures,SEIUSDT,0.0463,144640646.0,6696861.9098000005,0.0001,,OK,
2026-09-10T08:00:00Z,Bitget USDT Futures,SOLUSDT,101.17,4547507.999999958,460071384.3599958,-2.2e-05,,OK,
2026-09-10T08:00:00Z,Bitget USDT Futures,SUIUSDT,0.7636,63995876.300000004,48867251.14268,-1e-06,,OK,
2026-09-10T08:00:00Z,Bitget USDT Futures,TAOUSDT,252.17,104655.263,26390917.67071,5e-05,,OK,
2026-09-10T08:00:00Z,Bitget USDT Futures,UNIUSDT,5.983,3871039.0,23160426.336999997,0.0001,,OK,
2026-09-10T08:00:00Z,Bitget USDT Futures,XLMUSDT,0.17913,127601534.0,22857262.78542,6.5e-05,,OK,
2026-09-10T08:00:00Z,Bitget USDT Futures,XRPUSDT,1.3821,166543524.0,230179804.52040002,7.8e-05,,OK,
2026-09-10T08:00:00Z,Bitget USDT Futures,ZECUSDT,1219.13,111217.85999999921,135589029.66179904,7e-06,,OK,
2026-09-10T09:00:00Z,Bitget USDT Futures,AAVEUSDT,124.49,192590.0,23975529.099999998,0.0001,,OK,
2026-09-10T09:00:00Z,Bitget USDT Futures,AVAXUSDT,7.769,2822705.1999999997,21929596.698799998,2.7e-05,,OK,
2026-09-10T09:00:00Z,Bitget USDT Futures,BTCUSDT,78152.3,35888.21259999989,2804746357.5789714,0.0001,,OK,
2026-09-10T09:00:00Z,Bitget USDT Futures,CAKEUSDT,2.1835,765175.9999999999,1670761.7959999999,5e-05,,OK,
2026-09-10T09:00:00Z,Bitget USDT Futures,CCUSDT,0.10314,7779876.0,802416.41064,5e-05,,OK,
2026-09-10T09:00:00Z,Bitget USDT Futures,ENAUSDT,0.14974,229984218.0,34437836.803320006,5e-05,,OK,
2026-09-10T09:00:00Z,Bitget USDT Futures,ETHUSDT,2474.44,809729.7899999999,2003627781.5675998,7.4e-05,,OK,
2026-09-10T09:00:00Z,Bitget USDT Futures,HBARUSDT,0.07632,166078949.0,12675145.38768,0.0001,,OK,
2026-09-10T09:00:00Z,Bitget USDT Futures,HYPEUSDT,83.218,2383466.3999999994,198347306.87519997,-1.6e-05,,OK,
2026-09-10T09:00:00Z,Bitget USDT Futures,LINKUSDT,11.804,4147042.0,48951683.768,0.0001,,OK,
2026-09-10T09:00:00Z,Bitget USDT Futures,MORPHOUSDT,2.2797,1063123.0,2423601.5031,5e-05,,OK,
2026-09-10T09:00:00Z,Bitget USDT Futures,NEARUSDT,2.4217,16627416.0,40266613.3272,-8e-06,,OK,
2026-09-10T09:00:00Z,Bitget USDT Futures,ONDOUSDT,0.3544,54404095.9,19280811.58696,-8e-06,,OK,
2026-09-10T09:00:00Z,Bitget USDT Futures,SEIUSDT,0.04628,143794864.0,6654826.30592,0.0001,,OK,
2026-09-10T09:00:00Z,Bitget USDT Futures,SOLUSDT,101.217,4544149.299999959,459945159.6980958,-4e-06,,OK,
2026-09-10T09:00:00Z,Bitget USDT Futures,SUIUSDT,0.7657,63617968.1,48712278.17417,2.4e-05,,OK,
2026-09-10T09:00:00Z,Bitget USDT Futures,TAOUSDT,253.65,104479.748,26501288.0802,-2.9e-05,,OK,
2026-09-10T09:00:00Z,Bitget USDT Futures,UNIUSDT,6.017,3854531.0,23192713.027000003,0.0001,,OK,
2026-09-10T09:00:00Z,Bitget USDT Futures,XLMUSDT,0.18005,127803454.0,23011011.892699998,0.0001,,OK,
2026-09-10T09:00:00Z,Bitget USDT Futures,XRPUSDT,1.3832,165975846.0,229577790.1872,0.0001,,OK,
2026-09-10T09:00:00Z,Bitget USDT Futures,ZECUSDT,1221.9,110293.42499999919,134767536.007499,-1e-06,,OK,
2026-09-10T10:00:00Z,Bitget USDT Futures,AAVEUSDT,123.65,193868.80000000002,23971877.120000005,0.0001,,OK,
2026-09-10T10:00:00Z,Bitget USDT Futures,AVAXUSDT,7.727,2818041.0999999996,21775003.579699997,2.8e-05,,OK,
2026-09-10T10:00:00Z,Bitget USDT Futures,BTCUSDT,77957.5,36090.05759999989,2813490665.3519917,0.0001,,OK,
2026-09-10T10:00:00Z,Bitget USDT Futures,CAKEUSDT,2.1635,766211.1999999998,1657697.9311999995,5e-05,,OK,
2026-09-10T10:00:00Z,Bitget USDT Futures,CCUSDT,0.1013,7041274.0,713281.0562,5e-05,,OK,
2026-09-10T10:00:00Z,Bitget USDT Futures,ENAUSDT,0.14941,230616071.0,34456347.16811,4.1e-05,,OK,
2026-09-10T10:00:00Z,Bitget USDT Futures,ETHUSDT,2467.64,808875.3699999999,1996013218.0267997,5.4e-05,,OK,
2026-09-10T10:00:00Z,Bitget USDT Futures,HBARUSDT,0.07599,166585057.0,12658798.48143,0.0001,,OK,
2026-09-10T10:00:00Z,Bitget USDT Futures,HYPEUSDT,82.968,2388003.119999999,198127842.86015993,-1.7e-05,,OK,
2026-09-10T10:00:00Z,Bitget USDT Futures,LINKUSDT,11.811,4169204.0,49242468.444,0.0001,,OK,
2026-09-10T10:00:00Z,Bitget USDT Futures,MORPHOUSDT,2.255,1053413.0,2375446.315,1.7e-05,,OK,
2026-09-10T10:00:00Z,Bitget USDT Futures,NEARUSDT,2.4039,16645752.0,40014723.2328,2.9e-05,,OK,
2026-09-10T10:00:00Z,Bitget USDT Futures,ONDOUSDT,0.3536,54342762.699999996,19215600.89072,-2.5e-05,,OK,
2026-09-10T10:00:00Z,Bitget USDT Futures,SEIUSDT,0.04602,143055818.0,6583428.74436,0.0001,,OK,
2026-09-10T10:00:00Z,Bitget USDT Futures,SOLUSDT,101.113,4547373.899999958,459798617.1506958,7e-06,,OK,
2026-09-10T10:00:00Z,Bitget USDT Futures,SUIUSDT,0.761,63829173.5,48574001.0335,2.6e-05,,OK,
2026-09-10T10:00:00Z,Bitget USDT Futures,TAOUSDT,251.6,104431.732,26275023.7712,-3.2e-05,,OK,
2026-09-10T10:00:00Z,Bitget USDT Futures,UNIUSDT,6.03,3866175.0,23313035.25,0.0001,,OK,
2026-09-10T10:00:00Z,Bitget USDT Futures,XLMUSDT,0.17938,128261560.0,23007558.6328,0.0001,,OK,
2026-09-10T10:00:00Z,Bitget USDT Futures,XRPUSDT,1.3777,166327773.0,229149772.86209998,9.8e-05,,OK,
2026-09-10T10:00:00Z,Bitget USDT Futures,ZECUSDT,1226.07,110399.3739999992,135357360.480179,-1e-05,,OK,
2026-09-10T11:00:00Z,Bitget USDT Futures,AAVEUSDT,123.17,195925.0,24132082.25,0.0001,,OK,
2026-09-10T11:00:00Z,Bitget USDT Futures,AVAXUSDT,7.744,2813381.3,21786824.787199996,5.4e-05,,OK,
2026-09-10T11:00:00Z,Bitget USDT Futures,BTCUSDT,77935.1,36199.70459999989,2821227597.9714513,0.0001,,OK,
2026-09-10T11:00:00Z,Bitget USDT Futures,CAKEUSDT,2.1605,765115.1999999998,1653031.3895999996,5e-05,,OK,
2026-09-10T11:00:00Z,Bitget USDT Futures,CCUSDT,0.10179,6570934.0,668855.3718600001,5e-05,,OK,
2026-09-10T11:00:00Z,Bitget USDT Futures,ENAUSDT,0.14968,230814891.0,34548372.88488,2.6e-05,,OK,
2026-09-10T11:00:00Z,Bitget USDT Futures,ETHUSDT,2464.59,807131.99,1989249431.2341,4.5e-05,,OK,
2026-09-10T11:00:00Z,Bitget USDT Futures,HBARUSDT,0.07625,167027060.0,12735813.325,0.0001,,OK,
2026-09-10T11:00:00Z,Bitget USDT Futures,HYPEUSDT,82.764,2389352.0399999996,197752332.23855996,-2e-06,,OK,
2026-09-10T11:00:00Z,Bitget USDT Futures,LINKUSDT,11.818,4172364.0,49308997.752,0.0001,,OK,
2026-09-10T11:00:00Z,Bitget USDT Futures,MORPHOUSDT,2.268,1051009.0,2383688.412,1e-06,,OK,
2026-09-10T11:00:00Z,Bitget USDT Futures,NEARUSDT,2.4185,16603726.0,40156111.331,4.5e-05,,OK,
2026-09-10T11:00:00Z,Bitget USDT Futures,ONDOUSDT,0.3536,54188034.5,19160888.9992,-3e-05,,OK,
2026-09-10T11:00:00Z,Bitget USDT Futures,SEIUSDT,0.04612,143369774.0,6612213.97688,0.0001,,OK,
2026-09-10T11:00:00Z,Bitget USDT Futures,SOLUSDT,101.17,4543193.599999959,459634896.51199585,1.8e-05,,OK,
2026-09-10T11:00:00Z,Bitget USDT Futures,SUIUSDT,0.7628,63498070.0,48436327.796000004,1.6e-05,,OK,
2026-09-10T11:00:00Z,Bitget USDT Futures,TAOUSDT,252.52,104250.97200000001,26325455.449440002,2.5e-05,,OK,
2026-09-10T11:00:00Z,Bitget USDT Futures,UNIUSDT,6.014,3864003.0,23238114.042,0.0001,,OK,
2026-09-10T11:00:00Z,Bitget USDT Futures,XLMUSDT,0.17942,127345552.0,22848338.93984,0.0001,,OK,
2026-09-10T11:00:00Z,Bitget USDT Futures,XRPUSDT,1.3769,164980994.0,227162330.6386,8.5e-05,,OK,
2026-09-10T11:00:00Z,Bitget USDT Futures,ZECUSDT,1224.62,109947.0639999992,134643373.515679,-2.4e-05,,OK,
2026-09-10T12:00:00Z,Bitget USDT Futures,AAVEUSDT,122.73,195156.6,23951569.518000003,0.0001,,OK,
2026-09-10T12:00:00Z,Bitget USDT Futures,AVAXUSDT,7.714,2812468.7,21695383.5518,4.8e-05,,OK,
2026-09-10T12:00:00Z,Bitget USDT Futures,BTCUSDT,77734.7,36409.26139999989,2830263012.150571,0.0001,,OK,
2026-09-10T12:00:00Z,Bitget USDT Futures,CAKEUSDT,2.1478,768259.5999999999,1650067.9688799998,5e-05,,OK,
2026-09-10T12:00:00Z,Bitget USDT Futures,CCUSDT,0.10091,6599472.0,665952.71952,5e-05,,OK,
2026-09-10T12:00:00Z,Bitget USDT Futures,ENAUSDT,0.14804,230994122.0,34196369.82088,-4e-06,,OK,
2026-09-10T12:00:00Z,Bitget USDT Futures,ETHUSDT,2457.12,808611.57,1986855660.8783998,4.5e-05,,OK,
2026-09-10T12:00:00Z,Bitget USDT Futures,HBARUSDT,0.07582,167333981.0,12687262.43942,0.0001,,OK,
2026-09-10T12:00:00Z,Bitget USDT Futures,HYPEUSDT,82.274,2380443.09,195848574.78666,3e-06,,OK,
2026-09-10T12:00:00Z,Bitget USDT Futures,LINKUSDT,11.77,4170212.0,49083395.239999995,0.0001,,OK,
2026-09-10T12:00:00Z,Bitget USDT Futures,MORPHOUSDT,2.2624,1051407.0,2378703.1968,5e-05,,OK,
2026-09-10T12:00:00Z,Bitget USDT Futures,NEARUSDT,2.4042,16990604.0,40848810.1368,6.9e-05,,OK,
2026-09-10T12:00:00Z,Bitget USDT Futures,ONDOUSDT,0.3517,54448526.4,19149546.73488,-2.8e-05,,OK,
2026-09-10T12:00:00Z,Bitget USDT Futures,SEIUSDT,0.04587,142654171.0,6543546.823770001,0.0001,,OK,
2026-09-10T12:00:00Z,Bitget USDT Futures,SOLUSDT,101.051,4539648.899999959,458736060.9938959,3.1e-05,,OK,
2026-09-10T12:00:00Z,Bitget USDT Futures,SUIUSDT,0.7612,63949187.9,48678121.82948,-1.1e-05,,OK,
2026-09-10T12:00:00Z,Bitget USDT Futures,TAOUSDT,250.2,104243.629,26081755.9758,3.7e-05,,OK,
2026-09-10T12:00:00Z,Bitget USDT Futures,UNIUSDT,5.983,3959661.0,23690651.763,0.0001,,OK,
2026-09-10T12:00:00Z,Bitget USDT Futures,XLMUSDT,0.17916,128207012.0,22969568.269920003,0.0001,,OK,
2026-09-10T12:00:00Z,Bitget USDT Futures,XRPUSDT,1.3752,165000863.0,226909186.7976,6.2e-05,,OK,
2026-09-10T12:00:00Z,Bitget USDT Futures,ZECUSDT,1213.3,110085.16799999919,133566334.33439901,-3e-06,,OK,
2026-09-10T13:00:00Z,Bitget USDT Futures,AAVEUSDT,121.0,195666.2,23675610.200000003,0.0001,,OK,
2026-09-10T13:00:00Z,Bitget USDT Futures,AVAXUSDT,7.564,2834053.6999999997,21436782.1868,5.7e-05,,OK,
2026-09-10T13:00:00Z,Bitget USDT Futures,BTCUSDT,76821.1,37121.011199999884,2851676913.496311,0.0001,,OK,
2026-09-10T13:00:00Z,Bitget USDT Futures,CAKEUSDT,2.0934,754727.1999999998,1579945.9204799996,5e-05,,OK,
2026-09-10T13:00:00Z,Bitget USDT Futures,CCUSDT,0.10072,6505806.0,655264.78032,5e-05,,OK,
2026-09-10T13:00:00Z,Bitget USDT Futures,ENAUSDT,0.1458,225896835.0,32935758.543,-8e-06,,OK,
2026-09-10T13:00:00Z,Bitget USDT Futures,ETHUSDT,2413.32,790280.3399999999,1907199350.1287997,1.9e-05,,OK,
2026-09-10T13:00:00Z,Bitget USDT Futures,HBARUSDT,0.07504,166687801.0,12508252.58704,0.0001,,OK,
2026-09-10T13:00:00Z,Bitget USDT Futures,HYPEUSDT,80.983,2374416.079999999,192287337.40663993,2.5e-05,,OK,
2026-09-10T13:00:00Z,Bitget USDT Futures,LINKUSDT,11.625,4157126.0,48326589.75,0.0001,,OK,
2026-09-10T13:00:00Z,Bitget USDT Futures,MORPHOUSDT,2.2422,1047909.0,2349621.5598,5e-05,,OK,
2026-09-10T13:00:00Z,Bitget USDT Futures,NEARUSDT,2.3861,16405935.0,39146201.5035,0.0001,,OK,
2026-09-10T13:00:00Z,Bitget USDT Futures,ONDOUSDT,0.348,53322548.900000006,18556247.0172,-8.2e-05,,OK,
2026-09-10T13:00:00Z,Bitget USDT Futures,SEIUSDT,0.04509,149717616.0,6750767.305439999,0.0001,,OK,
2026-09-10T13:00:00Z,Bitget USDT Futures,SOLUSDT,99.127,4471619.999999957,443258275.7399957,1.6e-05,,OK,
2026-09-10T13:00:00Z,Bitget USDT Futures,SUIUSDT,0.747,63380083.7,47344922.5239,-1.6e-05,,OK,
2026-09-10T13:00:00Z,Bitget USDT Futures,TAOUSDT,241.42,104529.769,25235576.831979997,5e-05,,OK,
2026-09-10T13:00:00Z,Bitget USDT Futures,UNIUSDT,5.86,3851277.0,22568483.220000003,0.0001,,OK,
2026-09-10T13:00:00Z,Bitget USDT Futures,XLMUSDT,0.17647,126629114.0,22346239.74758,0.0001,,OK,
2026-09-10T13:00:00Z,Bitget USDT Futures,XRPUSDT,1.3518,164519502.0,222397462.80359998,4.9e-05,,OK,
2026-09-10T13:00:00Z,Bitget USDT Futures,ZECUSDT,1168.63,109424.82099999915,127877128.56522903,2.8e-05,,OK,
2026-09-10T14:00:00Z,Bitget USDT Futures,AAVEUSDT,121.49,195281.80000000002,23724785.882,0.0001,,OK,
2026-09-10T14:00:00Z,Bitget USDT Futures,AVAXUSDT,7.562,2832394.6999999997,21418568.7214,7.2e-05,,OK,
2026-09-10T14:00:00Z,Bitget USDT Futures,BTCUSDT,76970.0,37678.40729999988,2900107009.880991,0.0001,,OK,
2026-09-10T14:00:00Z,Bitget USDT Futures,CAKEUSDT,2.095,743571.3999999998,1557782.0829999996,5e-05,,OK,
2026-09-10T14:00:00Z,Bitget USDT Futures,CCUSDT,0.10103,6671358.0,674007.29874,5e-05,,OK,
2026-09-10T14:00:00Z,Bitget USDT Futures,ENAUSDT,0.14646,226137855.0,33120150.243300002,-2.3e-05,,OK,
2026-09-10T14:00:00Z,Bitget USDT Futures,ETHUSDT,2428.36,784497.8299999995,1905043150.458799,-7e-06,,OK,
2026-09-10T14:00:00Z,Bitget USDT Futures,HBARUSDT,0.07543,167834705.0,12659771.79815,0.0001,,OK,
2026-09-10T14:00:00Z,Bitget USDT Futures,HYPEUSDT,80.398,2383718.7799999993,191646222.47443995,5e-05,,OK,
2026-09-10T14:00:00Z,Bitget USDT Futures,LINKUSDT,11.579,4142326.0,47963992.754,0.0001,,OK,
2026-09-10T14:00:00Z,Bitget USDT Futures,MORPHOUSDT,2.2596,1045921.0,2363363.0916,5e-05,,OK,
2026-09-10T14:00:00Z,Bitget USDT Futures,NEARUSDT,2.4101,16443952.0,39631568.7152,0.0001,,OK,
2026-09-10T14:00:00Z,Bitget USDT Futures,ONDOUSDT,0.3481,53606935.8,18660574.35198,-8.4e-05,,OK,
2026-09-10T14:00:00Z,Bitget USDT Futures,SEIUSDT,0.04519,148820410.0,6725194.3279,0.0001,,OK,
2026-09-10T14:00:00Z,Bitget USDT Futures,SOLUSDT,99.252,4459730.09999996,442637131.885196,-4e-06,,OK,
2026-09-10T14:00:00Z,Bitget USDT Futures,SUIUSDT,0.7423,63266943.900000006,46963052.45697,-3.5e-05,,OK,
2026-09-10T14:00:00Z,Bitget USDT Futures,TAOUSDT,240.73,104157.962,25073946.192259997,5e-05,,OK,
2026-09-10T14:00:00Z,Bitget USDT Futures,UNIUSDT,5.881,3842109.0,22595443.029,0.0001,,OK,
2026-09-10T14:00:00Z,Bitget USDT Futures,XLMUSDT,0.1769,127267812.0,22513675.9428,0.0001,,OK,
2026-09-10T14:00:00Z,Bitget USDT Futures,XRPUSDT,1.3583,164358195.0,223247736.2685,2.8e-05,,OK,
2026-09-10T14:00:00Z,Bitget USDT Futures,ZECUSDT,1163.0,109485.5519999992,127331696.97599906,9.9e-05,,OK,
2026-09-10T15:00:00Z,Bitget USDT Futures,AAVEUSDT,121.79,195572.2,23818738.238,0.0001,,OK,
2026-09-10T15:00:00Z,Bitget USDT Futures,AVAXUSDT,7.572,2844269.1,21536805.6252,8e-05,,OK,
2026-09-10T15:00:00Z,Bitget USDT Futures,BTCUSDT,77226.7,37580.21669999988,2902196121.025881,0.0001,,OK,
2026-09-10T15:00:00Z,Bitget USDT Futures,CAKEUSDT,2.098,744007.1999999998,1560927.1055999997,5e-05,,OK,
2026-09-10T15:00:00Z,Bitget USDT Futures,CCUSDT,0.10077,6673846.0,672523.46142,5e-05,,OK,
2026-09-10T15:00:00Z,Bitget USDT Futures,ENAUSDT,0.14794,225886611.0,33417665.23134,-3.4e-05,,OK,
2026-09-10T15:00:00Z,Bitget USDT Futures,ETHUSDT,2437.94,783325.5099999992,1909700593.8493981,-3.2e-05,,OK,
2026-09-10T15:00:00Z,Bitget USDT Futures,HBARUSDT,0.07541,167807789.0,12654385.368490001,0.0001,,OK,
2026-09-10T15:00:00Z,Bitget USDT Futures,HYPEUSDT,80.778,2393729.4499999997,193360677.51209998,5e-05,,OK,
2026-09-10T15:00:00Z,Bitget USDT Futures,LINKUSDT,11.633,4129824.0,48042242.59199999,0.0001,,OK,
2026-09-10T15:00:00Z,Bitget USDT Futures,MORPHOUSDT,2.2758,1041183.0,2369524.2714,5e-05,,OK,
2026-09-10T15:00:00Z,Bitget USDT Futures,NEARUSDT,2.4169,16441815.0,39738222.6735,7.1e-05,,OK,
2026-09-10T15:00:00Z,Bitget USDT Futures,ONDOUSDT,0.3486,53231875.1,18556631.65986,-6.2e-05,,OK,
2026-09-10T15:00:00Z,Bitget USDT Futures,SEIUSDT,0.04515,146476222.0,6613401.423300001,0.0001,,OK,
2026-09-10T15:00:00Z,Bitget USDT Futures,SOLUSDT,99.811,4439354.699999962,443096431.96169627,-3e-05,,OK,
2026-09-10T15:00:00Z,Bitget USDT Futures,SUIUSDT,0.7432,64236109.5,47740276.5804,-5.1e-05,,OK,
2026-09-10T15:00:00Z,Bitget USDT Futures,TAOUSDT,239.95,104142.242,24988930.967899997,5e-05,,OK,
2026-09-10T15:00:00Z,Bitget USDT Futures,UNIUSDT,5.904,3912774.0,23101017.696,0.0001,,OK,
2026-09-10T15:00:00Z,Bitget USDT Futures,XLMUSDT,0.17714,126782098.0,22458180.83972,0.0001,,OK,
2026-09-10T15:00:00Z,Bitget USDT Futures,XRPUSDT,1.3557,165091905.0,223815095.60849997,1.5e-05,,OK,
2026-09-10T15:00:00Z,Bitget USDT Futures,ZECUSDT,1166.49,110368.97299999917,128744303.31476903,0.0001,,OK,
2026-09-10T16:00:00Z,Bitget USDT Futures,AAVEUSDT,121.18,197568.2,23941314.476000004,0.0001,,OK,
2026-09-10T16:00:00Z,Bitget USDT Futures,AVAXUSDT,7.531,2842278.5,21405199.3835,7.1e-05,,OK,
2026-09-10T16:00:00Z,Bitget USDT Futures,BTCUSDT,76903.5,37512.94959999988,2884877119.563591,0.0001,,OK,
2026-09-10T16:00:00Z,Bitget USDT Futures,CAKEUSDT,2.0711,753899.3999999998,1561401.0473399996,5e-05,,OK,
2026-09-10T16:00:00Z,Bitget USDT Futures,CCUSDT,0.09971,6689768.0,667036.7672799999,5e-05,,OK,
2026-09-10T16:00:00Z,Bitget USDT Futures,ENAUSDT,0.14626,226370056.0,33108884.39056,-3.5e-05,,OK,
2026-09-10T16:00:00Z,Bitget USDT Futures,ETHUSDT,2434.35,787341.8899999992,1916665729.921498,-4.5e-05,,OK,
2026-09-10T16:00:00Z,Bitget USDT Futures,HBARUSDT,0.07492,167520584.0,12550642.15328,0.0001,,OK,
2026-09-10T16:00:00Z,Bitget USDT Futures,HYPEUSDT,79.405,2389003.6099999994,189698831.65204996,5e-05,,OK,
2026-09-10T16:00:00Z,Bitget USDT Futures,LINKUSDT,11.544,4120129.0,47562769.176,0.0001,,OK,
2026-09-10T16:00:00Z,Bitget USDT Futures,MORPHOUSDT,2.2644,1038591.0,2351785.4604,5e-05,,OK,
2026-09-10T16:00:00Z,Bitget USDT Futures,NEARUSDT,2.4429,16493549.0,40292090.8521,4.1e-05,,OK,
2026-09-10T16:00:00Z,Bitget USDT Futures,ONDOUSDT,0.3451,53223027.5,18367266.79025,-1.9e-05,,OK,
2026-09-10T16:00:00Z,Bitget USDT Futures,SEIUSDT,0.04451,144644492.0,6438126.33892,0.0001,,OK,
2026-09-10T16:00:00Z,Bitget USDT Futures,SOLUSDT,99.104,4462570.799999963,442258616.5631963,-5.9e-05,,OK,
2026-09-10T16:00:00Z,Bitget USDT Futures,SUIUSDT,0.737,63545464.2,46833007.1154,-3.8e-05,,OK,
2026-09-10T16:00:00Z,Bitget USDT Futures,TAOUSDT,237.45,105013.594,24935477.895299997,5e-05,,OK,
2026-09-10T16:00:00Z,Bitget USDT Futures,UNIUSDT,5.949,3914895.0,23289710.355,0.0001,,OK,
2026-09-10T16:00:00Z,Bitget USDT Futures,XLMUSDT,0.1759,126476666.0,22247245.5494,0.0001,,OK,
2026-09-10T16:00:00Z,Bitget USDT Futures,XRPUSDT,1.3468,165340814.0,222681008.2952,1.2e-05,,OK,
2026-09-10T16:00:00Z,Bitget USDT Futures,ZECUSDT,1142.0,113300.13399999915,129388753.02799903,0.0001,,OK,
2026-09-10T17:00:00Z,Bitget USDT Futures,AAVEUSDT,122.4,199112.60000000003,24371382.240000006,0.0001,,OK,
2026-09-10T17:00:00Z,Bitget USDT Futures,AVAXUSDT,7.604,2848675.9,21661331.5436,5.7e-05,,OK,
2026-09-10T17:00:00Z,Bitget USDT Futures,BTCUSDT,77119.5,37760.75479999988,2912090529.7985907,0.0001,,OK,
2026-09-10T17:00:00Z,Bitget USDT Futures,CAKEUSDT,2.093,753639.7999999998,1577368.1013999996,5e-05,,OK,
2026-09-10T17:00:00Z,Bitget USDT Futures,CCUSDT,0.09965,6505224.0,648245.5716,5e-05,,OK,
2026-09-10T17:00:00Z,Bitget USDT Futures,ENAUSDT,0.1473,225737744.0,33251169.691199996,-2.2e-05,,OK,
2026-09-10T17:00:00Z,Bitget USDT Futures,ETHUSDT,2452.69,785704.5199999992,1927089619.158798,-4.2e-05,,OK,
2026-09-10T17:00:00Z,Bitget USDT Futures,HBARUSDT,0.07527,166838035.0,12557898.894450001,0.0001,,OK,
2026-09-10T17:00:00Z,Bitget USDT Futures,HYPEUSDT,80.248,2372829.8399999994,190414849.00031996,9e-06,,OK,
2026-09-10T17:00:00Z,Bitget USDT Futures,LINKUSDT,11.619,4105318.0,47699689.842,0.0001,,OK,
2026-09-10T17:00:00Z,Bitget USDT Futures,MORPHOUSDT,2.3009,1035615.0,2382846.5535,5e-05,,OK,
2026-09-10T17:00:00Z,Bitget USDT Futures,NEARUSDT,2.489,16443130.0,40926950.57,1.5e-05,,OK,
2026-09-10T17:00:00Z,Bitget USDT Futures,ONDOUSDT,0.3478,53344909.7,18553359.59366,1e-06,,OK,
2026-09-10T17:00:00Z,Bitget USDT Futures,SEIUSDT,0.04473,145547306.0,6510330.99738,0.0001,,OK,
2026-09-10T17:00:00Z,Bitget USDT Futures,SOLUSDT,99.765,4458678.199999965,444820030.6229965,-6.9e-05,,OK,
2026-09-10T17:00:00Z,Bitget USDT Futures,SUIUSDT,0.7415,63500652.7,47085733.97705001,-1.9e-05,,OK,
2026-09-10T17:00:00Z,Bitget USDT Futures,TAOUSDT,241.94,104957.601,25393441.98594,5e-05,,OK,
2026-09-10T17:00:00Z,Bitget USDT Futures,UNIUSDT,5.986,3895179.0,23316541.494,0.0001,,OK,
2026-09-10T17:00:00Z,Bitget USDT Futures,XLMUSDT,0.17759,126349066.0,22438330.63094,0.0001,,OK,
2026-09-10T17:00:00Z,Bitget USDT Futures,XRPUSDT,1.3556,165189106.0,223930352.09359998,2e-05,,OK,
2026-09-10T17:00:00Z,Bitget USDT Futures,ZECUSDT,1138.38,113552.4939999999,129265888.11971991,0.0001,,OK,
2026-09-10T18:00:00Z,Bitget USDT Futures,AAVEUSDT,122.2,197611.40000000002,24148113.080000002,0.0001,,OK,
2026-09-10T18:00:00Z,Bitget USDT Futures,AVAXUSDT,7.553,2839985.3,21450408.9709,6.8e-05,,OK,
2026-09-10T18:00:00Z,Bitget USDT Futures,BTCUSDT,77032.2,37494.53759999988,2888286719.3107104,0.0001,,OK,
2026-09-10T18:00:00Z,Bitget USDT Futures,CAKEUSDT,2.102,768142.5999999999,1614635.7451999995,-3e-05,,OK,
2026-09-10T18:00:00Z,Bitget USDT Futures,CCUSDT,0.09805,6434464.0,630899.1952,5e-05,,OK,
2026-09-10T18:00:00Z,Bitget USDT Futures,ENAUSDT,0.14654,226766862.0,33230415.957480002,2.5e-05,,OK,
2026-09-10T18:00:00Z,Bitget USDT Futures,ETHUSDT,2455.33,780704.0799999993,1916886148.7463982,-2.2e-05,,OK,
2026-09-10T18:00:00Z,Bitget USDT Futures,HBARUSDT,0.075,166767583.0,12507568.725,0.0001,,OK,
2026-09-10T18:00:00Z,Bitget USDT Futures,HYPEUSDT,79.767,2378797.98,189749578.47066,-1.5e-05,,OK,
2026-09-10T18:00:00Z,Bitget USDT Futures,LINKUSDT,11.602,4109780.0,47681667.56,0.0001,,OK,
2026-09-10T18:00:00Z,Bitget USDT Futures,MORPHOUSDT,2.2823,1029209.0,2348963.7007000004,5e-05,,OK,
2026-09-10T18:00:00Z,Bitget USDT Futures,NEARUSDT,2.4856,16445156.0,40876079.753599994,-5.7e-05,,OK,
2026-09-10T18:00:00Z,Bitget USDT Futures,ONDOUSDT,0.3471,53461632.1,18556532.50191,2.4e-05,,OK,
2026-09-10T18:00:00Z,Bitget USDT Futures,SEIUSDT,0.04461,145176304.0,6476314.92144,0.0001,,OK,
2026-09-10T18:00:00Z,Bitget USDT Futures,SOLUSDT,99.261,4446713.299999965,441385208.8712965,-8e-05,,OK,
2026-09-10T18:00:00Z,Bitget USDT Futures,SUIUSDT,0.7362,63982425.7,47103861.80034,-6e-06,,OK,
2026-09-10T18:00:00Z,Bitget USDT Futures,TAOUSDT,240.25,104768.37199999999,25170601.372999996,5e-05,,OK,
2026-09-10T18:00:00Z,Bitget USDT Futures,UNIUSDT,6.011,4045452.0,24317211.972,0.0001,,OK,
2026-09-10T18:00:00Z,Bitget USDT Futures,XLMUSDT,0.17798,125582028.0,22351089.34344,0.0001,,OK,
2026-09-10T18:00:00Z,Bitget USDT Futures,XRPUSDT,1.3479,166401691.0,224292839.2989,2.9e-05,,OK,
2026-09-10T18:00:00Z,Bitget USDT Futures,ZECUSDT,1130.2,111855.8629999999,126419496.3625999,0.0001,,OK,
2026-09-10T19:00:00Z,Bitget USDT Futures,AAVEUSDT,122.62,197218.20000000004,24182895.684000004,0.0001,,OK,
2026-09-10T19:00:00Z,Bitget USDT Futures,AVAXUSDT,7.603,2837299.5,21571988.0985,7.4e-05,,OK,
2026-09-10T19:00:00Z,Bitget USDT Futures,BTCUSDT,77143.0,37477.870699999876,2891155379.4100904,0.0001,,OK,
2026-09-10T19:00:00Z,Bitget USDT Futures,CAKEUSDT,2.117,769317.9999999999,1628646.2059999998,-4.7e-05,,OK,
2026-09-10T19:00:00Z,Bitget USDT Futures,CCUSDT,0.09928,6590598.0,654314.56944,5e-05,,OK,
2026-09-10T19:00:00Z,Bitget USDT Futures,ENAUSDT,0.14494,225186930.0,32638593.634200003,3.5e-05,,OK,
2026-09-10T19:00:00Z,Bitget USDT Futures,ETHUSDT,2463.8,780029.9999999993,1921837913.9999983,5e-06,,OK,
2026-09-10T19:00:00Z,Bitget USDT Futures,HBARUSDT,0.0752,167488349.0,12595123.844800001,0.0001,,OK,
2026-09-10T19:00:00Z,Bitget USDT Futures,HYPEUSDT,80.417,2378088.84,191238770.24627998,-1.3e-05,,OK,
2026-09-10T19:00:00Z,Bitget USDT Futures,LINKUSDT,11.633,4108847.0,47798217.15099999,0.0001,,OK,
2026-09-10T19:00:00Z,Bitget USDT Futures,MORPHOUSDT,2.2935,1037093.0,2378572.7955,5e-05,,OK,
2026-09-10T19:00:00Z,Bitget USDT Futures,NEARUSDT,2.4946,16356277.0,40802368.604200006,-5.1e-05,,OK,
2026-09-10T19:00:00Z,Bitget USDT Futures,ONDOUSDT,0.3488,53527319.300000004,18670328.97184,5e-05,,OK,
2026-09-10T19:00:00Z,Bitget USDT Futures,SEIUSDT,0.04467,145428400.0,6496286.6280000005,0.0001,,OK,
2026-09-10T19:00:00Z,Bitget USDT Futures,SOLUSDT,99.777,4432733.199999966,442284820.4963966,-7.9e-05,,OK,
2026-09-10T19:00:00Z,Bitget USDT Futures,SUIUSDT,0.7383,63876390.1,47159938.81083,7e-06,,OK,
2026-09-10T19:00:00Z,Bitget USDT Futures,TAOUSDT,240.04,104655.359,25121472.37436,5e-05,,OK,
2026-09-10T19:00:00Z,Bitget USDT Futures,UNIUSDT,6.05,4057625.0,24548631.25,0.0001,,OK,
2026-09-10T19:00:00Z,Bitget USDT Futures,XLMUSDT,0.17837,125786936.0,22436615.77432,0.0001,,OK,
2026-09-10T19:00:00Z,Bitget USDT Futures,XRPUSDT,1.3531,165417730.0,223826730.463,4.9e-05,,OK,
2026-09-10T19:00:00Z,Bitget USDT Futures,ZECUSDT,1132.46,111715.3919999999,126513212.8243199,0.0001,,OK,
2026-09-10T20:00:00Z,Bitget USDT Futures,AAVEUSDT,123.11,197109.60000000003,24266162.856000002,0.0001,,OK,
2026-09-10T20:00:00Z,Bitget USDT Futures,AVAXUSDT,7.605,2839054.5,21591009.4725,8.3e-05,,OK,
2026-09-10T20:00:00Z,Bitget USDT Futures,BTCUSDT,77271.6,37422.77759999988,2891717901.596151,0.0001,,OK,
2026-09-10T20:00:00Z,Bitget USDT Futures,CAKEUSDT,2.1256,775897.3999999999,1649247.5134399997,-2.3e-05,,OK,
2026-09-10T20:00:00Z,Bitget USDT Futures,CCUSDT,0.09897,6579626.0,651185.58522,5e-05,,OK,
2026-09-10T20:00:00Z,Bitget USDT Futures,ENAUSDT,0.14393,224139354.0,32260377.22122,5e-05,,OK,
2026-09-10T20:00:00Z,Bitget USDT Futures,ETHUSDT,2466.49,780367.7299999993,1924769202.367698,3.5e-05,,OK,
2026-09-10T20:00:00Z,Bitget USDT Futures,HBARUSDT,0.07564,167575309.0,12675396.37276,0.0001,,OK,
2026-09-10T20:00:00Z,Bitget USDT Futures,HYPEUSDT,80.553,2374221.36,191250653.21207997,2.7e-05,,OK,
2026-09-10T20:00:00Z,Bitget USDT Futures,LINKUSDT,11.631,4103300.0,47725482.300000004,9.8e-05,,OK,
2026-09-10T20:00:00Z,Bitget USDT Futures,MORPHOUSDT,2.2994,1031687.0,2372261.0878,5e-05,,OK,
2026-09-10T20:00:00Z,Bitget USDT Futures,NEARUSDT,2.495,16287238.0,40636658.81,-2.8e-05,,OK,
2026-09-10T20:00:00Z,Bitget USDT Futures,ONDOUSDT,0.3486,53347088.7,18596795.12082,5e-05,,OK,
2026-09-10T20:00:00Z,Bitget USDT Futures,SEIUSDT,0.04474,145207832.0,6496598.40368,0.0001,,OK,
2026-09-10T20:00:00Z,Bitget USDT Futures,SOLUSDT,99.978,4448239.599999966,444726098.7287966,-6.9e-05,,OK,
2026-09-10T20:00:00Z,Bitget USDT Futures,SUIUSDT,0.7406,63672363.300000004,47155752.25998001,2.2e-05,,OK,
2026-09-10T20:00:00Z,Bitget USDT Futures,TAOUSDT,240.22,104481.81999999999,25098622.800399996,5e-05,,OK,
2026-09-10T20:00:00Z,Bitget USDT Futures,UNIUSDT,6.089,4051083.0,24667044.387000002,0.0001,,OK,
2026-09-10T20:00:00Z,Bitget USDT Futures,XLMUSDT,0.17813,125438742.0,22344403.112460002,0.0001,,OK,
2026-09-10T20:00:00Z,Bitget USDT Futures,XRPUSDT,1.3544,166369658.0,225331064.79520002,5.7e-05,,OK,
2026-09-10T20:00:00Z,Bitget USDT Futures,ZECUSDT,1128.95,112178.5469999999,126643970.63564989,0.0001,,OK,
2026-09-10T21:00:00Z,Bitget USDT Futures,AAVEUSDT,122.62,197022.80000000005,24158935.736000005,0.0001,,OK,
2026-09-10T21:00:00Z,Bitget USDT Futures,AVAXUSDT,7.597,2838475.9,21563901.4123,9e-05,,OK,
2026-09-10T21:00:00Z,Bitget USDT Futures,BTCUSDT,77211.0,37341.824599999876,2883199619.1905904,0.0001,,OK,
2026-09-10T21:00:00Z,Bitget USDT Futures,CAKEUSDT,2.1189,779827.5999999999,1652376.7016399996,3.7e-05,,OK,
2026-09-10T21:00:00Z,Bitget USDT Futures,CCUSDT,0.09908,6619062.0,655816.66296,5e-05,,OK,
2026-09-10T21:00:00Z,Bitget USDT Futures,ENAUSDT,0.14548,227103850.0,33039068.098,5e-05,,OK,
2026-09-10T21:00:00Z,Bitget USDT Futures,ETHUSDT,2459.21,780556.2399999992,1919551710.970398,5.9e-05,,OK,
2026-09-10T21:00:00Z,Bitget USDT Futures,HBARUSDT,0.07577,167989065.0,12728531.45505,0.0001,,OK,
2026-09-10T21:00:00Z,Bitget USDT Futures,HYPEUSDT,80.459,2373749.87,190989540.79033002,5e-05,,OK,
2026-09-10T21:00:00Z,Bitget USDT Futures,LINKUSDT,11.579,4094416.0,47409242.864,6.7e-05,,OK,
2026-09-10T21:00:00Z,Bitget USDT Futures,MORPHOUSDT,2.2938,1030063.0,2362758.5094,5e-05,,OK,
2026-09-10T21:00:00Z,Bitget USDT Futures,NEARUSDT,2.5233,16426471.0,41448914.2743,-3.6e-05,,OK,
2026-09-10T21:00:00Z,Bitget USDT Futures,ONDOUSDT,0.3481,53292567.5,18551142.74675,5e-05,,OK,
2026-09-10T21:00:00Z,Bitget USDT Futures,SEIUSDT,0.04478,145358950.0,6509173.781,0.0001,,OK,
2026-09-10T21:00:00Z,Bitget USDT Futures,SOLUSDT,99.954,4445958.099999966,444391295.9273966,-6.4e-05,,OK,
2026-09-10T21:00:00Z,Bitget USDT Futures,SUIUSDT,0.7403,63558200.900000006,47052136.12627,-1e-06,,OK,
2026-09-10T21:00:00Z,Bitget USDT Futures,TAOUSDT,240.3,104634.09999999999,25143574.23,5e-05,,OK,
2026-09-10T21:00:00Z,Bitget USDT Futures,UNIUSDT,6.045,4042837.0,24438949.665,0.0001,,OK,
2026-09-10T21:00:00Z,Bitget USDT Futures,XLMUSDT,0.17743,125492942.0,22266212.69906,0.0001,,OK,
2026-09-10T21:00:00Z,Bitget USDT Futures,XRPUSDT,1.3546,165937615.0,224779093.279,6.8e-05,,OK,
2026-09-10T21:00:00Z,Bitget USDT Futures,ZECUSDT,1131.8,112533.80599999992,127365761.6307999,0.0001,,OK,
2026-09-10T22:00:00Z,Bitget USDT Futures,AAVEUSDT,122.89,196221.20000000004,24113623.268000007,0.0001,,OK,
2026-09-10T22:00:00Z,Bitget USDT Futures,AVAXUSDT,7.575,2836747.5,21488362.3125,9.9e-05,,OK,
2026-09-10T22:00:00Z,Bitget USDT Futures,BTCUSDT,77160.1,37284.81469999987,2876900030.7334604,0.0001,,OK,
2026-09-10T22:00:00Z,Bitget USDT Futures,CAKEUSDT,2.1236,780762.9999999999,1658028.3068,5e-05,,OK,
2026-09-10T22:00:00Z,Bitget USDT Futures,CCUSDT,0.09875,6630282.0,654740.3475,5e-05,,OK,
2026-09-10T22:00:00Z,Bitget USDT Futures,ENAUSDT,0.14554,227238034.0,33072223.46836,5e-05,,OK,
2026-09-10T22:00:00Z,Bitget USDT Futures,ETHUSDT,2458.17,782762.6699999992,1924163712.5138981,7.4e-05,,OK,
2026-09-10T22:00:00Z,Bitget USDT Futures,HBARUSDT,0.07564,167786749.0,12691389.69436,0.0001,,OK,
2026-09-10T22:00:00Z,Bitget USDT Futures,HYPEUSDT,80.34,2372650.3899999997,190618732.33259997,5e-05,,OK,
2026-09-10T22:00:00Z,Bitget USDT Futures,LINKUSDT,11.585,4093370.0,47421691.45,2.5e-05,,OK,
2026-09-10T22:00:00Z,Bitget USDT Futures,MORPHOUSDT,2.2809,1029123.0,2347326.6507,5e-05,,OK,
2026-09-10T22:00:00Z,Bitget USDT Futures,NEARUSDT,2.5366,16420661.0,41652648.6926,-3.7e-05,,OK,
2026-09-10T22:00:00Z,Bitget USDT Futures,ONDOUSDT,0.3483,53251054.3,18547342.21269,5e-05,,OK,
2026-09-10T22:00:00Z,Bitget USDT Futures,SEIUSDT,0.04471,144870446.0,6477157.64066,0.0001,,OK,
2026-09-10T22:00:00Z,Bitget USDT Futures,SOLUSDT,99.975,4438677.599999967,443756793.05999666,-6e-05,,OK,
2026-09-10T22:00:00Z,Bitget USDT Futures,SUIUSDT,0.7392,63231229.300000004,46740524.69856,-1.8e-05,,OK,
2026-09-10T22:00:00Z,Bitget USDT Futures,TAOUSDT,240.31,104571.652,25129613.69212,5e-05,,OK,
2026-09-10T22:00:00Z,Bitget USDT Futures,UNIUSDT,6.018,4045465.0,24345608.369999997,0.0001,,OK,
2026-09-10T22:00:00Z,Bitget USDT Futures,XLMUSDT,0.17723,125822994.0,22299609.22662,0.0001,,OK,
2026-09-10T22:00:00Z,Bitget USDT Futures,XRPUSDT,1.3537,166966960.0,226023173.75199997,7.7e-05,,OK,
2026-09-10T22:00:00Z,Bitget USDT Futures,ZECUSDT,1142.61,112063.32099999992,128044671.2078099,0.0001,,OK,
2026-09-10T23:00:00Z,Bitget USDT Futures,AAVEUSDT,121.38,196244.60000000003,23820169.548000004,0.0001,,OK,
2026-09-10T23:00:00Z,Bitget USDT Futures,AVAXUSDT,7.426,2835559.8000000003,21056867.074800003,7.8e-05,,OK,
2026-09-10T23:00:00Z,Bitget USDT Futures,BTCUSDT,76545.2,37075.46709999988,2837949044.2629104,9e-05,,OK,
2026-09-10T23:00:00Z,Bitget USDT Futures,CAKEUSDT,2.1068,778581.9999999999,1640316.5575999995,5e-05,,OK,
2026-09-10T23:00:00Z,Bitget USDT Futures,CCUSDT,0.09797,6613584.0,647932.82448,5e-05,,OK,
2026-09-10T23:00:00Z,Bitget USDT Futures,ENAUSDT,0.14331,228039124.0,32680286.860439997,5e-05,,OK,
2026-09-10T23:00:00Z,Bitget USDT Futures,ETHUSDT,2437.11,771118.6399999992,1879300948.7303982,5.9e-05,,OK,
2026-09-10T23:00:00Z,Bitget USDT Futures,HBARUSDT,0.07475,168581624.0,12601476.394,0.0001,,OK,
2026-09-10T23:00:00Z,Bitget USDT Futures,HYPEUSDT,79.011,2376832.0799999996,187795879.47287995,5e-05,,OK,
2026-09-10T23:00:00Z,Bitget USDT Futures,LINKUSDT,11.45,4092780.0,46862331.0,1e-05,,OK,
2026-09-10T23:00:00Z,Bitget USDT Futures,MORPHOUSDT,2.2538,1029911.0,2321213.4118,5e-05,,OK,
2026-09-10T23:00:00Z,Bitget USDT Futures,NEARUSDT,2.4652,16482922.0,40633699.314399995,-3.2e-05,,OK,
2026-09-10T23:00:00Z,Bitget USDT Futures,ONDOUSDT,0.3424,52912742.2,18117322.92928,5e-05,,OK,
2026-09-10T23:00:00Z,Bitget USDT Futures,SEIUSDT,0.04413,143489472.0,6332190.39936,5e-05,,OK,
2026-09-10T23:00:00Z,Bitget USDT Futures,SOLUSDT,98.71,4423752.699999968,436668629.0169968,-6.3e-05,,OK,
2026-09-10T23:00:00Z,Bitget USDT Futures,SUIUSDT,0.7256,63026678.800000004,45732158.13728,-3.8e-05,,OK,
2026-09-10T23:00:00Z,Bitget USDT Futures,TAOUSDT,236.78,104425.94799999999,24725975.967439998,5e-05,,OK,
2026-09-10T23:00:00Z,Bitget USDT Futures,UNIUSDT,5.946,4017989.0,23890962.594,0.0001,,OK,
2026-09-10T23:00:00Z,Bitget USDT Futures,XLMUSDT,0.17439,125636887.0,21909816.723929998,0.0001,,OK,
2026-09-10T23:00:00Z,Bitget USDT Futures,XRPUSDT,1.3326,165718520.0,220836499.752,6.9e-05,,OK,
2026-09-10T23:00:00Z,Bitget USDT Futures,ZECUSDT,1075.75,111044.07799999992,119455666.90849991,0.0001,,OK,
2026-09-11T00:00:00Z,Bitget USDT Futures,AAVEUSDT,121.4,194520.00000000003,23614728.000000004,0.0001,,OK,
2026-09-11T00:00:00Z,Bitget USDT Futures,AVAXUSDT,7.464,2847270.1,21252024.026400004,4.6e-05,,OK,
2026-09-11T00:00:00Z,Bitget USDT Futures,BTCUSDT,76786.8,37261.54509999987,2861194811.2846704,8.2e-05,,OK,
2026-09-11T00:00:00Z,Bitget USDT Futures,CAKEUSDT,2.116,780101.1999999998,1650694.1391999996,5e-05,,OK,
2026-09-11T00:00:00Z,Bitget USDT Futures,CCUSDT,0.09822,6630402.0,651238.08444,5e-05,,OK,
2026-09-11T00:00:00Z,Bitget USDT Futures,ENAUSDT,0.14383,228443711.0,32857058.953130003,-6e-06,,OK,
2026-09-11T00:00:00Z,Bitget USDT Futures,ETHUSDT,2449.24,763056.9199999992,1868909530.740798,3.8e-05,,OK,
2026-09-11T00:00:00Z,Bitget USDT Futures,HBARUSDT,0.0752,168294071.0,12655714.1392,0.0001,,OK,
2026-09-11T00:00:00Z,Bitget USDT Futures,HYPEUSDT,78.87,2370595.4299999997,186968861.5641,2.7e-05,,OK,
2026-09-11T00:00:00Z,Bitget USDT Futures,LINKUSDT,11.492,4088728.0,46987662.17600001,2.7e-05,,OK,
2026-09-11T00:00:00Z,Bitget USDT Futures,MORPHOUSDT,2.29,1038529.0,2378231.41,5e-05,,OK,
2026-09-11T00:00:00Z,Bitget USDT Futures,NEARUSDT,2.4737,16440365.0,40668530.9005,-3e-05,,OK,
2026-09-11T00:00:00Z,Bitget USDT Futures,ONDOUSDT,0.3451,53162680.6,18346441.075060003,5e-05,,OK,
2026-09-11T00:00:00Z,Bitget USDT Futures,SEIUSDT,0.04445,143260024.0,6367908.0668,-9e-06,,OK,
2026-09-11T00:00:00Z,Bitget USDT Futures,SOLUSDT,98.864,4423177.099999968,437292980.81439686,-7e-05,,OK,
2026-09-11T00:00:00Z,Bitget USDT Futures,SUIUSDT,0.7312,62487577.800000004,45690916.88736,-7.6e-05,,OK,
2026-09-11T00:00:00Z,Bitget USDT Futures,TAOUSDT,235.49,105105.296,24751246.15504,3.6e-05,,OK,
2026-09-11T00:00:00Z,Bitget USDT Futures,UNIUSDT,6.014,3962969.0,23833295.566,0.0001,,OK,
2026-09-11T00:00:00Z,Bitget USDT Futures,XLMUSDT,0.17557,125772582.0,22081892.22174,0.0001,,OK,
2026-09-11T00:00:00Z,Bitget USDT Futures,XRPUSDT,1.3407,166224790.0,222857575.953,5.9e-05,,OK,
2026-09-11T00:00:00Z,Bitget USDT Futures,ZECUSDT,1087.4,107680.89399999994,117092204.13559994,0.0001,,OK,
2026-09-11T01:00:00Z,Bitget USDT Futures,AAVEUSDT,122.07,194565.2,23750573.964,8.7e-05,,OK,
2026-09-11T01:00:00Z,Bitget USDT Futures,AVAXUSDT,7.482,2848019.1,21308878.906200003,4.1e-05,,OK,
2026-09-11T01:00:00Z,Bitget USDT Futures,BTCUSDT,76878.3,37434.36049999987,2877889996.8271403,9.3e-05,,OK,
2026-09-11T01:00:00Z,Bitget USDT Futures,CAKEUSDT,2.134,762263.7999999999,1626670.9491999997,5e-05,,OK,
2026-09-11T01:00:00Z,Bitget USDT Futures,CCUSDT,0.09852,6644840.0,654649.6368,5e-05,,OK,
2026-09-11T01:00:00Z,Bitget USDT Futures,ENAUSDT,0.14491,229137862.0,33204367.582420003,-4e-05,,OK,
2026-09-11T01:00:00Z,Bitget USDT Futures,ETHUSDT,2454.99,763238.5199999992,1873742934.214798,3e-05,,OK,
2026-09-11T01:00:00Z,Bitget USDT Futures,HBARUSDT,0.07528,168327917.0,12671725.59176,0.0001,,OK,
2026-09-11T01:00:00Z,Bitget USDT Futures,HYPEUSDT,79.349,2371382.57,188166835.54693,2.7e-05,,OK,
2026-09-11T01:00:00Z,Bitget USDT Futures,LINKUSDT,11.487,4086880.0,46945990.56,4.2e-05,,OK,
2026-09-11T01:00:00Z,Bitget USDT Futures,MORPHOUSDT,2.2745,1037451.0,2359682.2995,5e-05,,OK,
2026-09-11T01:00:00Z,Bitget USDT Futures,NEARUSDT,2.4865,16462459.0,40933904.3035,-2.2e-05,,OK,
2026-09-11T01:00:00Z,Bitget USDT Futures,ONDOUSDT,0.3465,53361657.1,18489814.185149997,5e-05,,OK,
2026-09-11T01:00:00Z,Bitget USDT Futures,SEIUSDT,0.04453,143158440.0,6374845.3332,-2.8e-05,,OK,
2026-09-11T01:00:00Z,Bitget USDT Futures,SOLUSDT,99.317,4421217.1999999685,439102028.65239686,-5.4e-05,,OK,
2026-09-11T01:00:00Z,Bitget USDT Futures,SUIUSDT,0.7338,62980701.2,46215238.54056,-8.6e-05,,OK,
2026-09-11T01:00:00Z,Bitget USDT Futures,TAOUSDT,235.81,104849.602,24724584.64762,3.5e-05,,OK,
2026-09-11T01:00:00Z,Bitget USDT Futures,UNIUSDT,6.026,3980825.0,23988451.45,0.0001,,OK,
2026-09-11T01:00:00Z,Bitget USDT Futures,XLMUSDT,0.17565,125613972.0,22064094.1818,0.0001,,OK,
2026-09-11T01:00:00Z,Bitget USDT Futures,XRPUSDT,1.3435,167144716.0,224558925.94599998,6.9e-05,,OK,
2026-09-11T01:00:00Z,Bitget USDT Futures,ZECUSDT,1095.61,107053.90099999993,117289324.47460991,0.0001,,OK,
2026-09-11T02:00:00Z,Bitget USDT Futures,AAVEUSDT,121.49,194307.70000000004,23606442.473000005,5.9e-05,,OK,
2026-09-11T02:00:00Z,Bitget USDT Futures,AVAXUSDT,7.45,2847361.1,21212840.195,2.3e-05,,OK,
2026-09-11T02:00:00Z,Bitget USDT Futures,BTCUSDT,76862.8,37451.84359999988,2878653564.2580705,0.0001,,OK,
2026-09-11T02:00:00Z,Bitget USDT Futures,CAKEUSDT,2.1269,762333.7999999998,1621407.7592199997,3.9e-05,,OK,
2026-09-11T02:00:00Z,Bitget USDT Futures,CCUSDT,0.09735,6634304.0,645849.4944000001,5e-05,,OK,
2026-09-11T02:00:00Z,Bitget USDT Futures,ENAUSDT,0.14432,227967010.0,32900198.8832,-6.5e-05,,OK,
2026-09-11T02:00:00Z,Bitget USDT Futures,ETHUSDT,2449.29,762027.2399999992,1866425698.6595979,1.5e-05,,OK,
2026-09-11T02:00:00Z,Bitget USDT Futures,HBARUSDT,0.07519,168252727.0,12650922.543130001,0.0001,,OK,
2026-09-11T02:00:00Z,Bitget USDT Futures,HYPEUSDT,78.737,2373558.76,186886896.08611998,4.7e-05,,OK,
2026-09-11T02:00:00Z,Bitget USDT Futures,LINKUSDT,11.483,4063564.0,46661905.412,3.7e-05,,OK,
2026-09-11T02:00:00Z,Bitget USDT Futures,MORPHOUSDT,2.2684,1041407.0,2362327.6388000003,5e-05,,OK,
2026-09-11T02:00:00Z,Bitget USDT Futures,NEARUSDT,2.4105,16399578.0,39531182.769,5.2e-05,,OK,
2026-09-11T02:00:00Z,Bitget USDT Futures,ONDOUSDT,0.3454,53281425.3,18403404.298619997,5e-05,,OK,
2026-09-11T02:00:00Z,Bitget USDT Futures,SEIUSDT,0.04417,143000380.0,6316326.7846,-3.9e-05,,OK,
2026-09-11T02:00:00Z,Bitget USDT Futures,SOLUSDT,99.188,4420900.59999997,438500288.71279705,-4.4e-05,,OK,
2026-09-11T02:00:00Z,Bitget USDT Futures,SUIUSDT,0.7325,62633922.5,45879348.23125,-7.4e-05,,OK,
2026-09-11T02:00:00Z,Bitget USDT Futures,TAOUSDT,234.15,104607.68599999999,24493889.6769,-1.7e-05,,OK,
2026-09-11T02:00:00Z,Bitget USDT Futures,UNIUSDT,5.999,3982983.0,23893915.016999997,0.0001,,OK,
2026-09-11T02:00:00Z,Bitget USDT Futures,XLMUSDT,0.1755,125570252.0,22037579.226,0.0001,,OK,
2026-09-11T02:00:00Z,Bitget USDT Futures,XRPUSDT,1.3424,167490046.0,224838637.7504,7e-05,,OK,
2026-09-11T02:00:00Z,Bitget USDT Futures,ZECUSDT,1077.47,106789.6379999999,115062631.2558599,0.0001,,OK,
2026-09-11T03:00:00Z,Bitget USDT Futures,AAVEUSDT,121.31,194608.80000000002,23607993.528,2.3e-05,,OK,
2026-09-11T03:00:00Z,Bitget USDT Futures,AVAXUSDT,7.439,2857207.5,21254766.5925,1.2e-05,,OK,
2026-09-11T03:00:00Z,Bitget USDT Futures,BTCUSDT,76765.2,37509.09599999987,2879393256.2591896,0.0001,,OK,
2026-09-11T03:00:00Z,Bitget USDT Futures,CAKEUSDT,2.1199,760627.3999999999,1612454.0252599998,-1.2e-05,,OK,
2026-09-11T03:00:00Z,Bitget USDT Futures,CCUSDT,0.09763,6623640.0,646665.9732,5e-05,,OK,
2026-09-11T03:00:00Z,Bitget USDT Futures,ENAUSDT,0.14499,227993358.0,33056756.97642,-7.6e-05,,OK,
2026-09-11T03:00:00Z,Bitget USDT Futures,ETHUSDT,2444.16,763081.2599999993,1865092692.4415982,1e-05,,OK,
2026-09-11T03:00:00Z,Bitget USDT Futures,HBARUSDT,0.07495,169499401.0,12703980.10495,0.0001,,OK,
2026-09-11T03:00:00Z,Bitget USDT Futures,HYPEUSDT,78.539,2368743.9799999995,186038783.44521996,5e-05,,OK,
2026-09-11T03:00:00Z,Bitget USDT Futures,LINKUSDT,11.464,4071848.0,46679665.472,9e-06,,OK,
2026-09-11T03:00:00Z,Bitget USDT Futures,MORPHOUSDT,2.2893,1042087.0,2385649.7690999997,5e-05,,OK,
2026-09-11T03:00:00Z,Bitget USDT Futures,NEARUSDT,2.3862,16467726.0,39295287.7812,0.0001,,OK,
2026-09-11T03:00:00Z,Bitget USDT Futures,ONDOUSDT,0.3457,53329272.1,18435929.364970002,5e-05,,OK,
2026-09-11T03:00:00Z,Bitget USDT Futures,SEIUSDT,0.04422,142964152.0,6321874.8014400005,-8e-05,,OK,
2026-09-11T03:00:00Z,Bitget USDT Futures,SOLUSDT,99.049,4426857.3999999715,438475798.6125972,-3.3e-05,,OK,
2026-09-11T03:00:00Z,Bitget USDT Futures,SUIUSDT,0.7327,62528540.7,45814661.770890005,-4.8e-05,,OK,
2026-09-11T03:00:00Z,Bitget USDT Futures,TAOUSDT,234.42,104271.52999999998,24443332.062599994,2e-06,,OK,
2026-09-11T03:00:00Z,Bitget USDT Futures,UNIUSDT,5.971,3981799.0,23775321.829,0.0001,,OK,
2026-09-11T03:00:00Z,Bitget USDT Futures,XLMUSDT,0.17507,125362398.0,21947195.01786,8.4e-05,,OK,
2026-09-11T03:00:00Z,Bitget USDT Futures,XRPUSDT,1.3385,167556794.0,224274768.769,8.8e-05,,OK,
2026-09-11T03:00:00Z,Bitget USDT Futures,ZECUSDT,1061.64,106450.95699999992,113012593.98947993,0.0001,,OK,
2026-09-11T04:00:00Z,Bitget USDT Futures,AAVEUSDT,122.15,194499.10000000003,23758065.065000005,-6e-06,,OK,
2026-09-11T04:00:00Z,Bitget USDT Futures,AVAXUSDT,7.467,2863295.1,21380224.5117,2.7e-05,,OK,
2026-09-11T04:00:00Z,Bitget USDT Futures,BTCUSDT,76942.0,37584.30519999987,2891811610.69839,0.0001,,OK,
2026-09-11T04:00:00Z,Bitget USDT Futures,CAKEUSDT,2.1399,763686.1999999998,1634212.0993799996,-1.3e-05,,OK,
2026-09-11T04:00:00Z,Bitget USDT Futures,CCUSDT,0.09839,6687526.0,657985.68314,5e-05,,OK,
2026-09-11T04:00:00Z,Bitget USDT Futures,ENAUSDT,0.14601,227450826.0,33210095.10426,-4.3e-05,,OK,
2026-09-11T04:00:00Z,Bitget USDT Futures,ETHUSDT,2450.17,763023.6699999993,1869537705.5238984,1.8e-05,,OK,
2026-09-11T04:00:00Z,Bitget USDT Futures,HBARUSDT,0.07533,169381893.0,12759537.999689998,0.0001,,OK,
2026-09-11T04:00:00Z,Bitget USDT Futures,HYPEUSDT,78.972,2366838.8599999994,186913998.45191994,5e-05,,OK,
2026-09-11T04:00:00Z,Bitget USDT Futures,LINKUSDT,11.492,4057284.0,46626307.728,-2.3e-05,,OK,
2026-09-11T04:00:00Z,Bitget USDT Futures,MORPHOUSDT,2.3174,1042729.0,2416420.1846000003,5e-05,,OK,
2026-09-11T04:00:00Z,Bitget USDT Futures,NEARUSDT,2.4232,16421712.0,39793092.5184,0.0001,,OK,
2026-09-11T04:00:00Z,Bitget USDT Futures,ONDOUSDT,0.3486,53424681.300000004,18623843.901180003,5e-05,,OK,
2026-09-11T04:00:00Z,Bitget USDT Futures,SEIUSDT,0.04462,143782166.0,6415560.24692,-5.6e-05,,OK,
2026-09-11T04:00:00Z,Bitget USDT Futures,SOLUSDT,99.416,4417282.799999973,439148586.84479725,-1.9e-05,,OK,
2026-09-11T04:00:00Z,Bitget USDT Futures,SUIUSDT,0.7377,62934949.70000001,46427112.39369001,-1.2e-05,,OK,
2026-09-11T04:00:00Z,Bitget USDT Futures,TAOUSDT,235.03,104367.614,24529520.31842,5e-05,,OK,
2026-09-11T04:00:00Z,Bitget USDT Futures,UNIUSDT,6.072,3940485.0,23926624.92,0.0001,,OK,
2026-09-11T04:00:00Z,Bitget USDT Futures,XLMUSDT,0.1762,125454628.0,22105105.4536,8.6e-05,,OK,
2026-09-11T04:00:00Z,Bitget USDT Futures,XRPUSDT,1.3434,166212492.0,223289861.7528,8.5e-05,,OK,
2026-09-11T04:00:00Z,Bitget USDT Futures,ZECUSDT,1072.86,106508.84799999993,114269082.66527991,0.0001,,OK,
2026-09-11T05:00:00Z,Bitget USDT Futures,AAVEUSDT,122.98,194169.40000000002,23878952.812000003,-1.1e-05,,OK,
2026-09-11T05:00:00Z,Bitget USDT Futures,AVAXUSDT,7.521,2863325.4,21535070.3334,4.7e-05,,OK,
2026-09-11T05:00:00Z,Bitget USDT Futures,BTCUSDT,77104.2,37272.30989999987,2873851636.99157,0.0001,,OK,
2026-09-11T05:00:00Z,Bitget USDT Futures,CAKEUSDT,2.1561,762449.9999999999,1643918.4449999996,2e-05,,OK,
2026-09-11T05:00:00Z,Bitget USDT Futures,CCUSDT,0.09874,6874038.0,678742.51212,5e-05,,OK,
2026-09-11T05:00:00Z,Bitget USDT Futures,ENAUSDT,0.14676,227687206.0,33415374.35256,-1.3e-05,,OK,
2026-09-11T05:00:00Z,Bitget USDT Futures,ETHUSDT,2459.86,760254.9799999993,1870120815.1027982,3.3e-05,,OK,
2026-09-11T05:00:00Z,Bitget USDT Futures,HBARUSDT,0.07564,169347291.0,12809429.09124,0.0001,,OK,
2026-09-11T05:00:00Z,Bitget USDT Futures,HYPEUSDT,79.64,2368979.0899999994,188665494.72759995,5e-05,,OK,
2026-09-11T05:00:00Z,Bitget USDT Futures,LINKUSDT,11.533,4055580.0,46773004.14,-1.7e-05,,OK,
2026-09-11T05:00:00Z,Bitget USDT Futures,MORPHOUSDT,2.3245,1049993.0,2440708.7285,5e-05,,OK,
2026-09-11T05:00:00Z,Bitget USDT Futures,NEARUSDT,2.4523,16460640.0,40366427.472,0.0001,,OK,
2026-09-11T05:00:00Z,Bitget USDT Futures,ONDOUSDT,0.3506,54075204.1,18958766.557460003,5e-05,,OK,
2026-09-11T05:00:00Z,Bitget USDT Futures,SEIUSDT,0.0447,144517784.0,6459944.9448,2.7e-05,,OK,
2026-09-11T05:00:00Z,Bitget USDT Futures,SOLUSDT,99.705,4436872.399999974,442378362.64199746,-3e-06,,OK,
2026-09-11T05:00:00Z,Bitget USDT Futures,SUIUSDT,0.7404,62892208.10000001,46565390.87724,1.7e-05,,OK,
2026-09-11T05:00:00Z,Bitget USDT Futures,TAOUSDT,236.64,104196.537,24657068.515679996,4.9e-05,,OK,
2026-09-11T05:00:00Z,Bitget USDT Futures,UNIUSDT,6.171,3942769.0,24330827.499,0.0001,,OK,
2026-09-11T05:00:00Z,Bitget USDT Futures,XLMUSDT,0.17615,125525272.0,22111276.6628,0.0001,,OK,
2026-09-11T05:00:00Z,Bitget USDT Futures,XRPUSDT,1.3485,166430462.0,224431478.007,7.7e-05,,OK,
2026-09-11T05:00:00Z,Bitget USDT Futures,ZECUSDT,1087.49,109337.18599999994,118903096.40313993,0.0001,,OK,
2026-09-11T06:00:00Z,Bitget USDT Futures,AAVEUSDT,123.28,194591.80000000002,23989277.104000002,3.3e-05,,OK,
2026-09-11T06:00:00Z,Bitget USDT Futures,AVAXUSDT,7.525,2860989.5,21528945.9875,6e-05,,OK,
2026-09-11T06:00:00Z,Bitget USDT Futures,BTCUSDT,77254.7,37286.49529999987,2880557008.4529,0.0001,,OK,
2026-09-11T06:00:00Z,Bitget USDT Futures,CAKEUSDT,2.152,763214.7999999998,1642438.2495999997,-1.8e-05,,OK,
2026-09-11T06:00:00Z,Bitget USDT Futures,CCUSDT,0.09871,6970236.0,688031.9955600001,5e-05,,OK,
2026-09-11T06:00:00Z,Bitget USDT Futures,ENAUSDT,0.14654,227241661.0,33299993.00294,3.2e-05,,OK,
2026-09-11T06:00:00Z,Bitget USDT Futures,ETHUSDT,2466.58,760362.7899999993,1875495650.5581982,4.6e-05,,OK,
2026-09-11T06:00:00Z,Bitget USDT Futures,HBARUSDT,0.07509,169232547.0,12707671.954230001,0.0001,,OK,
2026-09-11T06:00:00Z,Bitget USDT Futures,HYPEUSDT,79.812,2366351.6799999997,188863260.28415996,5e-05,,OK,
2026-09-11T06:00:00Z,Bitget USDT Futures,LINKUSDT,11.553,4050422.0,46794525.366000004,7e-06,,OK,
2026-09-11T06:00:00Z,Bitget USDT Futures,MORPHOUSDT,2.3252,1051065.0,2443936.338,5e-05,,OK,
2026-09-11T06:00:00Z,Bitget USDT Futures,NEARUSDT,2.4823,16448056.0,40829009.4088,0.0001,,OK,
2026-09-11T06:00:00Z,Bitget USDT Futures,ONDOUSDT,0.3501,53924023.8,18878800.73238,5e-05,,OK,
2026-09-11T06:00:00Z,Bitget USDT Futures,SEIUSDT,0.04473,143903518.0,6436804.36014,0.0001,,OK,
2026-09-11T06:00:00Z,Bitget USDT Futures,SOLUSDT,99.791,4444003.699999975,443471573.2266975,3e-06,,OK,
2026-09-11T06:00:00Z,Bitget USDT Futures,SUIUSDT,0.7389,62661248.300000004,46300396.368870005,4.4e-05,,OK,
2026-09-11T06:00:00Z,Bitget USDT Futures,TAOUSDT,236.75,104549.946,24752199.7155,5e-05,,OK,
2026-09-11T06:00:00Z,Bitget USDT Futures,UNIUSDT,6.186,3952862.0,24452404.332,0.0001,,OK,
2026-09-11T06:00:00Z,Bitget USDT Futures,XLMUSDT,0.17641,125551812.0,22148595.15492,0.0001,,OK,
2026-09-11T06:00:00Z,Bitget USDT Futures,XRPUSDT,1.3506,167001197.0,225551816.66820002,7.3e-05,,OK,
2026-09-11T06:00:00Z,Bitget USDT Futures,ZECUSDT,1101.9,108559.31799999997,119621512.50419998,0.0001,,OK,
2026-09-11T07:00:00Z,Bitget USDT Futures,AAVEUSDT,123.09,194329.2,23919981.228000004,4.1e-05,,OK,
2026-09-11T07:00:00Z,Bitget USDT Futures,AVAXUSDT,7.531,2858725.5,21529061.7405,6.2e-05,,OK,
2026-09-11T07:00:00Z,Bitget USDT Futures,BTCUSDT,77323.6,37336.16059999987,2886966347.77015,7.6e-05,,OK,
2026-09-11T07:00:00Z,Bitget USDT Futures,CAKEUSDT,2.1469,773675.1999999998,1661003.2868799996,-2.6e-05,,OK,
2026-09-11T07:00:00Z,Bitget USDT Futures,CCUSDT,0.09868,6968958.0,687696.77544,5e-05,,OK,
2026-09-11T07:00:00Z,Bitget USDT Futures,ENAUSDT,0.14569,227396137.0,33129343.199529998,4.5e-05,,OK,
2026-09-11T07:00:00Z,Bitget USDT Futures,ETHUSDT,2468.71,761923.3099999994,1880967694.6300983,4.9e-05,,OK,
2026-09-11T07:00:00Z,Bitget USDT Futures,HBARUSDT,0.07506,169579231.0,12728617.07886,0.0001,,OK,
2026-09-11T07:00:00Z,Bitget USDT Futures,HYPEUSDT,80.141,2372554.6399999997,190138901.40423998,5e-05,,OK,
2026-09-11T07:00:00Z,Bitget USDT Futures,LINKUSDT,11.538,4071420.0,46976043.96,3.2e-05,,OK,
2026-09-11T07:00:00Z,Bitget USDT Futures,MORPHOUSDT,2.3207,1053185.0,2444126.4295,5e-05,,OK,
2026-09-11T07:00:00Z,Bitget USDT Futures,NEARUSDT,2.5087,16559298.0,41542310.8926,0.0001,,OK,
2026-09-11T07:00:00Z,Bitget USDT Futures,ONDOUSDT,0.3513,53827598.3,18909635.282789998,5e-05,,OK,
2026-09-11T07:00:00Z,Bitget USDT Futures,SEIUSDT,0.04486,144269569.0,6471932.86534,0.0001,,OK,
2026-09-11T07:00:00Z,Bitget USDT Futures,SOLUSDT,99.932,4450452.799999976,444742649.2095976,1e-06,,OK,
2026-09-11T07:00:00Z,Bitget USDT Futures,SUIUSDT,0.7409,63080050.10000001,46736009.119090006,6.4e-05,,OK,
2026-09-11T07:00:00Z,Bitget USDT Futures,TAOUSDT,236.99,105276.072,24949376.30328,5e-05,,OK,
2026-09-11T07:00:00Z,Bitget USDT Futures,UNIUSDT,6.116,3958912.0,24212705.792,0.0001,,OK,
2026-09-11T07:00:00Z,Bitget USDT Futures,XLMUSDT,0.17685,125702730.0,22230527.8005,0.0001,,OK,
2026-09-11T07:00:00Z,Bitget USDT Futures,XRPUSDT,1.3571,166836829.0,226414260.6359,7.6e-05,,OK,
2026-09-11T07:00:00Z,Bitget USDT Futures,ZECUSDT,1116.11,109879.01699999999,122637069.66386998,0.0001,,OK,
2026-09-11T08:00:00Z,Bitget USDT Futures,AAVEUSDT,122.83,194398.60000000003,23877980.038000003,5.6e-05,,OK,
2026-09-11T08:00:00Z,Bitget USDT Futures,AVAXUSDT,7.48,2864183.1999999997,21424090.336,6.5e-05,,OK,
2026-09-11T08:00:00Z,Bitget USDT Futures,BTCUSDT,77194.2,37174.08429999988,2869623698.2710505,4.2e-05,,OK,
2026-09-11T08:00:00Z,Bitget USDT Futures,CAKEUSDT,2.146,766203.3999999999,1644272.4963999998,1e-06,,OK,
2026-09-11T08:00:00Z,Bitget USDT Futures,CCUSDT,0.09881,7005156.0,692179.46436,5e-05,,OK,
2026-09-11T08:00:00Z,Bitget USDT Futures,ENAUSDT,0.14486,227830846.0,33003576.351559997,3.3e-05,,OK,
2026-09-11T08:00:00Z,Bitget USDT Futures,ETHUSDT,2465.86,764692.7399999994,1885625239.8563986,3.8e-05,,OK,
2026-09-11T08:00:00Z,Bitget USDT Futures,HBARUSDT,0.07458,169353175.0,12630359.791499998,0.0001,,OK,
2026-09-11T08:00:00Z,Bitget USDT Futures,HYPEUSDT,79.949,2373242.2299999995,189738343.04626995,3.9e-05,,OK,
2026-09-11T08:00:00Z,Bitget USDT Futures,LINKUSDT,11.47,4074182.0,46730867.54,3.3e-05,,OK,
2026-09-11T08:00:00Z,Bitget USDT Futures,MORPHOUSDT,2.3117,1047153.0,2420703.5901,5e-05,,OK,
2026-09-11T08:00:00Z,Bitget USDT Futures,NEARUSDT,2.4454,16530659.0,40424073.518599994,0.0001,,OK,
2026-09-11T08:00:00Z,Bitget USDT Futures,ONDOUSDT,0.3498,53817472.9,18825352.02042,5e-05,,OK,
2026-09-11T08:00:00Z,Bitget USDT Futures,SEIUSDT,0.04466,145411187.0,6494063.61142,0.0001,,OK,
2026-09-11T08:00:00Z,Bitget USDT Futures,SOLUSDT,99.589,4456903.299999976,443858542.7436976,-1.7e-05,,OK,
2026-09-11T08:00:00Z,Bitget USDT Futures,SUIUSDT,0.7364,62832789.300000004,46270066.040520005,6.7e-05,,OK,
2026-09-11T08:00:00Z,Bitget USDT Futures,TAOUSDT,235.48,107281.63199999998,25262678.703359995,5e-05,,OK,
2026-09-11T08:00:00Z,Bitget USDT Futures,UNIUSDT,6.086,3950332.0,24041720.552,0.0001,,OK,
2026-09-11T08:00:00Z,Bitget USDT Futures,XLMUSDT,0.17588,125699154.0,22107967.20552,0.0001,,OK,
2026-09-11T08:00:00Z,Bitget USDT Futures,XRPUSDT,1.3503,167012586.0,225517094.8758,6.8e-05,,OK,
2026-09-11T08:00:00Z,Bitget USDT Futures,ZECUSDT,1106.88,109059.68100000001,120715979.70528002,0.0001,,OK,
2026-09-11T09:00:00Z,Bitget USDT Futures,AAVEUSDT,122.61,196388.40000000002,24079181.724000003,0.0001,,OK,
2026-09-11T09:00:00Z,Bitget USDT Futures,AVAXUSDT,7.478,2868936.5,21453907.147,7.8e-05,,OK,
2026-09-11T09:00:00Z,Bitget USDT Futures,BTCUSDT,77252.4,37266.86259999988,2878954576.3202305,2.3e-05,,OK,
2026-09-11T09:00:00Z,Bitget USDT Futures,CAKEUSDT,2.1389,763023.5999999999,1632031.1780399997,5e-05,,OK,
2026-09-11T09:00:00Z,Bitget USDT Futures,CCUSDT,0.0988,7021826.0,693756.4088,5e-05,,OK,
2026-09-11T09:00:00Z,Bitget USDT Futures,ENAUSDT,0.14399,225147967.0,32419055.76833,3e-05,,OK,
2026-09-11T09:00:00Z,Bitget USDT Futures,ETHUSDT,2473.67,763210.8599999994,1887931808.0561986,3.3e-05,,OK,
2026-09-11T09:00:00Z,Bitget USDT Futures,HBARUSDT,0.07433,169067401.0,12566779.916329999,0.0001,,OK,
2026-09-11T09:00:00Z,Bitget USDT Futures,HYPEUSDT,80.071,2378221.11,190426542.49881,3.3e-05,,OK,
2026-09-11T09:00:00Z,Bitget USDT Futures,LINKUSDT,11.474,4089664.0,46924804.736,3.2e-05,,OK,
2026-09-11T09:00:00Z,Bitget USDT Futures,MORPHOUSDT,2.3441,1060133.0,2485057.7653,5e-05,,OK,
2026-09-11T09:00:00Z,Bitget USDT Futures,NEARUSDT,2.4644,16567866.0,40829848.9704,7.6e-05,,OK,
2026-09-11T09:00:00Z,Bitget USDT Futures,ONDOUSDT,0.3502,53920916.2,18883104.853240002,4.6e-05,,OK,
2026-09-11T09:00:00Z,Bitget USDT Futures,SEIUSDT,0.04455,144990524.0,6459327.8442,0.0001,,OK,
2026-09-11T09:00:00Z,Bitget USDT Futures,SOLUSDT,99.687,4452159.699999977,443822444.01389766,-3.1e-05,,OK,
2026-09-11T09:00:00Z,Bitget USDT Futures,SUIUSDT,0.7345,62841598.10000001,46157153.80445001,8.2e-05,,OK,
2026-09-11T09:00:00Z,Bitget USDT Futures,TAOUSDT,237.23,107985.42599999999,25617382.60998,5e-05,,OK,
2026-09-11T09:00:00Z,Bitget USDT Futures,UNIUSDT,6.061,3939154.0,23875212.394,0.0001,,OK,
2026-09-11T09:00:00Z,Bitget USDT Futures,XLMUSDT,0.17575,125571280.0,22069152.459999997,8.1e-05,,OK,
2026-09-11T09:00:00Z,Bitget USDT Futures,XRPUSDT,1.3507,167496033.0,226236891.7731,7.6e-05,,OK,
2026-09-11T09:00:00Z,Bitget USDT Futures,ZECUSDT,1109.4,111447.21600000001,123639541.43040003,8e-05,,OK,
2026-09-11T10:00:00Z,Bitget USDT Futures,AAVEUSDT,122.35,196398.2,24029319.77,0.0001,,OK,
2026-09-11T10:00:00Z,Bitget USDT Futures,AVAXUSDT,7.411,2870615.9,21274134.434899997,7.2e-05,,OK,
2026-09-11T10:00:00Z,Bitget USDT Futures,BTCUSDT,77099.9,37609.23379999989,2899668165.0566115,2.2e-05,,OK,
2026-09-11T10:00:00Z,Bitget USDT Futures,CAKEUSDT,2.1313,763315.3999999998,1626854.1120199994,5e-05,,OK,
2026-09-11T10:00:00Z,Bitget USDT Futures,CCUSDT,0.09762,7005176.0,683845.2811199999,5e-05,,OK,
2026-09-11T10:00:00Z,Bitget USDT Futures,ENAUSDT,0.1438,224508875.0,32284376.225,4.1e-05,,OK,
2026-09-11T10:00:00Z,Bitget USDT Futures,ETHUSDT,2468.18,764446.6600000001,1886791957.2788002,3.6e-05,,OK,
2026-09-11T10:00:00Z,Bitget USDT Futures,HBARUSDT,0.07406,168775183.0,12499490.05298,0.0001,,OK,
2026-09-11T10:00:00Z,Bitget USDT Futures,HYPEUSDT,79.508,2380725.12,189286692.84096,4.1e-05,,OK,
2026-09-11T10:00:00Z,Bitget USDT Futures,LINKUSDT,11.451,4083900.0,46764738.9,2.7e-05,,OK,
2026-09-11T10:00:00Z,Bitget USDT Futures,MORPHOUSDT,2.344,1051651.0,2465069.9439999997,5e-05,,OK,
2026-09-11T10:00:00Z,Bitget USDT Futures,NEARUSDT,2.4894,16514568.0,41111365.5792,7.6e-05,,OK,
2026-09-11T10:00:00Z,Bitget USDT Futures,ONDOUSDT,0.3493,54024192.1,18870650.30053,3.4e-05,,OK,
2026-09-11T10:00:00Z,Bitget USDT Futures,SEIUSDT,0.04431,144274380.0,6392797.7778,0.0001,,OK,
2026-09-11T10:00:00Z,Bitget USDT Futures,SOLUSDT,99.625,4442196.399999958,442553816.34999585,-3.2e-05,,OK,
2026-09-11T10:00:00Z,Bitget USDT Futures,SUIUSDT,0.732,62960592.800000004,46087153.9296,8e-05,,OK,
2026-09-11T10:00:00Z,Bitget USDT Futures,TAOUSDT,234.14,106581.28600000001,24954942.30404,5e-05,,OK,
2026-09-11T10:00:00Z,Bitget USDT Futures,UNIUSDT,6.014,3958433.0,23806016.062000003,0.0001,,OK,
2026-09-11T10:00:00Z,Bitget USDT Futures,XLMUSDT,0.1752,125155808.0,21927297.5616,3.5e-05,,OK,
2026-09-11T10:00:00Z,Bitget USDT Futures,XRPUSDT,1.3425,167681426.0,225112314.405,8.3e-05,,OK,
2026-09-11T10:00:00Z,Bitget USDT Futures,ZECUSDT,1112.53,111810.79999999997,124392869.32399997,9.5e-05,,OK,
2026-09-11T11:00:00Z,Bitget USDT Futures,AAVEUSDT,121.36,195196.80000000002,23689083.648000002,8.6e-05,,OK,
2026-09-11T11:00:00Z,Bitget USDT Futures,AVAXUSDT,7.309,2865716.1,20945518.9749,5.2e-05,,OK,
2026-09-11T11:00:00Z,Bitget USDT Futures,BTCUSDT,76778.9,37419.63309999989,2873038267.8215814,3.2e-05,,OK,
2026-09-11T11:00:00Z,Bitget USDT Futures,CAKEUSDT,2.1138,761004.5999999999,1608611.5234799997,5e-05,,OK,
2026-09-11T11:00:00Z,Bitget USDT Futures,CCUSDT,0.09557,6973006.0,666410.18342,5e-05,,OK,
2026-09-11T11:00:00Z,Bitget USDT Futures,ENAUSDT,0.14173,222798993.0,31577301.27789,3.5e-05,,OK,
2026-09-11T11:00:00Z,Bitget USDT Futures,ETHUSDT,2453.86,766047.3900000002,1879773048.4254007,4.5e-05,,OK,
2026-09-11T11:00:00Z,Bitget USDT Futures,HBARUSDT,0.0734,168604067.0,12375538.517800001,0.0001,,OK,
2026-09-11T11:00:00Z,Bitget USDT Futures,HYPEUSDT,78.82,2382066.16,187754454.7312,3.6e-05,,OK,
2026-09-11T11:00:00Z,Bitget USDT Futures,LINKUSDT,11.319,4086625.0,46256508.375,2.8e-05,,OK,
2026-09-11T11:00:00Z,Bitget USDT Futures,MORPHOUSDT,2.3005,1060620.0,2439956.31,5e-05,,OK,
2026-09-11T11:00:00Z,Bitget USDT Futures,NEARUSDT,2.4355,16547070.0,40300388.98500001,7.8e-05,,OK,
2026-09-11T11:00:00Z,Bitget USDT Futures,ONDOUSDT,0.3445,53945407.7,18584192.95265,2.1e-05,,OK,
2026-09-11T11:00:00Z,Bitget USDT Futures,SEIUSDT,0.0438,145121234.0,6356310.0492,8.2e-05,,OK,
2026-09-11T11:00:00Z,Bitget USDT Futures,SOLUSDT,98.744,4425091.29999996,436951215.327196,-3.8e-05,,OK,
2026-09-11T11:00:00Z,Bitget USDT Futures,SUIUSDT,0.7151,62726860.3,44855977.800529994,5.4e-05,,OK,
2026-09-11T11:00:00Z,Bitget USDT Futures,TAOUSDT,231.19,106977.54800000001,24732139.322120003,5e-05,,OK,
2026-09-11T11:00:00Z,Bitget USDT Futures,UNIUSDT,5.924,3977911.0,23565144.764000002,0.0001,,OK,
2026-09-11T11:00:00Z,Bitget USDT Futures,XLMUSDT,0.17344,123880294.0,21485798.19136,-2.1e-05,,OK,
2026-09-11T11:00:00Z,Bitget USDT Futures,XRPUSDT,1.3242,166800752.0,220877555.7984,7.8e-05,,OK,
2026-09-11T11:00:00Z,Bitget USDT Futures,ZECUSDT,1092.7,110771.54299999995,121040065.03609994,0.0001,,OK,
2026-09-11T12:00:00Z,Bitget USDT Futures,AAVEUSDT,122.13,194968.80000000002,23811539.544,7.2e-05,,OK,
2026-09-11T12:00:00Z,Bitget USDT Futures,AVAXUSDT,7.334,2872501.3,21066924.534199998,5.6e-05,,OK,
2026-09-11T12:00:00Z,Bitget USDT Futures,BTCUSDT,76986.8,37425.41289999989,2881262777.8497114,5.8e-05,,OK,
2026-09-11T12:00:00Z,Bitget USDT Futures,CAKEUSDT,2.1161,763650.7999999998,1615961.4578799994,1.7e-05,,OK,
2026-09-11T12:00:00Z,Bitget USDT Futures,CCUSDT,0.09628,7072282.0,680919.31096,5e-05,,OK,
2026-09-11T12:00:00Z,Bitget USDT Futures,ENAUSDT,0.14193,225554025.0,32012882.76825,1.1e-05,,OK,
2026-09-11T12:00:00Z,Bitget USDT Futures,ETHUSDT,2456.78,761149.7800000001,1869977556.5084004,5.6e-05,,OK,
2026-09-11T12:00:00Z,Bitget USDT Futures,HBARUSDT,0.07391,168089663.0,12423506.99233,0.0001,,OK,
2026-09-11T12:00:00Z,Bitget USDT Futures,HYPEUSDT,78.928,2386750.9400000004,188381478.19232002,2.2e-05,,OK,
2026-09-11T12:00:00Z,Bitget USDT Futures,LINKUSDT,11.356,4095980.0,46513948.88,4.4e-05,,OK,
2026-09-11T12:00:00Z,Bitget USDT Futures,MORPHOUSDT,2.3227,1056890.0,2454838.4030000004,5e-05,,OK,
2026-09-11T12:00:00Z,Bitget USDT Futures,NEARUSDT,2.4072,16504648.0,39729988.6656,8.3e-05,,OK,
2026-09-11T12:00:00Z,Bitget USDT Futures,ONDOUSDT,0.3457,54199893.7,18736903.25209,5e-05,,OK,
2026-09-11T12:00:00Z,Bitget USDT Futures,SEIUSDT,0.04381,145537460.0,6375996.1226,3.5e-05,,OK,
2026-09-11T12:00:00Z,Bitget USDT Futures,SOLUSDT,99.189,4426296.399999961,439039913.6195961,-4.3e-05,,OK,
2026-09-11T12:00:00Z,Bitget USDT Futures,SUIUSDT,0.7162,62546624.300000004,44795892.32366,2.9e-05,,OK,
2026-09-11T12:00:00Z,Bitget USDT Futures,TAOUSDT,230.69,107356.054,24765968.097260002,5e-05,,OK,
2026-09-11T12:00:00Z,Bitget USDT Futures,UNIUSDT,5.943,3998001.0,23760119.943,0.0001,,OK,
2026-09-11T12:00:00Z,Bitget USDT Futures,XLMUSDT,0.17396,124686660.0,21690491.3736,-5e-05,,OK,
2026-09-11T12:00:00Z,Bitget USDT Futures,XRPUSDT,1.3261,167606430.0,222262886.823,8.4e-05,,OK,
2026-09-11T12:00:00Z,Bitget USDT Futures,ZECUSDT,1099.69,110397.07599999996,121402560.50643995,0.0001,,OK,
2026-09-11T13:00:00Z,Bitget USDT Futures,AAVEUSDT,124.75,196079.0,24460855.25,0.0001,,OK,
2026-09-11T13:00:00Z,Bitget USDT Futures,AVAXUSDT,7.516,2886268.0,21693190.288,8.5e-05,,OK,
2026-09-11T13:00:00Z,Bitget USDT Futures,BTCUSDT,77691.0,36118.14339999989,2806054678.8893914,5.9e-05,,OK,
2026-09-11T13:00:00Z,Bitget USDT Futures,CAKEUSDT,2.1711,766943.7999999998,1665111.6841799996,4.3e-05,,OK,
2026-09-11T13:00:00Z,Bitget USDT Futures,CCUSDT,0.09757,6852564.0,668604.66948,5e-05,,OK,
2026-09-11T13:00:00Z,Bitget USDT Futures,ENAUSDT,0.14742,222391440.0,32784946.084799998,-2.2e-05,,OK,
2026-09-11T13:00:00Z,Bitget USDT Futures,ETHUSDT,2500.41,762548.9400000002,1906684995.0654004,5.6e-05,,OK,
2026-09-11T13:00:00Z,Bitget USDT Futures,HBARUSDT,0.07526,168763729.0,12701158.244539998,0.0001,,OK,
2026-09-11T13:00:00Z,Bitget USDT Futures,HYPEUSDT,81.604,2395709.400000001,195499469.87760007,3.1e-05,,OK,
2026-09-11T13:00:00Z,Bitget USDT Futures,LINKUSDT,11.664,4102015.0,47845902.96,4.2e-05,,OK,
2026-09-11T13:00:00Z,Bitget USDT Futures,MORPHOUSDT,2.3666,1049884.0,2484655.4744,5e-05,,OK,
2026-09-11T13:00:00Z,Bitget USDT Futures,NEARUSDT,2.6035,16532732.0,43042967.762,9.6e-05,,OK,
2026-09-11T13:00:00Z,Bitget USDT Futures,ONDOUSDT,0.3548,53982933.5,19153144.805800002,5e-05,,OK,
2026-09-11T13:00:00Z,Bitget USDT Futures,SEIUSDT,0.04455,146378792.0,6521175.1836,5.4e-05,,OK,
2026-09-11T13:00:00Z,Bitget USDT Futures,SOLUSDT,101.361,4357117.299999964,441641766.6452964,-3.7e-05,,OK,
2026-09-11T13:00:00Z,Bitget USDT Futures,SUIUSDT,0.7333,62917519.7,46137417.19601,2.1e-05,,OK,
2026-09-11T13:00:00Z,Bitget USDT Futures,TAOUSDT,238.23,107367.04800000001,25578051.84504,5e-05,,OK,
2026-09-11T13:00:00Z,Bitget USDT Futures,UNIUSDT,6.147,3987479.0,24511033.413000003,0.0001,,OK,
2026-09-11T13:00:00Z,Bitget USDT Futures,XLMUSDT,0.17813,124347239.0,22149973.68307,-2.5e-05,,OK,
2026-09-11T13:00:00Z,Bitget USDT Futures,XRPUSDT,1.3602,164565377.0,223841825.79540002,8.4e-05,,OK,
2026-09-11T13:00:00Z,Bitget USDT Futures,ZECUSDT,1157.41,109572.65899999999,126820491.25319,6.7e-05,,OK,
2026-09-11T14:00:00Z,Bitget USDT Futures,AAVEUSDT,128.28,194121.0,24901841.88,0.0001,,OK,
2026-09-11T14:00:00Z,Bitget USDT Futures,AVAXUSDT,7.713,2876512.9,22186543.9977,8.2e-05,,OK,
2026-09-11T14:00:00Z,Bitget USDT Futures,BTCUSDT,79066.4,36164.049099999895,2859361171.7602315,7.9e-05,,OK,
2026-09-11T14:00:00Z,Bitget USDT Futures,CAKEUSDT,2.1991,756490.3999999998,1663598.0386399997,5e-05,,OK,
2026-09-11T14:00:00Z,Bitget USDT Futures,CCUSDT,0.10164,7051250.0,716689.0499999999,5e-05,,OK,
2026-09-11T14:00:00Z,Bitget USDT Futures,ENAUSDT,0.15369,219495592.0,33734277.53448,-3.3e-05,,OK,
2026-09-11T14:00:00Z,Bitget USDT Futures,ETHUSDT,2609.79,753363.6399999999,1966120894.0355997,7e-05,,OK,
2026-09-11T14:00:00Z,Bitget USDT Futures,HBARUSDT,0.07633,171255355.0,13071921.247149998,0.0001,,OK,
2026-09-11T14:00:00Z,Bitget USDT Futures,HYPEUSDT,82.897,2384981.580000001,197707818.0372601,3.2e-05,,OK,
2026-09-11T14:00:00Z,Bitget USDT Futures,LINKUSDT,11.959,4074626.0,48728452.334,4.7e-05,,OK,
2026-09-11T14:00:00Z,Bitget USDT Futures,MORPHOUSDT,2.4424,1044071.0,2550039.0104,5e-05,,OK,
2026-09-11T14:00:00Z,Bitget USDT Futures,NEARUSDT,2.6322,16509117.0,43455297.767400004,0.0001,,OK,
2026-09-11T14:00:00Z,Bitget USDT Futures,ONDOUSDT,0.3628,54481367.5,19765840.129,5e-05,,OK,
2026-09-11T14:00:00Z,Bitget USDT Futures,SEIUSDT,0.04561,144944497.0,6610918.508169999,0.0001,,OK,
2026-09-11T14:00:00Z,Bitget USDT Futures,SOLUSDT,103.812,4263078.899999965,442558746.76679635,-1.4e-05,,OK,
2026-09-11T14:00:00Z,Bitget USDT Futures,SUIUSDT,0.7519,62785027.3,47208062.02687,2.4e-05,,OK,
2026-09-11T14:00:00Z,Bitget USDT Futures,TAOUSDT,243.82,107758.75200000001,26273738.91264,5e-05,,OK,
2026-09-11T14:00:00Z,Bitget USDT Futures,UNIUSDT,6.368,3871685.0,24654890.080000002,7.9e-05,,OK,
2026-09-11T14:00:00Z,Bitget USDT Futures,XLMUSDT,0.1826,124584780.0,22749180.828,4.1e-05,,OK,
2026-09-11T14:00:00Z,Bitget USDT Futures,XRPUSDT,1.3965,162423786.0,226824817.14900002,9.3e-05,,OK,
2026-09-11T14:00:00Z,Bitget USDT Futures,ZECUSDT,1204.69,110973.22299999997,133688332.01586998,-0.000103,,OK,
2026-09-11T15:00:00Z,Bitget USDT Futures,AAVEUSDT,127.45,193892.4,24711586.38,5.9e-05,,OK,
2026-09-11T15:00:00Z,Bitget USDT Futures,AVAXUSDT,7.649,2893504.5,22132415.9205,4.7e-05,,OK,
2026-09-11T15:00:00Z,Bitget USDT Futures,BTCUSDT,78581.8,36291.50069999989,2851851449.707251,8.9e-05,,OK,
2026-09-11T15:00:00Z,Bitget USDT Futures,CAKEUSDT,2.1877,762420.7999999998,1667947.9841599995,5e-05,,OK,
2026-09-11T15:00:00Z,Bitget USDT Futures,CCUSDT,0.09952,7029166.0,699542.60032,5e-05,,OK,
2026-09-11T15:00:00Z,Bitget USDT Futures,ENAUSDT,0.15202,221014083.0,33598560.897659995,-3.8e-05,,OK,
2026-09-11T15:00:00Z,Bitget USDT Futures,ETHUSDT,2609.96,759918.9899999999,1983358167.1403997,8.9e-05,,OK,
2026-09-11T15:00:00Z,Bitget USDT Futures,HBARUSDT,0.0761,168876687.0,12851515.8807,0.0001,,OK,
2026-09-11T15:00:00Z,Bitget USDT Futures,HYPEUSDT,82.773,2386845.850000001,197566391.54205006,1.8e-05,,OK,
2026-09-11T15:00:00Z,Bitget USDT Futures,LINKUSDT,11.854,4081568.0,48382907.072,4.3e-05,,OK,
2026-09-11T15:00:00Z,Bitget USDT Futures,MORPHOUSDT,2.3901,1038527.0,2482183.3827,5e-05,,OK,
2026-09-11T15:00:00Z,Bitget USDT Futures,NEARUSDT,2.6853,16634365.0,44668260.3345,0.0001,,OK,
2026-09-11T15:00:00Z,Bitget USDT Futures,ONDOUSDT,0.3604,54598244.7,19677207.38988,5e-05,,OK,
2026-09-11T15:00:00Z,Bitget USDT Futures,SEIUSDT,0.04545,143964894.0,6543204.4322999995,0.0001,,OK,
2026-09-11T15:00:00Z,Bitget USDT Futures,SOLUSDT,102.999,4271349.499999966,439944727.1504964,1e-06,,OK,
2026-09-11T15:00:00Z,Bitget USDT Futures,SUIUSDT,0.748,62818935.800000004,46988563.97840001,4.9e-05,,OK,
2026-09-11T15:00:00Z,Bitget USDT Futures,TAOUSDT,241.38,106781.498,25774917.98724,5e-05,,OK,
2026-09-11T15:00:00Z,Bitget USDT Futures,UNIUSDT,6.295,3761037.0,23675727.915,-7e-05,,OK,
2026-09-11T15:00:00Z,Bitget USDT Futures,XLMUSDT,0.18229,124381724.0,22673544.46796,0.0001,,OK,
2026-09-11T15:00:00Z,Bitget USDT Futures,XRPUSDT,1.3881,163257850.0,226618221.58499998,9.3e-05,,OK,
2026-09-11T15:00:00Z,Bitget USDT Futures,ZECUSDT,1190.63,112956.04,134488849.9052,-0.000185,,OK,
2026-09-11T16:00:00Z,Bitget USDT Futures,AAVEUSDT,125.58,193372.6,24283731.108,2.3e-05,,OK,
2026-09-11T16:00:00Z,Bitget USDT Futures,AVAXUSDT,7.591,2883848.9,21891296.9999,3e-05,,OK,
2026-09-11T16:00:00Z,Bitget USDT Futures,BTCUSDT,77581.9,35159.96679999989,2727777028.2809114,8.2e-05,,OK,
2026-09-11T16:00:00Z,Bitget USDT Futures,CAKEUSDT,2.1928,767483.7999999998,1682938.4766399995,3.8e-05,,OK,
2026-09-11T16:00:00Z,Bitget USDT Futures,CCUSDT,0.0985,7094118.0,698770.623,5e-05,,OK,
2026-09-11T16:00:00Z,Bitget USDT Futures,ENAUSDT,0.14753,218647194.0,32257020.530819997,-5.7e-05,,OK,
2026-09-11T16:00:00Z,Bitget USDT Futures,ETHUSDT,2553.25,747053.5200000003,1907414399.9400005,8.5e-05,,OK,
2026-09-11T16:00:00Z,Bitget USDT Futures,HBARUSDT,0.07541,167831667.0,12656186.00847,0.0001,,OK,
2026-09-11T16:00:00Z,Bitget USDT Futures,HYPEUSDT,81.802,2379413.5900000012,194640790.48918012,4e-06,,OK,
2026-09-11T16:00:00Z,Bitget USDT Futures,LINKUSDT,11.726,4078418.0,47823529.468,4.9e-05,,OK,
2026-09-11T16:00:00Z,Bitget USDT Futures,MORPHOUSDT,2.3738,1034935.0,2456728.703,5e-05,,OK,
2026-09-11T16:00:00Z,Bitget USDT Futures,NEARUSDT,2.607,16494529.0,43001237.103,0.0001,,OK,
2026-09-11T16:00:00Z,Bitget USDT Futures,ONDOUSDT,0.3565,54583105.5,19458877.11075,4.6e-05,,OK,
2026-09-11T16:00:00Z,Bitget USDT Futures,SEIUSDT,0.04498,143791104.0,6467723.85792,0.0001,,OK,
2026-09-11T16:00:00Z,Bitget USDT Futures,SOLUSDT,101.769,4276605.299999966,435225844.7756966,1.9e-05,,OK,
2026-09-11T16:00:00Z,Bitget USDT Futures,SUIUSDT,0.7388,62311515.1,46035747.35588,4.6e-05,,OK,
2026-09-11T16:00:00Z,Bitget USDT Futures,TAOUSDT,238.46,109581.702,26130852.65892,5e-05,,OK,
2026-09-11T16:00:00Z,Bitget USDT Futures,UNIUSDT,6.146,3689647.0,22676570.462,-0.00017,,OK,
2026-09-11T16:00:00Z,Bitget USDT Futures,XLMUSDT,0.18096,122764061.0,22215384.47856,0.0001,,OK,
2026-09-11T16:00:00Z,Bitget USDT Futures,XRPUSDT,1.3742,160897520.0,221105371.98400003,9.1e-05,,OK,
2026-09-11T16:00:00Z,Bitget USDT Futures,ZECUSDT,1162.36,111036.07100000003,129063887.48756002,-0.000184,,OK,
2026-09-11T17:00:00Z,Bitget USDT Futures,AAVEUSDT,125.96,194335.30000000002,24478474.388,1.2e-05,,OK,
2026-09-11T17:00:00Z,Bitget USDT Futures,AVAXUSDT,7.577,2896849.1,21949425.6307,3.3e-05,,OK,
2026-09-11T17:00:00Z,Bitget USDT Futures,BTCUSDT,77791.1,34979.6683999999,2721106882.4712324,6.6e-05,,OK,
2026-09-11T17:00:00Z,Bitget USDT Futures,CAKEUSDT,2.1942,764847.1999999998,1678227.7262399995,1.9e-05,,OK,
2026-09-11T17:00:00Z,Bitget USDT Futures,CCUSDT,0.09793,7086108.0,693942.5564400001,5e-05,,OK,
2026-09-11T17:00:00Z,Bitget USDT Futures,ENAUSDT,0.147,218208987.0,32076721.088999998,-6.5e-05,,OK,
2026-09-11T17:00:00Z,Bitget USDT Futures,ETHUSDT,2575.61,745386.5400000004,1919825026.289401,6.7e-05,,OK,
2026-09-11T17:00:00Z,Bitget USDT Futures,HBARUSDT,0.07516,167832641.0,12614301.29756,0.0001,,OK,
2026-09-11T17:00:00Z,Bitget USDT Futures,HYPEUSDT,81.895,2377510.8800000013,194706253.5176001,-1.3e-05,,OK,
2026-09-11T17:00:00Z,Bitget USDT Futures,LINKUSDT,11.753,4049406.0,47592668.718,4.4e-05,,OK,
2026-09-11T17:00:00Z,Bitget USDT Futures,MORPHOUSDT,2.3801,1037735.0,2469913.0735,5e-05,,OK,
2026-09-11T17:00:00Z,Bitget USDT Futures,NEARUSDT,2.5939,16381242.0,42491303.6238,0.0001,,OK,
2026-09-11T17:00:00Z,Bitget USDT Futures,ONDOUSDT,0.3583,54922991.3,19678907.782789998,2.3e-05,,OK,
2026-09-11T17:00:00Z,Bitget USDT Futures,SEIUSDT,0.04484,143896858.0,6452335.11272,0.0001,,OK,
2026-09-11T17:00:00Z,Bitget USDT Futures,SOLUSDT,102.121,4272334.699999966,436295091.8986965,3e-05,,OK,
2026-09-11T17:00:00Z,Bitget USDT Futures,SUIUSDT,0.7393,62173267.5,45964696.66275,4.6e-05,,OK,
2026-09-11T17:00:00Z,Bitget USDT Futures,TAOUSDT,236.76,109363.149,25892819.15724,5e-05,,OK,
2026-09-11T17:00:00Z,Bitget USDT Futures,UNIUSDT,6.131,3656665.0,22419013.115000002,-0.000147,,OK,
2026-09-11T17:00:00Z,Bitget USDT Futures,XLMUSDT,0.18141,122772326.0,22272127.65966,0.0001,,OK,
2026-09-11T17:00:00Z,Bitget USDT Futures,XRPUSDT,1.3704,161616719.0,221479551.71760002,7.6e-05,,OK,
2026-09-11T17:00:00Z,Bitget USDT Futures,ZECUSDT,1178.1,111237.17500000003,131048515.86750002,-0.000175,,OK,
2026-09-11T18:00:00Z,Bitget USDT Futures,AAVEUSDT,124.78,193491.2,24143831.936,8e-06,,OK,
2026-09-11T18:00:00Z,Bitget USDT Futures,AVAXUSDT,7.489,2893468.8,21669187.8432,7e-06,,OK,
2026-09-11T18:00:00Z,Bitget USDT Futures,BTCUSDT,77176.4,34509.751399999914,2663338377.9469533,4.5e-05,,OK,
2026-09-11T18:00:00Z,Bitget USDT Futures,CAKEUSDT,2.1868,760923.9999999998,1663988.6031999993,1.1e-05,,OK,
2026-09-11T18:00:00Z,Bitget USDT Futures,CCUSDT,0.09828,7075888.0,695418.2726400001,5e-05,,OK,
2026-09-11T18:00:00Z,Bitget USDT Futures,ENAUSDT,0.14544,217675148.0,31658673.52512,-6.5e-05,,OK,
2026-09-11T18:00:00Z,Bitget USDT Futures,ETHUSDT,2546.0,743617.2700000004,1893249569.420001,4.1e-05,,OK,
2026-09-11T18:00:00Z,Bitget USDT Futures,HBARUSDT,0.07431,167740789.0,12464818.03059,0.0001,,OK,
2026-09-11T18:00:00Z,Bitget USDT Futures,HYPEUSDT,80.978,2369822.140000001,191903457.25292006,-3e-05,,OK,
2026-09-11T18:00:00Z,Bitget USDT Futures,LINKUSDT,11.66,4063744.0,47383255.04,3.9e-05,,OK,
2026-09-11T18:00:00Z,Bitget USDT Futures,MORPHOUSDT,2.3308,1037649.0,2418552.2892,5e-05,,OK,
2026-09-11T18:00:00Z,Bitget USDT Futures,NEARUSDT,2.5885,16373678.0,42383265.503,0.0001,,OK,
2026-09-11T18:00:00Z,Bitget USDT Futures,ONDOUSDT,0.3537,54832115.1,19394119.11087,3e-06,,OK,
2026-09-11T18:00:00Z,Bitget USDT Futures,SEIUSDT,0.04441,143512774.0,6373402.293339999,0.0001,,OK,
2026-09-11T18:00:00Z,Bitget USDT Futures,SOLUSDT,101.379,4284323.399999966,434340421.9685966,3.4e-05,,OK,
2026-09-11T18:00:00Z,Bitget USDT Futures,SUIUSDT,0.7291,62221584.7,45365757.40477,3.6e-05,,OK,
2026-09-11T18:00:00Z,Bitget USDT Futures,TAOUSDT,236.22,109898.937,25960326.898140002,5e-05,,OK,
2026-09-11T18:00:00Z,Bitget USDT Futures,UNIUSDT,6.085,3608243.0,21956158.655,-0.000138,,OK,
2026-09-11T18:00:00Z,Bitget USDT Futures,XLMUSDT,0.1788,121662580.0,21753269.303999998,9.2e-05,,OK,
2026-09-11T18:00:00Z,Bitget USDT Futures,XRPUSDT,1.3609,160735625.0,218745112.0625,7.2e-05,,OK,
2026-09-11T18:00:00Z,Bitget USDT Futures,ZECUSDT,1176.4,110850.18600000003,130404158.81040004,-0.000118,,OK,
2026-09-11T19:00:00Z,Bitget USDT Futures,AAVEUSDT,123.7,193317.80000000002,23913411.860000003,-1e-05,,OK,
2026-09-11T19:00:00Z,Bitget USDT Futures,AVAXUSDT,7.433,2898045.1,21541169.2283,-2e-05,,OK,
2026-09-11T19:00:00Z,Bitget USDT Futures,BTCUSDT,77090.7,34441.53449999992,2655122003.679144,2.9e-05,,OK,
2026-09-11T19:00:00Z,Bitget USDT Futures,CAKEUSDT,2.1703,763185.5999999997,1656341.7076799995,5e-05,,OK,
2026-09-11T19:00:00Z,Bitget USDT Futures,CCUSDT,0.09814,6982668.0,685279.03752,5e-05,,OK,
2026-09-11T19:00:00Z,Bitget USDT Futures,ENAUSDT,0.1418,216943904.0,30762645.5872,-9e-05,,OK,
2026-09-11T19:00:00Z,Bitget USDT Futures,ETHUSDT,2538.58,745584.8300000004,1892726737.741401,3e-05,,OK,
2026-09-11T19:00:00Z,Bitget USDT Futures,HBARUSDT,0.07407,167649021.0,12417762.985469999,0.0001,,OK,
2026-09-11T19:00:00Z,Bitget USDT Futures,HYPEUSDT,79.934,2365759.900000001,189104651.84660006,-3.8e-05,,OK,
2026-09-11T19:00:00Z,Bitget USDT Futures,LINKUSDT,11.537,4068112.0,46933808.144,4.2e-05,,OK,
2026-09-11T19:00:00Z,Bitget USDT Futures,MORPHOUSDT,2.3112,1035759.0,2393846.2007999998,5e-05,,OK,
2026-09-11T19:00:00Z,Bitget USDT Futures,NEARUSDT,2.5085,16374651.0,41075812.0335,5.8e-05,,OK,
2026-09-11T19:00:00Z,Bitget USDT Futures,ONDOUSDT,0.3496,54875030.5,19184310.662800003,-4.6e-05,,OK,
2026-09-11T19:00:00Z,Bitget USDT Futures,SEIUSDT,0.04416,143237362.0,6325361.90592,7.7e-05,,OK,
2026-09-11T19:00:00Z,Bitget USDT Futures,SOLUSDT,100.941,4277591.999999966,431784414.0719965,3.1e-05,,OK,
2026-09-11T19:00:00Z,Bitget USDT Futures,SUIUSDT,0.7214,62461104.1,45059440.49774,2.9e-05,,OK,
2026-09-11T19:00:00Z,Bitget USDT Futures,TAOUSDT,233.41,110032.603,25682709.86623,5e-05,,OK,
2026-09-11T19:00:00Z,Bitget USDT Futures,UNIUSDT,6.024,3586635.0,21605889.24,-9.1e-05,,OK,
2026-09-11T19:00:00Z,Bitget USDT Futures,XLMUSDT,0.17745,120827412.0,21440824.2594,1.9e-05,,OK,
2026-09-11T19:00:00Z,Bitget USDT Futures,XRPUSDT,1.348,160475054.0,216320372.79200003,5.3e-05,,OK,
2026-09-11T19:00:00Z,Bitget USDT Futures,ZECUSDT,1152.48,110737.70000000003,127622984.49600004,-0.000143,,OK,
2026-09-11T20:00:00Z,Bitget USDT Futures,AAVEUSDT,124.87,193230.2,24128655.074,-1e-05,,OK,
2026-09-11T20:00:00Z,Bitget USDT Futures,AVAXUSDT,7.467,2898329.3,21641824.8831,-3.2e-05,,OK,
2026-09-11T20:00:00Z,Bitget USDT Futures,BTCUSDT,77362.1,34549.201799999915,2672798804.5717735,2.4e-05,,OK,
2026-09-11T20:00:00Z,Bitget USDT Futures,CAKEUSDT,2.1767,758064.9999999998,1650080.0854999993,5e-05,,OK,
2026-09-11T20:00:00Z,Bitget USDT Futures,CCUSDT,0.09802,6992924.0,685446.41048,5e-05,,OK,
2026-09-11T20:00:00Z,Bitget USDT Futures,ENAUSDT,0.14193,217011272.0,30800409.83496,-0.000112,,OK,
2026-09-11T20:00:00Z,Bitget USDT Futures,ETHUSDT,2540.58,745297.8100000004,1893488710.129801,2.5e-05,,OK,
2026-09-11T20:00:00Z,Bitget USDT Futures,HBARUSDT,0.07466,167373213.0,12496084.08258,0.0001,,OK,
2026-09-11T20:00:00Z,Bitget USDT Futures,HYPEUSDT,80.89,2365842.810000001,191373024.9009001,-2.9e-05,,OK,
2026-09-11T20:00:00Z,Bitget USDT Futures,LINKUSDT,11.606,4063640.0,47162605.839999996,5.9e-05,,OK,
2026-09-11T20:00:00Z,Bitget USDT Futures,MORPHOUSDT,2.3197,1030625.0,2390740.8125,5e-05,,OK,
2026-09-11T20:00:00Z,Bitget USDT Futures,NEARUSDT,2.4898,16309802.0,40608145.0196,5e-05,,OK,
2026-09-11T20:00:00Z,Bitget USDT Futures,ONDOUSDT,0.3536,54288274.3,19196333.79248,-6.7e-05,,OK,
2026-09-11T20:00:00Z,Bitget USDT Futures,SEIUSDT,0.04457,142960167.0,6371734.64319,3.3e-05,,OK,
2026-09-11T20:00:00Z,Bitget USDT Futures,SOLUSDT,102.675,4264048.899999966,437811220.8074965,2.6e-05,,OK,
2026-09-11T20:00:00Z,Bitget USDT Futures,SUIUSDT,0.728,62287578.400000006,45345357.07520001,4.3e-05,,OK,
2026-09-11T20:00:00Z,Bitget USDT Futures,TAOUSDT,235.89,109805.952,25902126.01728,5e-05,,OK,
2026-09-11T20:00:00Z,Bitget USDT Futures,UNIUSDT,6.065,3588159.0,21762184.335,-2.2e-05,,OK,
2026-09-11T20:00:00Z,Bitget USDT Futures,XLMUSDT,0.17899,120635160.0,21592487.2884,-2e-06,,OK,
2026-09-11T20:00:00Z,Bitget USDT Futures,XRPUSDT,1.3638,161128246.0,219746701.89479998,3.5e-05,,OK,
2026-09-11T20:00:00Z,Bitget USDT Futures,ZECUSDT,1180.96,111434.48500000003,131599669.40560004,-9.4e-05,,OK,
2026-09-11T21:00:00Z,Bitget USDT Futures,AAVEUSDT,125.56,193383.7,24281257.372,1.9e-05,,OK,
2026-09-11T21:00:00Z,Bitget USDT Futures,AVAXUSDT,7.483,2909407.3,21771094.825899996,-1.7e-05,,OK,
2026-09-11T21:00:00Z,Bitget USDT Futures,BTCUSDT,77350.0,34497.155099999916,2668354946.9849935,2.2e-05,,OK,
2026-09-11T21:00:00Z,Bitget USDT Futures,CAKEUSDT,2.1786,753378.7999999998,1641311.0536799994,5e-05,,OK,
2026-09-11T21:00:00Z,Bitget USDT Futures,CCUSDT,0.09783,6978488.0,682705.48104,5e-05,,OK,
2026-09-11T21:00:00Z,Bitget USDT Futures,ENAUSDT,0.14185,214339158.0,30404009.5623,-8.5e-05,,OK,
2026-09-11T21:00:00Z,Bitget USDT Futures,ETHUSDT,2538.44,734600.1700000004,1864738455.534801,2e-05,,OK,
2026-09-11T21:00:00Z,Bitget USDT Futures,HBARUSDT,0.07455,167439741.0,12482632.691550002,0.0001,,OK,
2026-09-11T21:00:00Z,Bitget USDT Futures,HYPEUSDT,80.818,2364278.400000001,191076251.73120007,-2.6e-05,,OK,
2026-09-11T21:00:00Z,Bitget USDT Futures,LINKUSDT,11.622,4056710.0,47147083.62,9.2e-05,,OK,
2026-09-11T21:00:00Z,Bitget USDT Futures,MORPHOUSDT,2.3158,1037389.0,2402385.4461999997,5e-05,,OK,
2026-09-11T21:00:00Z,Bitget USDT Futures,NEARUSDT,2.4968,16212713.0,40479901.818399996,5.7e-05,,OK,
2026-09-11T21:00:00Z,Bitget USDT Futures,ONDOUSDT,0.3532,54929546.3,19401115.75316,-4.1e-05,,OK,
2026-09-11T21:00:00Z,Bitget USDT Futures,SEIUSDT,0.04452,142515938.0,6344809.55976,-2.6e-05,,OK,
2026-09-11T21:00:00Z,Bitget USDT Futures,SOLUSDT,102.817,4270671.599999965,439097641.8971964,1.7e-05,,OK,
2026-09-11T21:00:00Z,Bitget USDT Futures,SUIUSDT,0.7306,62070423.2,45348651.18992,4.3e-05,,OK,
2026-09-11T21:00:00Z,Bitget USDT Futures,TAOUSDT,236.66,109686.924,25958507.43384,5e-05,,OK,
2026-09-11T21:00:00Z,Bitget USDT Futures,UNIUSDT,6.086,3588305.0,21838424.23,5e-05,,OK,
2026-09-11T21:00:00Z,Bitget USDT Futures,XLMUSDT,0.17915,121224022.0,21717283.5413,-1e-06,,OK,
2026-09-11T21:00:00Z,Bitget USDT Futures,XRPUSDT,1.3646,162072798.0,221164540.15080002,2.7e-05,,OK,
2026-09-11T21:00:00Z,Bitget USDT Futures,ZECUSDT,1188.0,111009.17700000004,131878902.27600005,-7.3e-05,,OK,
2026-09-11T22:00:00Z,Bitget USDT Futures,AAVEUSDT,124.55,193316.9,24077619.895,7.4e-05,,OK,
2026-09-11T22:00:00Z,Bitget USDT Futures,AVAXUSDT,7.449,2905556.3000000003,21643488.878700003,1.6e-05,,OK,
2026-09-11T22:00:00Z,Bitget USDT Futures,BTCUSDT,77137.7,34441.92329999992,2656770746.938404,2.1e-05,,OK,
2026-09-11T22:00:00Z,Bitget USDT Futures,CAKEUSDT,2.1843,755296.9999999998,1649795.2370999993,5e-05,,OK,
2026-09-11T22:00:00Z,Bitget USDT Futures,CCUSDT,0.09699,6974740.0,676480.0326,5e-05,,OK,
2026-09-11T22:00:00Z,Bitget USDT Futures,ENAUSDT,0.13944,213885554.0,29824201.64976,-3.9e-05,,OK,
2026-09-11T22:00:00Z,Bitget USDT Futures,ETHUSDT,2520.05,735271.2500000005,1852920313.5625012,1.5e-05,,OK,
2026-09-11T22:00:00Z,Bitget USDT Futures,HBARUSDT,0.07423,167771005.0,12453641.70115,0.0001,,OK,
2026-09-11T22:00:00Z,Bitget USDT Futures,HYPEUSDT,79.957,2365452.270000001,189134467.15239006,-2.2e-05,,OK,
2026-09-11T22:00:00Z,Bitget USDT Futures,LINKUSDT,11.529,4051384.0,46708406.136,0.0001,,OK,
2026-09-11T22:00:00Z,Bitget USDT Futures,MORPHOUSDT,2.3018,1037836.0,2388890.9048,5e-05,,OK,
2026-09-11T22:00:00Z,Bitget USDT Futures,NEARUSDT,2.4233,16378342.0,39689636.16859999,8.2e-05,,OK,
2026-09-11T22:00:00Z,Bitget USDT Futures,ONDOUSDT,0.3492,54440299.5,19010552.5854,-4.3e-05,,OK,
2026-09-11T22:00:00Z,Bitget USDT Futures,SEIUSDT,0.04428,142351682.0,6303332.47896,-4e-06,,OK,
2026-09-11T22:00:00Z,Bitget USDT Futures,SOLUSDT,102.043,4270178.699999966,435741845.08409655,2e-05,,OK,
2026-09-11T22:00:00Z,Bitget USDT Futures,SUIUSDT,0.7238,62585918.0,45299687.4484,2.6e-05,,OK,
2026-09-11T22:00:00Z,Bitget USDT Futures,TAOUSDT,234.5,109579.018,25696279.721,5e-05,,OK,
2026-09-11T22:00:00Z,Bitget USDT Futures,UNIUSDT,6.009,3577379.0,21496470.411000002,0.0001,,OK,
2026-09-11T22:00:00Z,Bitget USDT Futures,XLMUSDT,0.17832,120816100.0,21543926.952,1.6e-05,,OK,
2026-09-11T22:00:00Z,Bitget USDT Futures,XRPUSDT,1.3546,162167011.0,219671433.1006,3.5e-05,,OK,
2026-09-11T22:00:00Z,Bitget USDT Futures,ZECUSDT,1168.4,110340.20900000003,128921500.19560005,-6.9e-05,,OK,
2026-09-11T23:00:00Z,Bitget USDT Futures,AAVEUSDT,124.15,193596.2,24034968.230000004,0.0001,,OK,
2026-09-11T23:00:00Z,Bitget USDT Futures,AVAXUSDT,7.429,2877700.9,21378439.9861,5e-06,,OK,
2026-09-11T23:00:00Z,Bitget USDT Futures,BTCUSDT,77098.9,34516.53949999992,2661187227.2565436,2.5e-05,,OK,
2026-09-11T23:00:00Z,Bitget USDT Futures,CAKEUSDT,2.1761,765156.3999999998,1665056.8420399996,5e-05,,OK,
2026-09-11T23:00:00Z,Bitget USDT Futures,CCUSDT,0.09714,6974148.0,677468.73672,5e-05,,OK,
2026-09-11T23:00:00Z,Bitget USDT Futures,ENAUSDT,0.13893,214319930.0,29775467.8749,-1e-05,,OK,
2026-09-11T23:00:00Z,Bitget USDT Futures,ETHUSDT,2511.44,725288.8400000004,1821519404.329601,1.2e-05,,OK,
2026-09-11T23:00:00Z,Bitget USDT Futures,HBARUSDT,0.0741,167692763.0,12426033.7383,0.0001,,OK,
2026-09-11T23:00:00Z,Bitget USDT Futures,HYPEUSDT,79.38,2356580.9700000016,187065397.39860013,-3.4e-05,,OK,
2026-09-11T23:00:00Z,Bitget USDT Futures,LINKUSDT,11.484,4044958.0,46452297.672,9.1e-05,,OK,
2026-09-11T23:00:00Z,Bitget USDT Futures,MORPHOUSDT,2.307,1030033.0,2376286.131,5e-05,,OK,
2026-09-11T23:00:00Z,Bitget USDT Futures,NEARUSDT,2.3834,16184593.0,38574358.956199996,0.0001,,OK,
2026-09-11T23:00:00Z,Bitget USDT Futures,ONDOUSDT,0.3482,54054413.1,18821746.64142,-7e-05,,OK,
2026-09-11T23:00:00Z,Bitget USDT Futures,SEIUSDT,0.0442,142227154.0,6286440.206800001,3.1e-05,,OK,
2026-09-11T23:00:00Z,Bitget USDT Futures,SOLUSDT,102.082,4277917.599999965,436698384.4431964,2e-05,,OK,
2026-09-11T23:00:00Z,Bitget USDT Futures,SUIUSDT,0.7213,62265699.300000004,44912248.905090004,2e-05,,OK,
2026-09-11T23:00:00Z,Bitget USDT Futures,TAOUSDT,234.19,109596.918,25666502.22642,5e-05,,OK,
2026-09-11T23:00:00Z,Bitget USDT Futures,UNIUSDT,5.944,3586807.0,21319980.808,0.0001,,OK,
2026-09-11T23:00:00Z,Bitget USDT Futures,XLMUSDT,0.17755,120989506.0,21481686.7903,1.1e-05,,OK,
2026-09-11T23:00:00Z,Bitget USDT Futures,XRPUSDT,1.3526,162255734.0,219467105.8084,3e-05,,OK,
2026-09-11T23:00:00Z,Bitget USDT Futures,ZECUSDT,1163.41,109887.09599999999,127843746.35735999,-6e-05,,OK,
2026-09-12T00:00:00Z,Bitget USDT Futures,AAVEUSDT,125.01,192544.4,24069975.444000002,0.0001,,OK,
2026-09-12T00:00:00Z,Bitget USDT Futures,AVAXUSDT,7.456,2902522.9,21641210.7424,2.8e-05,,OK,
2026-09-12T00:00:00Z,Bitget USDT Futures,BTCUSDT,77267.1,34608.17739999992,2674073503.983534,4.5e-05,,OK,
2026-09-12T00:00:00Z,Bitget USDT Futures,CAKEUSDT,2.1864,766453.7999999998,1675774.5883199996,5e-05,,OK,
2026-09-12T00:00:00Z,Bitget USDT Futures,CCUSDT,0.09725,7060640.0,686647.24,5e-05,,OK,
2026-09-12T00:00:00Z,Bitget USDT Futures,ENAUSDT,0.14057,214457750.0,30146325.9175,1.1e-05,,OK,
2026-09-12T00:00:00Z,Bitget USDT Futures,ETHUSDT,2515.55,726549.5700000004,1827671770.8135011,1.3e-05,,OK,
2026-09-12T00:00:00Z,Bitget USDT Futures,HBARUSDT,0.07437,166418023.0,12376508.37051,0.0001,,OK,
2026-09-12T00:00:00Z,Bitget USDT Futures,HYPEUSDT,78.875,2354216.800000001,185688850.10000008,-5e-06,,OK,
2026-09-12T00:00:00Z,Bitget USDT Futures,LINKUSDT,11.523,4044490.0,46604658.269999996,6.7e-05,,OK,
2026-09-12T00:00:00Z,Bitget USDT Futures,MORPHOUSDT,2.3006,1028665.0,2366546.699,5e-05,,OK,
2026-09-12T00:00:00Z,Bitget USDT Futures,NEARUSDT,2.3545,16123506.0,37962794.877,0.0001,,OK,
2026-09-12T00:00:00Z,Bitget USDT Futures,ONDOUSDT,0.3502,53907754.7,18878495.695940003,-8.5e-05,,OK,
2026-09-12T00:00:00Z,Bitget USDT Futures,SEIUSDT,0.04436,142315661.0,6313122.72196,4.5e-05,,OK,
2026-09-12T00:00:00Z,Bitget USDT Futures,SOLUSDT,102.26,4257779.899999965,435400572.5739964,1.2e-05,,OK,
2026-09-12T00:00:00Z,Bitget USDT Futures,SUIUSDT,0.7269,62283956.50000001,45274207.97985,2.5e-05,,OK,
2026-09-12T00:00:00Z,Bitget USDT Futures,TAOUSDT,235.74,109571.802,25830456.60348,5e-05,,OK,
2026-09-12T00:00:00Z,Bitget USDT Futures,UNIUSDT,6.011,3605897.0,21675046.867,0.0001,,OK,
2026-09-12T00:00:00Z,Bitget USDT Futures,XLMUSDT,0.17872,121020508.0,21628785.18976,5.6e-05,,OK,
2026-09-12T00:00:00Z,Bitget USDT Futures,XRPUSDT,1.3575,162690348.0,220852147.41,3.5e-05,,OK,
2026-09-12T00:00:00Z,Bitget USDT Futures,ZECUSDT,1157.88,109856.01299999998,127200080.33243999,-3.1e-05,,OK,
2026-09-12T01:00:00Z,Bitget USDT Futures,AAVEUSDT,125.08,192586.40000000002,24088706.912000004,0.0001,,OK,
2026-09-12T01:00:00Z,Bitget USDT Futures,AVAXUSDT,7.462,2913755.5,21742443.540999997,5.3e-05,,OK,
2026-09-12T01:00:00Z,Bitget USDT Futures,BTCUSDT,77340.6,34593.80249999992,2675505441.631494,6.1e-05,,OK,
2026-09-12T01:00:00Z,Bitget USDT Futures,CAKEUSDT,2.2169,749818.2999999997,1662272.1892699993,5e-05,,OK,
2026-09-12T01:00:00Z,Bitget USDT Futures,CCUSDT,0.09829,7131620.0,700966.9298,5e-05,,OK,
2026-09-12T01:00:00Z,Bitget USDT Futures,ENAUSDT,0.14148,214328929.0,30323256.87492,5e-06,,OK,
2026-09-12T01:00:00Z,Bitget USDT Futures,ETHUSDT,2514.45,725960.6000000004,1825391630.670001,2.3e-05,,OK,
2026-09-12T01:00:00Z,Bitget USDT Futures,HBARUSDT,0.07455,166053301.0,12379273.589550002,0.0001,,OK,
2026-09-12T01:00:00Z,Bitget USDT Futures,HYPEUSDT,78.946,2355026.3800000013,185919912.59548008,4.5e-05,,OK,
2026-09-12T01:00:00Z,Bitget USDT Futures,LINKUSDT,11.546,4044978.0,46703315.988,7.5e-05,,OK,
2026-09-12T01:00:00Z,Bitget USDT Futures,MORPHOUSDT,2.3101,1033273.0,2386963.9573,5e-05,,OK,
2026-09-12T01:00:00Z,Bitget USDT Futures,NEARUSDT,2.3536,16039851.0,37751393.3136,8.4e-05,,OK,
2026-09-12T01:00:00Z,Bitget USDT Futures,ONDOUSDT,0.3513,53959773.300000004,18956068.360290002,-7.7e-05,,OK,
2026-09-12T01:00:00Z,Bitget USDT Futures,SEIUSDT,0.04469,142325662.0,6360533.83478,7.1e-05,,OK,
2026-09-12T01:00:00Z,Bitget USDT Futures,SOLUSDT,102.134,4261577.199999966,435251925.7447965,5e-06,,OK,
2026-09-12T01:00:00Z,Bitget USDT Futures,SUIUSDT,0.7293,62402748.300000004,45510324.33519,2.4e-05,,OK,
2026-09-12T01:00:00Z,Bitget USDT Futures,TAOUSDT,236.7,109569.57,25935117.219,5e-05,,OK,
2026-09-12T01:00:00Z,Bitget USDT Futures,UNIUSDT,6.035,3611397.0,21794780.895,0.0001,,OK,
2026-09-12T01:00:00Z,Bitget USDT Futures,XLMUSDT,0.18027,121054392.0,21822475.24584,9.9e-05,,OK,
2026-09-12T01:00:00Z,Bitget USDT Futures,XRPUSDT,1.3599,162790576.0,221378904.30240002,3.5e-05,,OK,
2026-09-12T01:00:00Z,Bitget USDT Futures,ZECUSDT,1160.13,109906.12399999997,127505391.63611998,-2.2e-05,,OK,
2026-09-12T02:00:00Z,Bitget USDT Futures,AAVEUSDT,125.22,192451.6,24098789.352,0.0001,,OK,
2026-09-12T02:00:00Z,Bitget USDT Futures,AVAXUSDT,7.444,2919371.7,21731802.934800003,6.5e-05,,OK,
2026-09-12T02:00:00Z,Bitget USDT Futures,BTCUSDT,77269.7,34542.65009999992,2669100210.4319634,7.3e-05,,OK,
2026-09-12T02:00:00Z,Bitget USDT Futures,CAKEUSDT,2.2158,750455.3999999998,1662859.0753199996,1.6e-05,,OK,
2026-09-12T02:00:00Z,Bitget USDT Futures,CCUSDT,0.09899,7168928.0,709652.1827199999,5e-05,,OK,
2026-09-12T02:00:00Z,Bitget USDT Futures,ENAUSDT,0.14144,213871038.0,30249919.61472,-1.3e-05,,OK,
2026-09-12T02:00:00Z,Bitget USDT Futures,ETHUSDT,2512.48,729802.9900000005,1833615416.315201,4.4e-05,,OK,
2026-09-12T02:00:00Z,Bitget USDT Futures,HBARUSDT,0.07452,165961999.0,12367488.16548,0.0001,,OK,
2026-09-12T02:00:00Z,Bitget USDT Futures,HYPEUSDT,78.977,2350308.510000001,185620315.1942701,5e-05,,OK,
2026-09-12T02:00:00Z,Bitget USDT Futures,LINKUSDT,11.535,4048278.0,46696886.730000004,8.8e-05,,OK,
2026-09-12T02:00:00Z,Bitget USDT Futures,MORPHOUSDT,2.2974,1029135.0,2364334.7490000003,5e-05,,OK,
2026-09-12T02:00:00Z,Bitget USDT Futures,NEARUSDT,2.3536,16086598.0,37861417.0528,6.8e-05,,OK,
2026-09-12T02:00:00Z,Bitget USDT Futures,ONDOUSDT,0.3505,54059869.7,18947984.32985,-6.2e-05,,OK,
2026-09-12T02:00:00Z,Bitget USDT Futures,SEIUSDT,0.04489,142582572.0,6400531.65708,0.0001,,OK,
2026-09-12T02:00:00Z,Bitget USDT Futures,SOLUSDT,101.789,4266667.899999965,434299858.87309647,1.3e-05,,OK,
2026-09-12T02:00:00Z,Bitget USDT Futures,SUIUSDT,0.7282,62327819.300000004,45387118.01426,4.4e-05,,OK,
2026-09-12T02:00:00Z,Bitget USDT Futures,TAOUSDT,235.27,109515.706,25765760.150620002,5e-05,,OK,
2026-09-12T02:00:00Z,Bitget USDT Futures,UNIUSDT,6.037,3593095.0,21691514.515,0.0001,,OK,
2026-09-12T02:00:00Z,Bitget USDT Futures,XLMUSDT,0.18009,121508106.0,21882394.80954,0.0001,,OK,
2026-09-12T02:00:00Z,Bitget USDT Futures,XRPUSDT,1.3611,163005320.0,221866541.052,3.3e-05,,OK,
2026-09-12T02:00:00Z,Bitget USDT Futures,ZECUSDT,1141.6,110126.86299999997,125720826.80079995,-3e-06,,OK,
2026-09-12T03:00:00Z,Bitget USDT Futures,AAVEUSDT,125.38,192368.6,24119175.068,0.0001,,OK,
2026-09-12T03:00:00Z,Bitget USDT Futures,AVAXUSDT,7.452,2923024.5,21782378.574,7.7e-05,,OK,
2026-09-12T03:00:00Z,Bitget USDT Futures,BTCUSDT,77266.4,34537.91079999992,2668620031.0371137,8.4e-05,,OK,
2026-09-12T03:00:00Z,Bitget USDT Futures,CAKEUSDT,2.2346,758479.7999999998,1694898.9610799996,2.8e-05,,OK,
2026-09-12T03:00:00Z,Bitget USDT Futures,CCUSDT,0.09888,7161930.0,708171.6383999999,5e-05,,OK,
2026-09-12T03:00:00Z,Bitget USDT Futures,ENAUSDT,0.141,212330292.0,29938571.172,-2.1e-05,,OK,
2026-09-12T03:00:00Z,Bitget USDT Futures,ETHUSDT,2513.61,732065.8600000005,1840128066.3546011,6.1e-05,,OK,
2026-09-12T03:00:00Z,Bitget USDT Futures,HBARUSDT,0.07452,165419731.0,12327078.354120001,0.0001,,OK,
2026-09-12T03:00:00Z,Bitget USDT Futures,HYPEUSDT,78.837,2347438.130000001,185064979.85481006,5e-05,,OK,
2026-09-12T03:00:00Z,Bitget USDT Futures,LINKUSDT,11.486,4062922.0,46666722.092,9.7e-05,,OK,
2026-09-12T03:00:00Z,Bitget USDT Futures,MORPHOUSDT,2.293,1030321.0,2362526.0530000003,5e-05,,OK,
2026-09-12T03:00:00Z,Bitget USDT Futures,NEARUSDT,2.3717,16061310.0,38092608.927,2.9e-05,,OK,
2026-09-12T03:00:00Z,Bitget USDT Futures,ONDOUSDT,0.3515,53640136.9,18854508.12035,-4.8e-05,,OK,
2026-09-12T03:00:00Z,Bitget USDT Futures,SEIUSDT,0.04475,142527344.0,6378098.643999999,0.0001,,OK,
2026-09-12T03:00:00Z,Bitget USDT Futures,SOLUSDT,101.731,4277210.199999966,435124870.85619646,1.7e-05,,OK,
2026-09-12T03:00:00Z,Bitget USDT Futures,SUIUSDT,0.7267,62490841.900000006,45412094.808730006,7.1e-05,,OK,
2026-09-12T03:00:00Z,Bitget USDT Futures,TAOUSDT,234.89,109557.422,25733942.85358,5e-05,,OK,
2026-09-12T03:00:00Z,Bitget USDT Futures,UNIUSDT,6.129,3599872.0,22063615.487999998,0.0001,,OK,
2026-09-12T03:00:00Z,Bitget USDT Futures,XLMUSDT,0.18093,121462558.0,21976220.61894,0.0001,,OK,
2026-09-12T03:00:00Z,Bitget USDT Futures,XRPUSDT,1.3641,163823182.0,223471202.56620002,4.3e-05,,OK,
2026-09-12T03:00:00Z,Bitget USDT Futures,ZECUSDT,1136.74,111230.44899999992,126440100.5962599,1.4e-05,,OK,
2026-09-12T04:00:00Z,Bitget USDT Futures,AAVEUSDT,124.92,192814.2,24086349.864,0.0001,,OK,
2026-09-12T04:00:00Z,Bitget USDT Futures,AVAXUSDT,7.44,2922955.5,21746788.92,6.3e-05,,OK,
2026-09-12T04:00:00Z,Bitget USDT Futures,BTCUSDT,77231.1,34617.29869999991,2673532057.6295633,8.6e-05,,OK,
2026-09-12T04:00:00Z,Bitget USDT Futures,CAKEUSDT,2.2251,765756.1999999997,1703884.1206199992,5e-05,,OK,
2026-09-12T04:00:00Z,Bitget USDT Futures,CCUSDT,0.09859,7160474.0,705951.13166,5e-05,,OK,
2026-09-12T04:00:00Z,Bitget USDT Futures,ENAUSDT,0.14095,212322320.0,29926831.003999997,2e-06,,OK,
2026-09-12T04:00:00Z,Bitget USDT Futures,ETHUSDT,2510.96,731450.3500000004,1836642570.8360012,6.3e-05,,OK,
2026-09-12T04:00:00Z,Bitget USDT Futures,HBARUSDT,0.07446,164621535.0,12257719.4961,7.2e-05,,OK,
2026-09-12T04:00:00Z,Bitget USDT Futures,HYPEUSDT,78.692,2346564.720000001,184655870.94624007,5e-05,,OK,
2026-09-12T04:00:00Z,Bitget USDT Futures,LINKUSDT,11.482,4057042.0,46582956.243999995,9.4e-05,,OK,
2026-09-12T04:00:00Z,Bitget USDT Futures,MORPHOUSDT,2.2707,1034477.0,2348986.9239000003,5e-05,,OK,
2026-09-12T04:00:00Z,Bitget USDT Futures,NEARUSDT,2.3616,16316546.0,38533155.0336,-4e-05,,OK,
2026-09-12T04:00:00Z,Bitget USDT Futures,ONDOUSDT,0.3496,54042381.5,18893216.5724,-2.1e-05,,OK,
2026-09-12T04:00:00Z,Bitget USDT Futures,SEIUSDT,0.04466,142399578.0,6359565.15348,0.0001,,OK,
2026-09-12T04:00:00Z,Bitget USDT Futures,SOLUSDT,101.598,4272804.199999966,434108361.1115965,1.8e-05,,OK,
2026-09-12T04:00:00Z,Bitget USDT Futures,SUIUSDT,0.7232,63126939.2,45653402.42944,9.3e-05,,OK,
2026-09-12T04:00:00Z,Bitget USDT Futures,TAOUSDT,233.81,109972.724,25712722.59844,5e-05,,OK,
2026-09-12T04:00:00Z,Bitget USDT Futures,UNIUSDT,6.124,3607181.0,22090376.444,0.0001,,OK,
2026-09-12T04:00:00Z,Bitget USDT Futures,XLMUSDT,0.1807,121598332.0,21972818.5924,0.0001,,OK,
2026-09-12T04:00:00Z,Bitget USDT Futures,XRPUSDT,1.3617,163866532.0,223137056.6244,3.4e-05,,OK,
2026-09-12T04:00:00Z,Bitget USDT Futures,ZECUSDT,1138.84,110973.3649999999,126380906.99659988,5.2e-05,,OK,
2026-09-12T05:00:00Z,Bitget USDT Futures,AAVEUSDT,125.07,192886.6,24124327.062,0.0001,,OK,
2026-09-12T05:00:00Z,Bitget USDT Futures,AVAXUSDT,7.44,2918483.7,21713518.728000004,4.6e-05,,OK,
2026-09-12T05:00:00Z,Bitget USDT Futures,BTCUSDT,77195.4,34634.431099999914,2673618762.536933,9.5e-05,,OK,
2026-09-12T05:00:00Z,Bitget USDT Futures,CAKEUSDT,2.22,757055.1999999997,1680662.5439999995,5e-05,,OK,
2026-09-12T05:00:00Z,Bitget USDT Futures,CCUSDT,0.09837,7137196.0,702085.97052,5e-05,,OK,
2026-09-12T05:00:00Z,Bitget USDT Futures,ENAUSDT,0.14017,212388855.0,29770545.80535,2.9e-05,,OK,
2026-09-12T05:00:00Z,Bitget USDT Futures,ETHUSDT,2509.87,733539.2600000004,1841088182.4962008,6.3e-05,,OK,
2026-09-12T05:00:00Z,Bitget USDT Futures,HBARUSDT,0.07427,164253491.0,12199106.77657,1.8e-05,,OK,
2026-09-12T05:00:00Z,Bitget USDT Futures,HYPEUSDT,78.598,2345295.600000001,184335543.5688001,4.7e-05,,OK,
2026-09-12T05:00:00Z,Bitget USDT Futures,LINKUSDT,11.499,4065850.0,46753209.150000006,9.6e-05,,OK,
2026-09-12T05:00:00Z,Bitget USDT Futures,MORPHOUSDT,2.269,1032733.0,2343271.177,5e-05,,OK,
2026-09-12T05:00:00Z,Bitget USDT Futures,NEARUSDT,2.3357,16156274.0,37736209.1818,-7.4e-05,,OK,
2026-09-12T05:00:00Z,Bitget USDT Futures,ONDOUSDT,0.3498,53676076.10000001,18775891.419780005,-4.7e-05,,OK,
2026-09-12T05:00:00Z,Bitget USDT Futures,SEIUSDT,0.04461,142573360.0,6360197.5896,0.0001,,OK,
2026-09-12T05:00:00Z,Bitget USDT Futures,SOLUSDT,101.507,4265903.299999965,433019046.2730965,1.9e-05,,OK,
2026-09-12T05:00:00Z,Bitget USDT Futures,SUIUSDT,0.7212,63229491.7,45601109.41404,9.5e-05,,OK,
2026-09-12T05:00:00Z,Bitget USDT Futures,TAOUSDT,233.49,109925.958,25666611.933420002,5e-05,,OK,
2026-09-12T05:00:00Z,Bitget USDT Futures,UNIUSDT,6.171,3601529.0,22225035.459000003,0.0001,,OK,
2026-09-12T05:00:00Z,Bitget USDT Futures,XLMUSDT,0.17982,121545676.0,21856343.45832,0.0001,,OK,
2026-09-12T05:00:00Z,Bitget USDT Futures,XRPUSDT,1.3622,163609131.0,222868358.2482,3.6e-05,,OK,
2026-09-12T05:00:00Z,Bitget USDT Futures,ZECUSDT,1131.43,111158.82899999994,125768433.89546993,4.6e-05,,OK,
2026-09-12T06:00:00Z,Bitget USDT Futures,AAVEUSDT,125.22,193078.6,24177302.292,0.0001,,OK,
2026-09-12T06:00:00Z,Bitget USDT Futures,AVAXUSDT,7.44,2925815.5,21768067.32,4.2e-05,,OK,
2026-09-12T06:00:00Z,Bitget USDT Futures,BTCUSDT,77210.8,34713.11529999992,2680227402.805234,9.3e-05,,OK,
2026-09-12T06:00:00Z,Bitget USDT Futures,CAKEUSDT,2.2125,773204.3999999998,1710714.7349999994,5e-05,,OK,
2026-09-12T06:00:00Z,Bitget USDT Futures,CCUSDT,0.09874,7135838.0,704592.64412,5e-05,,OK,
2026-09-12T06:00:00Z,Bitget USDT Futures,ENAUSDT,0.14031,213214890.0,29916181.215899996,3.2e-05,,OK,
2026-09-12T06:00:00Z,Bitget USDT Futures,ETHUSDT,2511.03,733800.9100000004,1842596099.037301,6.2e-05,,OK,
2026-09-12T06:00:00Z,Bitget USDT Futures,HBARUSDT,0.07425,163998161.0,12176863.454249999,-5e-06,,OK,
2026-09-12T06:00:00Z,Bitget USDT Futures,HYPEUSDT,78.631,2344535.420000001,184353164.61002007,2e-05,,OK,
2026-09-12T06:00:00Z,Bitget USDT Futures,LINKUSDT,11.508,4067986.0,46814382.888,0.0001,,OK,
2026-09-12T06:00:00Z,Bitget USDT Futures,MORPHOUSDT,2.2683,1030041.0,2336442.0003,5e-05,,OK,
2026-09-12T06:00:00Z,Bitget USDT Futures,NEARUSDT,2.3535,16219988.0,38173741.758,-4.1e-05,,OK,
2026-09-12T06:00:00Z,Bitget USDT Futures,ONDOUSDT,0.3495,53629990.300000004,18743681.60985,-5.3e-05,,OK,
2026-09-12T06:00:00Z,Bitget USDT Futures,SEIUSDT,0.04467,142415958.0,6361720.84386,0.0001,,OK,
2026-09-12T06:00:00Z,Bitget USDT Futures,SOLUSDT,101.635,4267660.499999966,433743674.9174965,2.3e-05,,OK,
2026-09-12T06:00:00Z,Bitget USDT Futures,SUIUSDT,0.7228,63231533.7,45703752.55836,8.5e-05,,OK,
2026-09-12T06:00:00Z,Bitget USDT Futures,TAOUSDT,233.84,109835.208,25683865.03872,5e-05,,OK,
2026-09-12T06:00:00Z,Bitget USDT Futures,UNIUSDT,6.217,3626469.0,22545757.773,0.0001,,OK,
2026-09-12T06:00:00Z,Bitget USDT Futures,XLMUSDT,0.17995,121502808.0,21864430.2996,0.0001,,OK,
2026-09-12T06:00:00Z,Bitget USDT Futures,XRPUSDT,1.3633,163565986.0,222989508.71379998,3.6e-05,,OK,
2026-09-12T06:00:00Z,Bitget USDT Futures,ZECUSDT,1129.96,111412.29099999995,125891432.33835995,6.8e-05,,OK,
2026-09-12T07:00:00Z,Bitget USDT Futures,AAVEUSDT,126.21,192922.2,24348710.862,0.0001,,OK,
2026-09-12T07:00:00Z,Bitget USDT Futures,AVAXUSDT,7.448,2920107.7,21748962.149600003,2.4e-05,,OK,
2026-09-12T07:00:00Z,Bitget USDT Futures,BTCUSDT,77304.5,34736.118599999914,2685258280.3136935,9e-05,,OK,
2026-09-12T07:00:00Z,Bitget USDT Futures,CAKEUSDT,2.2233,772445.1999999997,1717377.4131599995,5e-05,,OK,
2026-09-12T07:00:00Z,Bitget USDT Futures,CCUSDT,0.09876,7135250.0,704677.29,5e-05,,OK,
2026-09-12T07:00:00Z,Bitget USDT Futures,ENAUSDT,0.14198,212729836.0,30203382.11528,4.4e-05,,OK,
2026-09-12T07:00:00Z,Bitget USDT Futures,ETHUSDT,2522.58,749157.4200000004,1889809524.543601,6.7e-05,,OK,
2026-09-12T07:00:00Z,Bitget USDT Futures,HBARUSDT,0.07437,163634235.0,12169478.056950001,-1e-05,,OK,
2026-09-12T07:00:00Z,Bitget USDT Futures,HYPEUSDT,78.926,2349624.650000001,185446475.12590006,-6e-06,,OK,
2026-09-12T07:00:00Z,Bitget USDT Futures,LINKUSDT,11.542,4068971.0,46964063.282,0.0001,,OK,
2026-09-12T07:00:00Z,Bitget USDT Futures,MORPHOUSDT,2.289,1027179.0,2351212.731,5e-05,,OK,
2026-09-12T07:00:00Z,Bitget USDT Futures,NEARUSDT,2.3593,16301281.0,38459612.2633,1e-05,,OK,
2026-09-12T07:00:00Z,Bitget USDT Futures,ONDOUSDT,0.3509,53611125.300000004,18812143.86777,-4e-05,,OK,
2026-09-12T07:00:00Z,Bitget USDT Futures,SEIUSDT,0.04475,142453028.0,6374773.003,0.0001,,OK,
2026-09-12T07:00:00Z,Bitget USDT Futures,SOLUSDT,101.75,4263015.899999965,433761867.8249964,3.1e-05,,OK,
2026-09-12T07:00:00Z,Bitget USDT Futures,SUIUSDT,0.7258,63281534.900000006,45929738.030420005,8.2e-05,,OK,
2026-09-12T07:00:00Z,Bitget USDT Futures,TAOUSDT,235.39,110421.648,25992151.722719997,5e-05,,OK,
2026-09-12T07:00:00Z,Bitget USDT Futures,UNIUSDT,6.299,3655721.0,23027386.579,0.0001,,OK,
2026-09-12T07:00:00Z,Bitget USDT Futures,XLMUSDT,0.17982,121375022.0,21825656.456040002,0.0001,,OK,
2026-09-12T07:00:00Z,Bitget USDT Futures,XRPUSDT,1.3646,163405500.0,222983145.3,4.7e-05,,OK,
2026-09-12T07:00:00Z,Bitget USDT Futures,ZECUSDT,1143.81,110843.93599999996,126784402.43615994,6.5e-05,,OK,
2026-09-12T08:00:00Z,Bitget USDT Futures,AAVEUSDT,126.5,192968.80000000002,24410553.200000003,0.0001,,OK,
2026-09-12T08:00:00Z,Bitget USDT Futures,AVAXUSDT,7.454,2920135.6,21766690.7624,1.5e-05,,OK,
2026-09-12T08:00:00Z,Bitget USDT Futures,BTCUSDT,77296.4,35139.787899999916,2716179101.433553,6.8e-05,,OK,
2026-09-12T08:00:00Z,Bitget USDT Futures,CAKEUSDT,2.2328,767381.1999999997,1713408.7433599995,5e-05,,OK,
2026-09-12T08:00:00Z,Bitget USDT Futures,CCUSDT,0.0992,7132215.0,707515.728,5e-05,,OK,
2026-09-12T08:00:00Z,Bitget USDT Futures,ENAUSDT,0.14287,212865271.0,30412061.26777,5e-05,,OK,
2026-09-12T08:00:00Z,Bitget USDT Futures,ETHUSDT,2526.95,750499.4300000004,1896474534.638501,7.6e-05,,OK,
2026-09-12T08:00:00Z,Bitget USDT Futures,HBARUSDT,0.07466,162897320.0,12161913.9112,-2.4e-05,,OK,
2026-09-12T08:00:00Z,Bitget USDT Futures,HYPEUSDT,79.161,2352193.700000001,186202005.4857001,-8e-06,,OK,
2026-09-12T08:00:00Z,Bitget USDT Futures,LINKUSDT,11.555,4068910.0,47016255.05,0.0001,,OK,
2026-09-12T08:00:00Z,Bitget USDT Futures,MORPHOUSDT,2.2956,1027809.0,2359438.3403999996,5e-05,,OK,
2026-09-12T08:00:00Z,Bitget USDT Futures,NEARUSDT,2.3713,16417746.0,38931401.0898,6.6e-05,,OK,
2026-09-12T08:00:00Z,Bitget USDT Futures,ONDOUSDT,0.3525,53481452.9,18852212.147249997,-4e-06,,OK,
2026-09-12T08:00:00Z,Bitget USDT Futures,SEIUSDT,0.04508,144422920.0,6510585.2336,0.0001,,OK,
2026-09-12T08:00:00Z,Bitget USDT Futures,SOLUSDT,101.63,4262329.399999965,433180536.9219964,4.9e-05,,OK,
2026-09-12T08:00:00Z,Bitget USDT Futures,SUIUSDT,0.7287,62958981.7,45878209.96479,9.7e-05,,OK,
2026-09-12T08:00:00Z,Bitget USDT Futures,TAOUSDT,235.91,111460.21800000001,26294580.028380003,5e-05,,OK,
2026-09-12T08:00:00Z,Bitget USDT Futures,UNIUSDT,6.392,3662910.0,23413320.720000003,0.0001,,OK,
2026-09-12T08:00:00Z,Bitget USDT Futures,XLMUSDT,0.18095,121443782.0,21975252.3529,0.0001,,OK,
2026-09-12T08:00:00Z,Bitget USDT Futures,XRPUSDT,1.3682,164469090.0,225026608.93800002,4.9e-05,,OK,
2026-09-12T08:00:00Z,Bitget USDT Futures,ZECUSDT,1147.9,111371.68599999997,127843558.35939997,3.9e-05,,OK,
2026-09-12T09:00:00Z,Bitget USDT Futures,AAVEUSDT,126.06,192800.40000000002,24304418.424000002,0.0001,,OK,
2026-09-12T09:00:00Z,Bitget USDT Futures,AVAXUSDT,7.439,2920721.3,21727245.750699997,2.3e-05,,OK,
2026-09-12T09:00:00Z,Bitget USDT Futures,BTCUSDT,77328.2,35298.424699999916,2729563644.8865333,6.8e-05,,OK,
2026-09-12T09:00:00Z,Bitget USDT Futures,CAKEUSDT,2.2355,748649.5999999997,1673606.1807999995,5e-05,,OK,
2026-09-12T09:00:00Z,Bitget USDT Futures,CCUSDT,0.09862,7139274.0,704075.20188,5e-05,,OK,
2026-09-12T09:00:00Z,Bitget USDT Futures,ENAUSDT,0.14109,214512340.0,30265546.0506,5e-05,,OK,
2026-09-12T09:00:00Z,Bitget USDT Futures,ETHUSDT,2533.66,756529.1500000004,1916787646.1890008,8.3e-05,,OK,
2026-09-12T09:00:00Z,Bitget USDT Futures,HBARUSDT,0.07437,162903845.0,12115158.952650001,-2.5e-05,,OK,
2026-09-12T09:00:00Z,Bitget USDT Futures,HYPEUSDT,79.333,2350780.630000001,186494479.71979007,1.9e-05,,OK,
2026-09-12T09:00:00Z,Bitget USDT Futures,LINKUSDT,11.556,4069392.0,47025893.952,0.0001,,OK,
2026-09-12T09:00:00Z,Bitget USDT Futures,MORPHOUSDT,2.2931,1030487.0,2363009.7397,5e-05,,OK,
2026-09-12T09:00:00Z,Bitget USDT Futures,NEARUSDT,2.3704,16494724.0,39099093.769600004,8.3e-05,,OK,
2026-09-12T09:00:00Z,Bitget USDT Futures,ONDOUSDT,0.3511,53489455.1,18780147.68561,-4.6e-05,,OK,
2026-09-12T09:00:00Z,Bitget USDT Futures,SEIUSDT,0.04484,144291242.0,6470019.29128,0.0001,,OK,
2026-09-12T09:00:00Z,Bitget USDT Futures,SOLUSDT,101.918,4256378.699999966,433801604.34659654,5.1e-05,,OK,
2026-09-12T09:00:00Z,Bitget USDT Futures,SUIUSDT,0.7256,62962073.0,45685280.168800004,8.9e-05,,OK,
2026-09-12T09:00:00Z,Bitget USDT Futures,TAOUSDT,235.44,111303.81199999999,26205369.497279998,5e-05,,OK,
2026-09-12T09:00:00Z,Bitget USDT Futures,UNIUSDT,6.333,3717357.0,23542021.881,0.0001,,OK,
2026-09-12T09:00:00Z,Bitget USDT Futures,XLMUSDT,0.18079,121575500.0,21979634.645,0.0001,,OK,
2026-09-12T09:00:00Z,Bitget USDT Futures,XRPUSDT,1.3677,164323568.0,224745343.9536,5.1e-05,,OK,
2026-09-12T09:00:00Z,Bitget USDT Futures,ZECUSDT,1150.99,111329.212,128138809.71988,4e-05,,OK,
2026-09-12T10:00:00Z,Bitget USDT Futures,AAVEUSDT,126.57,192603.2,24377787.024,0.0001,,OK,
2026-09-12T10:00:00Z,Bitget USDT Futures,AVAXUSDT,7.44,2924530.7,21758508.408000004,3.4e-05,,OK,
2026-09-12T10:00:00Z,Bitget USDT Futures,BTCUSDT,77364.2,35424.80789999991,2740611923.337173,7e-05,,OK,
2026-09-12T10:00:00Z,Bitget USDT Futures,CAKEUSDT,2.2403,748124.9999999998,1676024.4374999995,5e-05,,OK,
2026-09-12T10:00:00Z,Bitget USDT Futures,CCUSDT,0.09896,7138274.0,706403.59504,5e-05,,OK,
2026-09-12T10:00:00Z,Bitget USDT Futures,ENAUSDT,0.14184,214434378.0,30415372.17552,5e-05,,OK,
2026-09-12T10:00:00Z,Bitget USDT Futures,ETHUSDT,2532.51,754846.4600000003,1911656208.4146008,8.4e-05,,OK,
2026-09-12T10:00:00Z,Bitget USDT Futures,HBARUSDT,0.07436,162947097.0,12116746.132919999,-1.7e-05,,OK,
2026-09-12T10:00:00Z,Bitget USDT Futures,HYPEUSDT,79.589,2355808.340000001,187496429.97226006,2.8e-05,,OK,
2026-09-12T10:00:00Z,Bitget USDT Futures,LINKUSDT,11.534,4066216.0,46899735.344000004,0.0001,,OK,
2026-09-12T10:00:00Z,Bitget USDT Futures,MORPHOUSDT,2.2988,1031087.0,2370262.7956,5e-05,,OK,
2026-09-12T10:00:00Z,Bitget USDT Futures,NEARUSDT,2.3758,16525322.0,39260860.0076,7.6e-05,,OK,
2026-09-12T10:00:00Z,Bitget USDT Futures,ONDOUSDT,0.3513,53544930.300000004,18810334.014390003,-5.3e-05,,OK,
2026-09-12T10:00:00Z,Bitget USDT Futures,SEIUSDT,0.04492,142579904.0,6404689.28768,0.0001,,OK,
2026-09-12T10:00:00Z,Bitget USDT Futures,SOLUSDT,102.049,4280904.599999965,436862033.52539647,5.6e-05,,OK,
2026-09-12T10:00:00Z,Bitget USDT Futures,SUIUSDT,0.7257,63548806.900000006,46117369.167330004,8.1e-05,,OK,
2026-09-12T10:00:00Z,Bitget USDT Futures,TAOUSDT,236.07,111072.948,26220990.83436,5e-05,,OK,
2026-09-12T10:00:00Z,Bitget USDT Futures,UNIUSDT,6.35,3734213.0,23712252.549999997,0.0001,,OK,
2026-09-12T10:00:00Z,Bitget USDT Futures,XLMUSDT,0.18131,121820008.0,22087185.65048,0.0001,,OK,
2026-09-12T10:00:00Z,Bitget USDT Futures,XRPUSDT,1.3698,164862525.0,225828686.74499997,5.6e-05,,OK,
2026-09-12T10:00:00Z,Bitget USDT Futures,ZECUSDT,1152.2,111832.47800000002,128853381.15160002,8e-06,,OK,
2026-09-12T11:00:00Z,Bitget USDT Futures,AAVEUSDT,126.78,193360.00000000003,24514180.800000004,0.0001,,OK,
2026-09-12T11:00:00Z,Bitget USDT Futures,AVAXUSDT,7.433,2943234.9,21877065.0117,4.5e-05,,OK,
2026-09-12T11:00:00Z,Bitget USDT Futures,BTCUSDT,77300.8,35421.41189999991,2738103476.999513,7.8e-05,,OK,
2026-09-12T11:00:00Z,Bitget USDT Futures,CAKEUSDT,2.253,752599.5999999997,1695606.8987999996,5e-05,,OK,
2026-09-12T11:00:00Z,Bitget USDT Futures,CCUSDT,0.09866,7140408.0,704472.65328,5e-05,,OK,
2026-09-12T11:00:00Z,Bitget USDT Futures,ENAUSDT,0.14101,214725640.0,30278462.4964,5e-05,,OK,
2026-09-12T11:00:00Z,Bitget USDT Futures,ETHUSDT,2530.79,754718.6400000004,1910034386.925601,8.7e-05,,OK,
2026-09-12T11:00:00Z,Bitget USDT Futures,HBARUSDT,0.07451,162934165.0,12140224.63415,9e-06,,OK,
2026-09-12T11:00:00Z,Bitget USDT Futures,HYPEUSDT,79.778,2354022.660000001,187799219.7694801,1.1e-05,,OK,
2026-09-12T11:00:00Z,Bitget USDT Futures,LINKUSDT,11.536,4066392.0,46909898.111999996,0.0001,,OK,
2026-09-12T11:00:00Z,Bitget USDT Futures,MORPHOUSDT,2.285,1031013.0,2355864.705,5e-05,,OK,
2026-09-12T11:00:00Z,Bitget USDT Futures,NEARUSDT,2.371,16539274.0,39214618.654,8.5e-05,,OK,
2026-09-12T11:00:00Z,Bitget USDT Futures,ONDOUSDT,0.3519,53440393.300000004,18805674.40227,-5.7e-05,,OK,
2026-09-12T11:00:00Z,Bitget USDT Futures,SEIUSDT,0.04495,142663426.0,6412720.998699999,0.0001,,OK,
2026-09-12T11:00:00Z,Bitget USDT Futures,SOLUSDT,102.021,4283248.399999965,436981285.0163964,5.5e-05,,OK,
2026-09-12T11:00:00Z,Bitget USDT Futures,SUIUSDT,0.7262,63814321.6,46341960.34592,0.0001,,OK,
2026-09-12T11:00:00Z,Bitget USDT Futures,TAOUSDT,236.29,110947.558,26215798.479820002,5e-05,,OK,
2026-09-12T11:00:00Z,Bitget USDT Futures,UNIUSDT,6.361,3739685.0,23788136.285,0.0001,,OK,
2026-09-12T11:00:00Z,Bitget USDT Futures,XLMUSDT,0.18165,121698080.0,22106456.232,0.0001,,OK,
2026-09-12T11:00:00Z,Bitget USDT Futures,XRPUSDT,1.3717,164724646.0,225952796.9182,6.1e-05,,OK,
2026-09-12T11:00:00Z,Bitget USDT Futures,ZECUSDT,1153.05,111756.80200000003,128861180.54610002,1e-05,,OK,
2026-09-12T12:00:00Z,Bitget USDT Futures,AAVEUSDT,127.35,193286.80000000002,24615073.98,0.0001,,OK,
2026-09-12T12:00:00Z,Bitget USDT Futures,AVAXUSDT,7.441,2942364.3,21894132.7563,5.3e-05,,OK,
2026-09-12T12:00:00Z,Bitget USDT Futures,BTCUSDT,77277.7,35408.37679999992,2736277919.8373537,7.5e-05,,OK,
2026-09-12T12:00:00Z,Bitget USDT Futures,CAKEUSDT,2.2399,768497.5999999997,1721357.7742399995,5e-05,,OK,
2026-09-12T12:00:00Z,Bitget USDT Futures,CCUSDT,0.09825,7135474.0,701060.3205,5e-05,,OK,
2026-09-12T12:00:00Z,Bitget USDT Futures,ENAUSDT,0.1407,215078120.0,30261491.483999997,5e-05,,OK,
2026-09-12T12:00:00Z,Bitget USDT Futures,ETHUSDT,2532.87,755717.1400000004,1914133272.3918009,8.7e-05,,OK,
2026-09-12T12:00:00Z,Bitget USDT Futures,HBARUSDT,0.07466,162853979.0,12158678.07214,3.7e-05,,OK,
2026-09-12T12:00:00Z,Bitget USDT Futures,HYPEUSDT,80.075,2351768.600000001,188317870.6450001,1.2e-05,,OK,
2026-09-12T12:00:00Z,Bitget USDT Futures,LINKUSDT,11.547,4070006.0,46996359.282000005,0.0001,,OK,
2026-09-12T12:00:00Z,Bitget USDT Futures,MORPHOUSDT,2.2892,1033281.0,2365386.8652000003,5e-05,,OK,
2026-09-12T12:00:00Z,Bitget USDT Futures,NEARUSDT,2.3599,16575179.0,39115764.9221,9.8e-05,,OK,
2026-09-12T12:00:00Z,Bitget USDT Futures,ONDOUSDT,0.3517,54419469.900000006,19139327.563830003,-3.4e-05,,OK,
2026-09-12T12:00:00Z,Bitget USDT Futures,SEIUSDT,0.04501,142785560.0,6426778.055600001,0.0001,,OK,
2026-09-12T12:00:00Z,Bitget USDT Futures,SOLUSDT,102.15,4276929.599999965,436888358.63999647,4.4e-05,,OK,
2026-09-12T12:00:00Z,Bitget USDT Futures,SUIUSDT,0.7274,63815002.5,46419032.818500005,0.0001,,OK,
2026-09-12T12:00:00Z,Bitget USDT Futures,TAOUSDT,236.1,110759.632,26150349.115199998,5e-05,,OK,
2026-09-12T12:00:00Z,Bitget USDT Futures,UNIUSDT,6.459,3774646.0,24380438.514,0.0001,,OK,
2026-09-12T12:00:00Z,Bitget USDT Futures,XLMUSDT,0.18166,121939858.0,22151594.60428,0.0001,,OK,
2026-09-12T12:00:00Z,Bitget USDT Futures,XRPUSDT,1.3704,164711986.0,225721305.6144,5.4e-05,,OK,
2026-09-12T12:00:00Z,Bitget USDT Futures,ZECUSDT,1149.17,111771.176,128444082.32392001,4.5e-05,,OK,
2026-09-12T13:00:00Z,Bitget USDT Futures,AAVEUSDT,126.35,192764.0,24355731.4,0.0001,,OK,
2026-09-12T13:00:00Z,Bitget USDT Futures,AVAXUSDT,7.42,2950852.3000000003,21895324.066000003,9.8e-05,,OK,
2026-09-12T13:00:00Z,Bitget USDT Futures,BTCUSDT,77277.1,35407.905199999914,2736220230.9309134,7.3e-05,,OK,
2026-09-12T13:00:00Z,Bitget USDT Futures,CAKEUSDT,2.2301,772655.9999999998,1723100.1455999997,5e-05,,OK,
2026-09-12T13:00:00Z,Bitget USDT Futures,CCUSDT,0.09819,7167036.0,703731.26484,5e-05,,OK,
2026-09-12T13:00:00Z,Bitget USDT Futures,ENAUSDT,0.14123,215613826.0,30451140.64598,5e-05,,OK,
2026-09-12T13:00:00Z,Bitget USDT Futures,ETHUSDT,2539.4,753412.5000000003,1913215702.500001,8.3e-05,,OK,
2026-09-12T13:00:00Z,Bitget USDT Futures,HBARUSDT,0.07444,162855371.0,12122953.817240002,7.4e-05,,OK,
2026-09-12T13:00:00Z,Bitget USDT Futures,HYPEUSDT,80.167,2354726.020000001,188771320.84534007,4e-06,,OK,
2026-09-12T13:00:00Z,Bitget USDT Futures,LINKUSDT,11.535,4067810.0,46922188.35,0.0001,,OK,
2026-09-12T13:00:00Z,Bitget USDT Futures,MORPHOUSDT,2.2838,1039717.0,2374505.6846,3.5e-05,,OK,
2026-09-12T13:00:00Z,Bitget USDT Futures,NEARUSDT,2.3515,16544104.0,38903460.556,0.0001,,OK,
2026-09-12T13:00:00Z,Bitget USDT Futures,ONDOUSDT,0.3504,53753154.300000004,18835105.26672,-2.2e-05,,OK,
2026-09-12T13:00:00Z,Bitget USDT Futures,SEIUSDT,0.04487,142525390.0,6395114.2493,0.0001,,OK,
2026-09-12T13:00:00Z,Bitget USDT Futures,SOLUSDT,101.864,4283765.699999965,436361509.26479644,3.6e-05,,OK,
2026-09-12T13:00:00Z,Bitget USDT Futures,SUIUSDT,0.725,63572758.300000004,46090249.7675,0.0001,,OK,
2026-09-12T13:00:00Z,Bitget USDT Futures,TAOUSDT,234.51,110178.76,25838021.0076,5e-05,,OK,
2026-09-12T13:00:00Z,Bitget USDT Futures,UNIUSDT,6.345,3774085.0,23946569.325,0.0001,,OK,
2026-09-12T13:00:00Z,Bitget USDT Futures,XLMUSDT,0.18113,121573832.0,22020668.190160003,0.0001,,OK,
2026-09-12T13:00:00Z,Bitget USDT Futures,XRPUSDT,1.3675,164468150.0,224910195.125,4.4e-05,,OK,
2026-09-12T13:00:00Z,Bitget USDT Futures,ZECUSDT,1154.05,111312.27700000005,128459933.27185005,4.5e-05,,OK,
2026-09-12T14:00:00Z,Bitget USDT Futures,AAVEUSDT,125.62,192773.5,24216207.07,0.0001,,OK,
2026-09-12T14:00:00Z,Bitget USDT Futures,AVAXUSDT,7.415,2955684.7,21916402.0505,0.0001,,OK,
2026-09-12T14:00:00Z,Bitget USDT Futures,BTCUSDT,77335.1,35429.782199999914,2739965749.4152136,7.4e-05,,OK,
2026-09-12T14:00:00Z,Bitget USDT Futures,CAKEUSDT,2.2293,774054.9999999998,1725600.8114999994,5e-05,,OK,
2026-09-12T14:00:00Z,Bitget USDT Futures,CCUSDT,0.09804,7142532.0,700253.83728,5e-05,,OK,
2026-09-12T14:00:00Z,Bitget USDT Futures,ENAUSDT,0.14143,215859022.0,30528941.48146,5e-05,,OK,
2026-09-12T14:00:00Z,Bitget USDT Futures,ETHUSDT,2540.47,752678.4200000003,1912156945.6574006,8.3e-05,,OK,
2026-09-12T14:00:00Z,Bitget USDT Futures,HBARUSDT,0.07445,162841405.0,12123542.60225,9.7e-05,,OK,
2026-09-12T14:00:00Z,Bitget USDT Futures,HYPEUSDT,80.326,2352493.870000001,188966422.60162008,4e-06,,OK,
2026-09-12T14:00:00Z,Bitget USDT Futures,LINKUSDT,11.56,4071046.0,47061291.760000005,0.0001,,OK,
2026-09-12T14:00:00Z,Bitget USDT Futures,MORPHOUSDT,2.276,1038811.0,2364333.8359999997,3.1e-05,,OK,
2026-09-12T14:00:00Z,Bitget USDT Futures,NEARUSDT,2.3748,16506807.0,39200365.2636,8.2e-05,,OK,
2026-09-12T14:00:00Z,Bitget USDT Futures,ONDOUSDT,0.3493,53551446.0,18705520.0878,-2e-05,,OK,
2026-09-12T14:00:00Z,Bitget USDT Futures,SEIUSDT,0.04483,142980868.0,6409832.3124400005,0.0001,,OK,
2026-09-12T14:00:00Z,Bitget USDT Futures,SOLUSDT,101.888,4287302.199999965,436824646.55359644,2.9e-05,,OK,
2026-09-12T14:00:00Z,Bitget USDT Futures,SUIUSDT,0.7252,63337972.7,45932697.802039996,0.0001,,OK,
2026-09-12T14:00:00Z,Bitget USDT Futures,TAOUSDT,234.75,110129.44,25852886.04,5e-05,,OK,
2026-09-12T14:00:00Z,Bitget USDT Futures,UNIUSDT,6.384,3761114.0,24010951.776,0.0001,,OK,
2026-09-12T14:00:00Z,Bitget USDT Futures,XLMUSDT,0.18097,121703802.0,22024737.047939997,0.0001,,OK,
2026-09-12T14:00:00Z,Bitget USDT Futures,XRPUSDT,1.3678,164288780.0,224714193.28399998,5.6e-05,,OK,
2026-09-12T14:00:00Z,Bitget USDT Futures,ZECUSDT,1150.65,111267.79500000006,128030288.31675008,6.4e-05,,OK,
2026-09-12T15:00:00Z,Bitget USDT Futures,AAVEUSDT,125.92,193239.0,24332654.88,0.0001,,OK,
2026-09-12T15:00:00Z,Bitget USDT Futures,AVAXUSDT,7.435,2954250.9,21964855.441499997,0.0001,,OK,
2026-09-12T15:00:00Z,Bitget USDT Futures,BTCUSDT,77395.7,35380.64549999991,2738309824.924343,6.4e-05,,OK,
2026-09-12T15:00:00Z,Bitget USDT Futures,CAKEUSDT,2.2292,773673.7999999997,1724673.6349599995,5e-05,,OK,
2026-09-12T15:00:00Z,Bitget USDT Futures,CCUSDT,0.09788,7141036.0,698964.60368,5e-05,,OK,
2026-09-12T15:00:00Z,Bitget USDT Futures,ENAUSDT,0.14339,216273892.0,31011513.37388,5e-05,,OK,
2026-09-12T15:00:00Z,Bitget USDT Futures,ETHUSDT,2538.8,755266.0200000003,1917469371.5760007,8e-05,,OK,
2026-09-12T15:00:00Z,Bitget USDT Futures,HBARUSDT,0.07477,162899787.0,12180017.07399,0.0001,,OK,
2026-09-12T15:00:00Z,Bitget USDT Futures,HYPEUSDT,80.335,2353571.600000001,189074174.48600006,-7e-06,,OK,
2026-09-12T15:00:00Z,Bitget USDT Futures,LINKUSDT,11.593,4084768.0,47354715.424,0.0001,,OK,
2026-09-12T15:00:00Z,Bitget USDT Futures,MORPHOUSDT,2.283,1036543.0,2366427.6689999998,5e-05,,OK,
2026-09-12T15:00:00Z,Bitget USDT Futures,NEARUSDT,2.3953,16567200.0,39683414.160000004,4.3e-05,,OK,
2026-09-12T15:00:00Z,Bitget USDT Futures,ONDOUSDT,0.3512,53531952.300000004,18800421.647760004,-1.1e-05,,OK,
2026-09-12T15:00:00Z,Bitget USDT Futures,SEIUSDT,0.04499,142741088.0,6421921.549120001,0.0001,,OK,
2026-09-12T15:00:00Z,Bitget USDT Futures,SOLUSDT,101.963,4288441.199999965,437262330.0755964,2.2e-05,,OK,
2026-09-12T15:00:00Z,Bitget USDT Futures,SUIUSDT,0.7279,63545364.6,46254670.89234,0.0001,,OK,
2026-09-12T15:00:00Z,Bitget USDT Futures,TAOUSDT,235.37,110112.79400000001,25917248.323780004,5e-05,,OK,
2026-09-12T15:00:00Z,Bitget USDT Futures,UNIUSDT,6.459,3777505.0,24398904.794999998,0.0001,,OK,
2026-09-12T15:00:00Z,Bitget USDT Futures,XLMUSDT,0.1815,121665446.0,22082278.449,0.0001,,OK,
2026-09-12T15:00:00Z,Bitget USDT Futures,XRPUSDT,1.3704,164641120.0,225624190.84800002,5.8e-05,,OK,
2026-09-12T15:00:00Z,Bitget USDT Futures,ZECUSDT,1142.99,111027.02600000006,126902780.44774006,7.8e-05,,OK,
2026-09-12T16:00:00Z,Bitget USDT Futures,AAVEUSDT,126.11,193268.6,24373103.146,0.0001,,OK,
2026-09-12T16:00:00Z,Bitget USDT Futures,AVAXUSDT,7.411,2955049.9,21899874.8089,0.0001,,OK,
2026-09-12T16:00:00Z,Bitget USDT Futures,BTCUSDT,77345.8,35296.28459999991,2730019369.4146733,5.8e-05,,OK,
2026-09-12T16:00:00Z,Bitget USDT Futures,CAKEUSDT,2.222,768866.7999999998,1708422.0295999995,5e-05,,OK,
2026-09-12T16:00:00Z,Bitget USDT Futures,CCUSDT,0.09807,7137604.0,699984.8242800001,5e-05,,OK,
2026-09-12T16:00:00Z,Bitget USDT Futures,ENAUSDT,0.143,215801238.0,30859577.033999998,5e-05,,OK,
2026-09-12T16:00:00Z,Bitget USDT Futures,ETHUSDT,2534.1,757797.1700000003,1920333808.4970007,6.3e-05,,OK,
2026-09-12T16:00:00Z,Bitget USDT Futures,HBARUSDT,0.07481,162922463.0,12188229.45703,0.0001,,OK,
2026-09-12T16:00:00Z,Bitget USDT Futures,HYPEUSDT,80.179,2348033.340000001,188262965.16786006,-1.4e-05,,OK,
2026-09-12T16:00:00Z,Bitget USDT Futures,LINKUSDT,11.57,4087380.0,47290986.6,0.0001,,OK,
2026-09-12T16:00:00Z,Bitget USDT Futures,MORPHOUSDT,2.2774,1037549.0,2362914.0926,5e-05,,OK,
2026-09-12T16:00:00Z,Bitget USDT Futures,NEARUSDT,2.3925,16639330.0,39809597.025,1.7e-05,,OK,
2026-09-12T16:00:00Z,Bitget USDT Futures,ONDOUSDT,0.3518,54028149.5,19007102.9941,3e-06,,OK,
2026-09-12T16:00:00Z,Bitget USDT Futures,SEIUSDT,0.04486,142435506.0,6389656.79916,0.0001,,OK,
2026-09-12T16:00:00Z,Bitget USDT Futures,SOLUSDT,101.97,4298037.199999965,438270853.2839964,1.9e-05,,OK,
2026-09-12T16:00:00Z,Bitget USDT Futures,SUIUSDT,0.7277,63822484.7,46443622.11619,0.0001,,OK,
2026-09-12T16:00:00Z,Bitget USDT Futures,TAOUSDT,235.91,110824.137,26144522.15967,5e-05,,OK,
2026-09-12T16:00:00Z,Bitget USDT Futures,UNIUSDT,6.535,3750033.0,24506465.655,0.0001,,OK,
2026-09-12T16:00:00Z,Bitget USDT Futures,XLMUSDT,0.18179,121827764.0,22147069.21756,0.0001,,OK,
2026-09-12T16:00:00Z,Bitget USDT Futures,XRPUSDT,1.3702,164430048.0,225302051.7696,7.6e-05,,OK,
2026-09-12T16:00:00Z,Bitget USDT Futures,ZECUSDT,1142.05,110763.00000000004,126496884.15000005,9.9e-05,,OK,
2026-09-12T17:00:00Z,Bitget USDT Futures,AAVEUSDT,125.77,193364.80000000002,24319490.896,0.0001,,OK,
2026-09-12T17:00:00Z,Bitget USDT Futures,AVAXUSDT,7.411,2945254.9,21827284.063899998,9.1e-05,,OK,
2026-09-12T17:00:00Z,Bitget USDT Futures,BTCUSDT,77330.8,35297.84129999991,2729610306.002033,6e-05,,OK,
2026-09-12T17:00:00Z,Bitget USDT Futures,CAKEUSDT,2.2166,768572.3999999998,1703617.5818399996,5e-05,,OK,
2026-09-12T17:00:00Z,Bitget USDT Futures,CCUSDT,0.09735,7134506.0,694544.1591,5e-05,,OK,
2026-09-12T17:00:00Z,Bitget USDT Futures,ENAUSDT,0.14234,214782330.0,30572116.852199998,5e-05,,OK,
2026-09-12T17:00:00Z,Bitget USDT Futures,ETHUSDT,2531.6,758708.8900000002,1920747425.9240005,7.6e-05,,OK,
2026-09-12T17:00:00Z,Bitget USDT Futures,HBARUSDT,0.07471,162923071.0,12171982.63441,0.0001,,OK,
2026-09-12T17:00:00Z,Bitget USDT Futures,HYPEUSDT,80.294,2349745.1600000006,188670437.87704003,-1.5e-05,,OK,
2026-09-12T17:00:00Z,Bitget USDT Futures,LINKUSDT,11.522,4086622.0,47086058.684,0.0001,,OK,
2026-09-12T17:00:00Z,Bitget USDT Futures,MORPHOUSDT,2.2783,1038379.0,2365738.8757,5e-05,,OK,
2026-09-12T17:00:00Z,Bitget USDT Futures,NEARUSDT,2.3938,16585798.0,39703083.2524,1.1e-05,,OK,
2026-09-12T17:00:00Z,Bitget USDT Futures,ONDOUSDT,0.3505,53701981.1,18822544.375549998,5e-05,,OK,
2026-09-12T17:00:00Z,Bitget USDT Futures,SEIUSDT,0.04477,142118895.0,6362662.929149999,0.0001,,OK,
2026-09-12T17:00:00Z,Bitget USDT Futures,SOLUSDT,102.057,4293856.799999964,438218143.4375964,3.2e-05,,OK,
2026-09-12T17:00:00Z,Bitget USDT Futures,SUIUSDT,0.7258,63893584.1,46373963.33978,0.0001,,OK,
2026-09-12T17:00:00Z,Bitget USDT Futures,TAOUSDT,235.04,110806.394,26043934.84576,5e-05,,OK,
2026-09-12T17:00:00Z,Bitget USDT Futures,UNIUSDT,6.352,3748395.0,23809805.040000003,0.0001,,OK,
2026-09-12T17:00:00Z,Bitget USDT Futures,XLMUSDT,0.18143,121591054.0,22060264.92722,0.0001,,OK,
2026-09-12T17:00:00Z,Bitget USDT Futures,XRPUSDT,1.368,164811857.0,225462620.37600002,8.9e-05,,OK,
2026-09-12T17:00:00Z,Bitget USDT Futures,ZECUSDT,1139.01,110955.58800000003,126379524.28788003,0.0001,,OK,
2026-09-12T18:00:00Z,Bitget USDT Futures,AAVEUSDT,126.27,192920.0,24360008.4,9.9e-05,,OK,
2026-09-12T18:00:00Z,Bitget USDT Futures,AVAXUSDT,7.38,2943705.9,21724549.542,6.4e-05,,OK,
2026-09-12T18:00:00Z,Bitget USDT Futures,BTCUSDT,77103.7,35171.72009999992,2711869755.0743637,7.3e-05,,OK,
2026-09-12T18:00:00Z,Bitget USDT Futures,CAKEUSDT,2.2144,763387.7999999997,1690445.9443199993,5e-05,,OK,
2026-09-12T18:00:00Z,Bitget USDT Futures,CCUSDT,0.09739,7132730.0,694656.5747,5e-05,,OK,
2026-09-12T18:00:00Z,Bitget USDT Futures,ENAUSDT,0.1421,214568474.0,30490180.1554,5e-05,,OK,
2026-09-12T18:00:00Z,Bitget USDT Futures,ETHUSDT,2521.84,756607.2500000002,1908042427.3400006,8.2e-05,,OK,
2026-09-12T18:00:00Z,Bitget USDT Futures,HBARUSDT,0.07447,162737043.0,12119027.592209999,0.0001,,OK,
2026-09-12T18:00:00Z,Bitget USDT Futures,HYPEUSDT,80.145,2347725.460000001,188158456.99170005,-3e-05,,OK,
2026-09-12T18:00:00Z,Bitget USDT Futures,LINKUSDT,11.489,4094573.0,47042549.197000004,0.0001,,OK,
2026-09-12T18:00:00Z,Bitget USDT Futures,MORPHOUSDT,2.2281,1034949.0,2305969.8669,5e-05,,OK,
2026-09-12T18:00:00Z,Bitget USDT Futures,NEARUSDT,2.3639,16610950.0,39266624.705,6.4e-05,,OK,
2026-09-12T18:00:00Z,Bitget USDT Futures,ONDOUSDT,0.3493,53542807.5,18702502.65975,5e-05,,OK,
2026-09-12T18:00:00Z,Bitget USDT Futures,SEIUSDT,0.04466,141938334.0,6338965.99644,0.0001,,OK,
2026-09-12T18:00:00Z,Bitget USDT Futures,SOLUSDT,101.637,4292552.799999965,436282188.9335965,3.9e-05,,OK,
2026-09-12T18:00:00Z,Bitget USDT Futures,SUIUSDT,0.7219,63885916.7,46119243.26573,0.0001,,OK,
2026-09-12T18:00:00Z,Bitget USDT Futures,TAOUSDT,233.36,110894.91600000001,25878437.597760003,5e-05,,OK,
2026-09-12T18:00:00Z,Bitget USDT Futures,UNIUSDT,6.291,3731649.0,23475803.859,0.0001,,OK,
2026-09-12T18:00:00Z,Bitget USDT Futures,XLMUSDT,0.18055,121386846.0,21916395.0453,0.0001,,OK,
2026-09-12T18:00:00Z,Bitget USDT Futures,XRPUSDT,1.3633,164323036.0,224021594.9788,0.0001,,OK,
2026-09-12T18:00:00Z,Bitget USDT Futures,ZECUSDT,1132.38,110879.50500000003,125557733.87190005,0.0001,,OK,
2026-09-12T19:00:00Z,Bitget USDT Futures,AAVEUSDT,126.34,192503.0,24320829.02,8.7e-05,,OK,
2026-09-12T19:00:00Z,Bitget USDT Futures,AVAXUSDT,7.382,2944921.3,21739409.036599997,3.2e-05,,OK,
2026-09-12T19:00:00Z,Bitget USDT Futures,BTCUSDT,77149.1,35385.693499999914,2729974406.4008436,8.9e-05,,OK,
2026-09-12T19:00:00Z,Bitget USDT Futures,CAKEUSDT,2.2097,784151.7999999998,1732740.2324599999,5e-05,,OK,
2026-09-12T19:00:00Z,Bitget USDT Futures,CCUSDT,0.09686,7096680.0,687384.4248,5e-05,,OK,
2026-09-12T19:00:00Z,Bitget USDT Futures,ENAUSDT,0.14148,214688618.0,30374145.67464,5e-05,,OK,
2026-09-12T19:00:00Z,Bitget USDT Futures,ETHUSDT,2521.97,758426.3400000003,1912728476.6898007,0.0001,,OK,
2026-09-12T19:00:00Z,Bitget USDT Futures,HBARUSDT,0.07468,162829189.0,12160083.83452,0.0001,,OK,
2026-09-12T19:00:00Z,Bitget USDT Futures,HYPEUSDT,80.012,2343842.2800000007,187535508.50736007,-3.5e-05,,OK,
2026-09-12T19:00:00Z,Bitget USDT Futures,LINKUSDT,11.514,4111792.0,47343173.088,0.0001,,OK,
2026-09-12T19:00:00Z,Bitget USDT Futures,MORPHOUSDT,2.2266,1033205.0,2300534.253,5e-05,,OK,
2026-09-12T19:00:00Z,Bitget USDT Futures,NEARUSDT,2.3495,16518836.0,38811005.182,9.4e-05,,OK,
2026-09-12T19:00:00Z,Bitget USDT Futures,ONDOUSDT,0.3486,53902848.6,18790533.02196,5e-05,,OK,
2026-09-12T19:00:00Z,Bitget USDT Futures,SEIUSDT,0.04466,142293990.0,6354849.5934,0.0001,,OK,
2026-09-12T19:00:00Z,Bitget USDT Futures,SOLUSDT,101.642,4289139.799999965,435956747.55159646,4.9e-05,,OK,
2026-09-12T19:00:00Z,Bitget USDT Futures,SUIUSDT,0.722,63487811.300000004,45838199.758600004,0.0001,,OK,
2026-09-12T19:00:00Z,Bitget USDT Futures,TAOUSDT,232.59,110493.1,25699590.129,5e-05,,OK,
2026-09-12T19:00:00Z,Bitget USDT Futures,UNIUSDT,6.311,3690424.0,23290265.864,0.0001,,OK,
2026-09-12T19:00:00Z,Bitget USDT Futures,XLMUSDT,0.18032,121221360.0,21858635.6352,0.0001,,OK,
2026-09-12T19:00:00Z,Bitget USDT Futures,XRPUSDT,1.364,164558479.0,224457765.356,0.0001,,OK,
2026-09-12T19:00:00Z,Bitget USDT Futures,ZECUSDT,1127.4,113129.35200000004,127542031.44480006,0.0001,,OK,
2026-09-12T20:00:00Z,Bitget USDT Futures,AAVEUSDT,126.3,192368.4,24296128.919999998,8.4e-05,,OK,
2026-09-12T20:00:00Z,Bitget USDT Futures,AVAXUSDT,7.389,2942161.5,21739631.3235,8e-06,,OK,
2026-09-12T20:00:00Z,Bitget USDT Futures,BTCUSDT,77150.4,35435.10829999992,2733832779.388314,9.9e-05,,OK,
2026-09-12T20:00:00Z,Bitget USDT Futures,CAKEUSDT,2.2128,783817.9999999998,1734432.4703999995,5e-05,,OK,
2026-09-12T20:00:00Z,Bitget USDT Futures,CCUSDT,0.09702,7075396.0,686454.91992,2.9e-05,,OK,
2026-09-12T20:00:00Z,Bitget USDT Futures,ENAUSDT,0.14109,215279632.0,30373803.27888,5e-05,,OK,
2026-09-12T20:00:00Z,Bitget USDT Futures,ETHUSDT,2521.5,752846.4300000003,1898302273.2450006,9.4e-05,,OK,
2026-09-12T20:00:00Z,Bitget USDT Futures,HBARUSDT,0.07452,163568067.0,12189092.35284,0.0001,,OK,
2026-09-12T20:00:00Z,Bitget USDT Futures,HYPEUSDT,79.893,2334081.880000001,186476803.63884008,-1.6e-05,,OK,
2026-09-12T20:00:00Z,Bitget USDT Futures,LINKUSDT,11.512,4106420.0,47273107.04,0.0001,,OK,
2026-09-12T20:00:00Z,Bitget USDT Futures,MORPHOUSDT,2.2408,1030957.0,2310168.4456,5e-05,,OK,
2026-09-12T20:00:00Z,Bitget USDT Futures,NEARUSDT,2.3465,16422986.0,38536536.649,8.4e-05,,OK,
2026-09-12T20:00:00Z,Bitget USDT Futures,ONDOUSDT,0.3483,53656507.300000004,18688561.492590003,5e-05,,OK,
2026-09-12T20:00:00Z,Bitget USDT Futures,SEIUSDT,0.04457,142047064.0,6331037.64248,0.0001,,OK,
2026-09-12T20:00:00Z,Bitget USDT Futures,SOLUSDT,101.373,4287016.399999965,434587713.5171965,5.2e-05,,OK,
2026-09-12T20:00:00Z,Bitget USDT Futures,SUIUSDT,0.7228,63692711.300000004,46037091.72764,0.0001,,OK,
2026-09-12T20:00:00Z,Bitget USDT Futures,TAOUSDT,232.38,111167.416,25833084.13008,5e-05,,OK,
2026-09-12T20:00:00Z,Bitget USDT Futures,UNIUSDT,6.342,3705067.0,23497534.913999997,0.0001,,OK,
2026-09-12T20:00:00Z,Bitget USDT Futures,XLMUSDT,0.18005,122618626.0,22077483.6113,0.0001,,OK,
2026-09-12T20:00:00Z,Bitget USDT Futures,XRPUSDT,1.365,164251697.0,224203566.405,0.0001,,OK,
2026-09-12T20:00:00Z,Bitget USDT Futures,ZECUSDT,1123.81,112522.94400000003,126454409.69664003,0.0001,,OK,
2026-09-12T21:00:00Z,Bitget USDT Futures,AAVEUSDT,125.89,192240.0,24201093.6,7.1e-05,,OK,
2026-09-12T21:00:00Z,Bitget USDT Futures,AVAXUSDT,7.391,2943756.0,21757300.596,7e-06,,OK,
2026-09-12T21:00:00Z,Bitget USDT Futures,BTCUSDT,77137.7,35453.85169999992,2734828576.2790837,0.0001,,OK,
2026-09-12T21:00:00Z,Bitget USDT Futures,CAKEUSDT,2.207,783929.5999999997,1730132.6271999993,5e-05,,OK,
2026-09-12T21:00:00Z,Bitget USDT Futures,CCUSDT,0.0966,7069910.0,682953.306,8e-06,,OK,
2026-09-12T21:00:00Z,Bitget USDT Futures,ENAUSDT,0.14154,214726908.0,30392446.55832,5e-05,,OK,
2026-09-12T21:00:00Z,Bitget USDT Futures,ETHUSDT,2523.86,752683.9800000003,1899668989.762801,8.6e-05,,OK,
2026-09-12T21:00:00Z,Bitget USDT Futures,HBARUSDT,0.07459,163351815.0,12184411.88085,0.0001,,OK,
2026-09-12T21:00:00Z,Bitget USDT Futures,HYPEUSDT,79.641,2334456.730000001,185918468.4339301,1.4e-05,,OK,
2026-09-12T21:00:00Z,Bitget USDT Futures,LINKUSDT,11.509,4123084.0,47452573.756000005,0.0001,,OK,
2026-09-12T21:00:00Z,Bitget USDT Futures,MORPHOUSDT,2.231,1026747.0,2290672.557,5e-05,,OK,
2026-09-12T21:00:00Z,Bitget USDT Futures,NEARUSDT,2.3555,16395617.0,38619875.8435,4.8e-05,,OK,
2026-09-12T21:00:00Z,Bitget USDT Futures,ONDOUSDT,0.3482,53465903.5,18616827.5987,5e-05,,OK,
2026-09-12T21:00:00Z,Bitget USDT Futures,SEIUSDT,0.0446,141971700.0,6331937.82,0.0001,,OK,
2026-09-12T21:00:00Z,Bitget USDT Futures,SOLUSDT,101.42,4291324.199999965,435226100.36399645,4.9e-05,,OK,
2026-09-12T21:00:00Z,Bitget USDT Futures,SUIUSDT,0.723,63492372.300000004,45904985.1729,0.0001,,OK,
2026-09-12T21:00:00Z,Bitget USDT Futures,TAOUSDT,232.28,111335.461,25861000.881079998,5e-05,,OK,
2026-09-12T21:00:00Z,Bitget USDT Futures,UNIUSDT,6.343,3715581.0,23567930.283,0.0001,,OK,
2026-09-12T21:00:00Z,Bitget USDT Futures,XLMUSDT,0.18002,122765970.0,22100329.919400003,0.0001,,OK,
2026-09-12T21:00:00Z,Bitget USDT Futures,XRPUSDT,1.3646,164157481.0,224009298.5726,0.0001,,OK,
2026-09-12T21:00:00Z,Bitget USDT Futures,ZECUSDT,1121.6,110705.80600000004,124167632.00960003,0.0001,,OK,
2026-09-12T22:00:00Z,Bitget USDT Futures,AAVEUSDT,125.42,192380.0,24128299.6,5.8e-05,,OK,
2026-09-12T22:00:00Z,Bitget USDT Futures,AVAXUSDT,7.392,2945789.1,21775273.027200002,4.1e-05,,OK,
2026-09-12T22:00:00Z,Bitget USDT Futures,BTCUSDT,77224.6,35494.153099999916,2741021775.4862537,0.0001,,OK,
2026-09-12T22:00:00Z,Bitget USDT Futures,CAKEUSDT,2.2126,783578.7999999998,1733746.4528799998,5e-05,,OK,
2026-09-12T22:00:00Z,Bitget USDT Futures,CCUSDT,0.09694,7068142.0,685185.68548,1.2e-05,,OK,
2026-09-12T22:00:00Z,Bitget USDT Futures,ENAUSDT,0.14172,214863972.0,30450522.111840002,5e-05,,OK,
2026-09-12T22:00:00Z,Bitget USDT Futures,ETHUSDT,2522.31,754970.4100000003,1904269414.8471007,0.0001,,OK,
2026-09-12T22:00:00Z,Bitget USDT Futures,HBARUSDT,0.07453,163350437.0,12174508.06961,0.0001,,OK,
2026-09-12T22:00:00Z,Bitget USDT Futures,HYPEUSDT,79.626,2331967.560000001,185685248.9325601,2.4e-05,,OK,
2026-09-12T22:00:00Z,Bitget USDT Futures,LINKUSDT,11.506,4125652.0,47469751.912,0.0001,,OK,
2026-09-12T22:00:00Z,Bitget USDT Futures,MORPHOUSDT,2.2146,1025991.0,2272159.6686,5e-05,,OK,
2026-09-12T22:00:00Z,Bitget USDT Futures,NEARUSDT,2.3475,16323484.0,38319378.690000005,2.7e-05,,OK,
2026-09-12T22:00:00Z,Bitget USDT Futures,ONDOUSDT,0.3481,53533140.7,18634886.277670003,5e-05,,OK,
2026-09-12T22:00:00Z,Bitget USDT Futures,SEIUSDT,0.04454,141977178.0,6323663.50812,6.5e-05,,OK,
2026-09-12T22:00:00Z,Bitget USDT Futures,SOLUSDT,101.588,4290898.799999964,435903827.29439634,4.7e-05,,OK,
2026-09-12T22:00:00Z,Bitget USDT Futures,SUIUSDT,0.7226,63657269.1,45998742.65166,0.0001,,OK,
2026-09-12T22:00:00Z,Bitget USDT Futures,TAOUSDT,232.65,111453.762,25929717.7293,5e-05,,OK,
2026-09-12T22:00:00Z,Bitget USDT Futures,UNIUSDT,6.346,3712756.0,23561149.576,0.0001,,OK,
2026-09-12T22:00:00Z,Bitget USDT Futures,XLMUSDT,0.17997,122709914.0,22084103.22258,0.0001,,OK,
2026-09-12T22:00:00Z,Bitget USDT Futures,XRPUSDT,1.3634,164638642.0,224468324.5028,0.0001,,OK,
2026-09-12T22:00:00Z,Bitget USDT Futures,ZECUSDT,1123.01,111030.26600000005,124688099.02066006,0.0001,,OK,
2026-09-12T23:00:00Z,Bitget USDT Futures,AAVEUSDT,125.26,192295.00000000003,24086871.700000003,8.5e-05,,OK,
2026-09-12T23:00:00Z,Bitget USDT Futures,AVAXUSDT,7.396,2957143.1,21871030.3676,6.4e-05,,OK,
2026-09-12T23:00:00Z,Bitget USDT Futures,BTCUSDT,77250.0,35481.44849999992,2740941896.624994,9.9e-05,,OK,
2026-09-12T23:00:00Z,Bitget USDT Futures,CAKEUSDT,2.2181,785350.1999999997,1741985.2786199995,5e-05,,OK,
2026-09-12T23:00:00Z,Bitget USDT Futures,CCUSDT,0.0973,6935418.0,674816.1714,9e-06,,OK,
2026-09-12T23:00:00Z,Bitget USDT Futures,ENAUSDT,0.14233,214374952.0,30511986.918160003,5e-05,,OK,
2026-09-12T23:00:00Z,Bitget USDT Futures,ETHUSDT,2523.88,753986.3100000003,1902970968.0828009,0.0001,,OK,
2026-09-12T23:00:00Z,Bitget USDT Futures,HBARUSDT,0.07452,163214095.0,12162714.3594,0.0001,,OK,
2026-09-12T23:00:00Z,Bitget USDT Futures,HYPEUSDT,79.749,2333630.620000001,186104708.31438008,3.5e-05,,OK,
2026-09-12T23:00:00Z,Bitget USDT Futures,LINKUSDT,11.483,4116501.0,47269780.983,0.0001,,OK,
2026-09-12T23:00:00Z,Bitget USDT Futures,MORPHOUSDT,2.2006,1033631.0,2274608.3786,5e-05,,OK,
2026-09-12T23:00:00Z,Bitget USDT Futures,NEARUSDT,2.3649,16348272.0,38662028.4528,6e-06,,OK,
2026-09-12T23:00:00Z,Bitget USDT Futures,ONDOUSDT,0.3483,53663773.7,18691092.37971,5e-05,,OK,
2026-09-12T23:00:00Z,Bitget USDT Futures,SEIUSDT,0.04443,141434582.0,6283938.478259999,5.7e-05,,OK,
2026-09-12T23:00:00Z,Bitget USDT Futures,SOLUSDT,101.721,4282674.999999965,435637983.67499644,2.9e-05,,OK,
2026-09-12T23:00:00Z,Bitget USDT Futures,SUIUSDT,0.7234,63980637.50000001,46283593.16750001,0.0001,,OK,
2026-09-12T23:00:00Z,Bitget USDT Futures,TAOUSDT,232.73,111386.524,25922985.73052,5e-05,,OK,
2026-09-12T23:00:00Z,Bitget USDT Futures,UNIUSDT,6.335,3705021.0,23471308.035,0.0001,,OK,
2026-09-12T23:00:00Z,Bitget USDT Futures,XLMUSDT,0.17992,122857761.0,22104568.35912,0.0001,,OK,
2026-09-12T23:00:00Z,Bitget USDT Futures,XRPUSDT,1.3643,164064416.0,223833082.7488,9.8e-05,,OK,
2026-09-12T23:00:00Z,Bitget USDT Futures,ZECUSDT,1124.37,111271.68400000007,125110543.33908007,0.0001,,OK,
2026-09-13T00:00:00Z,Bitget USDT Futures,AAVEUSDT,125.85,192889.2,24275105.82,7.8e-05,,OK,
2026-09-13T00:00:00Z,Bitget USDT Futures,AVAXUSDT,7.39,2957999.1,21859613.349,7.6e-05,,OK,
2026-09-13T00:00:00Z,Bitget USDT Futures,BTCUSDT,77235.6,35466.050599999915,2739241697.7213535,8.1e-05,,OK,
2026-09-13T00:00:00Z,Bitget USDT Futures,CAKEUSDT,2.2216,784786.7999999998,1743482.3548799995,5e-05,,OK,
2026-09-13T00:00:00Z,Bitget USDT Futures,CCUSDT,0.09786,6878840.0,673163.2824,-1.5e-05,,OK,
2026-09-13T00:00:00Z,Bitget USDT Futures,ENAUSDT,0.14207,214121330.0,30420217.3531,5e-05,,OK,
2026-09-13T00:00:00Z,Bitget USDT Futures,ETHUSDT,2524.05,753085.2100000003,1900824724.3005009,0.0001,,OK,
2026-09-13T00:00:00Z,Bitget USDT Futures,HBARUSDT,0.07469,163187461.0,12188471.46209,0.0001,,OK,
2026-09-13T00:00:00Z,Bitget USDT Futures,HYPEUSDT,79.441,2338198.8200000008,185748852.45962006,4.7e-05,,OK,
2026-09-13T00:00:00Z,Bitget USDT Futures,LINKUSDT,11.489,4113604.0,47261196.356000006,0.0001,,OK,
2026-09-13T00:00:00Z,Bitget USDT Futures,MORPHOUSDT,2.2189,1035171.0,2296940.9319,5e-05,,OK,
2026-09-13T00:00:00Z,Bitget USDT Futures,NEARUSDT,2.3766,16402484.0,38982143.4744,-1e-05,,OK,
2026-09-13T00:00:00Z,Bitget USDT Futures,ONDOUSDT,0.3491,53544829.7,18692500.048270002,5e-05,,OK,
2026-09-13T00:00:00Z,Bitget USDT Futures,SEIUSDT,0.04451,141591960.0,6302258.1396,8.2e-05,,OK,
2026-09-13T00:00:00Z,Bitget USDT Futures,SOLUSDT,101.563,4285700.799999964,435268630.3503964,5e-06,,OK,
2026-09-13T00:00:00Z,Bitget USDT Futures,SUIUSDT,0.7271,64040416.6,46563786.90986,0.0001,,OK,
2026-09-13T00:00:00Z,Bitget USDT Futures,TAOUSDT,232.83,111444.66799999999,25947662.05044,5e-05,,OK,
2026-09-13T00:00:00Z,Bitget USDT Futures,UNIUSDT,6.456,3700785.0,23892267.96,0.0001,,OK,
2026-09-13T00:00:00Z,Bitget USDT Futures,XLMUSDT,0.17993,122792616.0,22094075.39688,0.0001,,OK,
2026-09-13T00:00:00Z,Bitget USDT Futures,XRPUSDT,1.3662,163635848.0,223559295.5376,8.7e-05,,OK,
2026-09-13T00:00:00Z,Bitget USDT Futures,ZECUSDT,1120.92,111314.41400000006,124774552.94088008,0.0001,,OK,
2026-09-13T01:00:00Z,Bitget USDT Futures,AAVEUSDT,125.85,193032.6,24293152.71,0.0001,,OK,
2026-09-13T01:00:00Z,Bitget USDT Futures,AVAXUSDT,7.382,2958586.3,21840284.0666,6.4e-05,,OK,
2026-09-13T01:00:00Z,Bitget USDT Futures,BTCUSDT,77252.5,35354.47159999992,2731221317.2789936,7.5e-05,,OK,
2026-09-13T01:00:00Z,Bitget USDT Futures,CAKEUSDT,2.2269,784452.9999999998,1746898.3856999995,5e-05,,OK,
2026-09-13T01:00:00Z,Bitget USDT Futures,CCUSDT,0.09814,6871030.0,674322.8842000001,-8e-06,,OK,
2026-09-13T01:00:00Z,Bitget USDT Futures,ENAUSDT,0.14134,212679234.0,30060082.93356,5e-05,,OK,
2026-09-13T01:00:00Z,Bitget USDT Futures,ETHUSDT,2523.5,752914.7400000003,1899980346.3900008,0.0001,,OK,
2026-09-13T01:00:00Z,Bitget USDT Futures,HBARUSDT,0.07475,163080415.0,12190261.02125,0.0001,,OK,
2026-09-13T01:00:00Z,Bitget USDT Futures,HYPEUSDT,79.37,2341032.4100000006,185807742.38170007,5e-05,,OK,
2026-09-13T01:00:00Z,Bitget USDT Futures,LINKUSDT,11.492,4111341.0,47247530.77200001,0.0001,,OK,
2026-09-13T01:00:00Z,Bitget USDT Futures,MORPHOUSDT,2.2087,1035383.0,2286850.4321,5e-05,,OK,
2026-09-13T01:00:00Z,Bitget USDT Futures,NEARUSDT,2.3629,16425952.0,38812881.980799995,-1e-06,,OK,
2026-09-13T01:00:00Z,Bitget USDT Futures,ONDOUSDT,0.3492,53417892.1,18653527.921320003,5e-05,,OK,
2026-09-13T01:00:00Z,Bitget USDT Futures,SEIUSDT,0.04434,141392744.0,6269354.26896,0.0001,,OK,
2026-09-13T01:00:00Z,Bitget USDT Futures,SOLUSDT,101.854,4270067.999999965,434923506.0719964,4e-06,,OK,
2026-09-13T01:00:00Z,Bitget USDT Futures,SUIUSDT,0.7268,63890255.300000004,46435437.55204,0.0001,,OK,
2026-09-13T01:00:00Z,Bitget USDT Futures,TAOUSDT,232.68,111726.882,25996610.90376,5e-05,,OK,
2026-09-13T01:00:00Z,Bitget USDT Futures,UNIUSDT,6.388,3680724.0,23512464.912,0.0001,,OK,
2026-09-13T01:00:00Z,Bitget USDT Futures,XLMUSDT,0.17999,123034860.0,22145044.4514,0.0001,,OK,
2026-09-13T01:00:00Z,Bitget USDT Futures,XRPUSDT,1.3654,164205424.0,224206085.9296,6.7e-05,,OK,
2026-09-13T01:00:00Z,Bitget USDT Futures,ZECUSDT,1127.2,111348.15000000007,125511634.68000008,0.0001,,OK,
2026-09-13T02:00:00Z,Bitget USDT Futures,AAVEUSDT,126.49,192746.2,24380466.838,0.0001,,OK,
2026-09-13T02:00:00Z,Bitget USDT Futures,AVAXUSDT,7.397,2960502.3000000003,21898835.513100002,5.5e-05,,OK,
2026-09-13T02:00:00Z,Bitget USDT Futures,BTCUSDT,77256.0,35396.23759999991,2734571732.0255933,7.4e-05,,OK,
2026-09-13T02:00:00Z,Bitget USDT Futures,CAKEUSDT,2.2248,774875.9999999998,1723944.1247999996,5e-05,,OK,
2026-09-13T02:00:00Z,Bitget USDT Futures,CCUSDT,0.09775,6879026.0,672424.7915,3.9e-05,,OK,
2026-09-13T02:00:00Z,Bitget USDT Futures,ENAUSDT,0.14085,212674500.0,29955203.325,5e-05,,OK,
2026-09-13T02:00:00Z,Bitget USDT Futures,ETHUSDT,2522.35,754749.8300000003,1903743233.7005007,0.0001,,OK,
2026-09-13T02:00:00Z,Bitget USDT Futures,HBARUSDT,0.07489,163049623.0,12210786.26647,8.4e-05,,OK,
2026-09-13T02:00:00Z,Bitget USDT Futures,HYPEUSDT,79.304,2343073.440000001,185815096.0857601,5e-05,,OK,
2026-09-13T02:00:00Z,Bitget USDT Futures,LINKUSDT,11.499,4112388.0,47288349.612,0.0001,,OK,
2026-09-13T02:00:00Z,Bitget USDT Futures,MORPHOUSDT,2.2014,1030679.0,2268936.7506,5e-05,,OK,
2026-09-13T02:00:00Z,Bitget USDT Futures,NEARUSDT,2.3649,16400130.0,38784667.437,2.7e-05,,OK,
2026-09-13T02:00:00Z,Bitget USDT Futures,ONDOUSDT,0.3479,53711891.900000006,18686367.19201,5e-05,,OK,
2026-09-13T02:00:00Z,Bitget USDT Futures,SEIUSDT,0.04436,141298162.0,6267986.46632,7e-05,,OK,
2026-09-13T02:00:00Z,Bitget USDT Futures,SOLUSDT,102.062,4266936.199999965,435492042.4443964,6e-06,,OK,
2026-09-13T02:00:00Z,Bitget USDT Futures,SUIUSDT,0.7268,63937185.50000001,46469546.4214,0.0001,,OK,
2026-09-13T02:00:00Z,Bitget USDT Futures,TAOUSDT,233.14,111846.674,26075933.57636,5e-05,,OK,
2026-09-13T02:00:00Z,Bitget USDT Futures,UNIUSDT,6.368,3707983.0,23612435.744000003,0.0001,,OK,
2026-09-13T02:00:00Z,Bitget USDT Futures,XLMUSDT,0.17998,122915170.0,22122272.2966,0.0001,,OK,
2026-09-13T02:00:00Z,Bitget USDT Futures,XRPUSDT,1.3658,163508298.0,223319633.40839997,5.9e-05,,OK,
2026-09-13T02:00:00Z,Bitget USDT Futures,ZECUSDT,1129.1,111498.64400000007,125893118.94040008,0.0001,,OK,
2026-09-13T03:00:00Z,Bitget USDT Futures,AAVEUSDT,127.16,193389.90000000002,24591459.684000004,0.0001,,OK,
2026-09-13T03:00:00Z,Bitget USDT Futures,AVAXUSDT,7.41,2967490.9,21989107.569,8e-05,,OK,
2026-09-13T03:00:00Z,Bitget USDT Futures,BTCUSDT,77251.0,35362.48249999992,2731787135.607494,7.4e-05,,OK,
2026-09-13T03:00:00Z,Bitget USDT Futures,CAKEUSDT,2.2203,773945.5999999997,1718391.4156799994,5e-05,,OK,
2026-09-13T03:00:00Z,Bitget USDT Futures,CCUSDT,0.09732,6934070.0,674823.6924,3.2e-05,,OK,
2026-09-13T03:00:00Z,Bitget USDT Futures,ENAUSDT,0.1405,212097159.0,29799650.839500003,5e-05,,OK,
2026-09-13T03:00:00Z,Bitget USDT Futures,ETHUSDT,2519.73,759346.8100000003,1913348937.5613008,0.0001,,OK,
2026-09-13T03:00:00Z,Bitget USDT Futures,HBARUSDT,0.07489,163111789.0,12215441.878209999,0.0001,,OK,
2026-09-13T03:00:00Z,Bitget USDT Futures,HYPEUSDT,79.315,2345705.630000001,186049642.04345006,5e-05,,OK,
2026-09-13T03:00:00Z,Bitget USDT Futures,LINKUSDT,11.496,4117746.0,47337608.016,0.0001,,OK,
2026-09-13T03:00:00Z,Bitget USDT Futures,MORPHOUSDT,2.2155,1030231.0,2282476.7805,5e-05,,OK,
2026-09-13T03:00:00Z,Bitget USDT Futures,NEARUSDT,2.3499,16396007.0,38528976.8493,3.6e-05,,OK,
2026-09-13T03:00:00Z,Bitget USDT Futures,ONDOUSDT,0.3472,54239858.7,18832078.940640002,5e-05,,OK,
2026-09-13T03:00:00Z,Bitget USDT Futures,SEIUSDT,0.04439,142826181.0,6340054.17459,8.7e-05,,OK,
2026-09-13T03:00:00Z,Bitget USDT Futures,SOLUSDT,101.855,4261822.199999965,434087900.1809964,1.6e-05,,OK,
2026-09-13T03:00:00Z,Bitget USDT Futures,SUIUSDT,0.724,63775723.2,46173623.5968,9.6e-05,,OK,
2026-09-13T03:00:00Z,Bitget USDT Futures,TAOUSDT,234.5,112150.462,26299283.339,5e-05,,OK,
2026-09-13T03:00:00Z,Bitget USDT Futures,UNIUSDT,6.362,3708731.0,23594946.622,0.0001,,OK,
2026-09-13T03:00:00Z,Bitget USDT Futures,XLMUSDT,0.17978,122859052.0,22087600.36856,0.0001,,OK,
2026-09-13T03:00:00Z,Bitget USDT Futures,XRPUSDT,1.3657,163621694.0,223458147.4958,5.3e-05,,OK,
2026-09-13T03:00:00Z,Bitget USDT Futures,ZECUSDT,1127.46,111430.66000000006,125633611.92360008,0.0001,,OK,
2026-09-13T04:00:00Z,Bitget USDT Futures,AAVEUSDT,127.19,193053.90000000002,24554525.541,0.0001,,OK,
2026-09-13T04:00:00Z,Bitget USDT Futures,AVAXUSDT,7.396,2966996.5,21943906.114,9.8e-05,,OK,
2026-09-13T04:00:00Z,Bitget USDT Futures,BTCUSDT,77217.8,35343.949199999915,2729182000.5357537,8.3e-05,,OK,
2026-09-13T04:00:00Z,Bitget USDT Futures,CAKEUSDT,2.2097,772858.3999999998,1707785.2064799997,5e-05,,OK,
2026-09-13T04:00:00Z,Bitget USDT Futures,CCUSDT,0.09768,6861118.0,670194.00624,5e-05,,OK,
2026-09-13T04:00:00Z,Bitget USDT Futures,ENAUSDT,0.14127,213417070.0,30149429.4789,5e-05,,OK,
2026-09-13T04:00:00Z,Bitget USDT Futures,ETHUSDT,2522.44,758073.8500000003,1912195802.194001,0.0001,,OK,
2026-09-13T04:00:00Z,Bitget USDT Futures,HBARUSDT,0.07503,162964621.0,12227235.513629999,0.0001,,OK,
2026-09-13T04:00:00Z,Bitget USDT Futures,HYPEUSDT,79.145,2348782.980000001,185894428.95210007,5e-05,,OK,
2026-09-13T04:00:00Z,Bitget USDT Futures,LINKUSDT,11.489,4117888.0,47310415.232,0.0001,,OK,
2026-09-13T04:00:00Z,Bitget USDT Futures,MORPHOUSDT,2.2162,1028467.0,2279288.5654,5e-05,,OK,
2026-09-13T04:00:00Z,Bitget USDT Futures,NEARUSDT,2.3533,16441349.0,38691426.6017,7.2e-05,,OK,
2026-09-13T04:00:00Z,Bitget USDT Futures,ONDOUSDT,0.3474,53746750.7,18671621.19318,5e-05,,OK,
2026-09-13T04:00:00Z,Bitget USDT Futures,SEIUSDT,0.04461,142173896.0,6342377.50056,5.9e-05,,OK,
2026-09-13T04:00:00Z,Bitget USDT Futures,SOLUSDT,101.71,4271277.999999965,434431685.37999636,3.1e-05,,OK,
2026-09-13T04:00:00Z,Bitget USDT Futures,SUIUSDT,0.7228,64330074.300000004,46497777.704040006,9.3e-05,,OK,
2026-09-13T04:00:00Z,Bitget USDT Futures,TAOUSDT,234.94,112396.99,26406548.8306,5e-05,,OK,
2026-09-13T04:00:00Z,Bitget USDT Futures,UNIUSDT,6.366,3696337.0,23530881.342,0.0001,,OK,
2026-09-13T04:00:00Z,Bitget USDT Futures,XLMUSDT,0.17982,122823324.0,22086090.121680003,0.0001,,OK,
2026-09-13T04:00:00Z,Bitget USDT Futures,XRPUSDT,1.3643,163733958.0,223382238.89940003,6.5e-05,,OK,
2026-09-13T04:00:00Z,Bitget USDT Futures,ZECUSDT,1141.04,111531.12100000009,127261470.30584009,0.0001,,OK,
2026-09-13T05:00:00Z,Bitget USDT Futures,AAVEUSDT,127.16,193214.0,24569092.24,0.0001,,OK,
2026-09-13T05:00:00Z,Bitget USDT Futures,AVAXUSDT,7.411,2967628.7,21993096.2957,0.0001,,OK,
2026-09-13T05:00:00Z,Bitget USDT Futures,BTCUSDT,77206.0,35315.648499999916,2726579958.0909934,8e-05,,OK,
2026-09-13T05:00:00Z,Bitget USDT Futures,CAKEUSDT,2.2059,773997.7999999998,1707361.7470199997,5e-05,,OK,
2026-09-13T05:00:00Z,Bitget USDT Futures,CCUSDT,0.09845,7098628.0,698859.9266,5e-05,,OK,
2026-09-13T05:00:00Z,Bitget USDT Futures,ENAUSDT,0.14156,213244682.0,30186917.18392,5e-05,,OK,
2026-09-13T05:00:00Z,Bitget USDT Futures,ETHUSDT,2521.11,757607.2400000003,1910011188.836401,0.0001,,OK,
2026-09-13T05:00:00Z,Bitget USDT Futures,HBARUSDT,0.07524,163086703.0,12270643.53372,0.0001,,OK,
2026-09-13T05:00:00Z,Bitget USDT Futures,HYPEUSDT,79.343,2350053.1600000006,186460267.87388006,5e-05,,OK,
2026-09-13T05:00:00Z,Bitget USDT Futures,LINKUSDT,11.509,4114824.0,47357509.416,0.0001,,OK,
2026-09-13T05:00:00Z,Bitget USDT Futures,MORPHOUSDT,2.2085,1033511.0,2282509.0434999997,5e-05,,OK,
2026-09-13T05:00:00Z,Bitget USDT Futures,NEARUSDT,2.3421,16398318.0,38406500.587799996,9e-05,,OK,
2026-09-13T05:00:00Z,Bitget USDT Futures,ONDOUSDT,0.3476,53676031.300000004,18657788.47988,5e-05,,OK,
2026-09-13T05:00:00Z,Bitget USDT Futures,SEIUSDT,0.04489,142568908.0,6399918.28012,5.9e-05,,OK,
2026-09-13T05:00:00Z,Bitget USDT Futures,SOLUSDT,101.765,4270823.399999965,434620343.3009964,3.3e-05,,OK,
2026-09-13T05:00:00Z,Bitget USDT Futures,SUIUSDT,0.7238,64219070.7,46481763.37266,0.0001,,OK,
2026-09-13T05:00:00Z,Bitget USDT Futures,TAOUSDT,237.2,112725.246,26738428.3512,5e-05,,OK,
2026-09-13T05:00:00Z,Bitget USDT Futures,UNIUSDT,6.382,3676095.0,23460838.29,0.0001,,OK,
2026-09-13T05:00:00Z,Bitget USDT Futures,XLMUSDT,0.18038,122781070.0,22147249.406600002,0.0001,,OK,
2026-09-13T05:00:00Z,Bitget USDT Futures,XRPUSDT,1.3655,163438166.0,223174815.67299998,7.4e-05,,OK,
2026-09-13T05:00:00Z,Bitget USDT Futures,ZECUSDT,1145.39,111522.2350000001,127736452.74665013,0.0001,,OK,
2026-09-13T06:00:00Z,Bitget USDT Futures,AAVEUSDT,127.1,193827.50000000003,24635475.250000004,0.0001,,OK,
2026-09-13T06:00:00Z,Bitget USDT Futures,AVAXUSDT,7.429,2987397.9,22193378.9991,0.0001,,OK,
2026-09-13T06:00:00Z,Bitget USDT Futures,BTCUSDT,77259.0,35329.86469999992,2729550016.8572936,8.1e-05,,OK,
2026-09-13T06:00:00Z,Bitget USDT Futures,CAKEUSDT,2.21,773677.1999999997,1709826.6119999993,5e-05,,OK,
2026-09-13T06:00:00Z,Bitget USDT Futures,CCUSDT,0.0982,7145904.0,701727.7727999999,5e-05,,OK,
2026-09-13T06:00:00Z,Bitget USDT Futures,ENAUSDT,0.14095,212780208.0,29991370.317599997,5e-05,,OK,
2026-09-13T06:00:00Z,Bitget USDT Futures,ETHUSDT,2520.77,756880.9400000003,1907922767.1238008,0.0001,,OK,
2026-09-13T06:00:00Z,Bitget USDT Futures,HBARUSDT,0.07548,163077905.0,12309120.2694,0.0001,,OK,
2026-09-13T06:00:00Z,Bitget USDT Futures,HYPEUSDT,79.022,2350798.110000001,185764768.2484201,3.7e-05,,OK,
2026-09-13T06:00:00Z,Bitget USDT Futures,LINKUSDT,11.504,4118940.0,47384285.76,0.0001,,OK,
2026-09-13T06:00:00Z,Bitget USDT Futures,MORPHOUSDT,2.2015,1042607.0,2295299.3104999997,5e-05,,OK,
2026-09-13T06:00:00Z,Bitget USDT Futures,NEARUSDT,2.3325,16292962.0,38003333.865,8.7e-05,,OK,
2026-09-13T06:00:00Z,Bitget USDT Futures,ONDOUSDT,0.3465,53724336.7,18615482.66655,5e-05,,OK,
2026-09-13T06:00:00Z,Bitget USDT Futures,SEIUSDT,0.04476,141426176.0,6330235.63776,7.7e-05,,OK,
2026-09-13T06:00:00Z,Bitget USDT Futures,SOLUSDT,101.42,4267567.399999965,432816685.7079964,3.5e-05,,OK,
2026-09-13T06:00:00Z,Bitget USDT Futures,SUIUSDT,0.7224,64253433.60000001,46416680.43264001,7.3e-05,,OK,
2026-09-13T06:00:00Z,Bitget USDT Futures,TAOUSDT,237.97,112754.998,26832306.87406,5e-05,,OK,
2026-09-13T06:00:00Z,Bitget USDT Futures,UNIUSDT,6.384,3681597.0,23503315.248,7e-05,,OK,
2026-09-13T06:00:00Z,Bitget USDT Futures,XLMUSDT,0.18023,122804030.0,22132970.3269,0.0001,,OK,
2026-09-13T06:00:00Z,Bitget USDT Futures,XRPUSDT,1.3647,162961750.0,222393900.225,7.5e-05,,OK,
2026-09-13T06:00:00Z,Bitget USDT Futures,ZECUSDT,1140.8,111287.11300000016,126956338.51040018,0.0001,,OK,
2026-09-13T07:00:00Z,Bitget USDT Futures,AAVEUSDT,126.7,193383.2,24501651.44,0.0001,,OK,
2026-09-13T07:00:00Z,Bitget USDT Futures,AVAXUSDT,7.4,2976316.3,22024740.62,0.0001,,OK,
2026-09-13T07:00:00Z,Bitget USDT Futures,BTCUSDT,77147.6,35377.48109999992,2729287760.9103537,7.9e-05,,OK,
2026-09-13T07:00:00Z,Bitget USDT Futures,CAKEUSDT,2.2027,771384.7999999998,1699129.2989599996,5e-05,,OK,
2026-09-13T07:00:00Z,Bitget USDT Futures,CCUSDT,0.09782,7145662.0,698988.6568400001,5e-05,,OK,
2026-09-13T07:00:00Z,Bitget USDT Futures,ENAUSDT,0.1403,212725456.0,29845381.476800002,5e-05,,OK,
2026-09-13T07:00:00Z,Bitget USDT Futures,ETHUSDT,2513.97,755530.8000000003,1899381765.2760005,0.0001,,OK,
2026-09-13T07:00:00Z,Bitget USDT Futures,HBARUSDT,0.07559,162979589.0,12319627.13251,0.0001,,OK,
2026-09-13T07:00:00Z,Bitget USDT Futures,HYPEUSDT,78.848,2356272.0800000005,185787340.96384004,4e-06,,OK,
2026-09-13T07:00:00Z,Bitget USDT Futures,LINKUSDT,11.446,4112202.0,47068264.092,0.0001,,OK,
2026-09-13T07:00:00Z,Bitget USDT Futures,MORPHOUSDT,2.211,1043201.0,2306517.411,5e-05,,OK,
2026-09-13T07:00:00Z,Bitget USDT Futures,NEARUSDT,2.3129,16302222.0,37705409.2638,9.7e-05,,OK,
2026-09-13T07:00:00Z,Bitget USDT Futures,ONDOUSDT,0.3461,53240829.1,18426650.95151,5e-05,,OK,
2026-09-13T07:00:00Z,Bitget USDT Futures,SEIUSDT,0.04473,141347594.0,6322477.87962,7.9e-05,,OK,
2026-09-13T07:00:00Z,Bitget USDT Futures,SOLUSDT,101.298,4270320.399999965,432574915.87919647,2.8e-05,,OK,
2026-09-13T07:00:00Z,Bitget USDT Futures,SUIUSDT,0.7202,64001013.800000004,46093530.13876,3.7e-05,,OK,
2026-09-13T07:00:00Z,Bitget USDT Futures,TAOUSDT,236.85,112709.864,26695331.288399998,5e-05,,OK,
2026-09-13T07:00:00Z,Bitget USDT Futures,UNIUSDT,6.342,3696301.0,23441940.941999998,6.8e-05,,OK,
2026-09-13T07:00:00Z,Bitget USDT Futures,XLMUSDT,0.17969,122968898.0,22096281.28162,0.0001,,OK,
2026-09-13T07:00:00Z,Bitget USDT Futures,XRPUSDT,1.3611,162781946.0,221562506.7006,6.8e-05,,OK,
2026-09-13T07:00:00Z,Bitget USDT Futures,ZECUSDT,1138.33,110742.55700000018,126061574.90981019,0.0001,,OK,
2026-09-13T08:00:00Z,Bitget USDT Futures,AAVEUSDT,126.09,193510.80000000002,24399776.772000004,0.0001,,OK,
2026-09-13T08:00:00Z,Bitget USDT Futures,AVAXUSDT,7.335,2972422.6999999997,21802720.504499998,0.0001,,OK,
2026-09-13T08:00:00Z,Bitget USDT Futures,BTCUSDT,76984.4,35706.04679999992,2748808589.269913,8.5e-05,,OK,
2026-09-13T08:00:00Z,Bitget USDT Futures,CAKEUSDT,2.1926,769818.3999999998,1687903.8238399997,-5e-06,,OK,
2026-09-13T08:00:00Z,Bitget USDT Futures,CCUSDT,0.09691,6946262.0,673162.2504199999,5e-05,,OK,
2026-09-13T08:00:00Z,Bitget USDT Futures,ENAUSDT,0.13862,214257203.0,29700333.47986,5e-05,,OK,
2026-09-13T08:00:00Z,Bitget USDT Futures,ETHUSDT,2509.85,759499.3100000003,1906229343.2035007,0.0001,,OK,
2026-09-13T08:00:00Z,Bitget USDT Futures,HBARUSDT,0.07517,163344537.0,12278608.84629,0.0001,,OK,
2026-09-13T08:00:00Z,Bitget USDT Futures,HYPEUSDT,78.316,2359271.560000001,184768711.4929601,-1.7e-05,,OK,
2026-09-13T08:00:00Z,Bitget USDT Futures,LINKUSDT,11.385,4112506.0,46820880.81,0.0001,,OK,
2026-09-13T08:00:00Z,Bitget USDT Futures,MORPHOUSDT,2.1781,1037797.0,2260425.6457,5e-05,,OK,
2026-09-13T08:00:00Z,Bitget USDT Futures,NEARUSDT,2.2958,16201046.0,37194361.406799994,8.5e-05,,OK,
2026-09-13T08:00:00Z,Bitget USDT Futures,ONDOUSDT,0.3439,53432587.6,18375466.87564,5e-05,,OK,
2026-09-13T08:00:00Z,Bitget USDT Futures,SEIUSDT,0.04428,141130259.0,6249247.86852,9.4e-05,,OK,
2026-09-13T08:00:00Z,Bitget USDT Futures,SOLUSDT,100.419,4307901.999999965,432595210.93799645,2.1e-05,,OK,
2026-09-13T08:00:00Z,Bitget USDT Futures,SUIUSDT,0.7129,64328017.00000001,45859443.3193,1.9e-05,,OK,
2026-09-13T08:00:00Z,Bitget USDT Futures,TAOUSDT,235.13,112488.98599999999,26449535.278179996,5e-05,,OK,
2026-09-13T08:00:00Z,Bitget USDT Futures,UNIUSDT,6.236,3683936.0,22973024.895999998,4.4e-05,,OK,
2026-09-13T08:00:00Z,Bitget USDT Futures,XLMUSDT,0.17847,123103140.0,21970217.3958,0.0001,,OK,
2026-09-13T08:00:00Z,Bitget USDT Futures,XRPUSDT,1.3528,161916236.0,219040284.0608,8.4e-05,,OK,
2026-09-13T08:00:00Z,Bitget USDT Futures,ZECUSDT,1125.59,111253.15600000018,125225439.86204019,0.0001,,OK,
2026-09-13T09:00:00Z,Bitget USDT Futures,AAVEUSDT,124.37,193414.2,24054924.054,0.0001,,OK,
2026-09-13T09:00:00Z,Bitget USDT Futures,AVAXUSDT,7.327,2956730.5,21663964.3735,8.5e-05,,OK,
2026-09-13T09:00:00Z,Bitget USDT Futures,BTCUSDT,76729.2,35911.876399999914,2755489546.670873,7.9e-05,,OK,
2026-09-13T09:00:00Z,Bitget USDT Futures,CAKEUSDT,2.1815,785792.5999999997,1714206.5568999995,-3.6e-05,,OK,
2026-09-13T09:00:00Z,Bitget USDT Futures,CCUSDT,0.09517,6956994.0,662097.11898,1.3e-05,,OK,
2026-09-13T09:00:00Z,Bitget USDT Futures,ENAUSDT,0.13944,214033326.0,29844806.977440003,5e-05,,OK,
2026-09-13T09:00:00Z,Bitget USDT Futures,ETHUSDT,2481.2,791143.4300000003,1962985078.5160005,0.0001,,OK,
2026-09-13T09:00:00Z,Bitget USDT Futures,HBARUSDT,0.07506,164452097.0,12343774.40082,0.0001,,OK,
2026-09-13T09:00:00Z,Bitget USDT Futures,HYPEUSDT,77.931,2359739.540000001,183896862.09174007,-1.9e-05,,OK,
2026-09-13T09:00:00Z,Bitget USDT Futures,LINKUSDT,11.336,4136194.0,46887895.184,0.0001,,OK,
2026-09-13T09:00:00Z,Bitget USDT Futures,MORPHOUSDT,2.1731,1036487.0,2252389.8997,5e-05,,OK,
2026-09-13T09:00:00Z,Bitget USDT Futures,NEARUSDT,2.3122,16351542.0,37808035.4124,4.5e-05,,OK,
2026-09-13T09:00:00Z,Bitget USDT Futures,ONDOUSDT,0.3438,53317376.900000006,18330514.17822,5e-05,,OK,
2026-09-13T09:00:00Z,Bitget USDT Futures,SEIUSDT,0.04419,141459712.0,6251104.67328,7.2e-05,,OK,
2026-09-13T09:00:00Z,Bitget USDT Futures,SOLUSDT,99.74,4345746.899999965,433444795.8059965,1.3e-05,,OK,
2026-09-13T09:00:00Z,Bitget USDT Futures,SUIUSDT,0.7108,64362398.50000001,45748792.853800006,5.5e-05,,OK,
2026-09-13T09:00:00Z,Bitget USDT Futures,TAOUSDT,233.43,114699.232,26774241.72576,5e-05,,OK,
2026-09-13T09:00:00Z,Bitget USDT Futures,UNIUSDT,6.221,3673759.0,22854454.739,-1.2e-05,,OK,
2026-09-13T09:00:00Z,Bitget USDT Futures,XLMUSDT,0.1779,122506482.0,21793903.1478,0.0001,,OK,
2026-09-13T09:00:00Z,Bitget USDT Futures,XRPUSDT,1.3427,161427771.0,216749068.1217,9.2e-05,,OK,
2026-09-13T09:00:00Z,Bitget USDT Futures,ZECUSDT,1082.4,110688.26400000021,119808976.95360024,0.0001,,OK,
2026-09-13T10:00:00Z,Bitget USDT Futures,AAVEUSDT,124.47,193227.00000000003,24050964.690000005,0.0001,,OK,
2026-09-13T10:00:00Z,Bitget USDT Futures,AVAXUSDT,7.327,2956332.5,21661048.2275,5.7e-05,,OK,
2026-09-13T10:00:00Z,Bitget USDT Futures,BTCUSDT,76721.0,35920.094999999914,2755825608.494993,7.7e-05,,OK,
2026-09-13T10:00:00Z,Bitget USDT Futures,CAKEUSDT,2.1792,785318.1999999997,1711365.4214399992,6e-06,,OK,
2026-09-13T10:00:00Z,Bitget USDT Futures,CCUSDT,0.09498,6924646.0,657702.87708,-0.000137,,OK,
2026-09-13T10:00:00Z,Bitget USDT Futures,ENAUSDT,0.13929,214323112.0,29853066.27048,5e-05,,OK,
2026-09-13T10:00:00Z,Bitget USDT Futures,ETHUSDT,2479.9,792907.8500000003,1966332177.2150009,0.0001,,OK,
2026-09-13T10:00:00Z,Bitget USDT Futures,HBARUSDT,0.07535,164937257.0,12428022.31495,0.0001,,OK,
2026-09-13T10:00:00Z,Bitget USDT Futures,HYPEUSDT,77.707,2361200.1800000006,183481782.38726002,-1.5e-05,,OK,
2026-09-13T10:00:00Z,Bitget USDT Futures,LINKUSDT,11.345,4139198.0,46959201.31,0.0001,,OK,
2026-09-13T10:00:00Z,Bitget USDT Futures,MORPHOUSDT,2.1742,1039627.0,2260357.0234,5e-05,,OK,
2026-09-13T10:00:00Z,Bitget USDT Futures,NEARUSDT,2.3009,16361428.0,37646009.6852,4.4e-05,,OK,
2026-09-13T10:00:00Z,Bitget USDT Futures,ONDOUSDT,0.3438,53431056.7,18369597.29346,5e-05,,OK,
2026-09-13T10:00:00Z,Bitget USDT Futures,SEIUSDT,0.04433,142164466.0,6302150.77778,7.9e-05,,OK,
2026-09-13T10:00:00Z,Bitget USDT Futures,SOLUSDT,99.722,4355794.599999966,434368549.1011966,1.6e-05,,OK,
2026-09-13T10:00:00Z,Bitget USDT Futures,SUIUSDT,0.7113,64265828.00000001,45712283.45640001,7.5e-05,,OK,
2026-09-13T10:00:00Z,Bitget USDT Futures,TAOUSDT,233.34,114318.002,26674962.58668,5e-05,,OK,
2026-09-13T10:00:00Z,Bitget USDT Futures,UNIUSDT,6.2,3687955.0,22865321.0,-1.4e-05,,OK,
2026-09-13T10:00:00Z,Bitget USDT Futures,XLMUSDT,0.17828,122447238.0,21829893.59064,0.0001,,OK,
2026-09-13T10:00:00Z,Bitget USDT Futures,XRPUSDT,1.3428,162607352.0,218349152.2656,9e-05,,OK,
2026-09-13T10:00:00Z,Bitget USDT Futures,ZECUSDT,1091.68,110453.76600000022,120580167.26688024,0.0001,,OK,
2026-09-13T11:00:00Z,Bitget USDT Futures,AAVEUSDT,124.02,193364.80000000002,23981102.496000003,0.0001,,OK,
2026-09-13T11:00:00Z,Bitget USDT Futures,AVAXUSDT,7.311,2953274.5,21591389.8695,-7e-06,,OK,
2026-09-13T11:00:00Z,Bitget USDT Futures,BTCUSDT,76552.4,36168.43239999991,2768780304.4577527,7.8e-05,,OK,
2026-09-13T11:00:00Z,Bitget USDT Futures,CAKEUSDT,2.1661,787405.3999999997,1705598.8369399994,5e-05,,OK,
2026-09-13T11:00:00Z,Bitget USDT Futures,CCUSDT,0.09477,6906138.0,654494.69826,-0.000251,,OK,
2026-09-13T11:00:00Z,Bitget USDT Futures,ENAUSDT,0.13973,214740885.0,30005743.86105,5e-05,,OK,
2026-09-13T11:00:00Z,Bitget USDT Futures,ETHUSDT,2471.86,787084.1300000004,1945561777.581801,0.0001,,OK,
2026-09-13T11:00:00Z,Bitget USDT Futures,HBARUSDT,0.07519,165314807.0,12430020.33833,0.0001,,OK,
2026-09-13T11:00:00Z,Bitget USDT Futures,HYPEUSDT,77.228,2357958.930000001,182100452.24604008,-6e-06,,OK,
2026-09-13T11:00:00Z,Bitget USDT Futures,LINKUSDT,11.298,4144144.0,46820538.912,0.0001,,OK,
2026-09-13T11:00:00Z,Bitget USDT Futures,MORPHOUSDT,2.1791,1039235.0,2264596.9885,5e-05,,OK,
2026-09-13T11:00:00Z,Bitget USDT Futures,NEARUSDT,2.2949,16256368.0,37306738.923200004,5.2e-05,,OK,
2026-09-13T11:00:00Z,Bitget USDT Futures,ONDOUSDT,0.3432,53384454.900000006,18321544.921680003,5e-05,,OK,
2026-09-13T11:00:00Z,Bitget USDT Futures,SEIUSDT,0.04422,143006664.0,6323754.682080001,3.7e-05,,OK,
2026-09-13T11:00:00Z,Bitget USDT Futures,SOLUSDT,99.661,4363414.799999965,434862282.3827965,2.8e-05,,OK,
2026-09-13T11:00:00Z,Bitget USDT Futures,SUIUSDT,0.7091,64374288.50000001,45647807.97535,9.6e-05,,OK,
2026-09-13T11:00:00Z,Bitget USDT Futures,TAOUSDT,231.97,114859.65199999999,26643993.474439997,5e-05,,OK,
2026-09-13T11:00:00Z,Bitget USDT Futures,UNIUSDT,6.257,3672872.0,22981160.104,-2.6e-05,,OK,
2026-09-13T11:00:00Z,Bitget USDT Futures,XLMUSDT,0.1773,122300808.0,21683933.2584,0.0001,,OK,
2026-09-13T11:00:00Z,Bitget USDT Futures,XRPUSDT,1.3394,164498476.0,220329258.75439999,7.3e-05,,OK,
2026-09-13T11:00:00Z,Bitget USDT Futures,ZECUSDT,1093.2,110394.24000000022,120682983.16800025,0.0001,,OK,
2026-09-13T12:00:00Z,Bitget USDT Futures,AAVEUSDT,123.96,193599.00000000003,23998532.040000003,0.0001,,OK,
2026-09-13T12:00:00Z,Bitget USDT Futures,AVAXUSDT,7.318,2956147.9,21633090.3322,-1.6e-05,,OK,
2026-09-13T12:00:00Z,Bitget USDT Futures,BTCUSDT,76797.5,36268.21529999991,2785308264.501743,8.2e-05,,OK,
2026-09-13T12:00:00Z,Bitget USDT Futures,CAKEUSDT,2.1673,781295.7999999997,1693302.3873399994,5e-05,,OK,
2026-09-13T12:00:00Z,Bitget USDT Futures,CCUSDT,0.09457,6954850.0,657720.1645,-0.000191,,OK,
2026-09-13T12:00:00Z,Bitget USDT Futures,ENAUSDT,0.14001,215213058.0,30131980.250579998,5e-05,,OK,
2026-09-13T12:00:00Z,Bitget USDT Futures,ETHUSDT,2481.01,800235.7100000003,1985392798.867101,0.0001,,OK,
2026-09-13T12:00:00Z,Bitget USDT Futures,HBARUSDT,0.07535,165254519.0,12451928.00665,0.0001,,OK,
2026-09-13T12:00:00Z,Bitget USDT Futures,HYPEUSDT,77.572,2360155.660000001,183081994.8575201,3e-06,,OK,
2026-09-13T12:00:00Z,Bitget USDT Futures,LINKUSDT,11.273,4142888.0,46702776.423999995,0.0001,,OK,
2026-09-13T12:00:00Z,Bitget USDT Futures,MORPHOUSDT,2.1955,1039505.0,2282233.2275,5e-05,,OK,
2026-09-13T12:00:00Z,Bitget USDT Futures,NEARUSDT,2.3018,16240364.0,37382069.8552,6.9e-05,,OK,
2026-09-13T12:00:00Z,Bitget USDT Futures,ONDOUSDT,0.344,53517034.7,18409859.9368,5e-05,,OK,
2026-09-13T12:00:00Z,Bitget USDT Futures,SEIUSDT,0.0444,142620150.0,6332334.66,4.8e-05,,OK,
2026-09-13T12:00:00Z,Bitget USDT Futures,SOLUSDT,99.701,4364554.299999965,435150428.26429653,4.1e-05,,OK,
2026-09-13T12:00:00Z,Bitget USDT Futures,SUIUSDT,0.7095,64590575.50000001,45827013.317250006,0.0001,,OK,
2026-09-13T12:00:00Z,Bitget USDT Futures,TAOUSDT,233.75,114979.364,26876426.335,5e-05,,OK,
2026-09-13T12:00:00Z,Bitget USDT Futures,UNIUSDT,6.258,3657753.0,22890218.274,1.6e-05,,OK,
2026-09-13T12:00:00Z,Bitget USDT Futures,XLMUSDT,0.17803,122243240.0,21762964.0172,0.0001,,OK,
2026-09-13T12:00:00Z,Bitget USDT Futures,XRPUSDT,1.3414,163581858.0,219428704.32119998,4.9e-05,,OK,
2026-09-13T12:00:00Z,Bitget USDT Futures,ZECUSDT,1091.2,109894.47400000026,119916850.0288003,0.0001,,OK,
2026-09-13T13:00:00Z,Bitget USDT Futures,AAVEUSDT,125.84,192732.0,24253394.88,0.0001,,OK,
2026-09-13T13:00:00Z,Bitget USDT Futures,AVAXUSDT,7.318,2954689.3,21622416.297399998,-2e-06,,OK,
2026-09-13T13:00:00Z,Bitget USDT Futures,BTCUSDT,76720.7,36255.74489999991,2781566127.749423,8.3e-05,,OK,
2026-09-13T13:00:00Z,Bitget USDT Futures,CAKEUSDT,2.1757,775534.1999999997,1687329.7589399994,5e-05,,OK,
2026-09-13T13:00:00Z,Bitget USDT Futures,CCUSDT,0.09505,7046620.0,669781.2309999999,-0.000113,,OK,
2026-09-13T13:00:00Z,Bitget USDT Futures,ENAUSDT,0.1395,215310350.0,30035793.825000003,5e-05,,OK,
2026-09-13T13:00:00Z,Bitget USDT Futures,ETHUSDT,2475.19,809422.8300000003,2003475294.5877008,0.0001,,OK,
2026-09-13T13:00:00Z,Bitget USDT Futures,HBARUSDT,0.07568,165109253.0,12495468.26704,0.0001,,OK,
2026-09-13T13:00:00Z,Bitget USDT Futures,HYPEUSDT,77.472,2361162.3200000008,182923967.25504005,1.7e-05,,OK,
2026-09-13T13:00:00Z,Bitget USDT Futures,LINKUSDT,11.239,4145528.0,46591589.192,9.7e-05,,OK,
2026-09-13T13:00:00Z,Bitget USDT Futures,MORPHOUSDT,2.1803,1042939.0,2273919.9017,5e-05,,OK,
2026-09-13T13:00:00Z,Bitget USDT Futures,NEARUSDT,2.3009,16179152.0,37226610.8368,9.3e-05,,OK,
2026-09-13T13:00:00Z,Bitget USDT Futures,ONDOUSDT,0.3441,53807532.1,18515171.795610003,5e-05,,OK,
2026-09-13T13:00:00Z,Bitget USDT Futures,SEIUSDT,0.04475,142067226.0,6357508.3635,0.0001,,OK,
2026-09-13T13:00:00Z,Bitget USDT Futures,SOLUSDT,99.751,4375986.699999966,436509049.3116966,5.4e-05,,OK,
2026-09-13T13:00:00Z,Bitget USDT Futures,SUIUSDT,0.7097,64852229.900000006,46025627.560030006,0.0001,,OK,
2026-09-13T13:00:00Z,Bitget USDT Futures,TAOUSDT,234.29,115369.204,27029850.805159997,5e-05,,OK,
2026-09-13T13:00:00Z,Bitget USDT Futures,UNIUSDT,6.251,3659841.0,22877666.091000002,6.2e-05,,OK,
2026-09-13T13:00:00Z,Bitget USDT Futures,XLMUSDT,0.17855,122487906.0,21870215.616299998,0.0001,,OK,
2026-09-13T13:00:00Z,Bitget USDT Futures,XRPUSDT,1.3401,164072592.0,219873680.5392,2.8e-05,,OK,
2026-09-13T13:00:00Z,Bitget USDT Futures,ZECUSDT,1090.4,109595.01200000025,119502401.08480029,0.0001,,OK,
2026-09-13T14:00:00Z,Bitget USDT Futures,AAVEUSDT,127.5,191864.6,24462736.5,0.0001,,OK,
2026-09-13T14:00:00Z,Bitget USDT Futures,AVAXUSDT,7.411,2956110.6999999997,21907736.397699997,2.1e-05,,OK,
2026-09-13T14:00:00Z,Bitget USDT Futures,BTCUSDT,77075.1,36424.48029999991,2807420461.5705233,8.4e-05,,OK,
2026-09-13T14:00:00Z,Bitget USDT Futures,CAKEUSDT,2.1913,768259.7999999997,1683487.6997399994,1.5e-05,,OK,
2026-09-13T14:00:00Z,Bitget USDT Futures,CCUSDT,0.09544,7090546.0,676721.7102399999,-4.6e-05,,OK,
2026-09-13T14:00:00Z,Bitget USDT Futures,ENAUSDT,0.14041,215399370.0,30244225.5417,5e-05,,OK,
2026-09-13T14:00:00Z,Bitget USDT Futures,ETHUSDT,2488.34,824488.7300000003,2051608286.408201,0.0001,,OK,
2026-09-13T14:00:00Z,Bitget USDT Futures,HBARUSDT,0.07642,166557117.0,12728294.881140001,0.0001,,OK,
2026-09-13T14:00:00Z,Bitget USDT Futures,HYPEUSDT,78.2,2375742.010000001,185783025.1820001,3.6e-05,,OK,
2026-09-13T14:00:00Z,Bitget USDT Futures,LINKUSDT,11.332,4151496.0,47044752.672000006,5.2e-05,,OK,
2026-09-13T14:00:00Z,Bitget USDT Futures,MORPHOUSDT,2.1886,1032161.0,2258987.5646,5e-05,,OK,
2026-09-13T14:00:00Z,Bitget USDT Futures,NEARUSDT,2.3141,16178749.0,37439243.060899995,0.0001,,OK,
2026-09-13T14:00:00Z,Bitget USDT Futures,ONDOUSDT,0.349,54186079.800000004,18910941.8502,5e-05,,OK,
2026-09-13T14:00:00Z,Bitget USDT Futures,SEIUSDT,0.04514,143251600.0,6466377.224,0.0001,,OK,
2026-09-13T14:00:00Z,Bitget USDT Futures,SOLUSDT,100.42,4377198.899999966,439558313.5379966,6.3e-05,,OK,
2026-09-13T14:00:00Z,Bitget USDT Futures,SUIUSDT,0.716,64458461.6,46152258.5056,0.0001,,OK,
2026-09-13T14:00:00Z,Bitget USDT Futures,TAOUSDT,237.01,114160.412,27057159.24812,5e-05,,OK,
2026-09-13T14:00:00Z,Bitget USDT Futures,UNIUSDT,6.336,3625580.0,22971674.880000003,6.3e-05,,OK,
2026-09-13T14:00:00Z,Bitget USDT Futures,XLMUSDT,0.17995,122480868.0,22040432.1966,0.0001,,OK,
2026-09-13T14:00:00Z,Bitget USDT Futures,XRPUSDT,1.3481,163738401.0,220735738.3881,5e-06,,OK,
2026-09-13T14:00:00Z,Bitget USDT Futures,ZECUSDT,1104.39,109950.87800000024,121428650.15442029,0.0001,,OK,
2026-09-13T15:00:00Z,Bitget USDT Futures,AAVEUSDT,125.77,191558.00000000003,24092249.660000004,0.0001,,OK,
2026-09-13T15:00:00Z,Bitget USDT Futures,AVAXUSDT,7.367,2956613.9,21781374.6013,3.9e-05,,OK,
2026-09-13T15:00:00Z,Bitget USDT Futures,BTCUSDT,77031.7,36399.33839999991,2803902915.8272734,8.4e-05,,OK,
2026-09-13T15:00:00Z,Bitget USDT Futures,CAKEUSDT,2.1873,774433.3999999997,1693918.1758199993,-4.5e-05,,OK,
2026-09-13T15:00:00Z,Bitget USDT Futures,CCUSDT,0.09526,7057300.0,672278.3979999999,-1e-05,,OK,
2026-09-13T15:00:00Z,Bitget USDT Futures,ENAUSDT,0.13882,216380052.0,30037878.81864,5e-05,,OK,
2026-09-13T15:00:00Z,Bitget USDT Futures,ETHUSDT,2484.95,816941.9200000003,2030059824.1040006,0.0001,,OK,
2026-09-13T15:00:00Z,Bitget USDT Futures,HBARUSDT,0.07592,167459279.0,12713508.46168,0.0001,,OK,
2026-09-13T15:00:00Z,Bitget USDT Futures,HYPEUSDT,78.212,2379326.3000000007,186091868.57560006,4.1e-05,,OK,
2026-09-13T15:00:00Z,Bitget USDT Futures,LINKUSDT,11.257,4154094.0,46762636.158,1.7e-05,,OK,
2026-09-13T15:00:00Z,Bitget USDT Futures,MORPHOUSDT,2.1718,1030969.0,2239058.4742,5e-05,,OK,
2026-09-13T15:00:00Z,Bitget USDT Futures,NEARUSDT,2.2925,16145276.0,37013045.23,9.3e-05,,OK,
2026-09-13T15:00:00Z,Bitget USDT Futures,ONDOUSDT,0.3464,54163687.1,18762301.21144,5e-05,,OK,
2026-09-13T15:00:00Z,Bitget USDT Futures,SEIUSDT,0.045,143442960.0,6454933.2,0.0001,,OK,
2026-09-13T15:00:00Z,Bitget USDT Futures,SOLUSDT,100.248,4383444.399999966,439431534.2111966,6.7e-05,,OK,
2026-09-13T15:00:00Z,Bitget USDT Futures,SUIUSDT,0.7138,64791483.900000006,46248161.207820006,0.0001,,OK,
2026-09-13T15:00:00Z,Bitget USDT Futures,TAOUSDT,233.28,114109.65599999999,26619500.55168,5e-05,,OK,
2026-09-13T15:00:00Z,Bitget USDT Futures,UNIUSDT,6.242,3595455.0,22442830.11,4.5e-05,,OK,
2026-09-13T15:00:00Z,Bitget USDT Futures,XLMUSDT,0.17862,122348034.0,21853805.83308,0.0001,,OK,
2026-09-13T15:00:00Z,Bitget USDT Futures,XRPUSDT,1.3457,164609443.0,221514927.44509998,-1e-06,,OK,
2026-09-13T15:00:00Z,Bitget USDT Futures,ZECUSDT,1085.96,110387.96400000024,119876913.38544026,0.0001,,OK,
2026-09-13T16:00:00Z,Bitget USDT Futures,AAVEUSDT,125.6,191899.6,24102589.759999998,0.0001,,OK,
2026-09-13T16:00:00Z,Bitget USDT Futures,AVAXUSDT,7.369,2963404.0999999996,21837324.812899996,4.5e-05,,OK,
2026-09-13T16:00:00Z,Bitget USDT Futures,BTCUSDT,77165.2,36198.69219999991,2793279323.351433,7.4e-05,,OK,
2026-09-13T16:00:00Z,Bitget USDT Futures,CAKEUSDT,2.1958,764533.9999999998,1678763.7571999996,-6.5e-05,,OK,
2026-09-13T16:00:00Z,Bitget USDT Futures,CCUSDT,0.09533,7061972.0,673217.79076,-7.1e-05,,OK,
2026-09-13T16:00:00Z,Bitget USDT Futures,ENAUSDT,0.13859,217159240.0,30096099.071599998,5e-05,,OK,
2026-09-13T16:00:00Z,Bitget USDT Futures,ETHUSDT,2498.03,816788.3800000002,2040361876.8914008,0.0001,,OK,
2026-09-13T16:00:00Z,Bitget USDT Futures,HBARUSDT,0.07568,166196381.0,12577742.114079999,0.0001,,OK,
2026-09-13T16:00:00Z,Bitget USDT Futures,HYPEUSDT,78.285,2376001.2800000007,186005260.20480004,1.3e-05,,OK,
2026-09-13T16:00:00Z,Bitget USDT Futures,LINKUSDT,11.303,4151900.0,46928925.7,-2.3e-05,,OK,
2026-09-13T16:00:00Z,Bitget USDT Futures,MORPHOUSDT,2.1862,1029489.0,2250668.8518,5e-05,,OK,
2026-09-13T16:00:00Z,Bitget USDT Futures,NEARUSDT,2.2903,16098802.0,36871086.220599994,7.3e-05,,OK,
2026-09-13T16:00:00Z,Bitget USDT Futures,ONDOUSDT,0.3461,54428958.00000001,18837862.363800004,5e-05,,OK,
2026-09-13T16:00:00Z,Bitget USDT Futures,SEIUSDT,0.04531,144710878.0,6556849.882180001,0.0001,,OK,
2026-09-13T16:00:00Z,Bitget USDT Futures,SOLUSDT,100.629,4392570.299999966,442019956.71869665,6.7e-05,,OK,
2026-09-13T16:00:00Z,Bitget USDT Futures,SUIUSDT,0.714,65023617.50000001,46426862.895,0.0001,,OK,
2026-09-13T16:00:00Z,Bitget USDT Futures,TAOUSDT,234.34,115662.506,27104351.656039998,5e-05,,OK,
2026-09-13T16:00:00Z,Bitget USDT Futures,UNIUSDT,6.257,3608983.0,22581406.630999997,2.7e-05,,OK,
2026-09-13T16:00:00Z,Bitget USDT Futures,XLMUSDT,0.17823,123126124.0,21944769.08052,0.0001,,OK,
2026-09-13T16:00:00Z,Bitget USDT Futures,XRPUSDT,1.3464,164889434.0,222007133.93760002,-1.3e-05,,OK,
2026-09-13T16:00:00Z,Bitget USDT Futures,ZECUSDT,1095.93,110444.83800000025,121039811.30934028,0.0001,,OK,
2026-09-13T17:00:00Z,Bitget USDT Futures,AAVEUSDT,126.99,191701.80000000002,24344211.582000002,0.0001,,OK,
2026-09-13T17:00:00Z,Bitget USDT Futures,AVAXUSDT,7.424,2948734.6999999997,21891406.4128,5.5e-05,,OK,
2026-09-13T17:00:00Z,Bitget USDT Futures,BTCUSDT,77342.6,36237.99289999991,2802740589.6675334,7.9e-05,,OK,
2026-09-13T17:00:00Z,Bitget USDT Futures,CAKEUSDT,2.2041,765795.5999999997,1687890.0819599994,-3.4e-05,,OK,
2026-09-13T17:00:00Z,Bitget USDT Futures,CCUSDT,0.09559,7049224.0,673835.32216,-5e-05,,OK,
2026-09-13T17:00:00Z,Bitget USDT Futures,ENAUSDT,0.14079,216875598.0,30533915.44242,5e-05,,OK,
2026-09-13T17:00:00Z,Bitget USDT Futures,ETHUSDT,2508.94,817920.8100000003,2052114237.0414007,0.0001,,OK,
2026-09-13T17:00:00Z,Bitget USDT Futures,HBARUSDT,0.07644,166188427.0,12703443.359879998,0.0001,,OK,
2026-09-13T17:00:00Z,Bitget USDT Futures,HYPEUSDT,78.531,2368801.100000001,186024319.1841001,1.7e-05,,OK,
2026-09-13T17:00:00Z,Bitget USDT Futures,LINKUSDT,11.4,4155631.0,47374193.4,-5.4e-05,,OK,
2026-09-13T17:00:00Z,Bitget USDT Futures,MORPHOUSDT,2.1953,1039049.0,2281024.2697,4.2e-05,,OK,
2026-09-13T17:00:00Z,Bitget USDT Futures,NEARUSDT,2.341,16096072.0,37680904.552,7.3e-05,,OK,
2026-09-13T17:00:00Z,Bitget USDT Futures,ONDOUSDT,0.3483,54417542.900000006,18953630.192070004,5e-05,,OK,
2026-09-13T17:00:00Z,Bitget USDT Futures,SEIUSDT,0.04556,144552916.0,6585830.852960001,0.0001,,OK,
2026-09-13T17:00:00Z,Bitget USDT Futures,SOLUSDT,101.013,4396386.899999966,444092229.92969656,8.5e-05,,OK,
2026-09-13T17:00:00Z,Bitget USDT Futures,SUIUSDT,0.7191,64806177.70000001,46602122.38407,0.0001,,OK,
2026-09-13T17:00:00Z,Bitget USDT Futures,TAOUSDT,236.22,115338.912,27245357.79264,5e-05,,OK,
2026-09-13T17:00:00Z,Bitget USDT Futures,UNIUSDT,6.336,3613437.0,22894736.832000002,2.6e-05,,OK,
2026-09-13T17:00:00Z,Bitget USDT Futures,XLMUSDT,0.17927,123131722.0,22073823.80294,0.0001,,OK,
2026-09-13T17:00:00Z,Bitget USDT Futures,XRPUSDT,1.3547,164433422.0,222757956.7834,-5e-06,,OK,
2026-09-13T17:00:00Z,Bitget USDT Futures,ZECUSDT,1114.2,109989.84900000026,122550689.75580029,0.0001,,OK,
2026-09-13T18:00:00Z,Bitget USDT Futures,AAVEUSDT,127.09,192058.1,24408663.929,0.0001,,OK,
2026-09-13T18:00:00Z,Bitget USDT Futures,AVAXUSDT,7.43,2943255.3,21868386.878999997,4.9e-05,,OK,
2026-09-13T18:00:00Z,Bitget USDT Futures,BTCUSDT,77320.0,36230.33759999992,2801329703.2319937,7.3e-05,,OK,
2026-09-13T18:00:00Z,Bitget USDT Futures,CAKEUSDT,2.208,764972.3999999997,1689059.0591999993,-2.8e-05,,OK,
2026-09-13T18:00:00Z,Bitget USDT Futures,CCUSDT,0.0956,7036538.0,672693.0328,-1e-05,,OK,
2026-09-13T18:00:00Z,Bitget USDT Futures,ENAUSDT,0.14068,216341568.0,30434931.78624,5e-05,,OK,
2026-09-13T18:00:00Z,Bitget USDT Futures,ETHUSDT,2505.97,815258.8300000003,2043014170.2151005,0.0001,,OK,
2026-09-13T18:00:00Z,Bitget USDT Futures,HBARUSDT,0.07663,165696359.0,12697311.99017,0.0001,,OK,
2026-09-13T18:00:00Z,Bitget USDT Futures,HYPEUSDT,78.272,2359941.080000001,184717308.21376008,9e-06,,OK,
2026-09-13T18:00:00Z,Bitget USDT Futures,LINKUSDT,11.412,4142982.0,47279710.58400001,-7.7e-05,,OK,
2026-09-13T18:00:00Z,Bitget USDT Futures,MORPHOUSDT,2.1978,1039352.0,2284287.8256,4.8e-05,,OK,
2026-09-13T18:00:00Z,Bitget USDT Futures,NEARUSDT,2.3441,16155034.0,37869015.1994,7.9e-05,,OK,
2026-09-13T18:00:00Z,Bitget USDT Futures,ONDOUSDT,0.3496,54500293.10000001,19053302.467760004,5e-05,,OK,
2026-09-13T18:00:00Z,Bitget USDT Futures,SEIUSDT,0.04555,144409680.0,6577860.924,0.0001,,OK,
2026-09-13T18:00:00Z,Bitget USDT Futures,SOLUSDT,101.054,4391065.9999999665,443734783.5639966,0.0001,,OK,
2026-09-13T18:00:00Z,Bitget USDT Futures,SUIUSDT,0.7214,64694755.00000001,46670796.25700001,0.0001,,OK,
2026-09-13T18:00:00Z,Bitget USDT Futures,TAOUSDT,236.42,115236.97799999999,27244326.338759996,5e-05,,OK,
2026-09-13T18:00:00Z,Bitget USDT Futures,UNIUSDT,6.345,3602375.0,22857069.375,3.7e-05,,OK,
2026-09-13T18:00:00Z,Bitget USDT Futures,XLMUSDT,0.17973,122641980.0,22042443.0654,0.0001,,OK,
2026-09-13T18:00:00Z,Bitget USDT Futures,XRPUSDT,1.3558,164523416.0,223060847.41279998,8e-06,,OK,
2026-09-13T18:00:00Z,Bitget USDT Futures,ZECUSDT,1103.64,109745.88900000027,121119952.93596031,0.0001,,OK,
2026-09-13T19:00:00Z,Bitget USDT Futures,AAVEUSDT,126.54,192129.40000000002,24312054.276000004,0.0001,,OK,
2026-09-13T19:00:00Z,Bitget USDT Futures,AVAXUSDT,7.413,2944645.0,21828653.385,6.8e-05,,OK,
2026-09-13T19:00:00Z,Bitget USDT Futures,BTCUSDT,77241.8,36162.97379999992,2793293189.664834,7.1e-05,,OK,
2026-09-13T19:00:00Z,Bitget USDT Futures,CAKEUSDT,2.2757,796866.3999999997,1813428.8664799994,2.5e-05,,OK,
2026-09-13T19:00:00Z,Bitget USDT Futures,CCUSDT,0.09598,7039270.0,675629.1346,1e-06,,OK,
2026-09-13T19:00:00Z,Bitget USDT Futures,ENAUSDT,0.1399,216195828.0,30245796.3372,5e-05,,OK,
2026-09-13T19:00:00Z,Bitget USDT Futures,ETHUSDT,2508.27,815226.8900000004,2044809151.380301,0.0001,,OK,
2026-09-13T19:00:00Z,Bitget USDT Futures,HBARUSDT,0.07637,165770201.0,12659870.25037,0.0001,,OK,
2026-09-13T19:00:00Z,Bitget USDT Futures,HYPEUSDT,78.316,2360263.360000001,184846385.30176008,-1.3e-05,,OK,
2026-09-13T19:00:00Z,Bitget USDT Futures,LINKUSDT,11.428,4132731.0,47228849.868,-8.5e-05,,OK,
2026-09-13T19:00:00Z,Bitget USDT Futures,MORPHOUSDT,2.1847,1039443.0,2270871.1221,5e-05,,OK,
2026-09-13T19:00:00Z,Bitget USDT Futures,NEARUSDT,2.3358,16110157.0,37630104.7206,-5e-06,,OK,
2026-09-13T19:00:00Z,Bitget USDT Futures,ONDOUSDT,0.3505,54672820.6,19162823.6203,5e-05,,OK,
2026-09-13T19:00:00Z,Bitget USDT Futures,SEIUSDT,0.04527,144712988.0,6551156.966759999,0.0001,,OK,
2026-09-13T19:00:00Z,Bitget USDT Futures,SOLUSDT,100.984,4366965.599999967,440993654.15039665,0.0001,,OK,
2026-09-13T19:00:00Z,Bitget USDT Futures,SUIUSDT,0.7206,64872715.60000001,46747278.861360006,0.0001,,OK,
2026-09-13T19:00:00Z,Bitget USDT Futures,TAOUSDT,236.61,116729.06499999999,27619264.069649998,5e-05,,OK,
2026-09-13T19:00:00Z,Bitget USDT Futures,UNIUSDT,6.308,3604401.0,22736561.507999998,8.2e-05,,OK,
2026-09-13T19:00:00Z,Bitget USDT Futures,XLMUSDT,0.17936,122768534.0,22019764.25824,0.0001,,OK,
2026-09-13T19:00:00Z,Bitget USDT Futures,XRPUSDT,1.3547,164460187.0,222794215.3289,2.9e-05,,OK,
2026-09-13T19:00:00Z,Bitget USDT Futures,ZECUSDT,1100.63,109705.04200000026,120744660.3764603,0.0001,,OK,
2026-09-13T20:00:00Z,Bitget USDT Futures,AAVEUSDT,126.39,192039.4,24271859.766,0.0001,,OK,
2026-09-13T20:00:00Z,Bitget USDT Futures,AVAXUSDT,7.419,2939970.5,21811641.1395,7.8e-05,,OK,
2026-09-13T20:00:00Z,Bitget USDT Futures,BTCUSDT,77265.7,36127.732099999914,2791434510.1189632,6.7e-05,,OK,
2026-09-13T20:00:00Z,Bitget USDT Futures,CAKEUSDT,2.2709,786892.1999999997,1786953.4969799996,5e-05,,OK,
2026-09-13T20:00:00Z,Bitget USDT Futures,CCUSDT,0.09583,7034736.0,674138.75088,4.6e-05,,OK,
2026-09-13T20:00:00Z,Bitget USDT Futures,ENAUSDT,0.13929,215477132.0,30013809.71628,5e-05,,OK,
2026-09-13T20:00:00Z,Bitget USDT Futures,ETHUSDT,2507.3,813383.4400000003,2039396299.112001,0.0001,,OK,
2026-09-13T20:00:00Z,Bitget USDT Futures,HBARUSDT,0.07616,165034811.0,12569051.20576,0.0001,,OK,
2026-09-13T20:00:00Z,Bitget USDT Futures,HYPEUSDT,78.545,2355679.400000001,185026838.47300008,-2.1e-05,,OK,
2026-09-13T20:00:00Z,Bitget USDT Futures,LINKUSDT,11.431,4155320.0,47499462.919999994,-9.4e-05,,OK,
2026-09-13T20:00:00Z,Bitget USDT Futures,MORPHOUSDT,2.179,1037611.0,2260954.369,2.1e-05,,OK,
2026-09-13T20:00:00Z,Bitget USDT Futures,NEARUSDT,2.3305,16162192.0,37665988.456,-7.1e-05,,OK,
2026-09-13T20:00:00Z,Bitget USDT Futures,ONDOUSDT,0.3512,54615358.50000001,19180913.905200005,5e-05,,OK,
2026-09-13T20:00:00Z,Bitget USDT Futures,SEIUSDT,0.04519,145489162.0,6574655.23078,0.0001,,OK,
2026-09-13T20:00:00Z,Bitget USDT Futures,SOLUSDT,101.112,4348096.599999966,439644743.41919655,0.0001,,OK,
2026-09-13T20:00:00Z,Bitget USDT Futures,SUIUSDT,0.7189,64956368.300000004,46697133.17087,0.0001,,OK,
2026-09-13T20:00:00Z,Bitget USDT Futures,TAOUSDT,235.0,116546.798,27388497.529999997,5e-05,,OK,
2026-09-13T20:00:00Z,Bitget USDT Futures,UNIUSDT,6.246,3609127.0,22542607.242000002,8.5e-05,,OK,
2026-09-13T20:00:00Z,Bitget USDT Futures,XLMUSDT,0.17954,122765200.0,22041264.008,0.0001,,OK,
2026-09-13T20:00:00Z,Bitget USDT Futures,XRPUSDT,1.3564,164430876.0,223034040.2064,5e-05,,OK,
2026-09-13T20:00:00Z,Bitget USDT Futures,ZECUSDT,1095.8,110260.47600000027,120823429.60080029,0.0001,,OK,
2026-09-13T21:00:00Z,Bitget USDT Futures,AAVEUSDT,126.68,191665.6,24280198.208,0.0001,,OK,
2026-09-13T21:00:00Z,Bitget USDT Futures,AVAXUSDT,7.437,2954551.3,21972998.0181,8.1e-05,,OK,
2026-09-13T21:00:00Z,Bitget USDT Futures,BTCUSDT,77329.5,36169.08509999992,2796937266.2404437,5.9e-05,,OK,
2026-09-13T21:00:00Z,Bitget USDT Futures,CAKEUSDT,2.2763,773417.1999999997,1760529.5723599994,5e-05,,OK,
2026-09-13T21:00:00Z,Bitget USDT Futures,CCUSDT,0.09593,6980184.0,669609.05112,1.8e-05,,OK,
2026-09-13T21:00:00Z,Bitget USDT Futures,ENAUSDT,0.13988,215510278.0,30145577.68664,5e-05,,OK,
2026-09-13T21:00:00Z,Bitget USDT Futures,ETHUSDT,2514.01,810578.8600000003,2037803359.8286011,0.0001,,OK,
2026-09-13T21:00:00Z,Bitget USDT Futures,HBARUSDT,0.07705,164818389.0,12699256.87245,0.0001,,OK,
2026-09-13T21:00:00Z,Bitget USDT Futures,HYPEUSDT,78.873,2352260.100000001,185529810.8673001,-6e-06,,OK,
2026-09-13T21:00:00Z,Bitget USDT Futures,LINKUSDT,11.444,4145532.0,47441468.208000004,-8e-05,,OK,
2026-09-13T21:00:00Z,Bitget USDT Futures,MORPHOUSDT,2.1906,1038432.0,2274789.1392,5e-05,,OK,
2026-09-13T21:00:00Z,Bitget USDT Futures,NEARUSDT,2.3462,16177624.0,37955941.4288,-0.000103,,OK,
2026-09-13T21:00:00Z,Bitget USDT Futures,ONDOUSDT,0.3514,54455154.1,19135541.15074,5e-05,,OK,
2026-09-13T21:00:00Z,Bitget USDT Futures,SEIUSDT,0.0452,145255664.0,6565556.0128,0.0001,,OK,
2026-09-13T21:00:00Z,Bitget USDT Futures,SOLUSDT,101.398,4315465.599999966,437579580.90879655,0.0001,,OK,
2026-09-13T21:00:00Z,Bitget USDT Futures,SUIUSDT,0.7207,65315875.800000004,47073151.68906,0.0001,,OK,
2026-09-13T21:00:00Z,Bitget USDT Futures,TAOUSDT,237.1,116530.704,27629429.918399997,5e-05,,OK,
2026-09-13T21:00:00Z,Bitget USDT Futures,UNIUSDT,6.286,3627561.0,22802848.446,0.0001,,OK,
2026-09-13T21:00:00Z,Bitget USDT Futures,XLMUSDT,0.18063,122514696.0,22129829.538480002,0.0001,,OK,
2026-09-13T21:00:00Z,Bitget USDT Futures,XRPUSDT,1.36,164170942.0,223272481.12,6.1e-05,,OK,
2026-09-13T21:00:00Z,Bitget USDT Futures,ZECUSDT,1109.05,110746.80800000027,122823747.41240029,0.0001,,OK,
2026-09-13T22:00:00Z,Bitget USDT Futures,AAVEUSDT,124.12,194386.30000000002,24127227.556,0.0001,,OK,
2026-09-13T22:00:00Z,Bitget USDT Futures,AVAXUSDT,7.316,2933047.4,21458174.7784,6.3e-05,,OK,
2026-09-13T22:00:00Z,Bitget USDT Futures,BTCUSDT,76815.5,35713.55719999992,2743354753.096594,4.6e-05,,OK,
2026-09-13T22:00:00Z,Bitget USDT Futures,CAKEUSDT,2.2318,766823.9999999997,1711397.803199999,5e-05,,OK,
2026-09-13T22:00:00Z,Bitget USDT Futures,CCUSDT,0.09437,6969926.0,657751.9166199999,5e-05,,OK,
2026-09-13T22:00:00Z,Bitget USDT Futures,ENAUSDT,0.13667,214562822.0,29324300.882740002,5e-05,,OK,
2026-09-13T22:00:00Z,Bitget USDT Futures,ETHUSDT,2481.28,796601.1500000004,1976590501.472001,0.0001,,OK,
2026-09-13T22:00:00Z,Bitget USDT Futures,HBARUSDT,0.07532,163895475.0,12344607.177,0.0001,,OK,
2026-09-13T22:00:00Z,Bitget USDT Futures,HYPEUSDT,77.482,2341141.450000001,181396321.8289001,-9e-06,,OK,
2026-09-13T22:00:00Z,Bitget USDT Futures,LINKUSDT,11.218,4133428.0,46368795.304,-2.3e-05,,OK,
2026-09-13T22:00:00Z,Bitget USDT Futures,MORPHOUSDT,2.1546,1035953.0,2232064.3337999997,5e-05,,OK,
2026-09-13T22:00:00Z,Bitget USDT Futures,NEARUSDT,2.3003,16138833.0,37124157.5499,-0.000136,,OK,
2026-09-13T22:00:00Z,Bitget USDT Futures,ONDOUSDT,0.3448,54218484.900000006,18694533.59352,5e-05,,OK,
2026-09-13T22:00:00Z,Bitget USDT Futures,SEIUSDT,0.04426,144927558.0,6414493.71708,0.0001,,OK,
2026-09-13T22:00:00Z,Bitget USDT Futures,SOLUSDT,99.794,4301826.799999967,429296503.6791967,9.7e-05,,OK,
2026-09-13T22:00:00Z,Bitget USDT Futures,SUIUSDT,0.7031,64702025.2,45491993.91812,0.0001,,OK,
2026-09-13T22:00:00Z,Bitget USDT Futures,TAOUSDT,232.48,115928.103,26950965.38544,5e-05,,OK,
2026-09-13T22:00:00Z,Bitget USDT Futures,UNIUSDT,6.14,3593144.0,22061904.16,0.0001,,OK,
2026-09-13T22:00:00Z,Bitget USDT Futures,XLMUSDT,0.17711,122766421.0,21743160.82331,0.0001,,OK,
2026-09-13T22:00:00Z,Bitget USDT Futures,XRPUSDT,1.3381,163718543.0,219071782.3883,5.8e-05,,OK,
2026-09-13T22:00:00Z,Bitget USDT Futures,ZECUSDT,1072.86,111091.26200000025,119185371.34932026,0.0001,,OK,
2026-09-13T23:00:00Z,Bitget USDT Futures,AAVEUSDT,124.64,193933.00000000003,24171809.120000005,0.0001,,OK,
2026-09-13T23:00:00Z,Bitget USDT Futures,AVAXUSDT,7.294,2925959.1,21341945.6754,9e-06,,OK,
2026-09-13T23:00:00Z,Bitget USDT Futures,BTCUSDT,76715.8,35614.18219999992,2732170478.818754,4.6e-05,,OK,
2026-09-13T23:00:00Z,Bitget USDT Futures,CAKEUSDT,2.2248,759446.5999999997,1689616.7956799995,5e-05,,OK,
2026-09-13T23:00:00Z,Bitget USDT Futures,CCUSDT,0.09485,6963358.0,660474.5063,5e-05,,OK,
2026-09-13T23:00:00Z,Bitget USDT Futures,ENAUSDT,0.13676,213860634.0,29247580.305839997,5e-05,,OK,
2026-09-13T23:00:00Z,Bitget USDT Futures,ETHUSDT,2474.73,792869.7600000004,1962138581.164801,0.0001,,OK,
2026-09-13T23:00:00Z,Bitget USDT Futures,HBARUSDT,0.07488,163308341.0,12228528.57408,6.8e-05,,OK,
2026-09-13T23:00:00Z,Bitget USDT Futures,HYPEUSDT,77.378,2345089.250000001,181458315.98650008,3e-06,,OK,
2026-09-13T23:00:00Z,Bitget USDT Futures,LINKUSDT,11.19,4172564.0,46690991.16,5e-06,,OK,
2026-09-13T23:00:00Z,Bitget USDT Futures,MORPHOUSDT,2.1761,1035418.0,2253173.1097999997,5e-05,,OK,
2026-09-13T23:00:00Z,Bitget USDT Futures,NEARUSDT,2.303,16091390.0,37058471.17,-9.3e-05,,OK,
2026-09-13T23:00:00Z,Bitget USDT Futures,ONDOUSDT,0.3427,54170141.50000001,18564107.492050003,5e-05,,OK,
2026-09-13T23:00:00Z,Bitget USDT Futures,SEIUSDT,0.04427,146668232.0,6493002.630639999,0.0001,,OK,
2026-09-13T23:00:00Z,Bitget USDT Futures,SOLUSDT,99.58,4319708.199999967,430156542.55599666,7.1e-05,,OK,
2026-09-13T23:00:00Z,Bitget USDT Futures,SUIUSDT,0.7007,65022462.50000001,45561239.47375,0.0001,,OK,
2026-09-13T23:00:00Z,Bitget USDT Futures,TAOUSDT,232.31,116076.422,26965713.59482,5e-05,,OK,
2026-09-13T23:00:00Z,Bitget USDT Futures,UNIUSDT,6.167,3587121.0,22121775.207,9.9e-05,,OK,
2026-09-13T23:00:00Z,Bitget USDT Futures,XLMUSDT,0.17709,123540174.0,21877729.41366,0.0001,,OK,
2026-09-13T23:00:00Z,Bitget USDT Futures,XRPUSDT,1.3395,163374867.0,218840634.34649998,3.9e-05,,OK,
2026-09-13T23:00:00Z,Bitget USDT Futures,ZECUSDT,1067.42,111591.47700000025,119114974.37934028,0.0001,,OK,
2026-09-14T00:00:00Z,Bitget USDT Futures,AAVEUSDT,124.09,194024.60000000003,24076512.614000004,0.0001,,OK,
2026-09-14T00:00:00Z,Bitget USDT Futures,AVAXUSDT,7.278,2922695.5,21271377.849,-1.7e-05,,OK,
2026-09-14T00:00:00Z,Bitget USDT Futures,BTCUSDT,76585.6,35583.92849999992,2725216514.5295944,5.4e-05,,OK,
2026-09-14T00:00:00Z,Bitget USDT Futures,CAKEUSDT,2.2312,756412.1999999997,1687706.9006399992,-9.5e-05,,OK,
2026-09-14T00:00:00Z,Bitget USDT Futures,CCUSDT,0.09472,6944366.0,657770.34752,5e-05,,OK,
2026-09-14T00:00:00Z,Bitget USDT Futures,ENAUSDT,0.13554,214084872.0,29017063.55088,5e-05,,OK,
2026-09-14T00:00:00Z,Bitget USDT Futures,ETHUSDT,2471.55,785993.5100000004,1942622259.640501,0.0001,,OK,
2026-09-14T00:00:00Z,Bitget USDT Futures,HBARUSDT,0.07508,163099803.0,12245533.209239999,-6.2e-05,,OK,
2026-09-14T00:00:00Z,Bitget USDT Futures,HYPEUSDT,77.236,2345951.840000001,181191936.31424007,2.9e-05,,OK,
2026-09-14T00:00:00Z,Bitget USDT Futures,LINKUSDT,11.179,4176673.0,46691027.467,5.1e-05,,OK,
2026-09-14T00:00:00Z,Bitget USDT Futures,MORPHOUSDT,2.1629,1038479.0,2246126.2291,4e-05,,OK,
2026-09-14T00:00:00Z,Bitget USDT Futures,NEARUSDT,2.2902,16172019.0,37037157.9138,-7.1e-05,,OK,
2026-09-14T00:00:00Z,Bitget USDT Futures,ONDOUSDT,0.3415,54675208.7,18671583.771050002,5e-05,,OK,
2026-09-14T00:00:00Z,Bitget USDT Futures,SEIUSDT,0.04431,146478854.0,6490478.0207400005,0.0001,,OK,
2026-09-14T00:00:00Z,Bitget USDT Futures,SOLUSDT,99.172,4342004.899999967,430605309.9427967,3.8e-05,,OK,
2026-09-14T00:00:00Z,Bitget USDT Futures,SUIUSDT,0.6973,65042415.300000004,45354076.18869001,0.0001,,OK,
2026-09-14T00:00:00Z,Bitget USDT Futures,TAOUSDT,231.34,115577.05500000001,26737595.9037,5e-05,,OK,
2026-09-14T00:00:00Z,Bitget USDT Futures,UNIUSDT,6.101,3582265.0,21855398.765,6.9e-05,,OK,
2026-09-14T00:00:00Z,Bitget USDT Futures,XLMUSDT,0.17706,123880988.0,21934367.73528,0.0001,,OK,
2026-09-14T00:00:00Z,Bitget USDT Futures,XRPUSDT,1.3393,163187199.0,218556615.6207,3.8e-05,,OK,
2026-09-14T00:00:00Z,Bitget USDT Futures,ZECUSDT,1049.4,110887.42600000024,116365264.84440026,0.0001,,OK,
2026-09-14T01:00:00Z,Bitget USDT Futures,AAVEUSDT,124.52,193954.80000000002,24151251.696000002,0.0001,,OK,
2026-09-14T01:00:00Z,Bitget USDT Futures,AVAXUSDT,7.302,2924179.3,21352357.2486,-1.3e-05,,OK,
2026-09-14T01:00:00Z,Bitget USDT Futures,BTCUSDT,76627.5,35595.99279999992,2727631938.281994,6.1e-05,,OK,
2026-09-14T01:00:00Z,Bitget USDT Futures,CAKEUSDT,2.2525,761936.3999999997,1716261.7409999992,-0.000103,,OK,
2026-09-14T01:00:00Z,Bitget USDT Futures,CCUSDT,0.09562,6926224.0,662285.53888,5e-05,,OK,
2026-09-14T01:00:00Z,Bitget USDT Futures,ENAUSDT,0.13632,213858678.0,29153214.98496,5e-05,,OK,
2026-09-14T01:00:00Z,Bitget USDT Futures,ETHUSDT,2475.33,787308.3300000003,1948847928.4989007,0.0001,,OK,
2026-09-14T01:00:00Z,Bitget USDT Futures,HBARUSDT,0.07527,163251175.0,12287915.94225,-0.000121,,OK,
2026-09-14T01:00:00Z,Bitget USDT Futures,HYPEUSDT,77.536,2345964.200000001,181896680.2112001,3.4e-05,,OK,
2026-09-14T01:00:00Z,Bitget USDT Futures,LINKUSDT,11.223,4172769.0,46830986.487,8.2e-05,,OK,
2026-09-14T01:00:00Z,Bitget USDT Futures,MORPHOUSDT,2.1443,1036796.0,2223201.6628,5e-05,,OK,
2026-09-14T01:00:00Z,Bitget USDT Futures,NEARUSDT,2.2929,16099636.0,36914855.3844,-4.7e-05,,OK,
2026-09-14T01:00:00Z,Bitget USDT Futures,ONDOUSDT,0.3422,55106882.400000006,18857575.15728,5e-05,,OK,
2026-09-14T01:00:00Z,Bitget USDT Futures,SEIUSDT,0.04449,146898774.0,6535526.45526,0.0001,,OK,
2026-09-14T01:00:00Z,Bitget USDT Futures,SOLUSDT,99.321,4346525.699999967,431701279.0496967,3.6e-05,,OK,
2026-09-14T01:00:00Z,Bitget USDT Futures,SUIUSDT,0.7002,64644935.800000004,45264384.04716001,7.3e-05,,OK,
2026-09-14T01:00:00Z,Bitget USDT Futures,TAOUSDT,231.65,114852.36,26605549.194000002,5e-05,,OK,
2026-09-14T01:00:00Z,Bitget USDT Futures,UNIUSDT,6.162,3589015.0,22115510.43,7.6e-05,,OK,
2026-09-14T01:00:00Z,Bitget USDT Futures,XLMUSDT,0.17773,123851264.0,22012085.15072,0.0001,,OK,
2026-09-14T01:00:00Z,Bitget USDT Futures,XRPUSDT,1.3419,164520888.0,220770579.60720003,4.9e-05,,OK,
2026-09-14T01:00:00Z,Bitget USDT Futures,ZECUSDT,1061.8,110486.66000000025,117314735.58800027,0.0001,,OK,
2026-09-14T02:00:00Z,Bitget USDT Futures,AAVEUSDT,125.92,193828.60000000003,24406897.312000006,0.0001,,OK,
2026-09-14T02:00:00Z,Bitget USDT Futures,AVAXUSDT,7.407,2915345.2,21593961.8964,3e-06,,OK,
2026-09-14T02:00:00Z,Bitget USDT Futures,BTCUSDT,77267.8,35565.770399999914,2748088834.1131134,8.4e-05,,OK,
2026-09-14T02:00:00Z,Bitget USDT Futures,CAKEUSDT,2.2913,757679.3999999997,1736070.8092199992,-5.5e-05,,OK,
2026-09-14T02:00:00Z,Bitget USDT Futures,CCUSDT,0.09666,7059280.0,682350.0048,3.1e-05,,OK,
2026-09-14T02:00:00Z,Bitget USDT Futures,ENAUSDT,0.14042,213473489.0,29975947.325379997,5e-05,,OK,
2026-09-14T02:00:00Z,Bitget USDT Futures,ETHUSDT,2499.04,787327.7000000003,1967563415.4080007,9.7e-05,,OK,
2026-09-14T02:00:00Z,Bitget USDT Futures,HBARUSDT,0.07609,162830421.0,12389766.73389,-0.000142,,OK,
2026-09-14T02:00:00Z,Bitget USDT Futures,HYPEUSDT,78.566,2348207.810000001,184489294.80046007,3.9e-05,,OK,
2026-09-14T02:00:00Z,Bitget USDT Futures,LINKUSDT,11.331,4152202.0,47048600.861999996,8.9e-05,,OK,
2026-09-14T02:00:00Z,Bitget USDT Futures,MORPHOUSDT,2.1757,1038203.0,2258818.2671,5e-05,,OK,
2026-09-14T02:00:00Z,Bitget USDT Futures,NEARUSDT,2.3421,16077444.0,37654981.5924,3e-06,,OK,
2026-09-14T02:00:00Z,Bitget USDT Futures,ONDOUSDT,0.3473,55093939.1,19134125.04943,5e-05,,OK,
2026-09-14T02:00:00Z,Bitget USDT Futures,SEIUSDT,0.04491,146968900.0,6600373.299,0.0001,,OK,
2026-09-14T02:00:00Z,Bitget USDT Futures,SOLUSDT,100.471,4342346.799999967,436279925.34279674,3.9e-05,,OK,
2026-09-14T02:00:00Z,Bitget USDT Futures,SUIUSDT,0.7115,64653694.30000001,46001103.49445001,2.7e-05,,OK,
2026-09-14T02:00:00Z,Bitget USDT Futures,TAOUSDT,236.23,114422.168,27029948.74664,5e-05,,OK,
2026-09-14T02:00:00Z,Bitget USDT Futures,UNIUSDT,6.274,3586880.0,22504085.12,9.6e-05,,OK,
2026-09-14T02:00:00Z,Bitget USDT Futures,XLMUSDT,0.1796,123861564.0,22245536.8944,0.0001,,OK,
2026-09-14T02:00:00Z,Bitget USDT Futures,XRPUSDT,1.3571,164076280.0,222667919.588,6.6e-05,,OK,
2026-09-14T02:00:00Z,Bitget USDT Futures,ZECUSDT,1084.65,111017.81500000026,120415473.0397503,0.0001,,OK,
2026-09-14T03:00:00Z,Bitget USDT Futures,AAVEUSDT,126.05,193684.80000000002,24413969.040000003,0.0001,,OK,
2026-09-14T03:00:00Z,Bitget USDT Futures,AVAXUSDT,7.425,2904343.9,21564753.4575,1.4e-05,,OK,
2026-09-14T03:00:00Z,Bitget USDT Futures,BTCUSDT,77710.2,35170.50089999993,2733106659.0391746,9e-05,,OK,
2026-09-14T03:00:00Z,Bitget USDT Futures,CAKEUSDT,2.3193,760533.1999999997,1763904.6507599994,4.3e-05,,OK,
2026-09-14T03:00:00Z,Bitget USDT Futures,CCUSDT,0.09654,7065318.0,682085.79972,5e-05,,OK,
2026-09-14T03:00:00Z,Bitget USDT Futures,ENAUSDT,0.14081,215047379.0,30280821.436989997,5e-05,,OK,
2026-09-14T03:00:00Z,Bitget USDT Futures,ETHUSDT,2514.83,785225.7900000003,1974709373.4657006,8.8e-05,,OK,
2026-09-14T03:00:00Z,Bitget USDT Futures,HBARUSDT,0.0761,162459053.0,12363133.9333,-0.000123,,OK,
2026-09-14T03:00:00Z,Bitget USDT Futures,HYPEUSDT,79.42,2350866.080000001,186705784.07360008,4.7e-05,,OK,
2026-09-14T03:00:00Z,Bitget USDT Futures,LINKUSDT,11.393,4135124.0,47111467.732,9.2e-05,,OK,
2026-09-14T03:00:00Z,Bitget USDT Futures,MORPHOUSDT,2.1881,1037913.0,2271057.4353,5e-05,,OK,
2026-09-14T03:00:00Z,Bitget USDT Futures,NEARUSDT,2.3784,16032661.0,38132080.9224,4.9e-05,,OK,
2026-09-14T03:00:00Z,Bitget USDT Futures,ONDOUSDT,0.3508,55586606.7,19499781.63036,5e-05,,OK,
2026-09-14T03:00:00Z,Bitget USDT Futures,SEIUSDT,0.04503,147091437.0,6623527.40811,0.0001,,OK,
2026-09-14T03:00:00Z,Bitget USDT Futures,SOLUSDT,101.014,4334517.599999967,437846960.8463966,4.5e-05,,OK,
2026-09-14T03:00:00Z,Bitget USDT Futures,SUIUSDT,0.7157,64481300.300000004,46149266.62471,-2.1e-05,,OK,
2026-09-14T03:00:00Z,Bitget USDT Futures,TAOUSDT,235.34,114625.057,26975860.91438,5e-05,,OK,
2026-09-14T03:00:00Z,Bitget USDT Futures,UNIUSDT,6.424,3593997.0,23087836.728,0.0001,,OK,
2026-09-14T03:00:00Z,Bitget USDT Futures,XLMUSDT,0.1811,123982470.0,22453225.317,0.0001,,OK,
2026-09-14T03:00:00Z,Bitget USDT Futures,XRPUSDT,1.3723,163471587.0,224332058.84010002,8.4e-05,,OK,
2026-09-14T03:00:00Z,Bitget USDT Futures,ZECUSDT,1105.6,111235.56700000029,122982042.8752003,0.0001,,OK,
2026-09-14T04:00:00Z,Bitget USDT Futures,AAVEUSDT,126.31,193609.40000000002,24454803.314000003,0.0001,,OK,
2026-09-14T04:00:00Z,Bitget USDT Futures,AVAXUSDT,7.396,2898493.9,21437260.8844,2.3e-05,,OK,
2026-09-14T04:00:00Z,Bitget USDT Futures,BTCUSDT,77518.8,35111.39169999995,2721792950.913956,8.8e-05,,OK,
2026-09-14T04:00:00Z,Bitget USDT Futures,CAKEUSDT,2.3206,771558.7999999997,1790479.3512799994,5e-05,,OK,
2026-09-14T04:00:00Z,Bitget USDT Futures,CCUSDT,0.096,7065854.0,678321.984,5e-05,,OK,
2026-09-14T04:00:00Z,Bitget USDT Futures,ENAUSDT,0.14054,215334376.0,30263093.20304,5e-05,,OK,
2026-09-14T04:00:00Z,Bitget USDT Futures,ETHUSDT,2511.23,781382.8200000003,1962231979.0686007,8.6e-05,,OK,
2026-09-14T04:00:00Z,Bitget USDT Futures,HBARUSDT,0.07619,162657735.0,12392892.82965,-0.000104,,OK,
2026-09-14T04:00:00Z,Bitget USDT Futures,HYPEUSDT,79.824,2350045.770000001,187590053.5444801,5e-05,,OK,
2026-09-14T04:00:00Z,Bitget USDT Futures,LINKUSDT,11.369,4131732.0,46973661.107999995,0.0001,,OK,
2026-09-14T04:00:00Z,Bitget USDT Futures,MORPHOUSDT,2.206,1037635.0,2289022.81,5e-05,,OK,
2026-09-14T04:00:00Z,Bitget USDT Futures,NEARUSDT,2.3905,16060142.0,38391769.451,5e-05,,OK,
2026-09-14T04:00:00Z,Bitget USDT Futures,ONDOUSDT,0.3527,55734669.50000001,19657617.932650004,5e-05,,OK,
2026-09-14T04:00:00Z,Bitget USDT Futures,SEIUSDT,0.04481,147257094.0,6598590.38214,0.0001,,OK,
2026-09-14T04:00:00Z,Bitget USDT Futures,SOLUSDT,100.916,4364401.599999967,440437951.86559665,5.2e-05,,OK,
2026-09-14T04:00:00Z,Bitget USDT Futures,SUIUSDT,0.7168,64417859.70000001,46174721.83296001,-5.2e-05,,OK,
2026-09-14T04:00:00Z,Bitget USDT Futures,TAOUSDT,235.8,114703.476,27047079.6408,5e-05,,OK,
2026-09-14T04:00:00Z,Bitget USDT Futures,UNIUSDT,6.392,3638297.0,23255994.424000002,0.0001,,OK,
2026-09-14T04:00:00Z,Bitget USDT Futures,XLMUSDT,0.18198,123878258.0,22543365.39084,0.0001,,OK,
2026-09-14T04:00:00Z,Bitget USDT Futures,XRPUSDT,1.3729,163108506.0,223931667.8874,0.0001,,OK,
2026-09-14T04:00:00Z,Bitget USDT Futures,ZECUSDT,1122.09,110629.23000000026,124135952.69070028,0.0001,,OK,
2026-09-14T05:00:00Z,Bitget USDT Futures,AAVEUSDT,125.63,193225.6,24274932.128,0.0001,,OK,
2026-09-14T05:00:00Z,Bitget USDT Futures,AVAXUSDT,7.408,2893778.3,21437109.6464,2.1e-05,,OK,
2026-09-14T05:00:00Z,Bitget USDT Futures,BTCUSDT,77530.4,35085.96329999996,2720228769.0343165,8e-05,,OK,
2026-09-14T05:00:00Z,Bitget USDT Futures,CAKEUSDT,2.3142,770442.3999999997,1782957.8020799994,5e-05,,OK,
2026-09-14T05:00:00Z,Bitget USDT Futures,CCUSDT,0.09591,7055406.0,676683.98946,5e-05,,OK,
2026-09-14T05:00:00Z,Bitget USDT Futures,ENAUSDT,0.14021,215394192.0,30200419.66032,5e-05,,OK,
2026-09-14T05:00:00Z,Bitget USDT Futures,ETHUSDT,2511.3,782716.1800000004,1965635142.834001,8.7e-05,,OK,
2026-09-14T05:00:00Z,Bitget USDT Futures,HBARUSDT,0.07626,162414939.0,12385763.24814,-7.3e-05,,OK,
2026-09-14T05:00:00Z,Bitget USDT Futures,HYPEUSDT,79.711,2347092.860000001,187089118.96346006,5e-05,,OK,
2026-09-14T05:00:00Z,Bitget USDT Futures,LINKUSDT,11.364,4131518.0,46950570.552,0.0001,,OK,
2026-09-14T05:00:00Z,Bitget USDT Futures,MORPHOUSDT,2.1955,1035595.0,2273648.8225,5e-05,,OK,
2026-09-14T05:00:00Z,Bitget USDT Futures,NEARUSDT,2.3936,16040848.0,38395373.772800006,4.4e-05,,OK,
2026-09-14T05:00:00Z,Bitget USDT Futures,ONDOUSDT,0.3522,55742594.9,19632541.92378,5e-05,,OK,
2026-09-14T05:00:00Z,Bitget USDT Futures,SEIUSDT,0.04472,147457296.0,6594290.277120001,0.0001,,OK,
2026-09-14T05:00:00Z,Bitget USDT Futures,SOLUSDT,101.033,4322817.599999966,436747230.5807966,6.3e-05,,OK,
2026-09-14T05:00:00Z,Bitget USDT Futures,SUIUSDT,0.7165,64556356.10000001,46254629.14565001,-4.6e-05,,OK,
2026-09-14T05:00:00Z,Bitget USDT Futures,TAOUSDT,234.48,114599.44799999999,26871278.567039996,5e-05,,OK,
2026-09-14T05:00:00Z,Bitget USDT Futures,UNIUSDT,6.331,3612543.0,22871009.733000003,0.0001,,OK,
2026-09-14T05:00:00Z,Bitget USDT Futures,XLMUSDT,0.18244,123927786.0,22609385.27784,0.0001,,OK,
2026-09-14T05:00:00Z,Bitget USDT Futures,XRPUSDT,1.3758,162628362.0,223744100.4396,0.0001,,OK,
2026-09-14T05:00:00Z,Bitget USDT Futures,ZECUSDT,1114.0,111141.41300000026,123811534.08200029,0.0001,,OK,
2026-09-14T06:00:00Z,Bitget USDT Futures,AAVEUSDT,126.05,193114.6,24342095.330000002,0.0001,,OK,
2026-09-14T06:00:00Z,Bitget USDT Futures,AVAXUSDT,7.42,2896261.7,21490261.814,1.7e-05,,OK,
2026-09-14T06:00:00Z,Bitget USDT Futures,BTCUSDT,77631.2,35156.31629999997,2729227021.9485574,6.6e-05,,OK,
2026-09-14T06:00:00Z,Bitget USDT Futures,CAKEUSDT,2.3054,767479.5999999997,1769347.4698399995,5e-05,,OK,
2026-09-14T06:00:00Z,Bitget USDT Futures,CCUSDT,0.09617,6983226.0,671576.8444200001,5e-05,,OK,
2026-09-14T06:00:00Z,Bitget USDT Futures,ENAUSDT,0.14101,215257877.0,30353513.23577,5e-05,,OK,
2026-09-14T06:00:00Z,Bitget USDT Futures,ETHUSDT,2517.55,779852.9800000004,1963318869.7990012,8.9e-05,,OK,
2026-09-14T06:00:00Z,Bitget USDT Futures,HBARUSDT,0.07639,164565061.0,12571125.00979,-2e-06,,OK,
2026-09-14T06:00:00Z,Bitget USDT Futures,HYPEUSDT,79.822,2351978.600000001,187739635.80920008,4e-05,,OK,
2026-09-14T06:00:00Z,Bitget USDT Futures,LINKUSDT,11.431,4148202.0,47418097.062,8.2e-05,,OK,
2026-09-14T06:00:00Z,Bitget USDT Futures,MORPHOUSDT,2.2132,1035971.0,2292811.0172,5e-05,,OK,
2026-09-14T06:00:00Z,Bitget USDT Futures,NEARUSDT,2.4325,16061179.0,39068817.917500004,1.9e-05,,OK,
2026-09-14T06:00:00Z,Bitget USDT Futures,ONDOUSDT,0.3548,55730305.7,19773112.462360002,5e-05,,OK,
2026-09-14T06:00:00Z,Bitget USDT Futures,SEIUSDT,0.04495,148267956.0,6664644.622199999,0.0001,,OK,
2026-09-14T06:00:00Z,Bitget USDT Futures,SOLUSDT,101.493,4315126.899999966,437955174.4616965,7.8e-05,,OK,
2026-09-14T06:00:00Z,Bitget USDT Futures,SUIUSDT,0.7245,64461742.90000001,46702532.731050014,-5e-06,,OK,
2026-09-14T06:00:00Z,Bitget USDT Futures,TAOUSDT,234.62,116286.578,27283156.93036,5e-05,,OK,
2026-09-14T06:00:00Z,Bitget USDT Futures,UNIUSDT,6.312,3638571.0,22966660.152000003,9.7e-05,,OK,
2026-09-14T06:00:00Z,Bitget USDT Futures,XLMUSDT,0.18344,123940300.0,22735608.632,0.0001,,OK,
2026-09-14T06:00:00Z,Bitget USDT Futures,XRPUSDT,1.383,162206712.0,224331882.696,0.0001,,OK,
2026-09-14T06:00:00Z,Bitget USDT Futures,ZECUSDT,1133.61,110840.70600000028,125650132.72866032,0.0001,,OK,
2026-09-14T07:00:00Z,Bitget USDT Futures,AAVEUSDT,126.38,193156.00000000003,24411055.28,0.0001,,OK,
2026-09-14T07:00:00Z,Bitget USDT Futures,AVAXUSDT,7.422,2893241.9,21473641.3818,1e-05,,OK,
2026-09-14T07:00:00Z,Bitget USDT Futures,BTCUSDT,77684.6,35262.25249999999,2739333980.561499,4.9e-05,,OK,
2026-09-14T07:00:00Z,Bitget USDT Futures,CAKEUSDT,2.3096,765100.7999999997,1767076.8076799994,5e-05,,OK,
2026-09-14T07:00:00Z,Bitget USDT Futures,CCUSDT,0.09595,6981722.0,669896.2259,5e-05,,OK,
2026-09-14T07:00:00Z,Bitget USDT Futures,ENAUSDT,0.14066,215336936.0,30289293.417760003,5e-05,,OK,
2026-09-14T07:00:00Z,Bitget USDT Futures,ETHUSDT,2520.77,783747.1300000004,1975646252.890101,9.3e-05,,OK,
2026-09-14T07:00:00Z,Bitget USDT Futures,HBARUSDT,0.07671,165186072.0,12671423.58312,0.0001,,OK,
2026-09-14T07:00:00Z,Bitget USDT Futures,HYPEUSDT,79.868,2381525.9200000013,190207712.1785601,3.4e-05,,OK,
2026-09-14T07:00:00Z,Bitget USDT Futures,LINKUSDT,11.409,4151206.0,47361109.254,4.3e-05,,OK,
2026-09-14T07:00:00Z,Bitget USDT Futures,MORPHOUSDT,2.2245,1035893.0,2304343.9784999997,5e-05,,OK,
2026-09-14T07:00:00Z,Bitget USDT Futures,NEARUSDT,2.4329,16171898.0,39344610.644200005,-3e-05,,OK,
2026-09-14T07:00:00Z,Bitget USDT Futures,ONDOUSDT,0.3578,55702060.7,19930197.318460003,5e-05,,OK,
2026-09-14T07:00:00Z,Bitget USDT Futures,SEIUSDT,0.04495,148263306.0,6664435.604699999,0.0001,,OK,
2026-09-14T07:00:00Z,Bitget USDT Futures,SOLUSDT,101.573,4321152.399999966,438912412.7251965,9.3e-05,,OK,
2026-09-14T07:00:00Z,Bitget USDT Futures,SUIUSDT,0.7242,64173396.30000001,46474373.60046001,-4e-06,,OK,
2026-09-14T07:00:00Z,Bitget USDT Futures,TAOUSDT,234.48,115539.75,27091760.58,5e-05,,OK,
2026-09-14T07:00:00Z,Bitget USDT Futures,UNIUSDT,6.332,3652290.0,23126300.28,3.2e-05,,OK,
2026-09-14T07:00:00Z,Bitget USDT Futures,XLMUSDT,0.18471,123988320.0,22901882.5872,0.0001,,OK,
2026-09-14T07:00:00Z,Bitget USDT Futures,XRPUSDT,1.3876,164110700.0,227720007.32,9.5e-05,,OK,
2026-09-14T07:00:00Z,Bitget USDT Futures,ZECUSDT,1145.26,110093.89800000026,126086137.6234803,0.0001,,OK,
2026-09-14T08:00:00Z,Bitget USDT Futures,AAVEUSDT,126.21,192905.2,24346565.292,7.6e-05,,OK,
2026-09-14T08:00:00Z,Bitget USDT Futures,AVAXUSDT,7.384,2890631.9,21344425.9496,9e-06,,OK,
2026-09-14T08:00:00Z,Bitget USDT Futures,BTCUSDT,77729.6,35272.69929999999,2741732807.5092797,3.8e-05,,OK,
2026-09-14T08:00:00Z,Bitget USDT Futures,CAKEUSDT,2.2945,771212.5999999997,1769547.3106999996,5e-05,,OK,
2026-09-14T08:00:00Z,Bitget USDT Futures,CCUSDT,0.09544,6955562.0,663838.83728,5e-05,,OK,
2026-09-14T08:00:00Z,Bitget USDT Futures,ENAUSDT,0.14171,215656405.0,30560669.15255,5e-05,,OK,
2026-09-14T08:00:00Z,Bitget USDT Futures,ETHUSDT,2520.75,785411.6100000003,1979826315.9075007,9.6e-05,,OK,
2026-09-14T08:00:00Z,Bitget USDT Futures,HBARUSDT,0.07652,164022425.0,12550995.961000001,0.0001,,OK,
2026-09-14T08:00:00Z,Bitget USDT Futures,HYPEUSDT,79.762,2382549.1100000013,190036882.1118201,5e-05,,OK,
2026-09-14T08:00:00Z,Bitget USDT Futures,LINKUSDT,11.38,4153140.0,47262733.2,-3e-06,,OK,
2026-09-14T08:00:00Z,Bitget USDT Futures,MORPHOUSDT,2.2166,1042925.0,2311747.555,5e-05,,OK,
2026-09-14T08:00:00Z,Bitget USDT Futures,NEARUSDT,2.4112,16190628.0,39038842.2336,-3.2e-05,,OK,
2026-09-14T08:00:00Z,Bitget USDT Futures,ONDOUSDT,0.3552,55561032.7,19735278.815040004,5e-05,,OK,
2026-09-14T08:00:00Z,Bitget USDT Futures,SEIUSDT,0.04475,148140152.0,6629271.802,0.0001,,OK,
2026-09-14T08:00:00Z,Bitget USDT Futures,SOLUSDT,101.475,4330938.899999966,439482024.87749654,0.0001,,OK,
2026-09-14T08:00:00Z,Bitget USDT Futures,SUIUSDT,0.7251,64515877.20000001,46780462.557720006,1.1e-05,,OK,
2026-09-14T08:00:00Z,Bitget USDT Futures,TAOUSDT,235.83,115741.95599999999,27295425.48348,5e-05,,OK,
2026-09-14T08:00:00Z,Bitget USDT Futures,UNIUSDT,6.336,3649363.0,23122363.968000002,-2.6e-05,,OK,
2026-09-14T08:00:00Z,Bitget USDT Futures,XLMUSDT,0.18433,123654144.0,22793168.36352,0.0001,,OK,
2026-09-14T08:00:00Z,Bitget USDT Futures,XRPUSDT,1.387,164658976.0,228381999.712,9e-05,,OK,
2026-09-14T08:00:00Z,Bitget USDT Futures,ZECUSDT,1138.79,110560.40500000026,125905083.60995029,0.0001,,OK,
2026-09-14T09:00:00Z,Bitget USDT Futures,AAVEUSDT,125.89,193060.2,24304348.578,3.7e-05,,OK,
2026-09-14T09:00:00Z,Bitget USDT Futures,AVAXUSDT,7.356,2894451.3000000003,21291583.7628,8e-06,,OK,
2026-09-14T09:00:00Z,Bitget USDT Futures,BTCUSDT,77658.1,35240.0326,2736673975.65406,3.6e-05,,OK,
2026-09-14T09:00:00Z,Bitget USDT Futures,CAKEUSDT,2.2863,782521.9999999998,1789080.0485999996,5e-05,,OK,
2026-09-14T09:00:00Z,Bitget USDT Futures,CCUSDT,0.09468,6935182.0,656623.03176,5e-05,,OK,
2026-09-14T09:00:00Z,Bitget USDT Futures,ENAUSDT,0.14071,217116219.0,30550423.17549,5e-05,,OK,
2026-09-14T09:00:00Z,Bitget USDT Futures,ETHUSDT,2513.94,782426.8600000003,1966974180.428401,0.0001,,OK,
2026-09-14T09:00:00Z,Bitget USDT Futures,HBARUSDT,0.07633,168779475.0,12882937.32675,0.0001,,OK,
2026-09-14T09:00:00Z,Bitget USDT Futures,HYPEUSDT,79.636,2387495.620000001,190130601.19432008,5e-05,,OK,
2026-09-14T09:00:00Z,Bitget USDT Futures,LINKUSDT,11.341,4154017.0,47110706.797,-2.3e-05,,OK,
2026-09-14T09:00:00Z,Bitget USDT Futures,MORPHOUSDT,2.2042,1045916.0,2305408.0472000004,5e-05,,OK,
2026-09-14T09:00:00Z,Bitget USDT Futures,NEARUSDT,2.3979,16445312.0,39434213.6448,-3.7e-05,,OK,
2026-09-14T09:00:00Z,Bitget USDT Futures,ONDOUSDT,0.3535,55495675.1,19617721.14785,5e-05,,OK,
2026-09-14T09:00:00Z,Bitget USDT Futures,SEIUSDT,0.04468,147888070.0,6607638.9676,0.0001,,OK,
2026-09-14T09:00:00Z,Bitget USDT Futures,SOLUSDT,101.505,4329163.499999966,439431741.0674965,0.0001,,OK,
2026-09-14T09:00:00Z,Bitget USDT Futures,SUIUSDT,0.7231,64230470.10000001,46445052.92931,-1.6e-05,,OK,
2026-09-14T09:00:00Z,Bitget USDT Futures,TAOUSDT,234.05,117207.576,27432433.162800003,5e-05,,OK,
2026-09-14T09:00:00Z,Bitget USDT Futures,UNIUSDT,6.263,3665960.0,22959907.48,-0.000103,,OK,
2026-09-14T09:00:00Z,Bitget USDT Futures,XLMUSDT,0.18378,123414122.0,22681047.34116,0.0001,,OK,
2026-09-14T09:00:00Z,Bitget USDT Futures,XRPUSDT,1.3857,166245964.0,230367032.3148,9.2e-05,,OK,
2026-09-14T09:00:00Z,Bitget USDT Futures,ZECUSDT,1135.7,110323.52100000027,125294422.7997003,0.0001,,OK,
2026-09-14T10:00:00Z,Bitget USDT Futures,AAVEUSDT,126.82,193737.40000000002,24569777.068,4e-05,,OK,
2026-09-14T10:00:00Z,Bitget USDT Futures,AVAXUSDT,7.386,2894845.1,21381325.908600003,8e-06,,OK,
2026-09-14T10:00:00Z,Bitget USDT Futures,BTCUSDT,78008.1,35326.5365,2755755991.9456506,3.7e-05,,OK,
2026-09-14T10:00:00Z,Bitget USDT Futures,CAKEUSDT,2.3551,780706.5999999997,1838642.1136599996,5e-05,,OK,
2026-09-14T10:00:00Z,Bitget USDT Futures,CCUSDT,0.09545,6913636.0,659906.5562,5e-05,,OK,
2026-09-14T10:00:00Z,Bitget USDT Futures,ENAUSDT,0.14162,217979126.0,30870203.82412,5e-05,,OK,
2026-09-14T10:00:00Z,Bitget USDT Futures,ETHUSDT,2518.22,784382.5600000003,1975247850.2432005,0.0001,,OK,
2026-09-14T10:00:00Z,Bitget USDT Futures,HBARUSDT,0.07647,169992381.0,12999317.37507,0.0001,,OK,
2026-09-14T10:00:00Z,Bitget USDT Futures,HYPEUSDT,79.737,2392298.600000001,190754713.46820006,5e-05,,OK,
2026-09-14T10:00:00Z,Bitget USDT Futures,LINKUSDT,11.383,4161630.0,47371834.29,-4e-06,,OK,
2026-09-14T10:00:00Z,Bitget USDT Futures,MORPHOUSDT,2.2225,1046577.0,2326017.3825000003,5e-05,,OK,
2026-09-14T10:00:00Z,Bitget USDT Futures,NEARUSDT,2.4042,16460785.0,39575019.297,-7e-06,,OK,
2026-09-14T10:00:00Z,Bitget USDT Futures,ONDOUSDT,0.3554,55638118.5,19773787.3149,5e-05,,OK,
2026-09-14T10:00:00Z,Bitget USDT Futures,SEIUSDT,0.04469,148070440.0,6617267.9636,0.0001,,OK,
2026-09-14T10:00:00Z,Bitget USDT Futures,SOLUSDT,101.766,4288941.799999966,436468451.2187966,0.0001,,OK,
2026-09-14T10:00:00Z,Bitget USDT Futures,SUIUSDT,0.7246,64725224.90000001,46899897.96254001,6e-06,,OK,
2026-09-14T10:00:00Z,Bitget USDT Futures,TAOUSDT,236.23,116778.76,27586646.474799998,5e-05,,OK,
2026-09-14T10:00:00Z,Bitget USDT Futures,UNIUSDT,6.288,3707307.0,23311546.416,-0.00011,,OK,
2026-09-14T10:00:00Z,Bitget USDT Futures,XLMUSDT,0.18698,123733802.0,23135746.297960002,0.0001,,OK,
2026-09-14T10:00:00Z,Bitget USDT Futures,XRPUSDT,1.3993,164510100.0,230198982.93,0.0001,,OK,
2026-09-14T10:00:00Z,Bitget USDT Futures,ZECUSDT,1140.71,109092.67900000027,124443109.8620903,0.0001,,OK,
2026-09-14T11:00:00Z,Bitget USDT Futures,AAVEUSDT,126.36,193962.2,24509063.592,7.6e-05,,OK,
2026-09-14T11:00:00Z,Bitget USDT Futures,AVAXUSDT,7.367,2893126.7,21313664.398900002,-1.1e-05,,OK,
2026-09-14T11:00:00Z,Bitget USDT Futures,BTCUSDT,77760.1,35425.0296,2754653844.1989603,4.9e-05,,OK,
2026-09-14T11:00:00Z,Bitget USDT Futures,CAKEUSDT,2.3684,785807.7999999997,1861107.193519999,5e-05,,OK,
2026-09-14T11:00:00Z,Bitget USDT Futures,CCUSDT,0.09583,6908716.0,662062.25428,5e-05,,OK,
2026-09-14T11:00:00Z,Bitget USDT Futures,ENAUSDT,0.14163,216390808.0,30647430.13704,5e-05,,OK,
2026-09-14T11:00:00Z,Bitget USDT Futures,ETHUSDT,2512.08,787323.4100000003,1977819391.7928007,0.0001,,OK,
2026-09-14T11:00:00Z,Bitget USDT Futures,HBARUSDT,0.0765,169130108.0,12938453.262,0.0001,,OK,
2026-09-14T11:00:00Z,Bitget USDT Futures,HYPEUSDT,79.918,2392839.4400000013,191230942.36592013,4.3e-05,,OK,
2026-09-14T11:00:00Z,Bitget USDT Futures,LINKUSDT,11.368,4163388.0,47329394.784,2.1e-05,,OK,
2026-09-14T11:00:00Z,Bitget USDT Futures,MORPHOUSDT,2.2129,1045287.0,2313115.6023,5e-05,,OK,
2026-09-14T11:00:00Z,Bitget USDT Futures,NEARUSDT,2.4075,16465551.0,39640814.032500006,-8e-06,,OK,
2026-09-14T11:00:00Z,Bitget USDT Futures,ONDOUSDT,0.3549,55481582.1,19690413.48729,5e-05,,OK,
2026-09-14T11:00:00Z,Bitget USDT Futures,SEIUSDT,0.0447,147331246.0,6585706.696199999,0.0001,,OK,
2026-09-14T11:00:00Z,Bitget USDT Futures,SOLUSDT,101.613,4323983.199999966,439372904.9015965,0.0001,,OK,
2026-09-14T11:00:00Z,Bitget USDT Futures,SUIUSDT,0.7227,66581192.10000001,48118227.53067001,3e-05,,OK,
2026-09-14T11:00:00Z,Bitget USDT Futures,TAOUSDT,235.54,116233.97,27377749.2938,5e-05,,OK,
2026-09-14T11:00:00Z,Bitget USDT Futures,UNIUSDT,6.298,3701605.0,23312708.29,-8.4e-05,,OK,
2026-09-14T11:00:00Z,Bitget USDT Futures,XLMUSDT,0.19076,123008255.0,23465054.7238,0.0001,,OK,
2026-09-14T11:00:00Z,Bitget USDT Futures,XRPUSDT,1.3984,165254228.0,231091512.4352,0.0001,,OK,
2026-09-14T11:00:00Z,Bitget USDT Futures,ZECUSDT,1136.8,109171.46600000026,124106122.54880029,0.0001,,OK,
2026-09-14T12:00:00Z,Bitget USDT Futures,AAVEUSDT,126.27,193966.60000000003,24492162.582000002,9.8e-05,,OK,
2026-09-14T12:00:00Z,Bitget USDT Futures,AVAXUSDT,7.529,2924120.6,22015703.9974,2.3e-05,,OK,
2026-09-14T12:00:00Z,Bitget USDT Futures,BTCUSDT,77931.6,35374.034999999996,2756755146.006,6e-05,,OK,
2026-09-14T12:00:00Z,Bitget USDT Futures,CAKEUSDT,2.3632,788269.7999999997,1862839.1913599994,5e-05,,OK,
2026-09-14T12:00:00Z,Bitget USDT Futures,CCUSDT,0.09615,6901156.0,663546.1494,3.4e-05,,OK,
2026-09-14T12:00:00Z,Bitget USDT Futures,ENAUSDT,0.14165,218276776.0,30918905.3204,5e-05,,OK,
2026-09-14T12:00:00Z,Bitget USDT Futures,ETHUSDT,2513.79,787993.1800000003,1980849375.9522007,0.0001,,OK,
2026-09-14T12:00:00Z,Bitget USDT Futures,HBARUSDT,0.07737,168256310.0,13017990.704699999,0.0001,,OK,
2026-09-14T12:00:00Z,Bitget USDT Futures,HYPEUSDT,80.523,2396743.060000001,192992941.42038006,2.2e-05,,OK,
2026-09-14T12:00:00Z,Bitget USDT Futures,LINKUSDT,11.388,4180748.0,47610358.224,7.7e-05,,OK,
2026-09-14T12:00:00Z,Bitget USDT Futures,MORPHOUSDT,2.2175,1048511.0,2325073.1424999996,5e-05,,OK,
2026-09-14T12:00:00Z,Bitget USDT Futures,NEARUSDT,2.4211,16412592.0,39736526.4912,-1.2e-05,,OK,
2026-09-14T12:00:00Z,Bitget USDT Futures,ONDOUSDT,0.3541,55508096.1,19655416.829010002,5e-05,,OK,
2026-09-14T12:00:00Z,Bitget USDT Futures,SEIUSDT,0.04477,147407260.0,6599423.0302,0.0001,,OK,
2026-09-14T12:00:00Z,Bitget USDT Futures,SOLUSDT,101.723,4309755.799999965,438401289.24339646,0.0001,,OK,
2026-09-14T12:00:00Z,Bitget USDT Futures,SUIUSDT,0.725,65719045.70000001,47646308.13250001,3.1e-05,,OK,
2026-09-14T12:00:00Z,Bitget USDT Futures,TAOUSDT,235.32,116318.38799999999,27372043.064159997,5e-05,,OK,
2026-09-14T12:00:00Z,Bitget USDT Futures,UNIUSDT,6.302,3700417.0,23320027.934,-3.6e-05,,OK,
2026-09-14T12:00:00Z,Bitget USDT Futures,XLMUSDT,0.19095,122022548.0,23300205.5406,0.0001,,OK,
2026-09-14T12:00:00Z,Bitget USDT Futures,XRPUSDT,1.3977,165213069.0,230918306.5413,0.0001,,OK,
2026-09-14T12:00:00Z,Bitget USDT Futures,ZECUSDT,1132.56,108821.65000000027,123247047.92400031,9.7e-05,,OK,
2026-09-14T13:00:00Z,Bitget USDT Futures,AAVEUSDT,125.34,192926.20000000004,24181369.908000007,0.0001,,OK,
2026-09-14T13:00:00Z,Bitget USDT Futures,AVAXUSDT,7.45,2953077.7,22000428.865000002,6.8e-05,,OK,
2026-09-14T13:00:00Z,Bitget USDT Futures,BTCUSDT,77793.6,35042.8965,2726113073.1624002,5.1e-05,,OK,
2026-09-14T13:00:00Z,Bitget USDT Futures,CAKEUSDT,2.3477,787796.9999999998,1849511.0168999995,5e-05,,OK,
2026-09-14T13:00:00Z,Bitget USDT Futures,CCUSDT,0.09565,6942318.0,664032.7167,1.1e-05,,OK,
2026-09-14T13:00:00Z,Bitget USDT Futures,ENAUSDT,0.13892,218102415.0,30298787.4918,5e-05,,OK,
2026-09-14T13:00:00Z,Bitget USDT Futures,ETHUSDT,2500.91,788900.4400000003,1972968999.4004006,0.0001,,OK,
2026-09-14T13:00:00Z,Bitget USDT Futures,HBARUSDT,0.07678,167377961.0,12851279.84558,0.0001,,OK,
2026-09-14T13:00:00Z,Bitget USDT Futures,HYPEUSDT,79.798,2384107.9200000013,190247043.8001601,1.2e-05,,OK,
2026-09-14T13:00:00Z,Bitget USDT Futures,LINKUSDT,11.321,4149320.0,46974451.72,0.0001,,OK,
2026-09-14T13:00:00Z,Bitget USDT Futures,MORPHOUSDT,2.2008,1047585.0,2305525.068,5e-05,,OK,
2026-09-14T13:00:00Z,Bitget USDT Futures,NEARUSDT,2.4124,16397364.0,39557000.9136,-4.8e-05,,OK,
2026-09-14T13:00:00Z,Bitget USDT Futures,ONDOUSDT,0.3516,55679891.7,19577049.92172,5e-05,,OK,
2026-09-14T13:00:00Z,Bitget USDT Futures,SEIUSDT,0.04446,148417776.0,6598654.32096,0.0001,,OK,
2026-09-14T13:00:00Z,Bitget USDT Futures,SOLUSDT,101.267,4296557.299999965,435099468.0990965,0.0001,,OK,
2026-09-14T13:00:00Z,Bitget USDT Futures,SUIUSDT,0.7206,65159033.80000001,46953599.75628001,2.2e-05,,OK,
2026-09-14T13:00:00Z,Bitget USDT Futures,TAOUSDT,232.75,116633.108,27146355.887,5e-05,,OK,
2026-09-14T13:00:00Z,Bitget USDT Futures,UNIUSDT,6.326,3684921.0,23310810.246,-3.9e-05,,OK,
2026-09-14T13:00:00Z,Bitget USDT Futures,XLMUSDT,0.19075,119823312.0,22856296.764,0.0001,,OK,
2026-09-14T13:00:00Z,Bitget USDT Futures,XRPUSDT,1.3931,164736383.0,229494255.1573,0.0001,,OK,
2026-09-14T13:00:00Z,Bitget USDT Futures,ZECUSDT,1134.18,108483.33400000026,123039627.75612031,6e-05,,OK,
2026-09-14T14:00:00Z,Bitget USDT Futures,AAVEUSDT,126.29,194946.80000000005,24619831.37200001,9.3e-05,,OK,
2026-09-14T14:00:00Z,Bitget USDT Futures,AVAXUSDT,7.492,2967418.9,22231902.3988,0.0001,,OK,
2026-09-14T14:00:00Z,Bitget USDT Futures,BTCUSDT,78512.2,34821.36030000002,2733901604.145662,5.2e-05,,OK,
2026-09-14T14:00:00Z,Bitget USDT Futures,CAKEUSDT,2.3674,786477.9999999998,1861908.0171999994,5e-05,,OK,
2026-09-14T14:00:00Z,Bitget USDT Futures,CCUSDT,0.09592,6943760.0,666045.4592,2.1e-05,,OK,
2026-09-14T14:00:00Z,Bitget USDT Futures,ENAUSDT,0.14074,218392676.0,30736585.22024,5e-05,,OK,
2026-09-14T14:00:00Z,Bitget USDT Futures,ETHUSDT,2511.68,795177.1900000005,1997230644.5792012,0.0001,,OK,
2026-09-14T14:00:00Z,Bitget USDT Futures,HBARUSDT,0.07686,166837753.0,12823149.69558,0.0001,,OK,
2026-09-14T14:00:00Z,Bitget USDT Futures,HYPEUSDT,80.691,2393677.1100000013,193148199.6830101,2.6e-05,,OK,
2026-09-14T14:00:00Z,Bitget USDT Futures,LINKUSDT,11.426,4162867.0,47564918.342,0.0001,,OK,
2026-09-14T14:00:00Z,Bitget USDT Futures,MORPHOUSDT,2.2065,1055165.0,2328221.5725000002,5e-05,,OK,
2026-09-14T14:00:00Z,Bitget USDT Futures,NEARUSDT,2.4153,16378908.0,39559976.4924,-0.000106,,OK,
2026-09-14T14:00:00Z,Bitget USDT Futures,ONDOUSDT,0.3541,55747143.400000006,19740063.477940004,5e-05,,OK,
2026-09-14T14:00:00Z,Bitget USDT Futures,SEIUSDT,0.04468,149417014.0,6675952.18552,0.0001,,OK,
2026-09-14T14:00:00Z,Bitget USDT Futures,SOLUSDT,101.773,4318202.099999965,439476382.3232964,0.0001,,OK,
2026-09-14T14:00:00Z,Bitget USDT Futures,SUIUSDT,0.7241,64785766.800000004,46911373.73988,1.2e-05,,OK,
2026-09-14T14:00:00Z,Bitget USDT Futures,TAOUSDT,233.79,116753.726,27295853.60154,5e-05,,OK,
2026-09-14T14:00:00Z,Bitget USDT Futures,UNIUSDT,6.358,3823344.0,24308821.152,-7.9e-05,,OK,
2026-09-14T14:00:00Z,Bitget USDT Futures,XLMUSDT,0.191,119374636.0,22800555.476,0.0001,,OK,
2026-09-14T14:00:00Z,Bitget USDT Futures,XRPUSDT,1.4035,164483152.0,230852103.832,0.0001,,OK,
2026-09-14T14:00:00Z,Bitget USDT Futures,ZECUSDT,1149.84,108643.28700000027,124922397.1240803,4.4e-05,,OK,
2026-09-14T15:00:00Z,Bitget USDT Futures,AAVEUSDT,125.96,194859.00000000006,24544439.640000004,6.7e-05,,OK,
2026-09-14T15:00:00Z,Bitget USDT Futures,AVAXUSDT,7.453,2935792.1,21880458.521300003,9e-05,,OK,
2026-09-14T15:00:00Z,Bitget USDT Futures,BTCUSDT,78501.5,34637.330700000035,2719082415.9460526,3.7e-05,,OK,
2026-09-14T15:00:00Z,Bitget USDT Futures,CAKEUSDT,2.3618,786083.4999999998,1856572.0102999995,5e-05,,OK,
2026-09-14T15:00:00Z,Bitget USDT Futures,CCUSDT,0.09532,7045964.0,671621.28848,2.1e-05,,OK,
2026-09-14T15:00:00Z,Bitget USDT Futures,ENAUSDT,0.14091,219020734.0,30862211.627940003,5e-05,,OK,
2026-09-14T15:00:00Z,Bitget USDT Futures,ETHUSDT,2504.69,791449.8400000004,1982336499.7496011,9.3e-05,,OK,
2026-09-14T15:00:00Z,Bitget USDT Futures,HBARUSDT,0.07663,166542625.0,12762161.35375,0.0001,,OK,
2026-09-14T15:00:00Z,Bitget USDT Futures,HYPEUSDT,79.553,2407370.920000002,191513578.79876015,3.6e-05,,OK,
2026-09-14T15:00:00Z,Bitget USDT Futures,LINKUSDT,11.43,4163080.0,47584004.4,0.0001,,OK,
2026-09-14T15:00:00Z,Bitget USDT Futures,MORPHOUSDT,2.1884,1053963.0,2306492.6292000003,5e-05,,OK,
2026-09-14T15:00:00Z,Bitget USDT Futures,NEARUSDT,2.3929,16388201.0,39215326.1729,-0.000123,,OK,
2026-09-14T15:00:00Z,Bitget USDT Futures,ONDOUSDT,0.351,55814661.699999996,19590946.256699998,5e-05,,OK,
2026-09-14T15:00:00Z,Bitget USDT Futures,SEIUSDT,0.04443,150542586.0,6688607.09598,0.0001,,OK,
2026-09-14T15:00:00Z,Bitget USDT Futures,SOLUSDT,101.839,4309934.199999966,438919388.9937965,0.0001,,OK,
2026-09-14T15:00:00Z,Bitget USDT Futures,SUIUSDT,0.7229,65234357.900000006,47157917.32591,9e-06,,OK,
2026-09-14T15:00:00Z,Bitget USDT Futures,TAOUSDT,232.59,116495.966,27095796.73194,5e-05,,OK,
2026-09-14T15:00:00Z,Bitget USDT Futures,UNIUSDT,6.378,3765369.0,24015523.482,-9.2e-05,,OK,
2026-09-14T15:00:00Z,Bitget USDT Futures,XLMUSDT,0.19189,119065356.0,22847451.16284,0.0001,,OK,
2026-09-14T15:00:00Z,Bitget USDT Futures,XRPUSDT,1.4002,164365430.0,230144475.086,0.0001,,OK,
2026-09-14T15:00:00Z,Bitget USDT Futures,ZECUSDT,1139.0,108559.44800000028,123649211.27200031,2.1e-05,,OK,
2026-09-14T16:00:00Z,Bitget USDT Futures,AAVEUSDT,126.71,194779.60000000003,24680523.116000004,5.4e-05,,OK,
2026-09-14T16:00:00Z,Bitget USDT Futures,AVAXUSDT,7.51,2935036.2,22042121.862,9.4e-05,,OK,
2026-09-14T16:00:00Z,Bitget USDT Futures,BTCUSDT,78769.8,34527.15060000004,2719696747.331883,2.9e-05,,OK,
2026-09-14T16:00:00Z,Bitget USDT Futures,CAKEUSDT,2.3629,797240.1999999997,1883798.868579999,5e-05,,OK,
2026-09-14T16:00:00Z,Bitget USDT Futures,CCUSDT,0.09639,7052714.0,679811.1024600001,5e-05,,OK,
2026-09-14T16:00:00Z,Bitget USDT Futures,ENAUSDT,0.14241,218281583.0,31085480.235030003,5e-05,,OK,
2026-09-14T16:00:00Z,Bitget USDT Futures,ETHUSDT,2522.68,785878.8900000004,1982520958.225201,8.2e-05,,OK,
2026-09-14T16:00:00Z,Bitget USDT Futures,HBARUSDT,0.07711,166427646.0,12833235.78306,0.0001,,OK,
2026-09-14T16:00:00Z,Bitget USDT Futures,HYPEUSDT,80.458,2414163.600000002,194238774.92880017,5e-05,,OK,
2026-09-14T16:00:00Z,Bitget USDT Futures,LINKUSDT,11.529,4193064.0,48341834.856,0.0001,,OK,
2026-09-14T16:00:00Z,Bitget USDT Futures,MORPHOUSDT,2.2015,1052679.0,2317472.8184999996,5e-05,,OK,
2026-09-14T16:00:00Z,Bitget USDT Futures,NEARUSDT,2.4273,16380694.0,39760858.5462,-9.3e-05,,OK,
2026-09-14T16:00:00Z,Bitget USDT Futures,ONDOUSDT,0.3545,55672382.3,19735859.525349997,5e-05,,OK,
2026-09-14T16:00:00Z,Bitget USDT Futures,SEIUSDT,0.04464,151048242.0,6742793.52288,0.0001,,OK,
2026-09-14T16:00:00Z,Bitget USDT Futures,SOLUSDT,102.515,4308101.399999965,441645015.0209964,0.0001,,OK,
2026-09-14T16:00:00Z,Bitget USDT Futures,SUIUSDT,0.7288,65244690.60000001,47550330.50928,1.5e-05,,OK,
2026-09-14T16:00:00Z,Bitget USDT Futures,TAOUSDT,235.08,116485.0,27383293.8,5e-05,,OK,
2026-09-14T16:00:00Z,Bitget USDT Futures,UNIUSDT,6.384,3801443.0,24268412.112,-8.7e-05,,OK,
2026-09-14T16:00:00Z,Bitget USDT Futures,XLMUSDT,0.19368,119139250.0,23074889.939999998,0.0001,,OK,
2026-09-14T16:00:00Z,Bitget USDT Futures,XRPUSDT,1.4151,164379220.0,232613034.222,9.2e-05,,OK,
2026-09-14T16:00:00Z,Bitget USDT Futures,ZECUSDT,1147.39,108603.89800000029,124611026.52622035,6.2e-05,,OK,
2026-09-14T17:00:00Z,Bitget USDT Futures,AAVEUSDT,127.04,193699.40000000002,24607571.776000004,5.6e-05,,OK,
2026-09-14T17:00:00Z,Bitget USDT Futures,AVAXUSDT,7.581,2936185.5,22259222.2755,0.0001,,OK,
2026-09-14T17:00:00Z,Bitget USDT Futures,BTCUSDT,78797.3,34688.00910000005,2733321459.455434,3.1e-05,,OK,
2026-09-14T17:00:00Z,Bitget USDT Futures,CAKEUSDT,2.3513,817779.9999999997,1922846.1139999994,5e-05,,OK,
2026-09-14T17:00:00Z,Bitget USDT Futures,CCUSDT,0.09707,6987870.0,678312.5409,5e-05,,OK,
2026-09-14T17:00:00Z,Bitget USDT Futures,ENAUSDT,0.14225,219435602.0,31214714.384499997,5e-05,,OK,
2026-09-14T17:00:00Z,Bitget USDT Futures,ETHUSDT,2531.23,783436.4100000005,1983057744.0843012,7.5e-05,,OK,
2026-09-14T17:00:00Z,Bitget USDT Futures,HBARUSDT,0.07748,163216297.0,12645998.691559998,0.0001,,OK,
2026-09-14T17:00:00Z,Bitget USDT Futures,HYPEUSDT,80.639,2415860.4200000023,194812568.40838018,5e-05,,OK,
2026-09-14T17:00:00Z,Bitget USDT Futures,LINKUSDT,11.509,4137682.0,47620582.138000004,0.0001,,OK,
2026-09-14T17:00:00Z,Bitget USDT Futures,MORPHOUSDT,2.195,1052373.0,2309958.735,5e-05,,OK,
2026-09-14T17:00:00Z,Bitget USDT Futures,NEARUSDT,2.5262,16249132.0,41048557.25839999,-6.3e-05,,OK,
2026-09-14T17:00:00Z,Bitget USDT Futures,ONDOUSDT,0.3558,55507182.1,19749455.39118,5e-05,,OK,
2026-09-14T17:00:00Z,Bitget USDT Futures,SEIUSDT,0.04497,150606790.0,6772787.3463,0.0001,,OK,
2026-09-14T17:00:00Z,Bitget USDT Futures,SOLUSDT,102.951,4275008.299999965,440116379.4932964,0.0001,,OK,
2026-09-14T17:00:00Z,Bitget USDT Futures,SUIUSDT,0.732,64141789.300000004,46951789.7676,3.6e-05,,OK,
2026-09-14T17:00:00Z,Bitget USDT Futures,TAOUSDT,235.64,116683.95,27495405.977999996,5e-05,,OK,
2026-09-14T17:00:00Z,Bitget USDT Futures,UNIUSDT,6.41,3814340.0,24449919.400000002,-7.2e-05,,OK,
2026-09-14T17:00:00Z,Bitget USDT Futures,XLMUSDT,0.19524,115829177.0,22614488.51748,0.0001,,OK,
2026-09-14T17:00:00Z,Bitget USDT Futures,XRPUSDT,1.4215,165764692.0,235634509.678,9.9e-05,,OK,
2026-09-14T17:00:00Z,Bitget USDT Futures,ZECUSDT,1144.38,108046.73500000029,123646522.59930034,7.2e-05,,OK,
2026-09-14T18:00:00Z,Bitget USDT Futures,AAVEUSDT,127.75,193245.3,24687087.075,5.6e-05,,OK,
2026-09-14T18:00:00Z,Bitget USDT Futures,AVAXUSDT,7.594,2927312.4,22230010.3656,0.0001,,OK,
2026-09-14T18:00:00Z,Bitget USDT Futures,BTCUSDT,79080.4,34239.53520000005,2707676139.4300838,3.7e-05,,OK,
2026-09-14T18:00:00Z,Bitget USDT Futures,CAKEUSDT,2.384,821424.9999999997,1958277.199999999,5e-05,,OK,
2026-09-14T18:00:00Z,Bitget USDT Futures,CCUSDT,0.09703,6844380.0,664110.1914,5e-05,,OK,
2026-09-14T18:00:00Z,Bitget USDT Futures,ENAUSDT,0.1437,219310087.0,31514859.5019,5e-05,,OK,
2026-09-14T18:00:00Z,Bitget USDT Futures,ETHUSDT,2535.83,783232.6200000006,1986144774.7746015,5.7e-05,,OK,
2026-09-14T18:00:00Z,Bitget USDT Futures,HBARUSDT,0.07806,162905950.0,12716438.457,0.0001,,OK,
2026-09-14T18:00:00Z,Bitget USDT Futures,HYPEUSDT,81.683,2414426.5500000026,197217603.88365024,5e-05,,OK,
2026-09-14T18:00:00Z,Bitget USDT Futures,LINKUSDT,11.631,4126059.0,47990192.229,0.0001,,OK,
2026-09-14T18:00:00Z,Bitget USDT Futures,MORPHOUSDT,2.1945,1045235.0,2293768.2075,5e-05,,OK,
2026-09-14T18:00:00Z,Bitget USDT Futures,NEARUSDT,2.577,16451703.0,42396038.631,3e-06,,OK,
2026-09-14T18:00:00Z,Bitget USDT Futures,ONDOUSDT,0.3586,55553774.0,19921583.356399998,5e-05,,OK,
2026-09-14T18:00:00Z,Bitget USDT Futures,SEIUSDT,0.04505,151375484.0,6819465.5542,0.0001,,OK,
2026-09-14T18:00:00Z,Bitget USDT Futures,SOLUSDT,103.274,4260461.699999966,439994921.60579646,0.0001,,OK,
2026-09-14T18:00:00Z,Bitget USDT Futures,SUIUSDT,0.7376,64354998.80000001,47468247.11488001,7.9e-05,,OK,
2026-09-14T18:00:00Z,Bitget USDT Futures,TAOUSDT,237.14,116898.41399999999,27721289.895959996,5e-05,,OK,
2026-09-14T18:00:00Z,Bitget USDT Futures,UNIUSDT,6.479,3802297.0,24635082.263,-2.6e-05,,OK,
2026-09-14T18:00:00Z,Bitget USDT Futures,XLMUSDT,0.19434,116420434.0,22625147.14356,0.0001,,OK,
2026-09-14T18:00:00Z,Bitget USDT Futures,XRPUSDT,1.4446,164866968.0,238166821.97280002,0.0001,,OK,
2026-09-14T18:00:00Z,Bitget USDT Futures,ZECUSDT,1164.2,107595.47200000033,125262648.50240038,7.7e-05,,OK,
2026-09-14T19:00:00Z,Bitget USDT Futures,AAVEUSDT,129.5,195368.69999999998,25300246.65,5.7e-05,,OK,
2026-09-14T19:00:00Z,Bitget USDT Futures,AVAXUSDT,7.603,2926375.5,22249232.9265,0.0001,,OK,
2026-09-14T19:00:00Z,Bitget USDT Futures,BTCUSDT,79110.9,33830.41180000005,2676354324.8686237,3.4e-05,,OK,
2026-09-14T19:00:00Z,Bitget USDT Futures,CAKEUSDT,2.3756,815839.5999999996,1938108.553759999,5e-05,,OK,
2026-09-14T19:00:00Z,Bitget USDT Futures,CCUSDT,0.09792,6972418.0,682739.17056,5e-05,,OK,
2026-09-14T19:00:00Z,Bitget USDT Futures,ENAUSDT,0.14559,223375216.0,32521197.69744,5e-05,,OK,
2026-09-14T19:00:00Z,Bitget USDT Futures,ETHUSDT,2540.1,782386.5200000005,1987339999.452001,3.2e-05,,OK,
2026-09-14T19:00:00Z,Bitget USDT Futures,HBARUSDT,0.07822,162719321.0,12727905.288619999,0.0001,,OK,
2026-09-14T19:00:00Z,Bitget USDT Futures,HYPEUSDT,81.463,2410640.5500000026,196378011.1246502,5e-05,,OK,
2026-09-14T19:00:00Z,Bitget USDT Futures,LINKUSDT,11.698,4100081.0,47962747.538,0.0001,,OK,
2026-09-14T19:00:00Z,Bitget USDT Futures,MORPHOUSDT,2.206,1046213.0,2307945.878,5e-05,,OK,
2026-09-14T19:00:00Z,Bitget USDT Futures,NEARUSDT,2.5538,16490800.0,42114205.04,9.7e-05,,OK,
2026-09-14T19:00:00Z,Bitget USDT Futures,ONDOUSDT,0.3588,55425130.800000004,19886536.931040004,5e-05,,OK,
2026-09-14T19:00:00Z,Bitget USDT Futures,SEIUSDT,0.04493,151291998.0,6797549.47014,0.0001,,OK,
2026-09-14T19:00:00Z,Bitget USDT Futures,SOLUSDT,103.459,4272780.199999966,442057566.71179646,0.0001,,OK,
2026-09-14T19:00:00Z,Bitget USDT Futures,SUIUSDT,0.7386,64082561.50000001,47331379.92390001,9.9e-05,,OK,
2026-09-14T19:00:00Z,Bitget USDT Futures,TAOUSDT,237.77,116360.567,27667052.01559,5e-05,,OK,
2026-09-14T19:00:00Z,Bitget USDT Futures,UNIUSDT,6.67,3782256.0,25227647.52,6.7e-05,,OK,
2026-09-14T19:00:00Z,Bitget USDT Futures,XLMUSDT,0.19441,116983738.0,22742808.50458,0.0001,,OK,
2026-09-14T19:00:00Z,Bitget USDT Futures,XRPUSDT,1.4659,164635659.0,241339412.52809998,0.0001,,OK,
2026-09-14T19:00:00Z,Bitget USDT Futures,ZECUSDT,1187.73,106536.25900000033,126536310.90207039,6.1e-05,,OK,
2026-09-14T20:00:00Z,Bitget USDT Futures,AAVEUSDT,133.14,198901.9,26481798.966,0.0001,,OK,
2026-09-14T20:00:00Z,Bitget USDT Futures,AVAXUSDT,7.724,2884238.0,22277854.312,0.0001,,OK,
2026-09-14T20:00:00Z,Bitget USDT Futures,BTCUSDT,79371.2,33653.79870000006,2671142387.3774443,2.5e-05,,OK,
2026-09-14T20:00:00Z,Bitget USDT Futures,CAKEUSDT,2.3892,812861.3999999997,1942088.4568799995,5e-05,,OK,
2026-09-14T20:00:00Z,Bitget USDT Futures,CCUSDT,0.09823,6822500.0,670174.1749999999,5e-05,,OK,
2026-09-14T20:00:00Z,Bitget USDT Futures,ENAUSDT,0.1466,221382722.0,32454707.0452,5e-05,,OK,
2026-09-14T20:00:00Z,Bitget USDT Futures,ETHUSDT,2589.99,772503.4900000006,2000776314.0651014,1e-05,,OK,
2026-09-14T20:00:00Z,Bitget USDT Futures,HBARUSDT,0.07877,162748606.0,12819707.69462,0.0001,,OK,
2026-09-14T20:00:00Z,Bitget USDT Futures,HYPEUSDT,82.112,2409468.220000003,197846254.48064023,5e-05,,OK,
2026-09-14T20:00:00Z,Bitget USDT Futures,LINKUSDT,11.901,4085213.0,48618119.913,0.0001,,OK,
2026-09-14T20:00:00Z,Bitget USDT Futures,MORPHOUSDT,2.2237,1048665.0,2331916.3605,5e-05,,OK,
2026-09-14T20:00:00Z,Bitget USDT Futures,NEARUSDT,2.5519,16480226.0,42055888.729399994,0.0001,,OK,
2026-09-14T20:00:00Z,Bitget USDT Futures,ONDOUSDT,0.3637,55082694.7,20033576.062390003,5e-05,,OK,
2026-09-14T20:00:00Z,Bitget USDT Futures,SEIUSDT,0.04519,151652808.0,6853190.39352,0.0001,,OK,
2026-09-14T20:00:00Z,Bitget USDT Futures,SOLUSDT,104.464,4246619.499999966,443618859.4479964,0.0001,,OK,
2026-09-14T20:00:00Z,Bitget USDT Futures,SUIUSDT,0.7448,64012493.7,47676505.30776,0.0001,,OK,
2026-09-14T20:00:00Z,Bitget USDT Futures,TAOUSDT,241.13,116500.20599999999,28091694.672779996,5e-05,,OK,
2026-09-14T20:00:00Z,Bitget USDT Futures,UNIUSDT,6.75,3788583.0,25572935.25,0.0001,,OK,
2026-09-14T20:00:00Z,Bitget USDT Futures,XLMUSDT,0.19536,117107260.0,22878074.3136,0.0001,,OK,
2026-09-14T20:00:00Z,Bitget USDT Futures,XRPUSDT,1.4874,164538949.0,244735232.74260002,0.0001,,OK,
2026-09-14T20:00:00Z,Bitget USDT Futures,ZECUSDT,1207.87,105422.34500000034,127336487.8551504,-0.000111,,OK,
2026-09-14T21:00:00Z,Bitget USDT Futures,AAVEUSDT,130.41,200061.4,26090007.174,0.0001,,OK,
2026-09-14T21:00:00Z,Bitget USDT Futures,AVAXUSDT,7.658,2902268.1,22225569.109800003,0.0001,,OK,
2026-09-14T21:00:00Z,Bitget USDT Futures,BTCUSDT,78775.4,33156.78140000006,2611938717.4975643,2.2e-05,,OK,
2026-09-14T21:00:00Z,Bitget USDT Futures,CAKEUSDT,2.3524,811456.1999999996,1908869.564879999,5e-05,,OK,
2026-09-14T21:00:00Z,Bitget USDT Futures,CCUSDT,0.09818,6826104.0,670186.89072,5e-05,,OK,
2026-09-14T21:00:00Z,Bitget USDT Futures,ENAUSDT,0.1438,218271692.0,31387469.309600003,5e-05,,OK,
2026-09-14T21:00:00Z,Bitget USDT Futures,ETHUSDT,2549.21,755440.9700000006,1925777675.1337013,4.5e-05,,OK,
2026-09-14T21:00:00Z,Bitget USDT Futures,HBARUSDT,0.07836,162534117.0,12736173.40812,0.0001,,OK,
2026-09-14T21:00:00Z,Bitget USDT Futures,HYPEUSDT,80.651,2410046.600000003,194372668.3366002,4.9e-05,,OK,
2026-09-14T21:00:00Z,Bitget USDT Futures,LINKUSDT,11.658,4071161.0,47461594.938,0.0001,,OK,
2026-09-14T21:00:00Z,Bitget USDT Futures,MORPHOUSDT,2.1841,1050507.0,2294412.3386999997,5e-05,,OK,
2026-09-14T21:00:00Z,Bitget USDT Futures,NEARUSDT,2.4814,16409600.0,40718781.44,0.0001,,OK,
2026-09-14T21:00:00Z,Bitget USDT Futures,ONDOUSDT,0.3582,55133216.300000004,19748718.078660004,5e-05,,OK,
2026-09-14T21:00:00Z,Bitget USDT Futures,SEIUSDT,0.04468,152575228.0,6817061.187039999,0.0001,,OK,
2026-09-14T21:00:00Z,Bitget USDT Futures,SOLUSDT,103.498,4246019.199999966,439454495.1615965,0.0001,,OK,
2026-09-14T21:00:00Z,Bitget USDT Futures,SUIUSDT,0.7333,64238582.50000001,47106152.54725,0.0001,,OK,
2026-09-14T21:00:00Z,Bitget USDT Futures,TAOUSDT,235.54,115376.45599999999,27175770.446239997,5e-05,,OK,
2026-09-14T21:00:00Z,Bitget USDT Futures,UNIUSDT,6.601,3754093.0,24780767.893,0.0001,,OK,
2026-09-14T21:00:00Z,Bitget USDT Futures,XLMUSDT,0.19353,117151948.0,22672416.49644,0.0001,,OK,
2026-09-14T21:00:00Z,Bitget USDT Futures,XRPUSDT,1.448,164304533.0,237912963.78399998,0.0001,,OK,
2026-09-14T21:00:00Z,Bitget USDT Futures,ZECUSDT,1179.99,105036.04300000033,123941480.37957038,-0.000144,,OK,
2026-09-14T22:00:00Z,Bitget USDT Futures,AAVEUSDT,129.55,200016.3,25912111.665,0.0001,,OK,
2026-09-14T22:00:00Z,Bitget USDT Futures,AVAXUSDT,7.65,2875785.5,21999759.075,0.0001,,OK,
2026-09-14T22:00:00Z,Bitget USDT Futures,BTCUSDT,78687.4,32869.96980000006,2586452461.6405244,1.7e-05,,OK,
2026-09-14T22:00:00Z,Bitget USDT Futures,CAKEUSDT,2.3472,810131.3999999997,1901540.4220799992,5e-05,,OK,
2026-09-14T22:00:00Z,Bitget USDT Futures,CCUSDT,0.09772,6787462.0,663270.7866400001,5e-05,,OK,
2026-09-14T22:00:00Z,Bitget USDT Futures,ENAUSDT,0.14444,218314193.0,31533302.036920004,5e-05,,OK,
2026-09-14T22:00:00Z,Bitget USDT Futures,ETHUSDT,2548.14,758026.4200000005,1931557441.8588011,6.7e-05,,OK,
2026-09-14T22:00:00Z,Bitget USDT Futures,HBARUSDT,0.07791,162462483.0,12657452.05053,0.0001,,OK,
2026-09-14T22:00:00Z,Bitget USDT Futures,HYPEUSDT,80.359,2411645.700000003,193797436.80630022,4.1e-05,,OK,
2026-09-14T22:00:00Z,Bitget USDT Futures,LINKUSDT,11.649,4061819.0,47316129.530999996,7e-05,,OK,
2026-09-14T22:00:00Z,Bitget USDT Futures,MORPHOUSDT,2.1938,1048025.0,2299157.245,5e-05,,OK,
2026-09-14T22:00:00Z,Bitget USDT Futures,NEARUSDT,2.5135,16390471.0,41197448.858500004,0.0001,,OK,
2026-09-14T22:00:00Z,Bitget USDT Futures,ONDOUSDT,0.3593,55358180.0,19890194.074,5e-05,,OK,
2026-09-14T22:00:00Z,Bitget USDT Futures,SEIUSDT,0.04466,153349162.0,6848573.57492,0.0001,,OK,
2026-09-14T22:00:00Z,Bitget USDT Futures,SOLUSDT,103.25,4243240.399999966,438114571.2999965,0.0001,,OK,
2026-09-14T22:00:00Z,Bitget USDT Futures,SUIUSDT,0.7304,63874471.00000001,46653913.61840001,0.0001,,OK,
2026-09-14T22:00:00Z,Bitget USDT Futures,TAOUSDT,234.69,115064.143,27004403.72067,5e-05,,OK,
2026-09-14T22:00:00Z,Bitget USDT Futures,UNIUSDT,6.555,3768246.0,24700852.529999997,0.0001,,OK,
2026-09-14T22:00:00Z,Bitget USDT Futures,XLMUSDT,0.1942,117481691.0,22814944.3922,0.0001,,OK,
2026-09-14T22:00:00Z,Bitget USDT Futures,XRPUSDT,1.4461,163495134.0,236430313.2774,0.0001,,OK,
2026-09-14T22:00:00Z,Bitget USDT Futures,ZECUSDT,1180.44,105755.74100000031,124838306.90604037,-0.000173,,OK,
2026-09-14T23:00:00Z,Bitget USDT Futures,AAVEUSDT,128.49,197455.80000000002,25371095.742000002,0.0001,,OK,
2026-09-14T23:00:00Z,Bitget USDT Futures,AVAXUSDT,7.609,2861122.1,21770278.058900002,0.0001,,OK,
2026-09-14T23:00:00Z,Bitget USDT Futures,BTCUSDT,78397.8,32827.21790000006,2573581663.480625,1.5e-05,,OK,
2026-09-14T23:00:00Z,Bitget USDT Futures,CAKEUSDT,2.3442,810133.3999999997,1899114.7162799991,5e-05,,OK,
2026-09-14T23:00:00Z,Bitget USDT Futures,CCUSDT,0.09716,6790112.0,659727.28192,5e-05,,OK,
2026-09-14T23:00:00Z,Bitget USDT Futures,ENAUSDT,0.14335,217426522.0,31168091.9287,5e-05,,OK,
2026-09-14T23:00:00Z,Bitget USDT Futures,ETHUSDT,2525.12,769095.0000000005,1942057166.400001,8.3e-05,,OK,
2026-09-14T23:00:00Z,Bitget USDT Futures,HBARUSDT,0.07764,162429083.0,12610994.00412,0.0001,,OK,
2026-09-14T23:00:00Z,Bitget USDT Futures,HYPEUSDT,80.148,2408357.560000003,193025041.7188802,1.7e-05,,OK,
2026-09-14T23:00:00Z,Bitget USDT Futures,LINKUSDT,11.543,4045152.0,46693189.536,3.2e-05,,OK,
2026-09-14T23:00:00Z,Bitget USDT Futures,MORPHOUSDT,2.1835,1043753.0,2279034.6755,5e-05,,OK,
2026-09-14T23:00:00Z,Bitget USDT Futures,NEARUSDT,2.4807,16361628.0,40588290.5796,0.0001,,OK,
2026-09-14T23:00:00Z,Bitget USDT Futures,ONDOUSDT,0.3558,55313303.7,19680473.456460003,5e-05,,OK,
2026-09-14T23:00:00Z,Bitget USDT Futures,SEIUSDT,0.04451,151808686.0,6757004.61386,0.0001,,OK,
2026-09-14T23:00:00Z,Bitget USDT Futures,SOLUSDT,102.792,4234952.399999966,435319227.1007965,0.0001,,OK,
2026-09-14T23:00:00Z,Bitget USDT Futures,SUIUSDT,0.7232,63506432.50000001,45927851.984000005,0.0001,,OK,
2026-09-14T23:00:00Z,Bitget USDT Futures,TAOUSDT,233.01,115139.132,26828569.14732,5e-05,,OK,
2026-09-14T23:00:00Z,Bitget USDT Futures,UNIUSDT,6.548,3755359.0,24590090.732,0.0001,,OK,
2026-09-14T23:00:00Z,Bitget USDT Futures,XLMUSDT,0.19235,117673308.0,22634460.7938,0.0001,,OK,
2026-09-14T23:00:00Z,Bitget USDT Futures,XRPUSDT,1.4305,162696285.0,232737035.69250003,0.0001,,OK,
2026-09-14T23:00:00Z,Bitget USDT Futures,ZECUSDT,1169.99,104998.9690000003,122847743.74031036,-0.000154,,OK,
2026-09-15T00:00:00Z,Bitget USDT Futures,AAVEUSDT,128.0,197792.6,25317452.8,0.0001,,OK,
2026-09-15T00:00:00Z,Bitget USDT Futures,AVAXUSDT,7.567,2858018.5,21626625.9895,0.0001,,OK,
2026-09-15T00:00:00Z,Bitget USDT Futures,BTCUSDT,78014.1,32714.54210000006,2552195558.843615,2.7e-05,,OK,
2026-09-15T00:00:00Z,Bitget USDT Futures,CAKEUSDT,2.3379,813520.5999999997,1901929.8107399994,5e-05,,OK,
2026-09-15T00:00:00Z,Bitget USDT Futures,CCUSDT,0.0962,6769964.0,651270.5368,5e-05,,OK,
2026-09-15T00:00:00Z,Bitget USDT Futures,ENAUSDT,0.14445,219308194.0,31679068.623299997,5e-05,,OK,
2026-09-15T00:00:00Z,Bitget USDT Futures,ETHUSDT,2509.39,773571.3000000005,1941192084.5070012,8e-05,,OK,
2026-09-15T00:00:00Z,Bitget USDT Futures,HBARUSDT,0.0781,167009269.0,13043423.9089,0.0001,,OK,
2026-09-15T00:00:00Z,Bitget USDT Futures,HYPEUSDT,80.453,2409072.620000003,193817119.49686024,9e-06,,OK,
2026-09-15T00:00:00Z,Bitget USDT Futures,LINKUSDT,11.526,4048516.0,46663195.416,1.1e-05,,OK,
2026-09-15T00:00:00Z,Bitget USDT Futures,MORPHOUSDT,2.1644,1042873.0,2257194.3212,5e-05,,OK,
2026-09-15T00:00:00Z,Bitget USDT Futures,NEARUSDT,2.4773,16288090.0,40350485.357,0.0001,,OK,
2026-09-15T00:00:00Z,Bitget USDT Futures,ONDOUSDT,0.3537,54669424.1,19336575.30417,5e-05,,OK,
2026-09-15T00:00:00Z,Bitget USDT Futures,SEIUSDT,0.0446,151891736.0,6774371.4256,0.0001,,OK,
2026-09-15T00:00:00Z,Bitget USDT Futures,SOLUSDT,102.608,4217803.899999966,432780422.5711965,0.0001,,OK,
2026-09-15T00:00:00Z,Bitget USDT Futures,SUIUSDT,0.7192,63934437.50000001,45981647.45,0.0001,,OK,
2026-09-15T00:00:00Z,Bitget USDT Futures,TAOUSDT,231.52,115080.93699999999,26643538.53424,5e-05,,OK,
2026-09-15T00:00:00Z,Bitget USDT Futures,UNIUSDT,6.584,3799695.0,25017191.88,0.0001,,OK,
2026-09-15T00:00:00Z,Bitget USDT Futures,XLMUSDT,0.19203,118504024.0,22756327.728720002,0.0001,,OK,
2026-09-15T00:00:00Z,Bitget USDT Futures,XRPUSDT,1.4189,163429055.0,231889486.13950002,0.0001,,OK,
2026-09-15T00:00:00Z,Bitget USDT Futures,ZECUSDT,1163.54,105770.97000000029,123068754.43380034,-9.4e-05,,OK,
2026-09-15T01:00:00Z,Bitget USDT Futures,AAVEUSDT,128.05,198020.80000000002,25356563.440000005,9.6e-05,,OK,
2026-09-15T01:00:00Z,Bitget USDT Futures,AVAXUSDT,7.549,2846037.3000000003,21484735.577700004,0.0001,,OK,
2026-09-15T01:00:00Z,Bitget USDT Futures,BTCUSDT,77875.7,32915.71710000006,2563334510.1644745,5.1e-05,,OK,
2026-09-15T01:00:00Z,Bitget USDT Futures,CAKEUSDT,2.3353,815151.3999999997,1903623.0644199993,4.8e-05,,OK,
2026-09-15T01:00:00Z,Bitget USDT Futures,CCUSDT,0.09593,6754462.0,647955.53966,5e-05,,OK,
2026-09-15T01:00:00Z,Bitget USDT Futures,ENAUSDT,0.14389,218512138.0,31441711.53682,5e-05,,OK,
2026-09-15T01:00:00Z,Bitget USDT Futures,ETHUSDT,2512.94,778350.1800000004,1955947301.329201,9.6e-05,,OK,
2026-09-15T01:00:00Z,Bitget USDT Futures,HBARUSDT,0.07785,168765414.0,13138387.4799,0.0001,,OK,
2026-09-15T01:00:00Z,Bitget USDT Futures,HYPEUSDT,80.146,2413878.3000000026,193462690.2318002,2.7e-05,,OK,
2026-09-15T01:00:00Z,Bitget USDT Futures,LINKUSDT,11.564,4061310.0,46964988.84,-5e-06,,OK,
2026-09-15T01:00:00Z,Bitget USDT Futures,MORPHOUSDT,2.174,1043101.0,2267701.574,5e-05,,OK,
2026-09-15T01:00:00Z,Bitget USDT Futures,NEARUSDT,2.453,16298763.0,39980865.639,0.0001,,OK,
2026-09-15T01:00:00Z,Bitget USDT Futures,ONDOUSDT,0.3534,54645702.7,19311791.33418,4.4e-05,,OK,
2026-09-15T01:00:00Z,Bitget USDT Futures,SEIUSDT,0.04449,151880320.0,6757155.4368,0.0001,,OK,
2026-09-15T01:00:00Z,Bitget USDT Futures,SOLUSDT,102.357,4219342.9999999665,431879291.4509966,0.0001,,OK,
2026-09-15T01:00:00Z,Bitget USDT Futures,SUIUSDT,0.7186,63953803.70000001,45957203.33882001,0.0001,,OK,
2026-09-15T01:00:00Z,Bitget USDT Futures,TAOUSDT,232.27,115479.55099999999,26822435.310769998,5e-05,,OK,
2026-09-15T01:00:00Z,Bitget USDT Futures,UNIUSDT,6.683,3829313.0,25591298.779,8.5e-05,,OK,
2026-09-15T01:00:00Z,Bitget USDT Futures,XLMUSDT,0.19314,118322324.0,22852773.657360002,0.0001,,OK,
2026-09-15T01:00:00Z,Bitget USDT Futures,XRPUSDT,1.4183,163863648.0,232407811.95839998,0.0001,,OK,
2026-09-15T01:00:00Z,Bitget USDT Futures,ZECUSDT,1155.5,106525.80700000028,123090569.98850033,-6.7e-05,,OK,
2026-09-15T02:00:00Z,Bitget USDT Futures,AAVEUSDT,127.98,197994.80000000002,25339374.504000004,6.3e-05,,OK,
2026-09-15T02:00:00Z,Bitget USDT Futures,AVAXUSDT,7.555,2843982.5,21486287.787499998,5e-05,,OK,
2026-09-15T02:00:00Z,Bitget USDT Futures,BTCUSDT,77913.5,33232.86690000005,2589288975.213154,8.4e-05,,OK,
2026-09-15T02:00:00Z,Bitget USDT Futures,CAKEUSDT,2.3312,814143.1999999997,1897930.6278399993,2.5e-05,,OK,
2026-09-15T02:00:00Z,Bitget USDT Futures,CCUSDT,0.09608,6758842.0,649389.5393599999,5e-05,,OK,
2026-09-15T02:00:00Z,Bitget USDT Futures,ENAUSDT,0.1433,218076097.0,31250304.7001,5e-05,,OK,
2026-09-15T02:00:00Z,Bitget USDT Futures,ETHUSDT,2517.83,782653.1100000002,1970587479.9513004,0.0001,,OK,
2026-09-15T02:00:00Z,Bitget USDT Futures,HBARUSDT,0.07799,168997499.0,13180114.947010001,0.0001,,OK,
2026-09-15T02:00:00Z,Bitget USDT Futures,HYPEUSDT,80.121,2416437.980000003,193607427.3955802,2.2e-05,,OK,
2026-09-15T02:00:00Z,Bitget USDT Futures,LINKUSDT,11.605,4056824.0,47079442.52,-1.9e-05,,OK,
2026-09-15T02:00:00Z,Bitget USDT Futures,MORPHOUSDT,2.1788,1046043.0,2279118.4883999997,5e-05,,OK,
2026-09-15T02:00:00Z,Bitget USDT Futures,NEARUSDT,2.4404,16282962.0,39736940.4648,0.0001,,OK,
2026-09-15T02:00:00Z,Bitget USDT Futures,ONDOUSDT,0.3538,54569234.5,19306595.1661,4.4e-05,,OK,
2026-09-15T02:00:00Z,Bitget USDT Futures,SEIUSDT,0.04429,152143554.0,6738438.00666,9.1e-05,,OK,
2026-09-15T02:00:00Z,Bitget USDT Futures,SOLUSDT,102.219,4225711.799999966,431948034.48419654,0.0001,,OK,
2026-09-15T02:00:00Z,Bitget USDT Futures,SUIUSDT,0.7208,64300128.30000001,46347532.478640005,0.0001,,OK,
2026-09-15T02:00:00Z,Bitget USDT Futures,TAOUSDT,233.08,115167.73599999999,26843295.90688,5e-05,,OK,
2026-09-15T02:00:00Z,Bitget USDT Futures,UNIUSDT,6.657,3871030.0,25769446.71,2.3e-05,,OK,
2026-09-15T02:00:00Z,Bitget USDT Futures,XLMUSDT,0.19588,117623720.0,23040134.2736,0.0001,,OK,
2026-09-15T02:00:00Z,Bitget USDT Futures,XRPUSDT,1.4274,164056216.0,234173842.7184,0.0001,,OK,
2026-09-15T02:00:00Z,Bitget USDT Futures,ZECUSDT,1159.96,106216.3790000003,123206750.98484036,-5.7e-05,,OK,
2026-09-15T03:00:00Z,Bitget USDT Futures,AAVEUSDT,126.87,197542.0,25062153.54,2.3e-05,,OK,
2026-09-15T03:00:00Z,Bitget USDT Futures,AVAXUSDT,7.516,2834870.3000000003,21306885.1748,5e-06,,OK,
2026-09-15T03:00:00Z,Bitget USDT Futures,BTCUSDT,77729.3,33286.47130000005,2587334113.619094,0.0001,,OK,
2026-09-15T03:00:00Z,Bitget USDT Futures,CAKEUSDT,2.3181,811796.7999999997,1881826.1620799992,-1e-05,,OK,
2026-09-15T03:00:00Z,Bitget USDT Futures,CCUSDT,0.09578,6762172.0,647680.83416,5e-05,,OK,
2026-09-15T03:00:00Z,Bitget USDT Futures,ENAUSDT,0.14139,216294658.0,30581901.69462,5e-05,,OK,
2026-09-15T03:00:00Z,Bitget USDT Futures,ETHUSDT,2498.85,780214.8600000002,1949639902.9110005,0.0001,,OK,
2026-09-15T03:00:00Z,Bitget USDT Futures,HBARUSDT,0.07756,169752307.0,13165988.930920001,0.0001,,OK,
2026-09-15T03:00:00Z,Bitget USDT Futures,HYPEUSDT,79.276,2412304.120000003,191237821.41712022,-6e-06,,OK,
2026-09-15T03:00:00Z,Bitget USDT Futures,LINKUSDT,11.475,4061924.0,46610577.9,-1.6e-05,,OK,
2026-09-15T03:00:00Z,Bitget USDT Futures,MORPHOUSDT,2.1651,1045635.0,2263904.3384999996,5e-05,,OK,
2026-09-15T03:00:00Z,Bitget USDT Futures,NEARUSDT,2.4247,16271320.0,39453069.604,0.0001,,OK,
2026-09-15T03:00:00Z,Bitget USDT Futures,ONDOUSDT,0.3509,54589106.1,19155317.33049,5e-05,,OK,
2026-09-15T03:00:00Z,Bitget USDT Futures,SEIUSDT,0.04404,151970466.0,6692779.322640001,3.8e-05,,OK,
2026-09-15T03:00:00Z,Bitget USDT Futures,SOLUSDT,101.348,4222000.9999999665,427891357.3479966,7.5e-05,,OK,
2026-09-15T03:00:00Z,Bitget USDT Futures,SUIUSDT,0.716,64722774.50000001,46341506.542,0.0001,,OK,
2026-09-15T03:00:00Z,Bitget USDT Futures,TAOUSDT,231.25,115211.76999999999,26642721.812499996,5e-05,,OK,
2026-09-15T03:00:00Z,Bitget USDT Futures,UNIUSDT,6.533,3882207.0,25362458.331,9e-06,,OK,
2026-09-15T03:00:00Z,Bitget USDT Futures,XLMUSDT,0.19402,118202532.0,22933655.25864,0.0001,,OK,
2026-09-15T03:00:00Z,Bitget USDT Futures,XRPUSDT,1.4138,163477534.0,231124537.56919998,0.0001,,OK,
2026-09-15T03:00:00Z,Bitget USDT Futures,ZECUSDT,1142.01,106181.06600000033,121259839.18266037,-4e-06,,OK,
2026-09-15T04:00:00Z,Bitget USDT Futures,AAVEUSDT,127.28,197566.3,25146238.663999997,-6e-06,,OK,
2026-09-15T04:00:00Z,Bitget USDT Futures,AVAXUSDT,7.532,2844059.5000000005,21421456.154000003,-2.4e-05,,OK,
2026-09-15T04:00:00Z,Bitget USDT Futures,BTCUSDT,77630.3,33405.455300000045,2593275516.5755935,0.0001,,OK,
2026-09-15T04:00:00Z,Bitget USDT Futures,CAKEUSDT,2.3311,811586.7999999997,1891889.9894799995,-3.4e-05,,OK,
2026-09-15T04:00:00Z,Bitget USDT Futures,CCUSDT,0.09575,6758500.0,647126.375,5e-05,,OK,
2026-09-15T04:00:00Z,Bitget USDT Futures,ENAUSDT,0.14233,216930257.0,30875683.47881,5e-05,,OK,
2026-09-15T04:00:00Z,Bitget USDT Futures,ETHUSDT,2498.38,776231.3800000002,1939320955.1644006,7.9e-05,,OK,
2026-09-15T04:00:00Z,Bitget USDT Futures,HBARUSDT,0.07728,169351481.0,13087482.45168,0.0001,,OK,
2026-09-15T04:00:00Z,Bitget USDT Futures,HYPEUSDT,79.565,2418096.460000003,192395844.83990026,-3.6e-05,,OK,
2026-09-15T04:00:00Z,Bitget USDT Futures,LINKUSDT,11.48,4076554.0,46798839.92,-1.6e-05,,OK,
2026-09-15T04:00:00Z,Bitget USDT Futures,MORPHOUSDT,2.1721,1046169.0,2272383.6848999998,5e-05,,OK,
2026-09-15T04:00:00Z,Bitget USDT Futures,NEARUSDT,2.4288,16329222.0,39660414.393599994,0.0001,,OK,
2026-09-15T04:00:00Z,Bitget USDT Futures,ONDOUSDT,0.3519,54983244.7,19348603.80993,3.6e-05,,OK,
2026-09-15T04:00:00Z,Bitget USDT Futures,SEIUSDT,0.04414,151858834.0,6703048.93276,-4.5e-05,,OK,
2026-09-15T04:00:00Z,Bitget USDT Futures,SOLUSDT,101.527,4225483.9999999665,429000714.0679966,6.1e-05,,OK,
2026-09-15T04:00:00Z,Bitget USDT Futures,SUIUSDT,0.7146,65066828.60000001,46496755.71756001,0.0001,,OK,
2026-09-15T04:00:00Z,Bitget USDT Futures,TAOUSDT,231.34,115777.65,26784001.551,5e-05,,OK,
2026-09-15T04:00:00Z,Bitget USDT Futures,UNIUSDT,6.635,3877762.0,25728950.869999997,5.3e-05,,OK,
2026-09-15T04:00:00Z,Bitget USDT Futures,XLMUSDT,0.19254,119116440.0,22934679.3576,0.0001,,OK,
2026-09-15T04:00:00Z,Bitget USDT Futures,XRPUSDT,1.4145,164730374.0,233011114.023,0.0001,,OK,
2026-09-15T04:00:00Z,Bitget USDT Futures,ZECUSDT,1150.8,105675.12700000031,121610936.15160036,8.6e-05,,OK,
2026-09-15T05:00:00Z,Bitget USDT Futures,AAVEUSDT,126.99,197436.8,25072499.231999997,-2.3e-05,,OK,
2026-09-15T05:00:00Z,Bitget USDT Futures,AVAXUSDT,7.473,2850976.7,21305348.879100002,-5.1e-05,,OK,
2026-09-15T05:00:00Z,Bitget USDT Futures,BTCUSDT,77312.6,33276.93220000005,2572726148.4057236,0.0001,,OK,
2026-09-15T05:00:00Z,Bitget USDT Futures,CAKEUSDT,2.308,837782.9999999998,1933603.1639999994,-2.4e-05,,OK,
2026-09-15T05:00:00Z,Bitget USDT Futures,CCUSDT,0.09555,6758084.0,645734.9262,5e-05,,OK,
2026-09-15T05:00:00Z,Bitget USDT Futures,ENAUSDT,0.14014,218077422.0,30561369.919079997,5e-05,,OK,
2026-09-15T05:00:00Z,Bitget USDT Futures,ETHUSDT,2478.43,767516.0600000003,1902234828.5858006,3.5e-05,,OK,
2026-09-15T05:00:00Z,Bitget USDT Futures,HBARUSDT,0.07662,167227095.0,12812940.0189,0.0001,,OK,
2026-09-15T05:00:00Z,Bitget USDT Futures,HYPEUSDT,78.847,2415364.160000003,190444217.9235202,-3.5e-05,,OK,
2026-09-15T05:00:00Z,Bitget USDT Futures,LINKUSDT,11.38,4074608.0,46369039.04000001,-2.3e-05,,OK,
2026-09-15T05:00:00Z,Bitget USDT Futures,MORPHOUSDT,2.1679,1046453.0,2268605.4587,5e-05,,OK,
2026-09-15T05:00:00Z,Bitget USDT Futures,NEARUSDT,2.4288,16228946.0,39416864.0448,7.7e-05,,OK,
2026-09-15T05:00:00Z,Bitget USDT Futures,ONDOUSDT,0.3498,54472957.900000006,19054640.67342,2.2e-05,,OK,
2026-09-15T05:00:00Z,Bitget USDT Futures,SEIUSDT,0.04386,151541256.0,6646599.48816,-0.000146,,OK,
2026-09-15T05:00:00Z,Bitget USDT Futures,SOLUSDT,100.58,4213695.299999966,423813473.2739966,4.7e-05,,OK,
2026-09-15T05:00:00Z,Bitget USDT Futures,SUIUSDT,0.7056,64609034.10000001,45588134.46096001,0.0001,,OK,
2026-09-15T05:00:00Z,Bitget USDT Futures,TAOUSDT,231.71,116155.01,26914277.3671,5e-05,,OK,
2026-09-15T05:00:00Z,Bitget USDT Futures,UNIUSDT,6.587,3886867.0,25602792.928999998,0.0001,,OK,
2026-09-15T05:00:00Z,Bitget USDT Futures,XLMUSDT,0.19149,119339872.0,22852392.089279998,0.0001,,OK,
2026-09-15T05:00:00Z,Bitget USDT Futures,XRPUSDT,1.3999,164164249.0,229813532.1751,0.0001,,OK,
2026-09-15T05:00:00Z,Bitget USDT Futures,ZECUSDT,1140.63,105474.13700000031,120306964.88631037,0.0001,,OK,
2026-09-15T06:00:00Z,Bitget USDT Futures,AAVEUSDT,127.29,197626.80000000002,25155915.372000005,-2.6e-05,,OK,
2026-09-15T06:00:00Z,Bitget USDT Futures,AVAXUSDT,7.51,2860724.6,21484041.746,-5.6e-05,,OK,
2026-09-15T06:00:00Z,Bitget USDT Futures,BTCUSDT,77423.9,33450.69440000004,2589883218.1561627,0.0001,,OK,
2026-09-15T06:00:00Z,Bitget USDT Futures,CAKEUSDT,2.3103,835832.4999999997,1931023.824749999,5e-05,,OK,
2026-09-15T06:00:00Z,Bitget USDT Futures,CCUSDT,0.09554,6832490.0,652776.0946,5e-05,,OK,
2026-09-15T06:00:00Z,Bitget USDT Futures,ENAUSDT,0.14107,217398722.0,30668437.71254,5e-05,,OK,
2026-09-15T06:00:00Z,Bitget USDT Futures,ETHUSDT,2489.87,766354.7100000004,1908123601.787701,4e-06,,OK,
2026-09-15T06:00:00Z,Bitget USDT Futures,HBARUSDT,0.07682,170023509.0,13061205.96138,0.0001,,OK,
2026-09-15T06:00:00Z,Bitget USDT Futures,HYPEUSDT,79.434,2415716.570000003,191890030.02138025,-2.9e-05,,OK,
2026-09-15T06:00:00Z,Bitget USDT Futures,LINKUSDT,11.438,4083980.0,46712563.24,-3.3e-05,,OK,
2026-09-15T06:00:00Z,Bitget USDT Futures,MORPHOUSDT,2.1544,1048077.0,2257977.0888,5e-05,,OK,
2026-09-15T06:00:00Z,Bitget USDT Futures,NEARUSDT,2.4103,16241114.0,39145957.0742,3.8e-05,,OK,
2026-09-15T06:00:00Z,Bitget USDT Futures,ONDOUSDT,0.3505,54439212.0,19080943.805999998,1.7e-05,,OK,
2026-09-15T06:00:00Z,Bitget USDT Futures,SEIUSDT,0.0439,152245696.0,6683586.0544,-0.000228,,OK,
2026-09-15T06:00:00Z,Bitget USDT Futures,SOLUSDT,101.112,4212641.799999966,425948637.6815966,3.4e-05,,OK,
2026-09-15T06:00:00Z,Bitget USDT Futures,SUIUSDT,0.7094,64896126.400000006,46037312.068160005,0.0001,,OK,
2026-09-15T06:00:00Z,Bitget USDT Futures,TAOUSDT,231.76,115952.30999999998,26873107.365599994,5e-05,,OK,
2026-09-15T06:00:00Z,Bitget USDT Futures,UNIUSDT,6.655,3873124.0,25775640.220000003,0.0001,,OK,
2026-09-15T06:00:00Z,Bitget USDT Futures,XLMUSDT,0.1933,118580396.0,22921590.5468,0.0001,,OK,
2026-09-15T06:00:00Z,Bitget USDT Futures,XRPUSDT,1.4038,164427463.0,230823272.5594,0.0001,,OK,
2026-09-15T06:00:00Z,Bitget USDT Futures,ZECUSDT,1149.0,104790.97100000028,120404825.67900032,0.0001,,OK,
2026-09-15T07:00:00Z,Bitget USDT Futures,AAVEUSDT,127.39,199061.40000000002,25358431.746000003,-2e-06,,OK,
2026-09-15T07:00:00Z,Bitget USDT Futures,AVAXUSDT,7.505,2870774.5,21545162.6225,-3.9e-05,,OK,
2026-09-15T07:00:00Z,Bitget USDT Futures,BTCUSDT,77267.8,33590.21139999989,2595441736.412912,0.0001,,OK,
2026-09-15T07:00:00Z,Bitget USDT Futures,CAKEUSDT,2.3013,923681.9999999998,2125669.3865999994,5e-05,,OK,
2026-09-15T07:00:00Z,Bitget USDT Futures,CCUSDT,0.09514,6734724.0,640741.64136,5e-05,,OK,
2026-09-15T07:00:00Z,Bitget USDT Futures,ENAUSDT,0.14083,216308978.0,30462793.371740002,5e-05,,OK,
2026-09-15T07:00:00Z,Bitget USDT Futures,ETHUSDT,2483.4,763482.8900000001,1896033409.0260005,-7e-06,,OK,
2026-09-15T07:00:00Z,Bitget USDT Futures,HBARUSDT,0.07751,172849998.0,13397603.34498,0.0001,,OK,
2026-09-15T07:00:00Z,Bitget USDT Futures,HYPEUSDT,79.222,2417466.12,191516500.95864,-1.7e-05,,OK,
2026-09-15T07:00:00Z,Bitget USDT Futures,LINKUSDT,11.426,4074747.0,46558059.222,-2.1e-05,,OK,
2026-09-15T07:00:00Z,Bitget USDT Futures,MORPHOUSDT,2.1418,1047673.0,2243906.0313999997,5e-05,,OK,
2026-09-15T07:00:00Z,Bitget USDT Futures,NEARUSDT,2.3846,16200533.0,38631790.991799995,2.7e-05,,OK,
2026-09-15T07:00:00Z,Bitget USDT Futures,ONDOUSDT,0.3506,54527195.4,19117234.70724,-9e-06,,OK,
2026-09-15T07:00:00Z,Bitget USDT Futures,SEIUSDT,0.04392,152061337.0,6678533.92104,-0.000281,,OK,
2026-09-15T07:00:00Z,Bitget USDT Futures,SOLUSDT,100.978,4207948.299999958,424910203.43739575,2.9e-05,,OK,
2026-09-15T07:00:00Z,Bitget USDT Futures,SUIUSDT,0.7105,64809201.7,46046937.80785,0.0001,,OK,
2026-09-15T07:00:00Z,Bitget USDT Futures,TAOUSDT,230.6,115720.04800000001,26685043.068800002,5e-05,,OK,
2026-09-15T07:00:00Z,Bitget USDT Futures,UNIUSDT,6.651,3863259.0,25694535.608999997,0.0001,,OK,
2026-09-15T07:00:00Z,Bitget USDT Futures,XLMUSDT,0.19272,119589408.0,23047270.70976,0.0001,,OK,
2026-09-15T07:00:00Z,Bitget USDT Futures,XRPUSDT,1.4033,164032335.0,230186575.7055,0.0001,,OK,
2026-09-15T07:00:00Z,Bitget USDT Futures,ZECUSDT,1148.64,104764.46500000011,120336655.07760014,0.0001,,OK,
2026-09-15T08:00:00Z,Bitget USDT Futures,AAVEUSDT,126.6,198216.40000000002,25094196.240000002,7e-06,,OK,
2026-09-15T08:00:00Z,Bitget USDT Futures,AVAXUSDT,7.464,2884609.3,21530723.8152,-3.3e-05,,OK,
2026-09-15T08:00:00Z,Bitget USDT Futures,BTCUSDT,76790.2,33928.86239999989,2605404129.4684715,8e-05,,OK,
2026-09-15T08:00:00Z,Bitget USDT Futures,CAKEUSDT,2.2814,881282.1999999998,2010557.2110799998,5e-05,,OK,
2026-09-15T08:00:00Z,Bitget USDT Futures,CCUSDT,0.09476,6753575.0,639968.767,5e-05,,OK,
2026-09-15T08:00:00Z,Bitget USDT Futures,ENAUSDT,0.14046,215923442.0,30328606.66332,4e-05,,OK,
2026-09-15T08:00:00Z,Bitget USDT Futures,ETHUSDT,2472.86,775726.5900000001,1918263255.3474002,-1.6e-05,,OK,
2026-09-15T08:00:00Z,Bitget USDT Futures,HBARUSDT,0.07661,172047723.0,13180576.05903,0.0001,,OK,
2026-09-15T08:00:00Z,Bitget USDT Futures,HYPEUSDT,78.668,2415931.37,190056489.01516002,-1e-05,,OK,
2026-09-15T08:00:00Z,Bitget USDT Futures,LINKUSDT,11.358,4050562.0,46006283.196,-8e-06,,OK,
2026-09-15T08:00:00Z,Bitget USDT Futures,MORPHOUSDT,2.1355,1044023.0,2229511.1165,5e-05,,OK,
2026-09-15T08:00:00Z,Bitget USDT Futures,NEARUSDT,2.3586,16101207.0,37976306.8302,-2e-06,,OK,
2026-09-15T08:00:00Z,Bitget USDT Futures,ONDOUSDT,0.3474,53907723.5,18727543.1439,-2.8e-05,,OK,
2026-09-15T08:00:00Z,Bitget USDT Futures,SEIUSDT,0.04368,151950146.0,6637182.37728,-0.000357,,OK,
2026-09-15T08:00:00Z,Bitget USDT Futures,SOLUSDT,100.343,4250962.3999999575,426554320.1031957,2.7e-05,,OK,
2026-09-15T08:00:00Z,Bitget USDT Futures,SUIUSDT,0.7051,64097330.0,45195027.382999994,0.0001,,OK,
2026-09-15T08:00:00Z,Bitget USDT Futures,TAOUSDT,226.71,114985.158,26068285.17018,5e-05,,OK,
2026-09-15T08:00:00Z,Bitget USDT Futures,UNIUSDT,6.612,3860434.0,25525189.608,0.0001,,OK,
2026-09-15T08:00:00Z,Bitget USDT Futures,XLMUSDT,0.19131,118471030.0,22664692.7493,0.0001,,OK,
2026-09-15T08:00:00Z,Bitget USDT Futures,XRPUSDT,1.3892,164284571.0,228224126.0332,0.0001,,OK,
2026-09-15T08:00:00Z,Bitget USDT Futures,ZECUSDT,1139.5,104336.23700000011,118891142.06150013,0.0001,,OK,
2026-09-15T09:00:00Z,Bitget USDT Futures,AAVEUSDT,126.83,199064.6,25247363.218000002,1.6e-05,,OK,
2026-09-15T09:00:00Z,Bitget USDT Futures,AVAXUSDT,7.496,2889431.7,21659180.0232,2e-06,,OK,
2026-09-15T09:00:00Z,Bitget USDT Futures,BTCUSDT,76877.1,34301.195199999886,2636976413.5099115,8.4e-05,,OK,
2026-09-15T09:00:00Z,Bitget USDT Futures,CAKEUSDT,2.2808,864161.3999999998,1970979.3211199997,5e-05,,OK,
2026-09-15T09:00:00Z,Bitget USDT Futures,CCUSDT,0.095,6764128.0,642592.16,5e-05,,OK,
2026-09-15T09:00:00Z,Bitget USDT Futures,ENAUSDT,0.14196,215761706.0,30629531.78376,5e-05,,OK,
2026-09-15T09:00:00Z,Bitget USDT Futures,ETHUSDT,2473.26,784156.49,1939422880.4574,-9e-06,,OK,
2026-09-15T09:00:00Z,Bitget USDT Futures,HBARUSDT,0.07733,172645123.0,13350647.36159,0.0001,,OK,
2026-09-15T09:00:00Z,Bitget USDT Futures,HYPEUSDT,78.77,2416206.86,190324614.3622,-8e-06,,OK,
2026-09-15T09:00:00Z,Bitget USDT Futures,LINKUSDT,11.364,4048968.0,46012472.352000006,-5e-06,,OK,
2026-09-15T09:00:00Z,Bitget USDT Futures,MORPHOUSDT,2.1387,1043917.0,2232625.2879,5e-05,,OK,
2026-09-15T09:00:00Z,Bitget USDT Futures,NEARUSDT,2.3768,16051518.0,38151247.9824,-5.1e-05,,OK,
2026-09-15T09:00:00Z,Bitget USDT Futures,ONDOUSDT,0.3474,53911021.7,18728688.93858,-1.4e-05,,OK,
2026-09-15T09:00:00Z,Bitget USDT Futures,SEIUSDT,0.04355,154602830.0,6732953.246499999,-0.000352,,OK,
2026-09-15T09:00:00Z,Bitget USDT Futures,SOLUSDT,100.487,4259231.3999999575,427997385.6917957,3.1e-05,,OK,
2026-09-15T09:00:00Z,Bitget USDT Futures,SUIUSDT,0.7079,64173776.2,45428616.17198,0.0001,,OK,
2026-09-15T09:00:00Z,Bitget USDT Futures,TAOUSDT,226.71,114052.814,25856913.46194,5e-05,,OK,
2026-09-15T09:00:00Z,Bitget USDT Futures,UNIUSDT,6.513,3852587.0,25091899.131,0.0001,,OK,
2026-09-15T09:00:00Z,Bitget USDT Futures,XLMUSDT,0.19134,118929613.0,22755992.15142,0.0001,,OK,
2026-09-15T09:00:00Z,Bitget USDT Futures,XRPUSDT,1.3966,164793715.0,230150902.36900002,0.0001,,OK,
2026-09-15T09:00:00Z,Bitget USDT Futures,ZECUSDT,1142.95,104719.7570000001,119689446.26315013,8.4e-05,,OK,
2026-09-15T10:00:00Z,Bitget USDT Futures,AAVEUSDT,127.32,199230.80000000002,25366065.456,5.7e-05,,OK,
2026-09-15T10:00:00Z,Bitget USDT Futures,AVAXUSDT,7.524,2890489.1,21748039.9884,5.7e-05,,OK,
2026-09-15T10:00:00Z,Bitget USDT Futures,BTCUSDT,76994.6,34414.831199999884,2649756162.3115115,9.5e-05,,OK,
2026-09-15T10:00:00Z,Bitget USDT Futures,CAKEUSDT,2.2861,857200.5999999997,1959646.2916599992,5e-05,,OK,
2026-09-15T10:00:00Z,Bitget USDT Futures,CCUSDT,0.09523,6761094.0,643858.98162,5e-05,,OK,
2026-09-15T10:00:00Z,Bitget USDT Futures,ENAUSDT,0.14291,216879502.0,30994249.630820002,5e-05,,OK,
2026-09-15T10:00:00Z,Bitget USDT Futures,ETHUSDT,2475.81,788075.3999999999,1951124956.0739996,6e-06,,OK,
2026-09-15T10:00:00Z,Bitget USDT Futures,HBARUSDT,0.07739,168644673.0,13051411.24347,0.0001,,OK,
2026-09-15T10:00:00Z,Bitget USDT Futures,HYPEUSDT,79.271,2418087.94,191684249.09174,-4e-06,,OK,
2026-09-15T10:00:00Z,Bitget USDT Futures,LINKUSDT,11.374,4045936.0,46018476.064,1.5e-05,,OK,
2026-09-15T10:00:00Z,Bitget USDT Futures,MORPHOUSDT,2.15,1044607.0,2245905.05,5e-05,,OK,
2026-09-15T10:00:00Z,Bitget USDT Futures,NEARUSDT,2.3964,16035718.0,38427994.6152,-8.7e-05,,OK,
2026-09-15T10:00:00Z,Bitget USDT Futures,ONDOUSDT,0.3484,54130605.900000006,18859103.095560003,-1e-05,,OK,
2026-09-15T10:00:00Z,Bitget USDT Futures,SEIUSDT,0.04374,153944234.0,6733520.79516,-0.00024,,OK,
2026-09-15T10:00:00Z,Bitget USDT Futures,SOLUSDT,100.817,4258735.299999958,429352916.74009573,3.7e-05,,OK,
2026-09-15T10:00:00Z,Bitget USDT Futures,SUIUSDT,0.7106,64539719.3,45861924.53458,0.0001,,OK,
2026-09-15T10:00:00Z,Bitget USDT Futures,TAOUSDT,226.81,113932.706,25841077.04786,5e-05,,OK,
2026-09-15T10:00:00Z,Bitget USDT Futures,UNIUSDT,6.644,3833207.0,25467827.308000002,0.0001,,OK,
2026-09-15T10:00:00Z,Bitget USDT Futures,XLMUSDT,0.19511,119733498.0,23361202.79478,0.0001,,OK,
2026-09-15T10:00:00Z,Bitget USDT Futures,XRPUSDT,1.4018,165268045.0,231672745.48099998,0.0001,,OK,
2026-09-15T10:00:00Z,Bitget USDT Futures,ZECUSDT,1144.41,105143.67500000012,120327473.10675015,8.3e-05,,OK,
2026-09-15T11:00:00Z,Bitget USDT Futures,AAVEUSDT,127.64,198822.40000000002,25377691.136000004,5.9e-05,,OK,
2026-09-15T11:00:00Z,Bitget USDT Futures,AVAXUSDT,7.515,2892855.9,21739812.088499997,7.8e-05,,OK,
2026-09-15T11:00:00Z,Bitget USDT Futures,BTCUSDT,77079.4,34350.34059999988,2647703643.2436304,0.0001,,OK,
2026-09-15T11:00:00Z,Bitget USDT Futures,CAKEUSDT,2.2871,848926.9999999998,1941580.9416999996,-8e-06,,OK,
2026-09-15T11:00:00Z,Bitget USDT Futures,CCUSDT,0.09515,6769322.0,644100.9883,5e-05,,OK,
2026-09-15T11:00:00Z,Bitget USDT Futures,ENAUSDT,0.14222,216972290.0,30857799.083800003,5e-05,,OK,
2026-09-15T11:00:00Z,Bitget USDT Futures,ETHUSDT,2484.59,792128.6599999998,1968114947.3493996,2.6e-05,,OK,
2026-09-15T11:00:00Z,Bitget USDT Futures,HBARUSDT,0.07741,169057333.0,13086728.14753,0.0001,,OK,
2026-09-15T11:00:00Z,Bitget USDT Futures,HYPEUSDT,79.312,2417232.38,191715534.52255997,1.7e-05,,OK,
2026-09-15T11:00:00Z,Bitget USDT Futures,LINKUSDT,11.386,4035658.0,45950001.988,1.4e-05,,OK,
2026-09-15T11:00:00Z,Bitget USDT Futures,MORPHOUSDT,2.1483,1046301.0,2247768.4383,5e-05,,OK,
2026-09-15T11:00:00Z,Bitget USDT Futures,NEARUSDT,2.3919,16151034.0,38631658.2246,-9e-05,,OK,
2026-09-15T11:00:00Z,Bitget USDT Futures,ONDOUSDT,0.3483,54081479.900000006,18836579.44917,-1e-05,,OK,
2026-09-15T11:00:00Z,Bitget USDT Futures,SEIUSDT,0.04374,153883718.0,6730873.82532,-0.000141,,OK,
2026-09-15T11:00:00Z,Bitget USDT Futures,SOLUSDT,100.836,4239126.3999999575,427456549.67039573,2.9e-05,,OK,
2026-09-15T11:00:00Z,Bitget USDT Futures,SUIUSDT,0.7111,64503203.5,45868228.00884999,0.0001,,OK,
2026-09-15T11:00:00Z,Bitget USDT Futures,TAOUSDT,226.14,114386.00600000001,25867251.39684,5e-05,,OK,
2026-09-15T11:00:00Z,Bitget USDT Futures,UNIUSDT,6.79,3819826.0,25936618.54,7.3e-05,,OK,
2026-09-15T11:00:00Z,Bitget USDT Futures,XLMUSDT,0.19435,120607824.0,23440130.5944,0.0001,,OK,
2026-09-15T11:00:00Z,Bitget USDT Futures,XRPUSDT,1.401,165882896.0,232401937.296,0.0001,,OK,
2026-09-15T11:00:00Z,Bitget USDT Futures,ZECUSDT,1143.19,105043.00000000013,120084107.17000015,7.5e-05,,OK,
2026-09-15T12:00:00Z,Bitget USDT Futures,AAVEUSDT,128.55,198698.40000000002,25542679.320000004,5.2e-05,,OK,
2026-09-15T12:00:00Z,Bitget USDT Futures,AVAXUSDT,7.519,2901424.1,21815807.8079,9e-05,,OK,
2026-09-15T12:00:00Z,Bitget USDT Futures,BTCUSDT,76941.8,34508.97179999988,2655182406.4412313,9.5e-05,,OK,
2026-09-15T12:00:00Z,Bitget USDT Futures,CAKEUSDT,2.2734,857728.5999999997,1949960.1992399995,-0.000154,,OK,
2026-09-15T12:00:00Z,Bitget USDT Futures,CCUSDT,0.09521,6779114.0,645439.44394,5e-05,,OK,
2026-09-15T12:00:00Z,Bitget USDT Futures,ENAUSDT,0.14205,216843588.0,30802631.675400004,5e-05,,OK,
2026-09-15T12:00:00Z,Bitget USDT Futures,ETHUSDT,2478.99,795462.4499999998,1971943458.9254994,4.8e-05,,OK,
2026-09-15T12:00:00Z,Bitget USDT Futures,HBARUSDT,0.07769,166719631.0,12952448.13239,0.0001,,OK,
2026-09-15T12:00:00Z,Bitget USDT Futures,HYPEUSDT,79.362,2415699.86,191714772.28931996,2.4e-05,,OK,
2026-09-15T12:00:00Z,Bitget USDT Futures,LINKUSDT,11.411,4045860.0,46167308.46,6e-06,,OK,
2026-09-15T12:00:00Z,Bitget USDT Futures,MORPHOUSDT,2.1549,1044625.0,2251062.4125,5e-05,,OK,
2026-09-15T12:00:00Z,Bitget USDT Futures,NEARUSDT,2.3802,16062184.0,38231210.3568,-0.00011,,OK,
2026-09-15T12:00:00Z,Bitget USDT Futures,ONDOUSDT,0.3485,54063571.4,18841154.6329,-3.3e-05,,OK,
2026-09-15T12:00:00Z,Bitget USDT Futures,SEIUSDT,0.04361,152442420.0,6648013.9362,-9.3e-05,,OK,
2026-09-15T12:00:00Z,Bitget USDT Futures,SOLUSDT,100.994,4245351.599999958,428755039.4903957,1.3e-05,,OK,
2026-09-15T12:00:00Z,Bitget USDT Futures,SUIUSDT,0.7102,65068921.7,46211948.19134001,0.0001,,OK,
2026-09-15T12:00:00Z,Bitget USDT Futures,TAOUSDT,224.98,113648.71600000001,25568688.125680003,5e-05,,OK,
2026-09-15T12:00:00Z,Bitget USDT Futures,UNIUSDT,6.784,3788019.0,25697920.895999998,-2.6e-05,,OK,
2026-09-15T12:00:00Z,Bitget USDT Futures,XLMUSDT,0.19555,121063361.0,23673940.24355,0.0001,,OK,
2026-09-15T12:00:00Z,Bitget USDT Futures,XRPUSDT,1.4044,165223978.0,232040554.7032,0.0001,,OK,
2026-09-15T12:00:00Z,Bitget USDT Futures,ZECUSDT,1129.85,104847.31800000014,118461742.24230015,7.6e-05,,OK,
2026-09-15T13:00:00Z,Bitget USDT Futures,AAVEUSDT,128.18,198202.0,25405532.360000003,8.6e-05,,OK,
2026-09-15T13:00:00Z,Bitget USDT Futures,AVAXUSDT,7.583,2898066.1,21976035.236300003,0.0001,,OK,
2026-09-15T13:00:00Z,Bitget USDT Futures,BTCUSDT,76917.2,34483.98909999988,2652411886.4025106,8.9e-05,,OK,
2026-09-15T13:00:00Z,Bitget USDT Futures,CAKEUSDT,2.2922,852280.7999999998,1953598.0497599994,-0.0002,,OK,
2026-09-15T13:00:00Z,Bitget USDT Futures,CCUSDT,0.09495,6774364.0,643225.8618000001,5e-05,,OK,
2026-09-15T13:00:00Z,Bitget USDT Futures,ENAUSDT,0.14281,215900144.0,30832699.564639997,5e-05,,OK,
2026-09-15T13:00:00Z,Bitget USDT Futures,ETHUSDT,2478.09,797657.2699999998,1976666504.2142997,7.8e-05,,OK,
2026-09-15T13:00:00Z,Bitget USDT Futures,HBARUSDT,0.07939,165370243.0,13128743.59177,0.0001,,OK,
2026-09-15T13:00:00Z,Bitget USDT Futures,HYPEUSDT,79.523,2424213.42,192780723.79865998,4.2e-05,,OK,
2026-09-15T13:00:00Z,Bitget USDT Futures,LINKUSDT,11.46,4041860.0,46319715.6,1.9e-05,,OK,
2026-09-15T13:00:00Z,Bitget USDT Futures,MORPHOUSDT,2.1589,1049691.0,2266177.8999,5e-05,,OK,
2026-09-15T13:00:00Z,Bitget USDT Futures,NEARUSDT,2.3967,16064479.0,38501736.8193,-8.2e-05,,OK,
2026-09-15T13:00:00Z,Bitget USDT Futures,ONDOUSDT,0.3498,53899882.300000004,18854178.82854,1e-06,,OK,
2026-09-15T13:00:00Z,Bitget USDT Futures,SEIUSDT,0.0438,152185600.0,6665729.28,-0.0001,,OK,
2026-09-15T13:00:00Z,Bitget USDT Futures,SOLUSDT,101.014,4236290.499999957,427924648.5669957,8e-06,,OK,
2026-09-15T13:00:00Z,Bitget USDT Futures,SUIUSDT,0.7128,65407699.3,46622608.06104,0.0001,,OK,
2026-09-15T13:00:00Z,Bitget USDT Futures,TAOUSDT,225.98,113870.90400000001,25732546.88592,5e-05,,OK,
2026-09-15T13:00:00Z,Bitget USDT Futures,UNIUSDT,6.726,3772883.0,25376411.058,-9e-05,,OK,
2026-09-15T13:00:00Z,Bitget USDT Futures,XLMUSDT,0.19652,121986998.0,23972884.84696,0.0001,,OK,
2026-09-15T13:00:00Z,Bitget USDT Futures,XRPUSDT,1.4273,164663435.0,235024120.7755,0.0001,,OK,
2026-09-15T13:00:00Z,Bitget USDT Futures,ZECUSDT,1135.67,104708.59000000016,118914404.40530019,7.3e-05,,OK,
2026-09-15T14:00:00Z,Bitget USDT Futures,AAVEUSDT,127.06,198653.4,25240901.004,9.2e-05,,OK,
2026-09-15T14:00:00Z,Bitget USDT Futures,AVAXUSDT,7.523,2894572.2,21775866.6606,0.0001,,OK,
2026-09-15T14:00:00Z,Bitget USDT Futures,BTCUSDT,76349.8,34235.06179999989,2613840121.4176316,8.3e-05,,OK,
2026-09-15T14:00:00Z,Bitget USDT Futures,CAKEUSDT,2.2888,842420.3999999997,1928131.8115199993,-0.000171,,OK,
2026-09-15T14:00:00Z,Bitget USDT Futures,CCUSDT,0.09389,6813108.0,639682.7101200001,5e-05,,OK,
2026-09-15T14:00:00Z,Bitget USDT Futures,ENAUSDT,0.14326,216964100.0,31082276.966,5e-05,,OK,
2026-09-15T14:00:00Z,Bitget USDT Futures,ETHUSDT,2441.93,769000.1099999998,1877844438.6122992,5.9e-05,,OK,
2026-09-15T14:00:00Z,Bitget USDT Futures,HBARUSDT,0.0785,165538447.0,12994768.0895,0.0001,,OK,
2026-09-15T14:00:00Z,Bitget USDT Futures,HYPEUSDT,78.294,2420121.67,189481006.03098,4.3e-05,,OK,
2026-09-15T14:00:00Z,Bitget USDT Futures,LINKUSDT,11.326,4054402.0,45920157.052,4.2e-05,,OK,
2026-09-15T14:00:00Z,Bitget USDT Futures,MORPHOUSDT,2.1269,1042459.0,2217206.0471,5e-05,,OK,
2026-09-15T14:00:00Z,Bitget USDT Futures,NEARUSDT,2.3588,16128788.0,38044585.1344,-4.9e-05,,OK,
2026-09-15T14:00:00Z,Bitget USDT Futures,ONDOUSDT,0.3458,53854797.1,18622988.83718,3.4e-05,,OK,
2026-09-15T14:00:00Z,Bitget USDT Futures,SEIUSDT,0.04351,151886196.0,6608568.38796,-6.9e-05,,OK,
2026-09-15T14:00:00Z,Bitget USDT Futures,SOLUSDT,100.239,4218918.199999956,422900141.44979566,1.7e-05,,OK,
2026-09-15T14:00:00Z,Bitget USDT Futures,SUIUSDT,0.7089,64966594.1,46054818.55749,0.0001,,OK,
2026-09-15T14:00:00Z,Bitget USDT Futures,TAOUSDT,225.38,113960.426,25684400.81188,5e-05,,OK,
2026-09-15T14:00:00Z,Bitget USDT Futures,UNIUSDT,6.363,3703650.0,23566324.950000003,-0.000131,,OK,
2026-09-15T14:00:00Z,Bitget USDT Futures,XLMUSDT,0.19601,121781493.0,23870390.442929998,0.0001,,OK,
2026-09-15T14:00:00Z,Bitget USDT Futures,XRPUSDT,1.409,165221044.0,232796450.996,0.0001,,OK,
2026-09-15T14:00:00Z,Bitget USDT Futures,ZECUSDT,1128.8,104826.05900000017,118327655.39920019,4.3e-05,,OK,
2026-09-15T15:00:00Z,Bitget USDT Futures,AAVEUSDT,125.33,197215.30000000002,24716993.549000002,7.2e-05,,OK,
2026-09-15T15:00:00Z,Bitget USDT Futures,AVAXUSDT,7.431,2854915.7,21214878.5667,7.7e-05,,OK,
2026-09-15T15:00:00Z,Bitget USDT Futures,BTCUSDT,76034.1,34433.304699999884,2618105332.890261,8.5e-05,,OK,
2026-09-15T15:00:00Z,Bitget USDT Futures,CAKEUSDT,2.2672,829727.1999999997,1881157.5078399992,-8.7e-05,,OK,
2026-09-15T15:00:00Z,Bitget USDT Futures,CCUSDT,0.09344,6684408.0,624591.08352,5e-05,,OK,
2026-09-15T15:00:00Z,Bitget USDT Futures,ENAUSDT,0.14296,217572100.0,31104107.416,5e-05,,OK,
2026-09-15T15:00:00Z,Bitget USDT Futures,ETHUSDT,2414.93,748187.23,1806819787.3438997,8e-06,,OK,
2026-09-15T15:00:00Z,Bitget USDT Futures,HBARUSDT,0.07746,165767471.0,12840348.30366,0.0001,,OK,
2026-09-15T15:00:00Z,Bitget USDT Futures,HYPEUSDT,77.423,2450059.4000000004,189690948.92620003,5e-05,,OK,
2026-09-15T15:00:00Z,Bitget USDT Futures,LINKUSDT,11.206,4040010.0,45272352.059999995,6.6e-05,,OK,
2026-09-15T15:00:00Z,Bitget USDT Futures,MORPHOUSDT,2.1255,1045859.0,2222973.3045,5e-05,,OK,
2026-09-15T15:00:00Z,Bitget USDT Futures,NEARUSDT,2.3611,16113812.0,38046321.5132,1.9e-05,,OK,
2026-09-15T15:00:00Z,Bitget USDT Futures,ONDOUSDT,0.3426,53346637.300000004,18276557.938980002,6e-06,,OK,
2026-09-15T15:00:00Z,Bitget USDT Futures,SEIUSDT,0.04327,150769250.0,6523785.447500001,-9.8e-05,,OK,
2026-09-15T15:00:00Z,Bitget USDT Futures,SOLUSDT,99.179,4294577.299999957,425931882.0366957,1.1e-05,,OK,
2026-09-15T15:00:00Z,Bitget USDT Futures,SUIUSDT,0.7019,65224679.900000006,45781202.82181,9.3e-05,,OK,
2026-09-15T15:00:00Z,Bitget USDT Futures,TAOUSDT,224.96,113512.236,25535712.610560004,5e-05,,OK,
2026-09-15T15:00:00Z,Bitget USDT Futures,UNIUSDT,6.324,3671015.0,23215498.86,-0.000167,,OK,
2026-09-15T15:00:00Z,Bitget USDT Futures,XLMUSDT,0.19192,122866813.0,23580598.75096,0.0001,,OK,
2026-09-15T15:00:00Z,Bitget USDT Futures,XRPUSDT,1.3893,165846527.0,230410579.96109998,8.8e-05,,OK,
2026-09-15T15:00:00Z,Bitget USDT Futures,ZECUSDT,1117.45,102465.1240000002,114499652.81380023,6e-05,,OK,
2026-09-15T16:00:00Z,Bitget USDT Futures,AAVEUSDT,124.38,196958.6,24497710.668,5.7e-05,,OK,
2026-09-15T16:00:00Z,Bitget USDT Futures,AVAXUSDT,7.418,2856971.7,21193016.070600003,1.4e-05,,OK,
2026-09-15T16:00:00Z,Bitget USDT Futures,BTCUSDT,76384.0,34166.37989999988,2609764762.281591,8e-05,,OK,
2026-09-15T16:00:00Z,Bitget USDT Futures,CAKEUSDT,2.2604,829806.5999999997,1875694.8386399995,1.2e-05,,OK,
2026-09-15T16:00:00Z,Bitget USDT Futures,CCUSDT,0.09303,6630328.0,616819.41384,5e-05,,OK,
2026-09-15T16:00:00Z,Bitget USDT Futures,ENAUSDT,0.14206,220418766.0,31312689.89796,5e-05,,OK,
2026-09-15T16:00:00Z,Bitget USDT Futures,ETHUSDT,2419.14,753165.06,1822011723.2484,-1.4e-05,,OK,
2026-09-15T16:00:00Z,Bitget USDT Futures,HBARUSDT,0.07802,164718459.0,12851334.17118,0.0001,,OK,
2026-09-15T16:00:00Z,Bitget USDT Futures,HYPEUSDT,76.912,2454066.91,188747194.18192002,5e-05,,OK,
2026-09-15T16:00:00Z,Bitget USDT Futures,LINKUSDT,11.241,4038922.0,45401522.202,7.9e-05,,OK,
2026-09-15T16:00:00Z,Bitget USDT Futures,MORPHOUSDT,2.1289,1039383.0,2212742.4686999996,5e-05,,OK,
2026-09-15T16:00:00Z,Bitget USDT Futures,NEARUSDT,2.3616,16069950.0,37950793.92,5.7e-05,,OK,
2026-09-15T16:00:00Z,Bitget USDT Futures,ONDOUSDT,0.3415,53490066.900000006,18266857.846350003,1e-05,,OK,
2026-09-15T16:00:00Z,Bitget USDT Futures,SEIUSDT,0.04307,151923722.0,6543354.70654,-0.000187,,OK,
2026-09-15T16:00:00Z,Bitget USDT Futures,SOLUSDT,99.101,4292800.199999956,425420792.6201957,-4e-06,,OK,
2026-09-15T16:00:00Z,Bitget USDT Futures,SUIUSDT,0.7,65777340.9,46044138.629999995,6.6e-05,,OK,
2026-09-15T16:00:00Z,Bitget USDT Futures,TAOUSDT,224.88,113823.296,25596582.80448,5e-05,,OK,
2026-09-15T16:00:00Z,Bitget USDT Futures,UNIUSDT,6.349,3674999.0,23332568.651,-0.00016,,OK,
2026-09-15T16:00:00Z,Bitget USDT Futures,XLMUSDT,0.19176,122895508.0,23566442.61408,0.0001,,OK,
2026-09-15T16:00:00Z,Bitget USDT Futures,XRPUSDT,1.3879,164919627.0,228891950.31329998,5.1e-05,,OK,
2026-09-15T16:00:00Z,Bitget USDT Futures,ZECUSDT,1113.31,101243.08400000019,112714937.84804021,7.4e-05,,OK,
2026-09-15T17:00:00Z,Bitget USDT Futures,AAVEUSDT,124.51,197066.8,24536787.268,4e-05,,OK,
2026-09-15T17:00:00Z,Bitget USDT Futures,AVAXUSDT,7.403,2857286.9,21152494.9207,-2.6e-05,,OK,
2026-09-15T17:00:00Z,Bitget USDT Futures,BTCUSDT,76234.1,34175.10009999989,2605307998.5334015,6.3e-05,,OK,
2026-09-15T17:00:00Z,Bitget USDT Futures,CAKEUSDT,2.2566,830112.7999999997,1873232.5444799995,4.4e-05,,OK,
2026-09-15T17:00:00Z,Bitget USDT Futures,CCUSDT,0.09242,6613268.0,611198.22856,5e-05,,OK,
2026-09-15T17:00:00Z,Bitget USDT Futures,ENAUSDT,0.14329,220787216.0,31636600.18064,5e-05,,OK,
2026-09-15T17:00:00Z,Bitget USDT Futures,ETHUSDT,2415.05,750861.7500000002,1813368669.3375008,-2.1e-05,,OK,
2026-09-15T17:00:00Z,Bitget USDT Futures,HBARUSDT,0.0776,164544239.0,12768632.9464,0.0001,,OK,
2026-09-15T17:00:00Z,Bitget USDT Futures,HYPEUSDT,76.569,2449374.68,187546169.87292,3.4e-05,,OK,
2026-09-15T17:00:00Z,Bitget USDT Futures,LINKUSDT,11.21,4046598.0,45362363.580000006,9.3e-05,,OK,
2026-09-15T17:00:00Z,Bitget USDT Futures,MORPHOUSDT,2.1403,1047637.0,2242257.4710999997,5e-05,,OK,
2026-09-15T17:00:00Z,Bitget USDT Futures,NEARUSDT,2.3627,16016838.0,37842983.1426,6.8e-05,,OK,
2026-09-15T17:00:00Z,Bitget USDT Futures,ONDOUSDT,0.3393,53410727.1,18122259.70503,-1.6e-05,,OK,
2026-09-15T17:00:00Z,Bitget USDT Futures,SEIUSDT,0.04298,151124082.0,6495313.04436,-0.000297,,OK,
2026-09-15T17:00:00Z,Bitget USDT Futures,SOLUSDT,98.866,4310551.799999957,426167014.25879574,-1.9e-05,,OK,
2026-09-15T17:00:00Z,Bitget USDT Futures,SUIUSDT,0.6998,65732172.1,45999374.03558,5e-05,,OK,
2026-09-15T17:00:00Z,Bitget USDT Futures,TAOUSDT,223.85,113963.26800000001,25510677.541800003,5e-05,,OK,
2026-09-15T17:00:00Z,Bitget USDT Futures,UNIUSDT,6.391,3671459.0,23464294.469,-0.00017,,OK,
2026-09-15T17:00:00Z,Bitget USDT Futures,XLMUSDT,0.18916,122973496.0,23261666.50336,0.0001,,OK,
2026-09-15T17:00:00Z,Bitget USDT Futures,XRPUSDT,1.3836,165324436.0,228742889.6496,2.5e-05,,OK,
2026-09-15T17:00:00Z,Bitget USDT Futures,ZECUSDT,1113.14,101098.00400000019,112536232.17256021,8.1e-05,,OK,
2026-09-15T18:00:00Z,Bitget USDT Futures,AAVEUSDT,125.84,197246.6,24821512.144,6.9e-05,,OK,
2026-09-15T18:00:00Z,Bitget USDT Futures,AVAXUSDT,7.449,2838778.3000000003,21146059.556700002,-3.7e-05,,OK,
2026-09-15T18:00:00Z,Bitget USDT Futures,BTCUSDT,76599.9,34057.96769999989,2608836920.0232215,5.3e-05,,OK,
2026-09-15T18:00:00Z,Bitget USDT Futures,CAKEUSDT,2.2602,822156.3999999997,1858237.8952799994,5e-05,,OK,
2026-09-15T18:00:00Z,Bitget USDT Futures,CCUSDT,0.09276,6607292.0,612892.4059199999,5e-05,,OK,
2026-09-15T18:00:00Z,Bitget USDT Futures,ENAUSDT,0.14303,219827104.0,31441870.685119998,5e-05,,OK,
2026-09-15T18:00:00Z,Bitget USDT Futures,ETHUSDT,2425.99,746026.2000000003,1809852100.9380007,-1.3e-05,,OK,
2026-09-15T18:00:00Z,Bitget USDT Futures,HBARUSDT,0.07762,164326699.0,12755038.376379998,0.0001,,OK,
2026-09-15T18:00:00Z,Bitget USDT Futures,HYPEUSDT,77.274,2446753.32,189070416.04968,2.7e-05,,OK,
2026-09-15T18:00:00Z,Bitget USDT Futures,LINKUSDT,11.249,4037958.0,45422989.542,0.0001,,OK,
2026-09-15T18:00:00Z,Bitget USDT Futures,MORPHOUSDT,2.1214,1048239.0,2223734.2146,5e-05,,OK,
2026-09-15T18:00:00Z,Bitget USDT Futures,NEARUSDT,2.3866,16092850.0,38407195.81,9.6e-05,,OK,
2026-09-15T18:00:00Z,Bitget USDT Futures,ONDOUSDT,0.3413,53550097.7,18276648.34501,1.7e-05,,OK,
2026-09-15T18:00:00Z,Bitget USDT Futures,SEIUSDT,0.04307,150525864.0,6483148.962479999,-0.0003,,OK,
2026-09-15T18:00:00Z,Bitget USDT Futures,SOLUSDT,99.488,4300843.8999999575,427882357.9231958,-9e-06,,OK,
2026-09-15T18:00:00Z,Bitget USDT Futures,SUIUSDT,0.7045,65610471.8,46222577.383099996,5.9e-05,,OK,
2026-09-15T18:00:00Z,Bitget USDT Futures,TAOUSDT,224.01,114630.52200000001,25678383.23322,5e-05,,OK,
2026-09-15T18:00:00Z,Bitget USDT Futures,UNIUSDT,6.418,3653072.0,23445416.096,-0.00012,,OK,
2026-09-15T18:00:00Z,Bitget USDT Futures,XLMUSDT,0.18905,123830794.0,23410211.6057,0.0001,,OK,
2026-09-15T18:00:00Z,Bitget USDT Futures,XRPUSDT,1.3882,165864636.0,230253287.69520003,2.5e-05,,OK,
2026-09-15T18:00:00Z,Bitget USDT Futures,ZECUSDT,1128.21,101254.14900000018,114235943.4432902,7.8e-05,,OK,
2026-09-15T19:00:00Z,Bitget USDT Futures,AAVEUSDT,123.84,197880.3,24505496.351999998,0.0001,,OK,
2026-09-15T19:00:00Z,Bitget USDT Futures,AVAXUSDT,7.333,2804728.5,20567074.0905,-4.1e-05,,OK,
2026-09-15T19:00:00Z,Bitget USDT Futures,BTCUSDT,75969.9,33116.27039999989,2515839750.6609516,4.2e-05,,OK,
2026-09-15T19:00:00Z,Bitget USDT Futures,CAKEUSDT,2.2413,818051.7999999997,1833499.4993399992,3.3e-05,,OK,
2026-09-15T19:00:00Z,Bitget USDT Futures,CCUSDT,0.09195,6510144.0,598607.7408,5e-05,,OK,
2026-09-15T19:00:00Z,Bitget USDT Futures,ENAUSDT,0.14072,217134546.0,30555173.313120004,5e-05,,OK,
2026-09-15T19:00:00Z,Bitget USDT Futures,ETHUSDT,2404.94,734994.7900000004,1767618370.262601,-2.3e-05,,OK,
2026-09-15T19:00:00Z,Bitget USDT Futures,HBARUSDT,0.07534,163575477.0,12323776.437180001,0.0001,,OK,
2026-09-15T19:00:00Z,Bitget USDT Futures,HYPEUSDT,77.093,2444364.5900000003,188443399.33687004,1.7e-05,,OK,
2026-09-15T19:00:00Z,Bitget USDT Futures,LINKUSDT,11.082,4016975.0,44516116.95,0.0001,,OK,
2026-09-15T19:00:00Z,Bitget USDT Futures,MORPHOUSDT,2.1047,1035135.0,2178648.6344999997,5e-05,,OK,
2026-09-15T19:00:00Z,Bitget USDT Futures,NEARUSDT,2.3427,16011594.0,37510361.263799995,0.0001,,OK,
2026-09-15T19:00:00Z,Bitget USDT Futures,ONDOUSDT,0.3353,53167869.800000004,17827186.74394,-1.6e-05,,OK,
2026-09-15T19:00:00Z,Bitget USDT Futures,SEIUSDT,0.04234,148957146.0,6306845.56164,-0.000334,,OK,
2026-09-15T19:00:00Z,Bitget USDT Futures,SOLUSDT,98.082,4342320.899999957,425903518.51379573,-1.5e-05,,OK,
2026-09-15T19:00:00Z,Bitget USDT Futures,SUIUSDT,0.6906,65182521.3,45015049.20978,4.8e-05,,OK,
2026-09-15T19:00:00Z,Bitget USDT Futures,TAOUSDT,221.52,110677.71,24517326.3192,5e-05,,OK,
2026-09-15T19:00:00Z,Bitget USDT Futures,UNIUSDT,6.375,3651203.0,23276419.125,-4.8e-05,,OK,
2026-09-15T19:00:00Z,Bitget USDT Futures,XLMUSDT,0.179,123456731.0,22098754.849,0.0001,,OK,
2026-09-15T19:00:00Z,Bitget USDT Futures,XRPUSDT,1.3073,162206350.0,212052361.355,2.6e-05,,OK,
2026-09-15T19:00:00Z,Bitget USDT Futures,ZECUSDT,1147.6,103380.51900000019,118639483.6044002,0.0001,,OK,
2026-09-15T20:00:00Z,Bitget USDT Futures,AAVEUSDT,122.97,197231.8,24253594.446,0.0001,,OK,
2026-09-15T20:00:00Z,Bitget USDT Futures,AVAXUSDT,7.308,2805803.9,20504814.9012,-3.6e-05,,OK,
2026-09-15T20:00:00Z,Bitget USDT Futures,BTCUSDT,75971.2,33218.04459999989,2523614709.9155116,3.5e-05,,OK,
2026-09-15T20:00:00Z,Bitget USDT Futures,CAKEUSDT,2.2268,819865.7999999997,1825677.1634399993,-2.6e-05,,OK,
2026-09-15T20:00:00Z,Bitget USDT Futures,CCUSDT,0.09136,6547544.0,598183.6198399999,5e-05,,OK,
2026-09-15T20:00:00Z,Bitget USDT Futures,ENAUSDT,0.14015,217703452.0,30511138.7978,5e-05,,OK,
2026-09-15T20:00:00Z,Bitget USDT Futures,ETHUSDT,2405.42,743093.6400000004,1787452303.528801,-2.4e-05,,OK,
2026-09-15T20:00:00Z,Bitget USDT Futures,HBARUSDT,0.07524,165782233.0,12473455.21092,0.0001,,OK,
2026-09-15T20:00:00Z,Bitget USDT Futures,HYPEUSDT,77.479,2454916.54,190204478.60266,3e-05,,OK,
2026-09-15T20:00:00Z,Bitget USDT Futures,LINKUSDT,11.026,4033330.0,44471496.58,0.0001,,OK,
2026-09-15T20:00:00Z,Bitget USDT Futures,MORPHOUSDT,2.1022,1036705.0,2179361.2509999997,5e-05,,OK,
2026-09-15T20:00:00Z,Bitget USDT Futures,NEARUSDT,2.3225,16016454.0,37198214.415,0.0001,,OK,
2026-09-15T20:00:00Z,Bitget USDT Futures,ONDOUSDT,0.3315,52962209.300000004,17556972.382950004,-6.5e-05,,OK,
2026-09-15T20:00:00Z,Bitget USDT Futures,SEIUSDT,0.04216,148343936.0,6254180.34176,-0.000341,,OK,
2026-09-15T20:00:00Z,Bitget USDT Futures,SOLUSDT,97.391,4343643.099999957,423031745.1520958,-3.5e-05,,OK,
2026-09-15T20:00:00Z,Bitget USDT Futures,SUIUSDT,0.6874,65384121.7,44945045.25658,5.2e-05,,OK,
2026-09-15T20:00:00Z,Bitget USDT Futures,TAOUSDT,220.48,110415.36200000001,24344379.01376,-3.3e-05,,OK,
2026-09-15T20:00:00Z,Bitget USDT Futures,UNIUSDT,6.381,3684216.0,23508982.296,-4e-06,,OK,
2026-09-15T20:00:00Z,Bitget USDT Futures,XLMUSDT,0.17699,123259886.0,21815767.22314,0.0001,,OK,
2026-09-15T20:00:00Z,Bitget USDT Futures,XRPUSDT,1.2844,164851748.0,211735585.1312,5e-05,,OK,
2026-09-15T20:00:00Z,Bitget USDT Futures,ZECUSDT,1130.4,105034.71800000024,118731245.22720028,0.0001,,OK,
2026-09-15T21:00:00Z,Bitget USDT Futures,AAVEUSDT,122.23,197307.6,24116907.948000003,0.0001,,OK,
2026-09-15T21:00:00Z,Bitget USDT Futures,AVAXUSDT,7.309,2808588.1,20527970.422900002,-3.9e-05,,OK,
2026-09-15T21:00:00Z,Bitget USDT Futures,BTCUSDT,75844.5,33213.11139999989,2519031827.577292,3.8e-05,,OK,
2026-09-15T21:00:00Z,Bitget USDT Futures,CAKEUSDT,2.2298,815549.5999999997,1818512.4980799994,-7.2e-05,,OK,
2026-09-15T21:00:00Z,Bitget USDT Futures,CCUSDT,0.09198,6524358.0,600110.4488400001,5e-05,,OK,
2026-09-15T21:00:00Z,Bitget USDT Futures,ENAUSDT,0.1397,217204040.0,30343404.387999997,5e-05,,OK,
2026-09-15T21:00:00Z,Bitget USDT Futures,ETHUSDT,2401.77,742628.7800000003,1783623524.9406006,-1.5e-05,,OK,
2026-09-15T21:00:00Z,Bitget USDT Futures,HBARUSDT,0.07526,165869413.0,12483332.022379998,0.0001,,OK,
2026-09-15T21:00:00Z,Bitget USDT Futures,HYPEUSDT,76.995,2464108.0,189723995.46,5e-05,,OK,
2026-09-15T21:00:00Z,Bitget USDT Futures,LINKUSDT,10.966,4041368.0,44317641.488,7.6e-05,,OK,
2026-09-15T21:00:00Z,Bitget USDT Futures,MORPHOUSDT,2.09,1031671.0,2156192.3899999997,5e-05,,OK,
2026-09-15T21:00:00Z,Bitget USDT Futures,NEARUSDT,2.3312,16055729.0,37429115.4448,0.0001,,OK,
2026-09-15T21:00:00Z,Bitget USDT Futures,ONDOUSDT,0.3309,53267827.6,17626324.152840003,-8e-05,,OK,
2026-09-15T21:00:00Z,Bitget USDT Futures,SEIUSDT,0.04191,147710722.0,6190556.35902,-0.000313,,OK,
2026-09-15T21:00:00Z,Bitget USDT Futures,SOLUSDT,97.1,4344252.299999957,421826898.3299958,-5.1e-05,,OK,
2026-09-15T21:00:00Z,Bitget USDT Futures,SUIUSDT,0.6864,65266172.2,44798700.59808,5.6e-05,,OK,
2026-09-15T21:00:00Z,Bitget USDT Futures,TAOUSDT,218.85,110609.25800000002,24206836.113300003,-4.9e-05,,OK,
2026-09-15T21:00:00Z,Bitget USDT Futures,UNIUSDT,6.298,3655429.0,23021891.842,3.2e-05,,OK,
2026-09-15T21:00:00Z,Bitget USDT Futures,XLMUSDT,0.1764,122177238.0,21552064.7832,0.0001,,OK,
2026-09-15T21:00:00Z,Bitget USDT Futures,XRPUSDT,1.2936,164537582.0,212845816.07520002,2.4e-05,,OK,
2026-09-15T21:00:00Z,Bitget USDT Futures,ZECUSDT,1121.53,104645.13000000022,117362652.64890024,0.0001,,OK,
2026-09-15T22:00:00Z,Bitget USDT Futures,AAVEUSDT,120.53,197814.0,23842521.42,0.0001,,OK,
2026-09-15T22:00:00Z,Bitget USDT Futures,AVAXUSDT,7.22,2809691.7,20285974.074,-4.3e-05,,OK,
2026-09-15T22:00:00Z,Bitget USDT Futures,BTCUSDT,75236.6,33030.918299999896,2485133987.7697725,4.2e-05,,OK,
2026-09-15T22:00:00Z,Bitget USDT Futures,CAKEUSDT,2.2027,820558.1999999997,1807443.5471399995,-8.5e-05,,OK,
2026-09-15T22:00:00Z,Bitget USDT Futures,CCUSDT,0.09012,6499598.0,585743.77176,5e-05,,OK,
2026-09-15T22:00:00Z,Bitget USDT Futures,ENAUSDT,0.13668,216534106.0,29595881.60808,5e-05,,OK,
2026-09-15T22:00:00Z,Bitget USDT Futures,ETHUSDT,2382.49,737943.7900000003,1758143700.2371006,-2e-06,,OK,
2026-09-15T22:00:00Z,Bitget USDT Futures,HBARUSDT,0.07418,165973373.0,12311904.809139999,0.0001,,OK,
2026-09-15T22:00:00Z,Bitget USDT Futures,HYPEUSDT,76.5,2457427.28,187993186.92,5e-05,,OK,
2026-09-15T22:00:00Z,Bitget USDT Futures,LINKUSDT,10.823,4039800.0,43722755.4,2.4e-05,,OK,
2026-09-15T22:00:00Z,Bitget USDT Futures,MORPHOUSDT,2.0719,1031187.0,2136516.3452999997,5e-05,,OK,
2026-09-15T22:00:00Z,Bitget USDT Futures,NEARUSDT,2.3084,16039868.0,37026431.2912,0.0001,,OK,
2026-09-15T22:00:00Z,Bitget USDT Futures,ONDOUSDT,0.3257,52536813.5,17111240.15695,-0.00012,,OK,
2026-09-15T22:00:00Z,Bitget USDT Futures,SEIUSDT,0.04166,147412574.0,6141207.83284,-0.000288,,OK,
2026-09-15T22:00:00Z,Bitget USDT Futures,SOLUSDT,96.533,4349489.599999957,419869279.55679584,-6.1e-05,,OK,
2026-09-15T22:00:00Z,Bitget USDT Futures,SUIUSDT,0.6772,65339026.800000004,44247588.948960006,3.7e-05,,OK,
2026-09-15T22:00:00Z,Bitget USDT Futures,TAOUSDT,216.23,109976.53000000001,23780225.0819,-3.6e-05,,OK,
2026-09-15T22:00:00Z,Bitget USDT Futures,UNIUSDT,6.207,3644447.0,22621082.529,4.5e-05,,OK,
2026-09-15T22:00:00Z,Bitget USDT Futures,XLMUSDT,0.17462,122580382.0,21404986.30484,8.8e-05,,OK,
2026-09-15T22:00:00Z,Bitget USDT Futures,XRPUSDT,1.277,164495112.0,210060258.024,1.1e-05,,OK,
2026-09-15T22:00:00Z,Bitget USDT Futures,ZECUSDT,1099.84,106331.52300000023,116947662.25632025,0.0001,,OK,
2026-09-15T23:00:00Z,Bitget USDT Futures,AAVEUSDT,123.24,198081.6,24411576.384,0.0001,,OK,
2026-09-15T23:00:00Z,Bitget USDT Futures,AVAXUSDT,7.305,2818937.7,20592339.8985,-2.3e-05,,OK,
2026-09-15T23:00:00Z,Bitget USDT Futures,BTCUSDT,75866.7,33271.22629999989,2524178144.334202,5.1e-05,,OK,
2026-09-15T23:00:00Z,Bitget USDT Futures,CAKEUSDT,2.2183,815550.1999999997,1809135.0086599996,-3.2e-05,,OK,
2026-09-15T23:00:00Z,Bitget USDT Futures,CCUSDT,0.09105,6493144.0,591200.7612000001,5e-05,,OK,
2026-09-15T23:00:00Z,Bitget USDT Futures,ENAUSDT,0.14141,215947135.0,30537084.36035,5e-05,,OK,
2026-09-15T23:00:00Z,Bitget USDT Futures,ETHUSDT,2407.35,738509.7600000002,1777851470.7360005,1.9e-05,,OK,
2026-09-15T23:00:00Z,Bitget USDT Futures,HBARUSDT,0.07474,165892571.0,12398810.75654,0.0001,,OK,
2026-09-15T23:00:00Z,Bitget USDT Futures,HYPEUSDT,77.344,2457317.51,190058765.49343997,5e-05,,OK,
2026-09-15T23:00:00Z,Bitget USDT Futures,LINKUSDT,10.977,4030598.0,44243874.246,-2.4e-05,,OK,
2026-09-15T23:00:00Z,Bitget USDT Futures,MORPHOUSDT,2.0957,1030857.0,2160367.0149,5e-05,,OK,
2026-09-15T23:00:00Z,Bitget USDT Futures,NEARUSDT,2.3408,16021024.0,37502012.979200006,0.0001,,OK,
2026-09-15T23:00:00Z,Bitget USDT Futures,ONDOUSDT,0.3308,52579665.50000001,17393353.347400002,-0.00013,,OK,
2026-09-15T23:00:00Z,Bitget USDT Futures,SEIUSDT,0.04216,147284460.0,6209512.8336000005,-0.000241,,OK,
2026-09-15T23:00:00Z,Bitget USDT Futures,SOLUSDT,97.49,4349339.199999957,424017078.6079958,-6e-05,,OK,
2026-09-15T23:00:00Z,Bitget USDT Futures,SUIUSDT,0.689,65077302.9,44838261.69809999,2.2e-05,,OK,
2026-09-15T23:00:00Z,Bitget USDT Futures,TAOUSDT,219.7,109990.668,24164949.7596,9e-06,,OK,
2026-09-15T23:00:00Z,Bitget USDT Futures,UNIUSDT,6.397,3644036.0,23310898.292,4e-05,,OK,
2026-09-15T23:00:00Z,Bitget USDT Futures,XLMUSDT,0.17713,122519716.0,21701917.295080002,2.7e-05,,OK,
2026-09-15T23:00:00Z,Bitget USDT Futures,XRPUSDT,1.2962,165717604.0,214803158.3048,2.6e-05,,OK,
2026-09-15T23:00:00Z,Bitget USDT Futures,ZECUSDT,1123.31,106127.71000000024,119214317.92010026,0.0001,,OK,
2026-09-16T00:00:00Z,Bitget USDT Futures,AAVEUSDT,122.56,198073.60000000003,24275900.416000005,0.0001,,OK,
2026-09-16T00:00:00Z,Bitget USDT Futures,AVAXUSDT,7.279,2817600.9,20509316.9511,-1.8e-05,,OK,
2026-09-16T00:00:00Z,Bitget USDT Futures,BTCUSDT,75790.5,33326.28549999989,2525815841.1877418,6e-05,,OK,
2026-09-16T00:00:00Z,Bitget USDT Futures,CAKEUSDT,2.2129,815047.1999999997,1803617.9488799993,5e-05,,OK,
2026-09-16T00:00:00Z,Bitget USDT Futures,CCUSDT,0.09069,6492438.0,588799.2022200001,-4e-06,,OK,
2026-09-16T00:00:00Z,Bitget USDT Futures,ENAUSDT,0.14011,216470627.0,30329699.548970003,5e-05,,OK,
2026-09-16T00:00:00Z,Bitget USDT Futures,ETHUSDT,2404.05,739844.9300000003,1778624203.9665008,3.5e-05,,OK,
2026-09-16T00:00:00Z,Bitget USDT Futures,HBARUSDT,0.07453,166920849.0,12440610.87597,0.0001,,OK,
2026-09-16T00:00:00Z,Bitget USDT Futures,HYPEUSDT,77.143,2458697.1799999997,189671276.55674,5e-05,,OK,
2026-09-16T00:00:00Z,Bitget USDT Futures,LINKUSDT,10.92,4018368.0,43880578.56,-8.3e-05,,OK,
2026-09-16T00:00:00Z,Bitget USDT Futures,MORPHOUSDT,2.0687,1033165.0,2137308.4355,5e-05,,OK,
2026-09-16T00:00:00Z,Bitget USDT Futures,NEARUSDT,2.3413,16030699.0,37532675.5687,7.7e-05,,OK,
2026-09-16T00:00:00Z,Bitget USDT Futures,ONDOUSDT,0.329,52703902.900000006,17339584.054100003,-0.000132,,OK,
2026-09-16T00:00:00Z,Bitget USDT Futures,SEIUSDT,0.04196,146964532.0,6166631.76272,-0.000154,,OK,
2026-09-16T00:00:00Z,Bitget USDT Futures,SOLUSDT,97.07,4341657.799999957,421444722.6459958,-5.9e-05,,OK,
2026-09-16T00:00:00Z,Bitget USDT Futures,SUIUSDT,0.6882,65713576.0,45224083.0032,-1.2e-05,,OK,
2026-09-16T00:00:00Z,Bitget USDT Futures,TAOUSDT,218.2,109776.194,23953165.5308,2.1e-05,,OK,
2026-09-16T00:00:00Z,Bitget USDT Futures,UNIUSDT,6.384,3607819.0,23032316.496000003,2.1e-05,,OK,
2026-09-16T00:00:00Z,Bitget USDT Futures,XLMUSDT,0.17647,122306656.0,21583455.584319998,-2.6e-05,,OK,
2026-09-16T00:00:00Z,Bitget USDT Futures,XRPUSDT,1.2877,164983445.0,212449182.1265,6e-06,,OK,
2026-09-16T00:00:00Z,Bitget USDT Futures,ZECUSDT,1112.73,106577.83400000025,118592353.22682028,0.0001,,OK,
2026-09-16T01:00:00Z,Bitget USDT Futures,AAVEUSDT,121.79,196960.80000000002,23987855.832000002,0.0001,,OK,
2026-09-16T01:00:00Z,Bitget USDT Futures,AVAXUSDT,7.249,2812891.3000000003,20390649.0337,-2.4e-05,,OK,
2026-09-16T01:00:00Z,Bitget USDT Futures,BTCUSDT,75729.0,33344.171899999885,2525120793.815091,6.9e-05,,OK,
2026-09-16T01:00:00Z,Bitget USDT Futures,CAKEUSDT,2.2008,816908.9999999997,1797853.3271999992,5e-05,,OK,
2026-09-16T01:00:00Z,Bitget USDT Futures,CCUSDT,0.0909,6484714.0,589460.5026,-1.9e-05,,OK,
2026-09-16T01:00:00Z,Bitget USDT Futures,ENAUSDT,0.13911,216823740.0,30162350.471400004,5e-05,,OK,
2026-09-16T01:00:00Z,Bitget USDT Futures,ETHUSDT,2399.55,738927.6700000003,1773093890.5485008,4.6e-05,,OK,
2026-09-16T01:00:00Z,Bitget USDT Futures,HBARUSDT,0.07419,166624673.0,12361884.48987,0.0001,,OK,
2026-09-16T01:00:00Z,Bitget USDT Futures,HYPEUSDT,77.327,2462161.05,190391527.51334998,5e-05,,OK,
2026-09-16T01:00:00Z,Bitget USDT Futures,LINKUSDT,10.887,4022435.0,43792249.845,-9.2e-05,,OK,
2026-09-16T01:00:00Z,Bitget USDT Futures,MORPHOUSDT,2.0732,1036963.0,2149831.6916,5e-05,,OK,
2026-09-16T01:00:00Z,Bitget USDT Futures,NEARUSDT,2.3433,16148868.0,37841642.3844,5.6e-05,,OK,
2026-09-16T01:00:00Z,Bitget USDT Futures,ONDOUSDT,0.3273,52716451.900000006,17254094.70687,-0.000118,,OK,
2026-09-16T01:00:00Z,Bitget USDT Futures,SEIUSDT,0.04191,146985850.0,6160176.9735,-0.000122,,OK,
2026-09-16T01:00:00Z,Bitget USDT Futures,SOLUSDT,96.988,4344913.099999957,421404431.7427958,-6.3e-05,,OK,
2026-09-16T01:00:00Z,Bitget USDT Futures,SUIUSDT,0.6859,65458495.300000004,44897981.92627,-3.3e-05,,OK,
2026-09-16T01:00:00Z,Bitget USDT Futures,TAOUSDT,217.11,109560.906,23786768.30166,4.9e-05,,OK,
2026-09-16T01:00:00Z,Bitget USDT Futures,UNIUSDT,6.353,3583559.0,22766350.327,-1.2e-05,,OK,
2026-09-16T01:00:00Z,Bitget USDT Futures,XLMUSDT,0.17612,121808660.0,21452941.1992,-6.6e-05,,OK,
2026-09-16T01:00:00Z,Bitget USDT Futures,XRPUSDT,1.2868,165608158.0,213104577.7144,-1.1e-05,,OK,
2026-09-16T01:00:00Z,Bitget USDT Futures,ZECUSDT,1122.19,105196.51400000026,118050476.0456603,0.0001,,OK,
2026-09-16T02:00:00Z,Bitget USDT Futures,AAVEUSDT,120.72,195099.40000000002,23552399.568000004,0.0001,,OK,
2026-09-16T02:00:00Z,Bitget USDT Futures,AVAXUSDT,7.24,2813594.7,20370425.628000002,-4.7e-05,,OK,
2026-09-16T02:00:00Z,Bitget USDT Futures,BTCUSDT,75763.5,33405.698099999885,2530932607.9993415,8e-05,,OK,
2026-09-16T02:00:00Z,Bitget USDT Futures,CAKEUSDT,2.1919,822452.5999999997,1802733.8539399994,5e-05,,OK,
2026-09-16T02:00:00Z,Bitget USDT Futures,CCUSDT,0.09083,6480204.0,588596.92932,-4.4e-05,,OK,
2026-09-16T02:00:00Z,Bitget USDT Futures,ENAUSDT,0.1393,218001798.0,30367650.461400002,5e-05,,OK,
2026-09-16T02:00:00Z,Bitget USDT Futures,ETHUSDT,2396.66,742322.2600000004,1779094067.6516008,5.7e-05,,OK,
2026-09-16T02:00:00Z,Bitget USDT Futures,HBARUSDT,0.07405,166682879.0,12342867.18995,0.0001,,OK,
2026-09-16T02:00:00Z,Bitget USDT Futures,HYPEUSDT,77.179,2464103.1999999997,190177020.8728,5e-05,,OK,
2026-09-16T02:00:00Z,Bitget USDT Futures,LINKUSDT,10.847,3999236.0,43379712.892,-0.000101,,OK,
2026-09-16T02:00:00Z,Bitget USDT Futures,MORPHOUSDT,2.076,1049821.0,2179428.396,5e-05,,OK,
2026-09-16T02:00:00Z,Bitget USDT Futures,NEARUSDT,2.3222,16055730.0,37284616.206,6e-06,,OK,
2026-09-16T02:00:00Z,Bitget USDT Futures,ONDOUSDT,0.3252,52437328.300000004,17052619.16316,-0.00014,,OK,
2026-09-16T02:00:00Z,Bitget USDT Futures,SEIUSDT,0.04185,147312426.0,6165025.0281,-0.000116,,OK,
2026-09-16T02:00:00Z,Bitget USDT Futures,SOLUSDT,96.998,4360299.099999957,422940292.10179585,-7.4e-05,,OK,
2026-09-16T02:00:00Z,Bitget USDT Futures,SUIUSDT,0.6854,65230173.3,44708760.779819995,-1.5e-05,,OK,
2026-09-16T02:00:00Z,Bitget USDT Futures,TAOUSDT,216.93,109951.43200000002,23851764.143760003,5e-05,,OK,
2026-09-16T02:00:00Z,Bitget USDT Futures,UNIUSDT,6.32,3618561.0,22869305.52,-1.4e-05,,OK,
2026-09-16T02:00:00Z,Bitget USDT Futures,XLMUSDT,0.17498,121064951.0,21183945.12598,-0.00013,,OK,
2026-09-16T02:00:00Z,Bitget USDT Futures,XRPUSDT,1.285,165415826.0,212559336.41,-4.1e-05,,OK,
2026-09-16T02:00:00Z,Bitget USDT Futures,ZECUSDT,1112.0,104278.23400000024,115957396.20800027,0.0001,,OK,
2026-09-16T03:00:00Z,Bitget USDT Futures,AAVEUSDT,121.29,196231.70000000004,23800942.893000007,-3.4e-05,,OK,
2026-09-16T03:00:00Z,Bitget USDT Futures,AVAXUSDT,7.3,2824262.9,20617119.169999998,-2.7e-05,,OK,
2026-09-16T03:00:00Z,Bitget USDT Futures,BTCUSDT,76025.5,33337.27549999989,2534483038.5252414,8.2e-05,,OK,
2026-09-16T03:00:00Z,Bitget USDT Futures,CAKEUSDT,2.2043,818296.3999999998,1803770.7545199995,5e-05,,OK,
2026-09-16T03:00:00Z,Bitget USDT Futures,CCUSDT,0.09131,6479426.0,591636.38806,-3.4e-05,,OK,
2026-09-16T03:00:00Z,Bitget USDT Futures,ENAUSDT,0.14162,219323581.0,31060605.54122,5e-05,,OK,
2026-09-16T03:00:00Z,Bitget USDT Futures,ETHUSDT,2409.63,744815.9600000004,1794730881.694801,5.2e-05,,OK,
2026-09-16T03:00:00Z,Bitget USDT Futures,HBARUSDT,0.07463,166544975.0,12429251.48425,0.0001,,OK,
2026-09-16T03:00:00Z,Bitget USDT Futures,HYPEUSDT,77.897,2467550.38,192214771.95086,5e-05,,OK,
2026-09-16T03:00:00Z,Bitget USDT Futures,LINKUSDT,10.915,3999979.0,43659770.785,-6.9e-05,,OK,
2026-09-16T03:00:00Z,Bitget USDT Futures,MORPHOUSDT,2.0796,1046705.0,2176727.7180000003,5e-05,,OK,
2026-09-16T03:00:00Z,Bitget USDT Futures,NEARUSDT,2.3543,16041962.0,37767591.136599995,-4.2e-05,,OK,
2026-09-16T03:00:00Z,Bitget USDT Futures,ONDOUSDT,0.3294,52269429.1,17217549.945540003,-0.000133,,OK,
2026-09-16T03:00:00Z,Bitget USDT Futures,SEIUSDT,0.0422,147456606.0,6222668.773200001,-6e-05,,OK,
2026-09-16T03:00:00Z,Bitget USDT Futures,SOLUSDT,97.513,4347108.099999956,423899552.1552957,-5.7e-05,,OK,
2026-09-16T03:00:00Z,Bitget USDT Futures,SUIUSDT,0.693,65411868.4,45330424.801199995,1.7e-05,,OK,
2026-09-16T03:00:00Z,Bitget USDT Futures,TAOUSDT,218.41,109663.748,23951659.200680003,5e-05,,OK,
2026-09-16T03:00:00Z,Bitget USDT Futures,UNIUSDT,6.333,3625821.0,22962324.393,-6.4e-05,,OK,
2026-09-16T03:00:00Z,Bitget USDT Futures,XLMUSDT,0.17713,121392683.0,21502285.939790003,-0.000156,,OK,
2026-09-16T03:00:00Z,Bitget USDT Futures,XRPUSDT,1.2984,166221985.0,215822625.324,-4e-05,,OK,
2026-09-16T03:00:00Z,Bitget USDT Futures,ZECUSDT,1130.88,101930.93000000025,115271650.1184003,0.0001,,OK,
2026-09-16T04:00:00Z,Bitget USDT Futures,AAVEUSDT,120.8,201019.2,24283119.36,-0.000198,,OK,
2026-09-16T04:00:00Z,Bitget USDT Futures,AVAXUSDT,7.308,2824096.3,20638495.760399997,4e-06,,OK,
2026-09-16T04:00:00Z,Bitget USDT Futures,BTCUSDT,75834.5,33467.91589999989,2538022668.3185415,8.9e-05,,OK,
2026-09-16T04:00:00Z,Bitget USDT Futures,CAKEUSDT,2.205,817449.7999999997,1802476.8089999994,5e-05,,OK,
2026-09-16T04:00:00Z,Bitget USDT Futures,CCUSDT,0.0913,6470226.0,590731.6338000001,1.6e-05,,OK,
2026-09-16T04:00:00Z,Bitget USDT Futures,ENAUSDT,0.14105,219134636.0,30908940.4078,5e-05,,OK,
2026-09-16T04:00:00Z,Bitget USDT Futures,ETHUSDT,2401.76,752186.6800000004,1806571880.556801,6.2e-05,,OK,
2026-09-16T04:00:00Z,Bitget USDT Futures,HBARUSDT,0.07463,166276429.0,12409209.89627,0.0001,,OK,
2026-09-16T04:00:00Z,Bitget USDT Futures,HYPEUSDT,77.317,2465665.8999999994,190637890.39029995,5e-05,,OK,
2026-09-16T04:00:00Z,Bitget USDT Futures,LINKUSDT,10.824,4008650.0,43389627.6,-2.9e-05,,OK,
2026-09-16T04:00:00Z,Bitget USDT Futures,MORPHOUSDT,2.0774,1046565.0,2174134.131,5e-05,,OK,
2026-09-16T04:00:00Z,Bitget USDT Futures,NEARUSDT,2.3527,16044124.0,37747010.5348,-8.6e-05,,OK,
2026-09-16T04:00:00Z,Bitget USDT Futures,ONDOUSDT,0.329,52488231.5,17268628.1635,-0.000111,,OK,
2026-09-16T04:00:00Z,Bitget USDT Futures,SEIUSDT,0.04217,147273866.0,6210538.92922,-9e-06,,OK,
2026-09-16T04:00:00Z,Bitget USDT Futures,SOLUSDT,97.347,4344007.899999957,422876137.04129577,-4.6e-05,,OK,
2026-09-16T04:00:00Z,Bitget USDT Futures,SUIUSDT,0.6906,65329135.300000004,45116300.838180006,5.5e-05,,OK,
2026-09-16T04:00:00Z,Bitget USDT Futures,TAOUSDT,219.19,109738.892,24053667.73748,5e-05,,OK,
2026-09-16T04:00:00Z,Bitget USDT Futures,UNIUSDT,6.362,3668383.0,23338252.646,-4e-06,,OK,
2026-09-16T04:00:00Z,Bitget USDT Futures,XLMUSDT,0.1771,121294550.0,21481264.805,-0.000149,,OK,
2026-09-16T04:00:00Z,Bitget USDT Futures,XRPUSDT,1.3011,166198848.0,216241321.13279998,-3.1e-05,,OK,
2026-09-16T04:00:00Z,Bitget USDT Futures,ZECUSDT,1137.87,101607.94100000025,115616627.82567027,0.0001,,OK,
2026-09-16T05:00:00Z,Bitget USDT Futures,AAVEUSDT,120.85,200661.6,24249954.36,-0.000226,,OK,
2026-09-16T05:00:00Z,Bitget USDT Futures,AVAXUSDT,7.327,2827500.8999999994,20717099.094299994,2e-05,,OK,
2026-09-16T05:00:00Z,Bitget USDT Futures,BTCUSDT,75815.4,33621.29839999989,2549012186.7153516,9.2e-05,,OK,
2026-09-16T05:00:00Z,Bitget USDT Futures,CAKEUSDT,2.2064,813991.9999999998,1795991.9487999994,5e-05,,OK,
2026-09-16T05:00:00Z,Bitget USDT Futures,CCUSDT,0.09107,6472142.0,589417.97194,3.9e-05,,OK,
2026-09-16T05:00:00Z,Bitget USDT Futures,ENAUSDT,0.13993,219196782.0,30672205.70526,5e-05,,OK,
2026-09-16T05:00:00Z,Bitget USDT Futures,ETHUSDT,2400.54,754934.4500000004,1812250344.6030009,6.1e-05,,OK,
2026-09-16T05:00:00Z,Bitget USDT Futures,HBARUSDT,0.07461,166257053.0,12404438.724329999,0.0001,,OK,
2026-09-16T05:00:00Z,Bitget USDT Futures,HYPEUSDT,77.245,2467151.5399999996,190575120.70729998,5e-05,,OK,
2026-09-16T05:00:00Z,Bitget USDT Futures,LINKUSDT,10.858,4003428.0,43469221.224,6e-06,,OK,
2026-09-16T05:00:00Z,Bitget USDT Futures,MORPHOUSDT,2.0642,1043871.0,2154758.5182,5e-05,,OK,
2026-09-16T05:00:00Z,Bitget USDT Futures,NEARUSDT,2.3381,16031874.0,37484124.5994,-9.1e-05,,OK,
2026-09-16T05:00:00Z,Bitget USDT Futures,ONDOUSDT,0.3278,52296114.5,17142666.3331,-9.1e-05,,OK,
2026-09-16T05:00:00Z,Bitget USDT Futures,SEIUSDT,0.04201,147222250.0,6184806.7225,-8e-06,,OK,
2026-09-16T05:00:00Z,Bitget USDT Futures,SOLUSDT,97.028,4356686.399999957,422720568.0191958,-3.1e-05,,OK,
2026-09-16T05:00:00Z,Bitget USDT Futures,SUIUSDT,0.6908,65258667.800000004,45080687.71624,8.9e-05,,OK,
2026-09-16T05:00:00Z,Bitget USDT Futures,TAOUSDT,217.57,110513.69600000001,24044464.83872,5e-05,,OK,
2026-09-16T05:00:00Z,Bitget USDT Futures,UNIUSDT,6.353,3539021.0,22483400.413,8.8e-05,,OK,
2026-09-16T05:00:00Z,Bitget USDT Futures,XLMUSDT,0.17651,120780454.0,21318957.93554,-0.000141,,OK,
2026-09-16T05:00:00Z,Bitget USDT Futures,XRPUSDT,1.2973,166316087.0,215761859.66509998,-3.4e-05,,OK,
2026-09-16T05:00:00Z,Bitget USDT Futures,ZECUSDT,1162.97,103323.31400000023,120161914.48258027,0.0001,,OK,
2026-09-16T06:00:00Z,Bitget USDT Futures,AAVEUSDT,120.8,201344.40000000002,24322403.520000003,-0.000244,,OK,
2026-09-16T06:00:00Z,Bitget USDT Futures,AVAXUSDT,7.321,2830716.7999999993,20723677.692799993,3.4e-05,,OK,
2026-09-16T06:00:00Z,Bitget USDT Futures,BTCUSDT,75890.0,33653.695499999885,2553978951.4949913,8.4e-05,,OK,
2026-09-16T06:00:00Z,Bitget USDT Futures,CAKEUSDT,2.2036,809023.5999999997,1782764.4049599993,5e-05,,OK,
2026-09-16T06:00:00Z,Bitget USDT Futures,CCUSDT,0.09072,6477580.0,587646.0576,-5.1e-05,,OK,
2026-09-16T06:00:00Z,Bitget USDT Futures,ENAUSDT,0.13949,219719986.0,30648740.84714,5e-05,,OK,
2026-09-16T06:00:00Z,Bitget USDT Futures,ETHUSDT,2400.74,753954.4300000004,1810048558.2782009,5.1e-05,,OK,
2026-09-16T06:00:00Z,Bitget USDT Futures,HBARUSDT,0.07451,166154947.0,12380205.100970002,0.0001,,OK,
2026-09-16T06:00:00Z,Bitget USDT Futures,HYPEUSDT,77.255,2470393.5299999993,190850252.16014993,5e-05,,OK,
2026-09-16T06:00:00Z,Bitget USDT Futures,LINKUSDT,10.813,4006251.0,43319592.063,1.5e-05,,OK,
2026-09-16T06:00:00Z,Bitget USDT Futures,MORPHOUSDT,2.0723,1048615.0,2173044.8644999997,5e-05,,OK,
2026-09-16T06:00:00Z,Bitget USDT Futures,NEARUSDT,2.3408,16064503.0,37603788.6224,-7e-05,,OK,
2026-09-16T06:00:00Z,Bitget USDT Futures,ONDOUSDT,0.3272,52011523.699999996,17018170.55464,-9.4e-05,,OK,
2026-09-16T06:00:00Z,Bitget USDT Futures,SEIUSDT,0.04212,147167058.0,6198676.48296,2.7e-05,,OK,
2026-09-16T06:00:00Z,Bitget USDT Futures,SOLUSDT,97.14,4351444.199999956,422699289.58799577,-2e-05,,OK,
2026-09-16T06:00:00Z,Bitget USDT Futures,SUIUSDT,0.6904,65431891.9,45174178.16776,9.1e-05,,OK,
2026-09-16T06:00:00Z,Bitget USDT Futures,TAOUSDT,216.91,111707.24,24230417.428400002,5e-05,,OK,
2026-09-16T06:00:00Z,Bitget USDT Futures,UNIUSDT,6.314,3533756.0,22312135.384,0.0001,,OK,
2026-09-16T06:00:00Z,Bitget USDT Futures,XLMUSDT,0.17585,120226484.0,21141827.211400002,-0.000139,,OK,
2026-09-16T06:00:00Z,Bitget USDT Futures,XRPUSDT,1.2958,166653441.0,215949528.84780002,-2.1e-05,,OK,
2026-09-16T06:00:00Z,Bitget USDT Futures,ZECUSDT,1168.6,102625.55400000022,119928222.40440024,0.0001,,OK,
2026-09-16T07:00:00Z,Bitget USDT Futures,AAVEUSDT,119.94,201345.6,24149391.264,-0.000188,,OK,
2026-09-16T07:00:00Z,Bitget USDT Futures,AVAXUSDT,7.279,2837014.8999999994,20650631.457099997,4.2e-05,,OK,
2026-09-16T07:00:00Z,Bitget USDT Futures,BTCUSDT,75819.0,33623.28399999989,2549283769.5959916,7.3e-05,,OK,
2026-09-16T07:00:00Z,Bitget USDT Futures,CAKEUSDT,2.1929,809267.5999999997,1774642.9200399993,5e-05,,OK,
2026-09-16T07:00:00Z,Bitget USDT Futures,CCUSDT,0.0908,6479432.0,588332.4256000001,-0.000131,,OK,
2026-09-16T07:00:00Z,Bitget USDT Futures,ENAUSDT,0.14012,219466129.0,30751593.995479997,5e-05,,OK,
2026-09-16T07:00:00Z,Bitget USDT Futures,ETHUSDT,2398.94,757176.7800000004,1816421664.613201,4.4e-05,,OK,
2026-09-16T07:00:00Z,Bitget USDT Futures,HBARUSDT,0.07451,166146931.0,12379607.82881,0.0001,,OK,
2026-09-16T07:00:00Z,Bitget USDT Futures,HYPEUSDT,77.702,2469247.1199999996,191865439.71823996,4.9e-05,,OK,
2026-09-16T07:00:00Z,Bitget USDT Futures,LINKUSDT,10.783,4003756.0,43172500.948,4.4e-05,,OK,
2026-09-16T07:00:00Z,Bitget USDT Futures,MORPHOUSDT,2.0718,1045933.0,2166963.9894000003,5e-05,,OK,
2026-09-16T07:00:00Z,Bitget USDT Futures,NEARUSDT,2.3484,16096023.0,37799900.4132,-5.3e-05,,OK,
2026-09-16T07:00:00Z,Bitget USDT Futures,ONDOUSDT,0.3273,52294579.8,17116015.968539998,-6.8e-05,,OK,
2026-09-16T07:00:00Z,Bitget USDT Futures,SEIUSDT,0.04194,147048226.0,6167202.59844,6.3e-05,,OK,
2026-09-16T07:00:00Z,Bitget USDT Futures,SOLUSDT,97.096,4349354.499999956,422304924.5319958,-1.2e-05,,OK,
2026-09-16T07:00:00Z,Bitget USDT Futures,SUIUSDT,0.6891,65384603.1,45056529.99621,8.8e-05,,OK,
2026-09-16T07:00:00Z,Bitget USDT Futures,TAOUSDT,216.19,112288.663,24275686.05397,5e-05,,OK,
2026-09-16T07:00:00Z,Bitget USDT Futures,UNIUSDT,6.265,3527237.0,22098139.805,0.0001,,OK,
2026-09-16T07:00:00Z,Bitget USDT Futures,XLMUSDT,0.17602,119178020.0,20977715.0804,-0.000149,,OK,
2026-09-16T07:00:00Z,Bitget USDT Futures,XRPUSDT,1.2918,166900808.0,215602463.7744,-1.4e-05,,OK,
2026-09-16T07:00:00Z,Bitget USDT Futures,ZECUSDT,1182.45,102914.80600000026,121691612.35470031,0.0001,,OK,
2026-09-16T08:00:00Z,Bitget USDT Futures,AAVEUSDT,119.18,201075.90000000002,23964225.762000006,-0.000128,,OK,
2026-09-16T08:00:00Z,Bitget USDT Futures,AVAXUSDT,7.201,2833553.599999999,20404419.473599993,2.5e-05,,OK,
2026-09-16T08:00:00Z,Bitget USDT Futures,BTCUSDT,75463.4,33694.923599999885,2542733497.596231,4.6e-05,,OK,
2026-09-16T08:00:00Z,Bitget USDT Futures,CAKEUSDT,2.1655,805311.0999999997,1743901.1870499996,5e-05,,OK,
2026-09-16T08:00:00Z,Bitget USDT Futures,CCUSDT,0.09106,6485674.0,590585.47444,-6.6e-05,,OK,
2026-09-16T08:00:00Z,Bitget USDT Futures,ENAUSDT,0.13915,219946599.0,30605569.25085,5e-05,,OK,
2026-09-16T08:00:00Z,Bitget USDT Futures,ETHUSDT,2388.69,761840.1900000003,1819800043.4511008,3.8e-05,,OK,
2026-09-16T08:00:00Z,Bitget USDT Futures,HBARUSDT,0.07408,166201011.0,12312170.894879999,0.0001,,OK,
2026-09-16T08:00:00Z,Bitget USDT Futures,HYPEUSDT,77.28,2468207.1699999995,190743050.09759995,2.4e-05,,OK,
2026-09-16T08:00:00Z,Bitget USDT Futures,LINKUSDT,10.717,4007597.0,42949417.049,2.4e-05,,OK,
2026-09-16T08:00:00Z,Bitget USDT Futures,MORPHOUSDT,2.0705,1042745.0,2159003.5225,5e-05,,OK,
2026-09-16T08:00:00Z,Bitget USDT Futures,NEARUSDT,2.3243,16068805.0,37348723.461500004,-1.2e-05,,OK,
2026-09-16T08:00:00Z,Bitget USDT Futures,ONDOUSDT,0.3251,52101038.3,16938047.55133,-4.7e-05,,OK,
2026-09-16T08:00:00Z,Bitget USDT Futures,SEIUSDT,0.04169,147417218.0,6145823.818419999,7e-05,,OK,
2026-09-16T08:00:00Z,Bitget USDT Futures,SOLUSDT,96.68,4360709.499999956,421593394.4599958,-2.8e-05,,OK,
2026-09-16T08:00:00Z,Bitget USDT Futures,SUIUSDT,0.6828,65562029.7,44765753.87916,8.3e-05,,OK,
2026-09-16T08:00:00Z,Bitget USDT Futures,TAOUSDT,214.07,113442.767,24284693.13169,5e-05,,OK,
2026-09-16T08:00:00Z,Bitget USDT Futures,UNIUSDT,6.253,3541749.0,22146556.497,0.0001,,OK,
2026-09-16T08:00:00Z,Bitget USDT Futures,XLMUSDT,0.17397,118969818.0,20697179.237460002,-0.000171,,OK,
2026-09-16T08:00:00Z,Bitget USDT Futures,XRPUSDT,1.2805,167415091.0,214375024.0255,-2e-06,,OK,
2026-09-16T08:00:00Z,Bitget USDT Futures,ZECUSDT,1179.72,103755.82600000026,122402823.04872032,2.9e-05,,OK,
2026-09-16T09:00:00Z,Bitget USDT Futures,AAVEUSDT,118.76,201054.00000000003,23877173.040000003,-8.2e-05,,OK,
2026-09-16T09:00:00Z,Bitget USDT Futures,AVAXUSDT,7.24,2848498.6999999993,20623130.587999996,2.5e-05,,OK,
2026-09-16T09:00:00Z,Bitget USDT Futures,BTCUSDT,75774.9,33803.71169999988,2561472873.696321,4.5e-05,,OK,
2026-09-16T09:00:00Z,Bitget USDT Futures,CAKEUSDT,2.1766,802552.5999999997,1746835.9891599994,5e-05,,OK,
2026-09-16T09:00:00Z,Bitget USDT Futures,CCUSDT,0.09095,6494930.0,590713.8835,1e-05,,OK,
2026-09-16T09:00:00Z,Bitget USDT Futures,ENAUSDT,0.14082,219625994.0,30927732.47508,5e-05,,OK,
2026-09-16T09:00:00Z,Bitget USDT Futures,ETHUSDT,2400.96,761863.8100000002,1829204533.2576005,4e-05,,OK,
2026-09-16T09:00:00Z,Bitget USDT Futures,HBARUSDT,0.0744,166411351.0,12381004.5144,0.0001,,OK,
2026-09-16T09:00:00Z,Bitget USDT Futures,HYPEUSDT,77.654,2467640.5199999996,191622156.94007996,-2.3e-05,,OK,
2026-09-16T09:00:00Z,Bitget USDT Futures,LINKUSDT,10.789,4017396.0,43343685.444,1.5e-05,,OK,
2026-09-16T09:00:00Z,Bitget USDT Futures,MORPHOUSDT,2.0707,1043439.0,2160649.1373,5e-05,,OK,
2026-09-16T09:00:00Z,Bitget USDT Futures,NEARUSDT,2.3978,16044936.0,38472547.540800005,1.9e-05,,OK,
2026-09-16T09:00:00Z,Bitget USDT Futures,ONDOUSDT,0.3258,52678649.3,17162703.94194,-4.2e-05,,OK,
2026-09-16T09:00:00Z,Bitget USDT Futures,SEIUSDT,0.04177,147505500.0,6161304.735,5.6e-05,,OK,
2026-09-16T09:00:00Z,Bitget USDT Futures,SOLUSDT,97.143,4365762.299999956,424103247.1088957,-4.8e-05,,OK,
2026-09-16T09:00:00Z,Bitget USDT Futures,SUIUSDT,0.6866,65802612.7,45180073.879820004,5e-05,,OK,
2026-09-16T09:00:00Z,Bitget USDT Futures,TAOUSDT,215.06,113534.32400000001,24416691.719440002,5e-05,,OK,
2026-09-16T09:00:00Z,Bitget USDT Futures,UNIUSDT,6.254,3549009.0,22195502.286,0.0001,,OK,
2026-09-16T09:00:00Z,Bitget USDT Futures,XLMUSDT,0.17443,118909086.0,20741311.870980002,-0.000201,,OK,
2026-09-16T09:00:00Z,Bitget USDT Futures,XRPUSDT,1.2851,167353485.0,215065963.57349998,1e-05,,OK,
2026-09-16T09:00:00Z,Bitget USDT Futures,ZECUSDT,1187.81,104436.74800000027,124051013.64188032,-2.4e-05,,OK,
2026-09-16T10:00:00Z,Bitget USDT Futures,AAVEUSDT,119.67,200883.6,24039740.412,-4.2e-05,,OK,
2026-09-16T10:00:00Z,Bitget USDT Futures,AVAXUSDT,7.263,2844528.299999999,20659809.042899992,3e-05,,OK,
2026-09-16T10:00:00Z,Bitget USDT Futures,BTCUSDT,75953.3,33773.62399999989,2565218195.7591915,3.8e-05,,OK,
2026-09-16T10:00:00Z,Bitget USDT Futures,CAKEUSDT,2.1702,797879.5999999997,1731558.3079199994,5e-05,,OK,
2026-09-16T10:00:00Z,Bitget USDT Futures,CCUSDT,0.09109,6490730.0,591240.5957000001,5e-05,,OK,
2026-09-16T10:00:00Z,Bitget USDT Futures,ENAUSDT,0.14325,221173863.0,31683155.874749996,5e-05,,OK,
2026-09-16T10:00:00Z,Bitget USDT Futures,ETHUSDT,2401.77,767632.7500000002,1843677309.9675004,4.1e-05,,OK,
2026-09-16T10:00:00Z,Bitget USDT Futures,HBARUSDT,0.07428,166298411.0,12352645.96908,0.0001,,OK,
2026-09-16T10:00:00Z,Bitget USDT Futures,HYPEUSDT,77.852,2465689.9699999993,191958895.54443994,-2.3e-05,,OK,
2026-09-16T10:00:00Z,Bitget USDT Futures,LINKUSDT,10.815,4029171.0,43575484.364999995,5e-06,,OK,
2026-09-16T10:00:00Z,Bitget USDT Futures,MORPHOUSDT,2.0948,1040621.0,2179892.8708,5e-05,,OK,
2026-09-16T10:00:00Z,Bitget USDT Futures,NEARUSDT,2.4189,16086113.0,38910698.7357,5.1e-05,,OK,
2026-09-16T10:00:00Z,Bitget USDT Futures,ONDOUSDT,0.3271,52908258.3,17306291.28993,1e-05,,OK,
2026-09-16T10:00:00Z,Bitget USDT Futures,SEIUSDT,0.0418,147257292.0,6155354.8056,0.0001,,OK,
2026-09-16T10:00:00Z,Bitget USDT Futures,SOLUSDT,97.214,4363008.399999957,424145498.59759575,-7.3e-05,,OK,
2026-09-16T10:00:00Z,Bitget USDT Futures,SUIUSDT,0.6889,65781045.5,45316562.24495,1.1e-05,,OK,
2026-09-16T10:00:00Z,Bitget USDT Futures,TAOUSDT,216.53,117760.985,25498786.08205,5e-05,,OK,
2026-09-16T10:00:00Z,Bitget USDT Futures,UNIUSDT,6.356,3496271.0,22222298.476,0.0001,,OK,
2026-09-16T10:00:00Z,Bitget USDT Futures,XLMUSDT,0.17505,118579948.0,20757419.897400003,-0.00022,,OK,
2026-09-16T10:00:00Z,Bitget USDT Futures,XRPUSDT,1.288,167257286.0,215427384.368,9e-06,,OK,
2026-09-16T10:00:00Z,Bitget USDT Futures,ZECUSDT,1205.27,104869.85200000028,126396486.52004033,-6.8e-05,,OK,
2026-09-16T11:00:00Z,Bitget USDT Futures,AAVEUSDT,119.47,200958.40000000002,24008500.048000004,-2.8e-05,,OK,
2026-09-16T11:00:00Z,Bitget USDT Futures,AVAXUSDT,7.259,2838659.299999999,20605827.858699992,2.3e-05,,OK,
2026-09-16T11:00:00Z,Bitget USDT Futures,BTCUSDT,75892.8,33589.75789999989,2549220778.3531117,2.3e-05,,OK,
2026-09-16T11:00:00Z,Bitget USDT Futures,CAKEUSDT,2.1758,796391.7999999997,1732789.2784399996,5e-05,,OK,
2026-09-16T11:00:00Z,Bitget USDT Futures,CCUSDT,0.0908,6490730.0,589358.284,5e-05,,OK,
2026-09-16T11:00:00Z,Bitget USDT Futures,ENAUSDT,0.14378,221451826.0,31840343.54228,5e-05,,OK,
2026-09-16T11:00:00Z,Bitget USDT Futures,ETHUSDT,2404.38,767447.1300000002,1845234530.4294007,3.4e-05,,OK,
2026-09-16T11:00:00Z,Bitget USDT Futures,HBARUSDT,0.07429,166363421.0,12359138.54609,0.0001,,OK,
2026-09-16T11:00:00Z,Bitget USDT Futures,HYPEUSDT,78.792,2463341.4699999993,194091601.10423994,1.4e-05,,OK,
2026-09-16T11:00:00Z,Bitget USDT Futures,LINKUSDT,10.812,4031058.0,43583799.096,3e-06,,OK,
2026-09-16T11:00:00Z,Bitget USDT Futures,MORPHOUSDT,2.0939,1040395.0,2178483.0905,5e-05,,OK,
2026-09-16T11:00:00Z,Bitget USDT Futures,NEARUSDT,2.4457,16172865.0,39553975.9305,4.8e-05,,OK,
2026-09-16T11:00:00Z,Bitget USDT Futures,ONDOUSDT,0.3269,52956263.3,17311402.47277,5e-05,,OK,
2026-09-16T11:00:00Z,Bitget USDT Futures,SEIUSDT,0.04175,146991756.0,6136905.813,0.0001,,OK,
2026-09-16T11:00:00Z,Bitget USDT Futures,SOLUSDT,97.129,4359257.599999956,423410331.4303957,-9.3e-05,,OK,
2026-09-16T11:00:00Z,Bitget USDT Futures,SUIUSDT,0.6892,65580342.4,45197971.98208,-2.7e-05,,OK,
2026-09-16T11:00:00Z,Bitget USDT Futures,TAOUSDT,216.55,117625.48000000001,25471797.694000002,5e-05,,OK,
2026-09-16T11:00:00Z,Bitget USDT Futures,UNIUSDT,6.301,3491543.0,22000212.443,0.0001,,OK,
2026-09-16T11:00:00Z,Bitget USDT Futures,XLMUSDT,0.17507,118256498.0,20703165.10486,-0.000231,,OK,
2026-09-16T11:00:00Z,Bitget USDT Futures,XRPUSDT,1.2874,168000903.0,216284362.52220002,-4e-06,,OK,
2026-09-16T11:00:00Z,Bitget USDT Futures,ZECUSDT,1211.2,106232.31200000025,128668576.2944003,-0.000106,,OK,
2026-09-16T12:00:00Z,Bitget USDT Futures,AAVEUSDT,119.71,199555.0,23888729.049999997,-3.1e-05,,OK,
2026-09-16T12:00:00Z,Bitget USDT Futures,AVAXUSDT,7.286,2838658.8999999994,20682468.745399993,2.4e-05,,OK,
2026-09-16T12:00:00Z,Bitget USDT Futures,BTCUSDT,76018.7,33209.88539999989,2524572315.2569714,1.2e-05,,OK,
2026-09-16T12:00:00Z,Bitget USDT Futures,CAKEUSDT,2.1879,796182.5999999997,1741967.9105399994,5e-05,,OK,
2026-09-16T12:00:00Z,Bitget USDT Futures,CCUSDT,0.09123,6490730.0,592149.2979,5e-05,,OK,
2026-09-16T12:00:00Z,Bitget USDT Futures,ENAUSDT,0.14212,221309882.0,31452560.42984,5e-05,,OK,
2026-09-16T12:00:00Z,Bitget USDT Futures,ETHUSDT,2409.59,761350.1000000002,1834541587.4590006,4.2e-05,,OK,
2026-09-16T12:00:00Z,Bitget USDT Futures,HBARUSDT,0.07402,166377715.0,12315278.464300001,0.0001,,OK,
2026-09-16T12:00:00Z,Bitget USDT Futures,HYPEUSDT,78.54,2461799.3699999996,193349722.51979998,5e-05,,OK,
2026-09-16T12:00:00Z,Bitget USDT Futures,LINKUSDT,10.811,4022386.0,43486015.046,1.9e-05,,OK,
2026-09-16T12:00:00Z,Bitget USDT Futures,MORPHOUSDT,2.1028,1044225.0,2195796.3299999996,5e-05,,OK,
2026-09-16T12:00:00Z,Bitget USDT Futures,NEARUSDT,2.4618,16109399.0,39658118.4582,4.2e-05,,OK,
2026-09-16T12:00:00Z,Bitget USDT Futures,ONDOUSDT,0.326,52658425.9,17166646.8434,5e-05,,OK,
2026-09-16T12:00:00Z,Bitget USDT Futures,SEIUSDT,0.04185,147229092.0,6161537.5002,0.0001,,OK,
2026-09-16T12:00:00Z,Bitget USDT Futures,SOLUSDT,97.622,4356294.799999956,425270210.9655957,-0.000104,,OK,
2026-09-16T12:00:00Z,Bitget USDT Futures,SUIUSDT,0.6892,66544955.1,45862783.05492,-6.5e-05,,OK,
2026-09-16T12:00:00Z,Bitget USDT Futures,TAOUSDT,218.05,117778.56400000001,25681615.880200002,5e-05,,OK,
2026-09-16T12:00:00Z,Bitget USDT Futures,UNIUSDT,6.259,3473791.0,21742457.869000003,9.3e-05,,OK,
2026-09-16T12:00:00Z,Bitget USDT Futures,XLMUSDT,0.17675,117115540.0,20700171.695,-0.00021,,OK,
2026-09-16T12:00:00Z,Bitget USDT Futures,XRPUSDT,1.2875,168030566.0,216339353.72500002,-2.9e-05,,OK,
2026-09-16T12:00:00Z,Bitget USDT Futures,ZECUSDT,1216.48,107125.02300000026,130315447.97904032,-0.000108,,OK,
2026-09-16T13:00:00Z,Bitget USDT Futures,AAVEUSDT,117.44,198257.2,23283325.568,-3.7e-05,,OK,
2026-09-16T13:00:00Z,Bitget USDT Futures,AVAXUSDT,7.259,2854631.3999999994,20721769.332599998,3.4e-05,,OK,
2026-09-16T13:00:00Z,Bitget USDT Futures,BTCUSDT,75728.8,33213.497799999896,2515218332.1966324,1.1e-05,,OK,
2026-09-16T13:00:00Z,Bitget USDT Futures,CAKEUSDT,2.1903,793320.5999999997,1737610.1101799996,5e-05,,OK,
2026-09-16T13:00:00Z,Bitget USDT Futures,CCUSDT,0.09124,6495252.0,592626.7924800001,5e-05,,OK,
2026-09-16T13:00:00Z,Bitget USDT Futures,ENAUSDT,0.14372,221044170.0,31768468.112399995,5e-05,,OK,
2026-09-16T13:00:00Z,Bitget USDT Futures,ETHUSDT,2399.05,755363.8000000002,1812155524.3900006,5.1e-05,,OK,
2026-09-16T13:00:00Z,Bitget USDT Futures,HBARUSDT,0.07378,166296773.0,12269375.91194,0.0001,,OK,
2026-09-16T13:00:00Z,Bitget USDT Futures,HYPEUSDT,78.048,2490727.5599999996,194396304.60287997,5e-05,,OK,
2026-09-16T13:00:00Z,Bitget USDT Futures,LINKUSDT,10.714,4059126.0,43489475.964,3.3e-05,,OK,
2026-09-16T13:00:00Z,Bitget USDT Futures,MORPHOUSDT,2.0952,1043461.0,2186259.4872000003,5e-05,,OK,
2026-09-16T13:00:00Z,Bitget USDT Futures,NEARUSDT,2.4577,16117206.0,39611257.1862,1.6e-05,,OK,
2026-09-16T13:00:00Z,Bitget USDT Futures,ONDOUSDT,0.325,52852010.9,17176903.5425,2.2e-05,,OK,
2026-09-16T13:00:00Z,Bitget USDT Futures,SEIUSDT,0.04161,147115778.0,6121487.522580001,0.0001,,OK,
2026-09-16T13:00:00Z,Bitget USDT Futures,SOLUSDT,97.137,4354205.699999956,422954479.0808958,-0.000111,,OK,
2026-09-16T13:00:00Z,Bitget USDT Futures,SUIUSDT,0.6854,66238542.50000001,45399897.02950001,-8.6e-05,,OK,
2026-09-16T13:00:00Z,Bitget USDT Futures,TAOUSDT,216.82,117552.23000000001,25487674.5086,5e-05,,OK,
2026-09-16T13:00:00Z,Bitget USDT Futures,UNIUSDT,6.241,3483776.0,21742246.016,1.4e-05,,OK,
2026-09-16T13:00:00Z,Bitget USDT Futures,XLMUSDT,0.17468,115550978.0,20184444.83704,-0.00016,,OK,
2026-09-16T13:00:00Z,Bitget USDT Futures,XRPUSDT,1.2753,168029920.0,214288556.976,-3.7e-05,,OK,
2026-09-16T13:00:00Z,Bitget USDT Futures,ZECUSDT,1218.11,107224.98100000026,130611821.6059103,-8.5e-05,,OK,
2026-09-16T14:00:00Z,Bitget USDT Futures,AAVEUSDT,116.67,198879.1,23203224.597000003,-1.6e-05,,OK,
2026-09-16T14:00:00Z,Bitget USDT Futures,AVAXUSDT,7.243,2847359.7999999993,20623427.031399995,6.5e-05,,OK,
2026-09-16T14:00:00Z,Bitget USDT Futures,BTCUSDT,75544.2,33123.3040999999,2502273509.5912123,2e-05,,OK,
2026-09-16T14:00:00Z,Bitget USDT Futures,CAKEUSDT,2.187,793747.3999999998,1735925.5637999994,5e-05,,OK,
2026-09-16T14:00:00Z,Bitget USDT Futures,CCUSDT,0.09044,6490108.0,586965.3675200001,5e-05,,OK,
2026-09-16T14:00:00Z,Bitget USDT Futures,ENAUSDT,0.14373,221862904.0,31888355.19192,5e-05,,OK,
2026-09-16T14:00:00Z,Bitget USDT Futures,ETHUSDT,2388.59,757488.1500000001,1809328620.2085004,5.3e-05,,OK,
2026-09-16T14:00:00Z,Bitget USDT Futures,HBARUSDT,0.0727,166486447.0,12103564.6969,0.0001,,OK,
2026-09-16T14:00:00Z,Bitget USDT Futures,HYPEUSDT,78.39,2469865.2599999993,193612737.73139995,5e-05,,OK,
2026-09-16T14:00:00Z,Bitget USDT Futures,LINKUSDT,10.66,4046396.0,43134581.36,4.5e-05,,OK,
2026-09-16T14:00:00Z,Bitget USDT Futures,MORPHOUSDT,2.084,1036667.0,2160414.028,5e-05,,OK,
2026-09-16T14:00:00Z,Bitget USDT Futures,NEARUSDT,2.4543,16100842.0,39516296.5206,-3.5e-05,,OK,
2026-09-16T14:00:00Z,Bitget USDT Futures,ONDOUSDT,0.3293,53048228.0,17468781.4804,3.1e-05,,OK,
2026-09-16T14:00:00Z,Bitget USDT Futures,SEIUSDT,0.04141,146688114.0,6074354.800740001,0.0001,,OK,
2026-09-16T14:00:00Z,Bitget USDT Futures,SOLUSDT,96.925,4358710.599999957,422468024.9049958,-0.000108,,OK,
2026-09-16T14:00:00Z,Bitget USDT Futures,SUIUSDT,0.6855,66112982.800000004,45320449.709400006,-9.4e-05,,OK,
2026-09-16T14:00:00Z,Bitget USDT Futures,TAOUSDT,215.34,117612.88400000002,25326758.440560006,5e-05,,OK,
2026-09-16T14:00:00Z,Bitget USDT Futures,UNIUSDT,6.109,3447129.0,21058511.061,-6e-06,,OK,
2026-09-16T14:00:00Z,Bitget USDT Futures,XLMUSDT,0.17398,114464906.0,19914604.345879998,-0.000117,,OK,
2026-09-16T14:00:00Z,Bitget USDT Futures,XRPUSDT,1.2701,168774878.0,214360972.5478,-3.4e-05,,OK,
2026-09-16T14:00:00Z,Bitget USDT Futures,ZECUSDT,1249.22,109076.34900000025,136260356.6977803,-0.000126,,OK,
2026-09-16T15:00:00Z,Bitget USDT Futures,AAVEUSDT,116.5,197274.2,22982444.3,1.2e-05,,OK,
2026-09-16T15:00:00Z,Bitget USDT Futures,AVAXUSDT,7.248,2845084.0999999996,20621169.556799997,6.1e-05,,OK,
2026-09-16T15:00:00Z,Bitget USDT Futures,BTCUSDT,75661.9,33318.823899999894,2520965522.039402,3.9e-05,,OK,
2026-09-16T15:00:00Z,Bitget USDT Futures,CAKEUSDT,2.1779,793303.1999999997,1727735.0392799994,5e-05,,OK,
2026-09-16T15:00:00Z,Bitget USDT Futures,CCUSDT,0.09083,6550230.0,594957.3909,5e-05,,OK,
2026-09-16T15:00:00Z,Bitget USDT Futures,ENAUSDT,0.1433,222216256.0,31843589.484800003,5e-05,,OK,
2026-09-16T15:00:00Z,Bitget USDT Futures,ETHUSDT,2389.23,759336.7000000002,1814230023.7410004,5.7e-05,,OK,
2026-09-16T15:00:00Z,Bitget USDT Futures,HBARUSDT,0.07259,165927543.0,12044680.34637,0.0001,,OK,
2026-09-16T15:00:00Z,Bitget USDT Futures,HYPEUSDT,78.282,2468695.2999999993,193254405.47459993,5e-05,,OK,
2026-09-16T15:00:00Z,Bitget USDT Futures,LINKUSDT,10.715,4022970.0,43106123.55,6.8e-05,,OK,
2026-09-16T15:00:00Z,Bitget USDT Futures,MORPHOUSDT,2.0887,1040131.0,2172521.6196999997,5e-05,,OK,
2026-09-16T15:00:00Z,Bitget USDT Futures,NEARUSDT,2.446,16076949.0,39324217.254,-7.7e-05,,OK,
2026-09-16T15:00:00Z,Bitget USDT Futures,ONDOUSDT,0.3293,52939693.699999996,17433041.135409996,5e-05,,OK,
2026-09-16T15:00:00Z,Bitget USDT Futures,SEIUSDT,0.04146,146607186.0,6078333.9315599995,0.0001,,OK,
2026-09-16T15:00:00Z,Bitget USDT Futures,SOLUSDT,97.05,4353387.499999957,422496256.8749958,-8e-05,,OK,
2026-09-16T15:00:00Z,Bitget USDT Futures,SUIUSDT,0.6859,65877768.50000001,45185561.41415,-6.4e-05,,OK,
2026-09-16T15:00:00Z,Bitget USDT Futures,TAOUSDT,215.42,117997.90600000002,25419108.910520002,5e-05,,OK,
2026-09-16T15:00:00Z,Bitget USDT Futures,UNIUSDT,6.122,3435957.0,21034928.754,-3.9e-05,,OK,
2026-09-16T15:00:00Z,Bitget USDT Futures,XLMUSDT,0.17395,113887704.0,19810766.110799998,-0.000108,,OK,
2026-09-16T15:00:00Z,Bitget USDT Futures,XRPUSDT,1.2679,168949447.0,214211003.8513,-1.2e-05,,OK,
2026-09-16T15:00:00Z,Bitget USDT Futures,ZECUSDT,1249.32,112973.61300000023,141140194.1931603,-0.000158,,OK,
2026-09-16T16:00:00Z,Bitget USDT Futures,AAVEUSDT,115.94,197302.50000000003,22875251.85,2.4e-05,,OK,
2026-09-16T16:00:00Z,Bitget USDT Futures,AVAXUSDT,7.241,2845883.2999999993,20607040.975299995,5e-05,,OK,
2026-09-16T16:00:00Z,Bitget USDT Futures,BTCUSDT,75815.9,33597.33259999989,2547212008.6683316,5.6e-05,,OK,
2026-09-16T16:00:00Z,Bitget USDT Futures,CAKEUSDT,2.1796,807882.3999999998,1760860.4790399997,5e-05,,OK,
2026-09-16T16:00:00Z,Bitget USDT Futures,CCUSDT,0.09046,6547560.0,592292.2776,5e-05,,OK,
2026-09-16T16:00:00Z,Bitget USDT Futures,ENAUSDT,0.14373,221520305.0,31839113.43765,5e-05,,OK,
2026-09-16T16:00:00Z,Bitget USDT Futures,ETHUSDT,2397.45,776492.5100000002,1861601968.0995004,7.2e-05,,OK,
2026-09-16T16:00:00Z,Bitget USDT Futures,HBARUSDT,0.07275,165742855.0,12057792.70125,0.0001,,OK,
2026-09-16T16:00:00Z,Bitget USDT Futures,HYPEUSDT,78.94,2472937.3199999994,195213672.04079995,5e-05,,OK,
2026-09-16T16:00:00Z,Bitget USDT Futures,LINKUSDT,10.733,4016338.0,43107355.754,9.4e-05,,OK,
2026-09-16T16:00:00Z,Bitget USDT Futures,MORPHOUSDT,2.082,1038145.0,2161417.8899999997,5e-05,,OK,
2026-09-16T16:00:00Z,Bitget USDT Futures,NEARUSDT,2.4688,16214601.0,40030606.9488,-6.6e-05,,OK,
2026-09-16T16:00:00Z,Bitget USDT Futures,ONDOUSDT,0.33,53234878.4,17567509.872,5e-05,,OK,
2026-09-16T16:00:00Z,Bitget USDT Futures,SEIUSDT,0.04147,146450646.0,6073308.28962,0.0001,,OK,
2026-09-16T16:00:00Z,Bitget USDT Futures,SOLUSDT,97.391,4350243.099999957,423674525.7520958,-6.7e-05,,OK,
2026-09-16T16:00:00Z,Bitget USDT Futures,SUIUSDT,0.6873,66076224.2,45414188.89266001,-4.9e-05,,OK,
2026-09-16T16:00:00Z,Bitget USDT Futures,TAOUSDT,215.15,117744.51000000001,25332731.326500002,5e-05,,OK,
2026-09-16T16:00:00Z,Bitget USDT Futures,UNIUSDT,6.233,3454405.0,21531306.365,-6.1e-05,,OK,
2026-09-16T16:00:00Z,Bitget USDT Futures,XLMUSDT,0.17394,113122784.0,19676577.04896,-0.000119,,OK,
2026-09-16T16:00:00Z,Bitget USDT Futures,XRPUSDT,1.2688,170445037.0,216260662.94559997,1.8e-05,,OK,
2026-09-16T16:00:00Z,Bitget USDT Futures,ZECUSDT,1263.82,112008.86300000024,141559041.2366603,-0.000164,,OK,
2026-09-16T17:00:00Z,Bitget USDT Futures,AAVEUSDT,115.18,197060.40000000002,22697416.872000005,6.3e-05,,OK,
2026-09-16T17:00:00Z,Bitget USDT Futures,AVAXUSDT,7.244,2846244.6999999993,20618196.606799994,6.2e-05,,OK,
2026-09-16T17:00:00Z,Bitget USDT Futures,BTCUSDT,75687.0,33457.9031999999,2532328319.498392,6.5e-05,,OK,
2026-09-16T17:00:00Z,Bitget USDT Futures,CAKEUSDT,2.1842,805799.4999999998,1760027.2678999996,5e-05,,OK,
2026-09-16T17:00:00Z,Bitget USDT Futures,CCUSDT,0.09103,6599874.0,600786.53022,5e-05,,OK,
2026-09-16T17:00:00Z,Bitget USDT Futures,ENAUSDT,0.14167,222391980.0,31506271.806599997,4.4e-05,,OK,
2026-09-16T17:00:00Z,Bitget USDT Futures,ETHUSDT,2389.78,775685.3000000002,1853717216.2340004,9.1e-05,,OK,
2026-09-16T17:00:00Z,Bitget USDT Futures,HBARUSDT,0.07288,165905110.0,12091164.4168,0.0001,,OK,
2026-09-16T17:00:00Z,Bitget USDT Futures,HYPEUSDT,78.726,2470854.7399999993,194520510.26123995,5e-05,,OK,
2026-09-16T17:00:00Z,Bitget USDT Futures,LINKUSDT,10.713,4019818.0,43064310.234,0.0001,,OK,
2026-09-16T17:00:00Z,Bitget USDT Futures,MORPHOUSDT,2.0716,1030811.0,2135428.0676,5e-05,,OK,
2026-09-16T17:00:00Z,Bitget USDT Futures,NEARUSDT,2.458,16127216.0,39640696.928,-0.000101,,OK,
2026-09-16T17:00:00Z,Bitget USDT Futures,ONDOUSDT,0.3302,53098593.7,17533155.63974,5e-05,,OK,
2026-09-16T17:00:00Z,Bitget USDT Futures,SEIUSDT,0.04149,146443426.0,6075937.74474,2.5e-05,,OK,
2026-09-16T17:00:00Z,Bitget USDT Futures,SOLUSDT,97.133,4349121.199999957,422443189.51959586,-4.7e-05,,OK,
2026-09-16T17:00:00Z,Bitget USDT Futures,SUIUSDT,0.6853,66122323.5,45313628.29455,-2.9e-05,,OK,
2026-09-16T17:00:00Z,Bitget USDT Futures,TAOUSDT,215.68,117965.206,25442735.630080003,5e-05,,OK,
2026-09-16T17:00:00Z,Bitget USDT Futures,UNIUSDT,6.188,3443913.0,21310933.643999998,-6.1e-05,,OK,
2026-09-16T17:00:00Z,Bitget USDT Futures,XLMUSDT,0.17357,113123289.0,19634809.271730002,-0.00014,,OK,
2026-09-16T17:00:00Z,Bitget USDT Futures,XRPUSDT,1.2644,169540577.0,214367105.55879998,4.9e-05,,OK,
2026-09-16T17:00:00Z,Bitget USDT Futures,ZECUSDT,1254.68,111822.81000000029,140301843.25080037,-0.000271,,OK,
2026-09-16T18:00:00Z,Bitget USDT Futures,AAVEUSDT,115.57,196927.30000000002,22758888.061,0.0001,,OK,
2026-09-16T18:00:00Z,Bitget USDT Futures,AVAXUSDT,7.273,2831332.899999999,20592284.18169999,7.4e-05,,OK,
2026-09-16T18:00:00Z,Bitget USDT Futures,BTCUSDT,75970.6,32792.6745999999,2491279164.9667525,6.8e-05,,OK,
2026-09-16T18:00:00Z,Bitget USDT Futures,CAKEUSDT,2.2304,799472.9999999998,1783144.5791999993,-3.8e-05,,OK,
2026-09-16T18:00:00Z,Bitget USDT Futures,CCUSDT,0.09225,6595936.0,608475.096,5e-05,,OK,
2026-09-16T18:00:00Z,Bitget USDT Futures,ENAUSDT,0.14619,221090993.0,32321292.266669996,1.9e-05,,OK,
2026-09-16T18:00:00Z,Bitget USDT Futures,ETHUSDT,2405.99,771745.0400000002,1856810848.7896001,9.5e-05,,OK,
2026-09-16T18:00:00Z,Bitget USDT Futures,HBARUSDT,0.07305,165402023.0,12082617.78015,0.0001,,OK,
2026-09-16T18:00:00Z,Bitget USDT Futures,HYPEUSDT,79.693,2449396.2099999995,195199732.16352996,2.7e-05,,OK,
2026-09-16T18:00:00Z,Bitget USDT Futures,LINKUSDT,10.805,4042272.0,43676748.96,0.0001,,OK,
2026-09-16T18:00:00Z,Bitget USDT Futures,MORPHOUSDT,2.0733,1028495.0,2132378.6835000003,5e-05,,OK,
2026-09-16T18:00:00Z,Bitget USDT Futures,NEARUSDT,2.5249,16085651.0,40614660.2099,-0.000112,,OK,
2026-09-16T18:00:00Z,Bitget USDT Futures,ONDOUSDT,0.3346,52302901.699999996,17500550.90882,5e-05,,OK,
2026-09-16T18:00:00Z,Bitget USDT Futures,SEIUSDT,0.04191,146585490.0,6143397.8859,-5.4e-05,,OK,
2026-09-16T18:00:00Z,Bitget USDT Futures,SOLUSDT,98.041,4327173.399999956,424240407.3093956,-2.3e-05,,OK,
2026-09-16T18:00:00Z,Bitget USDT Futures,SUIUSDT,0.6948,65778208.6,45702699.33528,-5e-06,,OK,
2026-09-16T18:00:00Z,Bitget USDT Futures,TAOUSDT,217.68,117731.09300000001,25627704.324240003,5e-05,,OK,
2026-09-16T18:00:00Z,Bitget USDT Futures,UNIUSDT,6.39,3431531.0,21927483.09,8e-06,,OK,
2026-09-16T18:00:00Z,Bitget USDT Futures,XLMUSDT,0.17779,113958992.0,20260769.18768,-0.000102,,OK,
2026-09-16T18:00:00Z,Bitget USDT Futures,XRPUSDT,1.2789,165562046.0,211737300.62939999,4.4e-05,,OK,
2026-09-16T18:00:00Z,Bitget USDT Futures,ZECUSDT,1330.6,116627.00900000031,155183898.1754004,-0.000234,,OK,
2026-09-16T19:00:00Z,Bitget USDT Futures,AAVEUSDT,115.98,197180.80000000002,22869029.184000004,0.0001,,OK,
2026-09-16T19:00:00Z,Bitget USDT Futures,AVAXUSDT,7.299,2828014.899999999,20641680.755099993,0.0001,,OK,
2026-09-16T19:00:00Z,Bitget USDT Futures,BTCUSDT,75758.0,32861.171799999895,2489496653.224392,6.1e-05,,OK,
2026-09-16T19:00:00Z,Bitget USDT Futures,CAKEUSDT,2.2188,806784.9999999998,1790094.5579999995,-0.000208,,OK,
2026-09-16T19:00:00Z,Bitget USDT Futures,CCUSDT,0.09559,6635260.0,634264.5033999999,5e-05,,OK,
2026-09-16T19:00:00Z,Bitget USDT Futures,ENAUSDT,0.14717,222268936.0,32711319.31112,4.1e-05,,OK,
2026-09-16T19:00:00Z,Bitget USDT Futures,ETHUSDT,2400.79,764480.0300000001,1835356011.2237003,7.8e-05,,OK,
2026-09-16T19:00:00Z,Bitget USDT Futures,HBARUSDT,0.07283,169670269.0,12357085.691270001,0.0001,,OK,
2026-09-16T19:00:00Z,Bitget USDT Futures,HYPEUSDT,78.49,2448715.769999999,192199700.7872999,3.9e-05,,OK,
2026-09-16T19:00:00Z,Bitget USDT Futures,LINKUSDT,10.867,4026671.0,43757833.75700001,0.0001,,OK,
2026-09-16T19:00:00Z,Bitget USDT Futures,MORPHOUSDT,2.0679,1026925.0,2123578.2075,5e-05,,OK,
2026-09-16T19:00:00Z,Bitget USDT Futures,NEARUSDT,2.5345,16012515.0,40583719.2675,-8e-05,,OK,
2026-09-16T19:00:00Z,Bitget USDT Futures,ONDOUSDT,0.3362,52110276.3,17519474.89206,5e-05,,OK,
2026-09-16T19:00:00Z,Bitget USDT Futures,SEIUSDT,0.04187,146416985.0,6130479.16195,-1.3e-05,,OK,
2026-09-16T19:00:00Z,Bitget USDT Futures,SOLUSDT,97.829,4328252.999999957,423428662.73699576,1e-06,,OK,
2026-09-16T19:00:00Z,Bitget USDT Futures,SUIUSDT,0.6985,65718159.1,45904134.13135,2.4e-05,,OK,
2026-09-16T19:00:00Z,Bitget USDT Futures,TAOUSDT,218.07,118335.71200000001,25805468.71584,5e-05,,OK,
2026-09-16T19:00:00Z,Bitget USDT Futures,UNIUSDT,6.304,3460637.0,21815855.648000002,5.1e-05,,OK,
2026-09-16T19:00:00Z,Bitget USDT Futures,XLMUSDT,0.17967,114098496.0,20500076.77632,1.3e-05,,OK,
2026-09-16T19:00:00Z,Bitget USDT Futures,XRPUSDT,1.2866,167837888.0,215940226.7008,1.6e-05,,OK,
2026-09-16T19:00:00Z,Bitget USDT Futures,ZECUSDT,1331.38,119038.00200000028,158484815.1027604,-0.000331,,OK,
2026-09-16T20:00:00Z,Bitget USDT Futures,AAVEUSDT,116.65,198995.1,23212778.415000003,0.0001,,OK,
2026-09-16T20:00:00Z,Bitget USDT Futures,AVAXUSDT,7.341,2832497.099999999,20793361.211099993,0.0001,,OK,
2026-09-16T20:00:00Z,Bitget USDT Futures,BTCUSDT,76221.1,32976.941099999895,2513538725.277202,6.2e-05,,OK,
2026-09-16T20:00:00Z,Bitget USDT Futures,CAKEUSDT,2.2365,815010.5999999997,1822771.2068999994,-0.000247,,OK,
2026-09-16T20:00:00Z,Bitget USDT Futures,CCUSDT,0.0944,6591508.0,622238.3552,5e-05,,OK,
2026-09-16T20:00:00Z,Bitget USDT Futures,ENAUSDT,0.14745,221033969.0,32591458.72905,3.9e-05,,OK,
2026-09-16T20:00:00Z,Bitget USDT Futures,ETHUSDT,2410.79,760265.4800000002,1832840416.5292006,6.2e-05,,OK,
2026-09-16T20:00:00Z,Bitget USDT Futures,HBARUSDT,0.07354,168486747.0,12390515.37438,0.0001,,OK,
2026-09-16T20:00:00Z,Bitget USDT Futures,HYPEUSDT,78.548,2452427.459999999,192633272.12807992,2.4e-05,,OK,
2026-09-16T20:00:00Z,Bitget USDT Futures,LINKUSDT,10.955,4030119.0,44149953.645,0.0001,,OK,
2026-09-16T20:00:00Z,Bitget USDT Futures,MORPHOUSDT,2.0693,1027175.0,2125533.2275,5e-05,,OK,
2026-09-16T20:00:00Z,Bitget USDT Futures,NEARUSDT,2.539,16067330.0,40794950.870000005,-4.6e-05,,OK,
2026-09-16T20:00:00Z,Bitget USDT Futures,ONDOUSDT,0.339,52484247.9,17792160.0381,5e-05,,OK,
2026-09-16T20:00:00Z,Bitget USDT Futures,SEIUSDT,0.0425,146441744.0,6223774.12,-5.3e-05,,OK,
2026-09-16T20:00:00Z,Bitget USDT Futures,SOLUSDT,98.401,4329617.3999999575,426038681.7773958,-7e-06,,OK,
2026-09-16T20:00:00Z,Bitget USDT Futures,SUIUSDT,0.7129,65109703.1,46416707.33999,-3.1e-05,,OK,
2026-09-16T20:00:00Z,Bitget USDT Futures,TAOUSDT,219.97,118353.64400000001,26034251.070680004,5e-05,,OK,
2026-09-16T20:00:00Z,Bitget USDT Futures,UNIUSDT,6.383,3451021.0,22027867.043,0.0001,,OK,
2026-09-16T20:00:00Z,Bitget USDT Futures,XLMUSDT,0.18084,115043616.0,20804487.51744,0.0001,,OK,
2026-09-16T20:00:00Z,Bitget USDT Futures,XRPUSDT,1.3054,165466249.0,215999641.4446,-8e-06,,OK,
2026-09-16T20:00:00Z,Bitget USDT Futures,ZECUSDT,1292.34,111365.83600000026,143922524.49624032,-0.000414,,OK,
2026-09-16T21:00:00Z,Bitget USDT Futures,AAVEUSDT,117.12,199096.2,23318146.944000002,0.0001,,OK,
2026-09-16T21:00:00Z,Bitget USDT Futures,AVAXUSDT,7.371,2828037.6999999993,20845465.886699997,0.0001,,OK,
2026-09-16T21:00:00Z,Bitget USDT Futures,BTCUSDT,76086.6,33021.804799999896,2512516853.095672,5.5e-05,,OK,
2026-09-16T21:00:00Z,Bitget USDT Futures,CAKEUSDT,2.2635,810441.3999999998,1834434.1088999996,-0.000253,,OK,
2026-09-16T21:00:00Z,Bitget USDT Futures,CCUSDT,0.09586,6615114.0,634124.82804,5e-05,,OK,
2026-09-16T21:00:00Z,Bitget USDT Futures,ENAUSDT,0.14657,220954076.0,32385238.919320002,-2e-06,,OK,
2026-09-16T21:00:00Z,Bitget USDT Futures,ETHUSDT,2408.19,761135.4800000002,1832958851.5812006,5.2e-05,,OK,
2026-09-16T21:00:00Z,Bitget USDT Futures,HBARUSDT,0.07333,167890315.0,12311396.798950002,0.0001,,OK,
2026-09-16T21:00:00Z,Bitget USDT Futures,HYPEUSDT,78.37,2450344.119999999,192033468.68439993,2.6e-05,,OK,
2026-09-16T21:00:00Z,Bitget USDT Futures,LINKUSDT,10.94,4042936.0,44229719.839999996,0.0001,,OK,
2026-09-16T21:00:00Z,Bitget USDT Futures,MORPHOUSDT,2.0879,1039889.0,2171184.2431,5e-05,,OK,
2026-09-16T21:00:00Z,Bitget USDT Futures,NEARUSDT,2.5928,16161033.0,41902326.3624,-2.6e-05,,OK,
2026-09-16T21:00:00Z,Bitget USDT Futures,ONDOUSDT,0.3396,52331616.9,17771817.09924,5e-05,,OK,
2026-09-16T21:00:00Z,Bitget USDT Futures,SEIUSDT,0.04281,146908052.0,6289133.70612,-0.00011,,OK,
2026-09-16T21:00:00Z,Bitget USDT Futures,SOLUSDT,98.419,4337291.099999957,426871852.7708957,-1.9e-05,,OK,
2026-09-16T21:00:00Z,Bitget USDT Futures,SUIUSDT,0.7075,64936092.7,45942285.585250005,-5.3e-05,,OK,
2026-09-16T21:00:00Z,Bitget USDT Futures,TAOUSDT,219.98,118767.398,26126452.21204,5e-05,,OK,
2026-09-16T21:00:00Z,Bitget USDT Futures,UNIUSDT,6.443,3457463.0,22276434.108999997,0.0001,,OK,
2026-09-16T21:00:00Z,Bitget USDT Futures,XLMUSDT,0.18166,114382394.0,20778705.69404,0.0001,,OK,
2026-09-16T21:00:00Z,Bitget USDT Futures,XRPUSDT,1.2949,165819477.0,214719640.76729998,-3.9e-05,,OK,
2026-09-16T21:00:00Z,Bitget USDT Futures,ZECUSDT,1321.86,112191.68700000022,148301703.37782028,-0.00045,,OK,
2026-09-16T22:00:00Z,Bitget USDT Futures,AAVEUSDT,117.16,199701.80000000002,23397062.888,0.0001,,OK,
2026-09-16T22:00:00Z,Bitget USDT Futures,AVAXUSDT,7.363,2825855.2999999993,20806772.573899996,0.0001,,OK,
2026-09-16T22:00:00Z,Bitget USDT Futures,BTCUSDT,75820.1,33014.392699999895,2503154555.9532623,5.1e-05,,OK,
2026-09-16T22:00:00Z,Bitget USDT Futures,CAKEUSDT,2.2537,812558.3999999998,1831262.8660799994,-0.000196,,OK,
2026-09-16T22:00:00Z,Bitget USDT Futures,CCUSDT,0.09582,7571022.0,725455.32804,5e-05,,OK,
2026-09-16T22:00:00Z,Bitget USDT Futures,ENAUSDT,0.14582,221244661.0,32261896.46702,-1.2e-05,,OK,
2026-09-16T22:00:00Z,Bitget USDT Futures,ETHUSDT,2396.77,759833.1200000002,1821145227.0224006,4.2e-05,,OK,
2026-09-16T22:00:00Z,Bitget USDT Futures,HBARUSDT,0.07304,167937859.0,12266181.22136,0.0001,,OK,
2026-09-16T22:00:00Z,Bitget USDT Futures,HYPEUSDT,78.27,2452436.7799999993,191952226.77059993,1.8e-05,,OK,
2026-09-16T22:00:00Z,Bitget USDT Futures,LINKUSDT,10.885,4021030.0,43768911.55,0.0001,,OK,
2026-09-16T22:00:00Z,Bitget USDT Futures,MORPHOUSDT,2.081,1031715.0,2146998.915,5e-05,,OK,
2026-09-16T22:00:00Z,Bitget USDT Futures,NEARUSDT,2.5736,16115380.0,41474541.967999995,6e-06,,OK,
2026-09-16T22:00:00Z,Bitget USDT Futures,ONDOUSDT,0.3387,52298276.3,17713426.182809997,5e-05,,OK,
2026-09-16T22:00:00Z,Bitget USDT Futures,SEIUSDT,0.04257,146701002.0,6245061.655139999,-8.6e-05,,OK,
2026-09-16T22:00:00Z,Bitget USDT Futures,SOLUSDT,97.938,4338932.3999999575,424946361.39119583,-2.9e-05,,OK,
2026-09-16T22:00:00Z,Bitget USDT Futures,SUIUSDT,0.7027,65046386.7,45708095.93409,-5e-05,,OK,
2026-09-16T22:00:00Z,Bitget USDT Futures,TAOUSDT,219.59,118512.87800000001,26024242.880020004,5e-05,,OK,
2026-09-16T22:00:00Z,Bitget USDT Futures,UNIUSDT,6.412,3459367.0,22181461.204,0.0001,,OK,
2026-09-16T22:00:00Z,Bitget USDT Futures,XLMUSDT,0.18006,114647861.0,20643493.85166,0.0001,,OK,
2026-09-16T22:00:00Z,Bitget USDT Futures,XRPUSDT,1.2855,164443006.0,211391484.213,-4.9e-05,,OK,
2026-09-16T22:00:00Z,Bitget USDT Futures,ZECUSDT,1320.13,112033.72000000023,147899074.78360033,-0.000447,,OK,
2026-09-16T23:00:00Z,Bitget USDT Futures,AAVEUSDT,117.96,201585.2,23778990.192,0.0001,,OK,
2026-09-16T23:00:00Z,Bitget USDT Futures,AVAXUSDT,7.369,2825649.1999999993,20822208.954799995,0.0001,,OK,
2026-09-16T23:00:00Z,Bitget USDT Futures,BTCUSDT,75882.0,33134.00279999989,2514274400.469592,6.3e-05,,OK,
2026-09-16T23:00:00Z,Bitget USDT Futures,CAKEUSDT,2.2757,813847.9999999998,1852073.8935999996,-0.000154,,OK,
2026-09-16T23:00:00Z,Bitget USDT Futures,CCUSDT,0.0963,7563062.0,728322.8706,5e-05,,OK,
2026-09-16T23:00:00Z,Bitget USDT Futures,ENAUSDT,0.14699,221084877.0,32497266.070230003,-2.2e-05,,OK,
2026-09-16T23:00:00Z,Bitget USDT Futures,ETHUSDT,2400.72,764968.6200000002,1836475465.4064004,4.3e-05,,OK,
2026-09-16T23:00:00Z,Bitget USDT Futures,HBARUSDT,0.07287,168131207.0,12251721.05409,0.0001,,OK,
2026-09-16T23:00:00Z,Bitget USDT Futures,HYPEUSDT,78.0,2451100.869999999,191185867.85999992,-5e-06,,OK,
2026-09-16T23:00:00Z,Bitget USDT Futures,LINKUSDT,10.924,4021820.0,43934361.68,0.0001,,OK,
2026-09-16T23:00:00Z,Bitget USDT Futures,MORPHOUSDT,2.069,1029061.0,2129127.209,5e-05,,OK,
2026-09-16T23:00:00Z,Bitget USDT Futures,NEARUSDT,2.5827,16136251.0,41675095.4577,5e-06,,OK,
2026-09-16T23:00:00Z,Bitget USDT Futures,ONDOUSDT,0.34,52263966.1,17769748.474000003,5e-05,,OK,
2026-09-16T23:00:00Z,Bitget USDT Futures,SEIUSDT,0.0427,146649011.0,6261912.7697,-1.1e-05,,OK,
2026-09-16T23:00:00Z,Bitget USDT Futures,SOLUSDT,97.835,4343134.799999958,424910593.1579959,-2.9e-05,,OK,
2026-09-16T23:00:00Z,Bitget USDT Futures,SUIUSDT,0.7033,65006692.400000006,45719206.76492,-5.9e-05,,OK,
2026-09-16T23:00:00Z,Bitget USDT Futures,TAOUSDT,219.18,118580.634,25990503.360120002,5e-05,,OK,
2026-09-16T23:00:00Z,Bitget USDT Futures,UNIUSDT,6.481,3455489.0,22395024.209,0.0001,,OK,
2026-09-16T23:00:00Z,Bitget USDT Futures,XLMUSDT,0.18115,114666770.0,20771885.3855,0.0001,,OK,
2026-09-16T23:00:00Z,Bitget USDT Futures,XRPUSDT,1.29,165485892.0,213476800.68,-4.5e-05,,OK,
2026-09-16T23:00:00Z,Bitget USDT Futures,ZECUSDT,1319.44,111797.01700000024,147509456.1104803,-0.000442,,OK,
2026-09-17T00:00:00Z,Bitget USDT Futures,AAVEUSDT,121.08,200012.2,24217477.176000003,0.0001,,OK,
2026-09-17T00:00:00Z,Bitget USDT Futures,AVAXUSDT,7.537,2830380.499999999,21332577.82849999,0.0001,,OK,
2026-09-17T00:00:00Z,Bitget USDT Futures,BTCUSDT,76423.3,33213.5123999999,2538286222.198912,7e-05,,OK,
2026-09-17T00:00:00Z,Bitget USDT Futures,CAKEUSDT,2.3298,805865.9999999998,1877506.6067999995,-3.7e-05,,OK,
2026-09-17T00:00:00Z,Bitget USDT Futures,CCUSDT,0.1024,8219866.0,841714.2784000001,5e-05,,OK,
2026-09-17T00:00:00Z,Bitget USDT Futures,ENAUSDT,0.15173,220751017.0,33494551.809410002,5e-05,,OK,
2026-09-17T00:00:00Z,Bitget USDT Futures,ETHUSDT,2424.0,757357.7300000003,1835835137.5200007,4.5e-05,,OK,
2026-09-17T00:00:00Z,Bitget USDT Futures,HBARUSDT,0.07384,166791819.0,12315907.91496,0.0001,,OK,
2026-09-17T00:00:00Z,Bitget USDT Futures,HYPEUSDT,78.266,2449264.329999999,191694122.05177996,1.2e-05,,OK,
2026-09-17T00:00:00Z,Bitget USDT Futures,LINKUSDT,11.101,4031924.0,44758388.324,0.0001,,OK,
2026-09-17T00:00:00Z,Bitget USDT Futures,MORPHOUSDT,2.0975,1027383.0,2154935.8425000003,5e-05,,OK,
2026-09-17T00:00:00Z,Bitget USDT Futures,NEARUSDT,2.6649,16090329.0,42879117.7521,3.6e-05,,OK,
2026-09-17T00:00:00Z,Bitget USDT Futures,ONDOUSDT,0.3521,52197184.4,18378628.627240002,5e-05,,OK,
2026-09-17T00:00:00Z,Bitget USDT Futures,SEIUSDT,0.04319,146750170.0,6338139.8423,0.0001,,OK,
2026-09-17T00:00:00Z,Bitget USDT Futures,SOLUSDT,98.978,4335640.199999957,429132995.7155958,-2.2e-05,,OK,
2026-09-17T00:00:00Z,Bitget USDT Futures,SUIUSDT,0.7164,65202783.400000006,46711274.02776001,-3.2e-05,,OK,
2026-09-17T00:00:00Z,Bitget USDT Futures,TAOUSDT,224.91,119020.34100000001,26768864.89431,5e-05,,OK,
2026-09-17T00:00:00Z,Bitget USDT Futures,UNIUSDT,6.745,3477975.0,23458941.375,0.0001,,OK,
2026-09-17T00:00:00Z,Bitget USDT Futures,XLMUSDT,0.18633,114014619.0,21244343.95827,0.0001,,OK,
2026-09-17T00:00:00Z,Bitget USDT Futures,XRPUSDT,1.3001,166673930.0,216692776.393,-3.2e-05,,OK,
2026-09-17T00:00:00Z,Bitget USDT Futures,ZECUSDT,1342.78,112073.64600000024,150490250.37588033,-0.000439,,OK,
2026-09-17T01:00:00Z,Bitget USDT Futures,AAVEUSDT,120.08,200603.60000000003,24088480.288000003,0.0001,,OK,
2026-09-17T01:00:00Z,Bitget USDT Futures,AVAXUSDT,7.492,2831059.099999999,21210294.777199995,0.0001,,OK,
2026-09-17T01:00:00Z,Bitget USDT Futures,BTCUSDT,76223.1,33189.8361999999,2529832203.656213,6.6e-05,,OK,
2026-09-17T01:00:00Z,Bitget USDT Futures,CAKEUSDT,2.3037,809269.9999999998,1864315.2989999994,5e-05,,OK,
2026-09-17T01:00:00Z,Bitget USDT Futures,CCUSDT,0.09923,7962052.0,790074.41996,5e-05,,OK,
2026-09-17T01:00:00Z,Bitget USDT Futures,ENAUSDT,0.15308,221495900.0,33906592.372,5e-05,,OK,
2026-09-17T01:00:00Z,Bitget USDT Futures,ETHUSDT,2415.93,759832.2800000004,1835701600.2204008,3.9e-05,,OK,
2026-09-17T01:00:00Z,Bitget USDT Futures,HBARUSDT,0.0736,166573405.0,12259802.608,0.0001,,OK,
2026-09-17T01:00:00Z,Bitget USDT Futures,HYPEUSDT,78.401,2450590.559999999,192128750.4945599,1.9e-05,,OK,
2026-09-17T01:00:00Z,Bitget USDT Futures,LINKUSDT,10.99,4064042.0,44663821.58,0.0001,,OK,
2026-09-17T01:00:00Z,Bitget USDT Futures,MORPHOUSDT,2.1001,1025099.0,2152810.4099,5e-05,,OK,
2026-09-17T01:00:00Z,Bitget USDT Futures,NEARUSDT,2.6416,16065489.0,42438595.7424,6.3e-05,,OK,
2026-09-17T01:00:00Z,Bitget USDT Futures,ONDOUSDT,0.3507,52430616.699999996,18387417.27669,5e-05,,OK,
2026-09-17T01:00:00Z,Bitget USDT Futures,SEIUSDT,0.04303,146254778.0,6293343.09734,0.0001,,OK,
2026-09-17T01:00:00Z,Bitget USDT Futures,SOLUSDT,98.591,4331791.599999958,427075665.6355958,-2.4e-05,,OK,
2026-09-17T01:00:00Z,Bitget USDT Futures,SUIUSDT,0.7112,64574281.800000004,45925229.21616001,-3.4e-05,,OK,
2026-09-17T01:00:00Z,Bitget USDT Futures,TAOUSDT,224.97,120073.448,27012923.59656,5e-05,,OK,
2026-09-17T01:00:00Z,Bitget USDT Futures,UNIUSDT,6.721,3499605.0,23520845.205000002,0.0001,,OK,
2026-09-17T01:00:00Z,Bitget USDT Futures,XLMUSDT,0.18403,114233070.0,21022311.8721,0.0001,,OK,
2026-09-17T01:00:00Z,Bitget USDT Futures,XRPUSDT,1.2937,167180736.0,216281718.16320002,-2.9e-05,,OK,
2026-09-17T01:00:00Z,Bitget USDT Futures,ZECUSDT,1346.0,112881.64500000024,151938694.1700003,-0.000461,,OK,
2026-09-17T02:00:00Z,Bitget USDT Futures,AAVEUSDT,120.1,201585.00000000003,24210358.500000004,0.0001,,OK,
2026-09-17T02:00:00Z,Bitget USDT Futures,AVAXUSDT,7.492,2829708.2999999993,21200174.583599996,0.0001,,OK,
2026-09-17T02:00:00Z,Bitget USDT Futures,BTCUSDT,76118.8,33223.7288999999,2528950375.3933125,6.4e-05,,OK,
2026-09-17T02:00:00Z,Bitget USDT Futures,CAKEUSDT,2.296,800149.7999999997,1837143.940799999,5e-05,,OK,
2026-09-17T02:00:00Z,Bitget USDT Futures,CCUSDT,0.09622,7855378.0,755844.47116,5e-05,,OK,
2026-09-17T02:00:00Z,Bitget USDT Futures,ENAUSDT,0.15001,221141694.0,33173465.51694,5e-05,,OK,
2026-09-17T02:00:00Z,Bitget USDT Futures,ETHUSDT,2417.8,748641.8300000003,1810066216.5740008,4.9e-05,,OK,
2026-09-17T02:00:00Z,Bitget USDT Futures,HBARUSDT,0.07358,166194785.0,12228612.2803,0.0001,,OK,
2026-09-17T02:00:00Z,Bitget USDT Futures,HYPEUSDT,78.591,2453131.809999999,192794082.07970992,3.6e-05,,OK,
2026-09-17T02:00:00Z,Bitget USDT Futures,LINKUSDT,11.067,4082896.0,45185410.032,0.0001,,OK,
2026-09-17T02:00:00Z,Bitget USDT Futures,MORPHOUSDT,2.1066,1042317.0,2195744.9921999997,5e-05,,OK,
2026-09-17T02:00:00Z,Bitget USDT Futures,NEARUSDT,2.5966,16162599.0,41967804.5634,0.0001,,OK,
2026-09-17T02:00:00Z,Bitget USDT Futures,ONDOUSDT,0.3503,52201345.7,18286131.39871,5e-05,,OK,
2026-09-17T02:00:00Z,Bitget USDT Futures,SEIUSDT,0.04298,146063602.0,6277813.61396,0.0001,,OK,
2026-09-17T02:00:00Z,Bitget USDT Futures,SOLUSDT,98.901,4328840.599999958,428126664.1805958,-4e-05,,OK,
2026-09-17T02:00:00Z,Bitget USDT Futures,SUIUSDT,0.7143,64532902.7,46095852.39861,-4.5e-05,,OK,
2026-09-17T02:00:00Z,Bitget USDT Futures,TAOUSDT,222.58,120038.686,26718210.72988,5e-05,,OK,
2026-09-17T02:00:00Z,Bitget USDT Futures,UNIUSDT,6.631,3457088.0,22923950.528,0.0001,,OK,
2026-09-17T02:00:00Z,Bitget USDT Futures,XLMUSDT,0.18339,115360956.0,21156045.72084,0.0001,,OK,
2026-09-17T02:00:00Z,Bitget USDT Futures,XRPUSDT,1.2951,167141699.0,216465214.37489998,-2.2e-05,,OK,
2026-09-17T02:00:00Z,Bitget USDT Futures,ZECUSDT,1361.76,113617.87000000021,154720270.6512003,-0.000519,,OK,
2026-09-17T03:00:00Z,Bitget USDT Futures,AAVEUSDT,121.37,201131.40000000005,24411318.018000007,0.0001,,OK,
2026-09-17T03:00:00Z,Bitget USDT Futures,AVAXUSDT,7.524,2830020.499999999,21293074.24199999,0.0001,,OK,
2026-09-17T03:00:00Z,Bitget USDT Futures,BTCUSDT,76391.5,33239.194999999905,2539191964.8424926,6.6e-05,,OK,
2026-09-17T03:00:00Z,Bitget USDT Futures,CAKEUSDT,2.2906,797616.7999999998,1827021.0420799996,5e-05,,OK,
2026-09-17T03:00:00Z,Bitget USDT Futures,CCUSDT,0.09731,7800842.0,759099.93502,5e-05,,OK,
2026-09-17T03:00:00Z,Bitget USDT Futures,ENAUSDT,0.15033,221462428.0,33292446.801239997,5e-05,,OK,
2026-09-17T03:00:00Z,Bitget USDT Futures,ETHUSDT,2432.35,757962.2900000004,1843629576.0815008,6.1e-05,,OK,
2026-09-17T03:00:00Z,Bitget USDT Futures,HBARUSDT,0.07399,166296879.0,12304306.07721,0.0001,,OK,
2026-09-17T03:00:00Z,Bitget USDT Futures,HYPEUSDT,79.215,2448250.309999999,193938148.30664995,3.6e-05,,OK,
2026-09-17T03:00:00Z,Bitget USDT Futures,LINKUSDT,11.123,4064498.0,45209411.254,0.0001,,OK,
2026-09-17T03:00:00Z,Bitget USDT Futures,MORPHOUSDT,2.1068,1041499.0,2194230.0932,5e-05,,OK,
2026-09-17T03:00:00Z,Bitget USDT Futures,NEARUSDT,2.6486,16106996.0,42660989.6056,4.8e-05,,OK,
2026-09-17T03:00:00Z,Bitget USDT Futures,ONDOUSDT,0.3501,52426553.1,18354536.240310002,5e-05,,OK,
2026-09-17T03:00:00Z,Bitget USDT Futures,SEIUSDT,0.04307,146302658.0,6301255.48006,0.0001,,OK,
2026-09-17T03:00:00Z,Bitget USDT Futures,SOLUSDT,99.484,4331798.3999999575,430944632.0255957,-4.9e-05,,OK,
2026-09-17T03:00:00Z,Bitget USDT Futures,SUIUSDT,0.7177,64727990.10000001,46455278.494770005,-5.1e-05,,OK,
2026-09-17T03:00:00Z,Bitget USDT Futures,TAOUSDT,223.69,120293.08,26908359.0652,5e-05,,OK,
2026-09-17T03:00:00Z,Bitget USDT Futures,UNIUSDT,6.747,3406405.0,22983014.535,0.0001,,OK,
2026-09-17T03:00:00Z,Bitget USDT Futures,XLMUSDT,0.18249,115476114.0,21073236.043860003,0.0001,,OK,
2026-09-17T03:00:00Z,Bitget USDT Futures,XRPUSDT,1.3013,168298777.0,219007198.51009998,-3e-06,,OK,
2026-09-17T03:00:00Z,Bitget USDT Futures,ZECUSDT,1377.15,116065.0470000002,159838979.4760503,-0.000577,,OK,
2026-09-17T04:00:00Z,Bitget USDT Futures,AAVEUSDT,121.07,200977.20000000004,24332309.604000002,0.0001,,OK,
2026-09-17T04:00:00Z,Bitget USDT Futures,AVAXUSDT,7.529,2829949.899999999,21306692.797099993,0.0001,,OK,
2026-09-17T04:00:00Z,Bitget USDT Futures,BTCUSDT,76277.0,33285.837599999904,2538943834.615193,5.9e-05,,OK,
2026-09-17T04:00:00Z,Bitget USDT Futures,CAKEUSDT,2.3025,794152.9999999998,1828537.2824999997,5e-05,,OK,
2026-09-17T04:00:00Z,Bitget USDT Futures,CCUSDT,0.09743,7759946.0,756051.5387800001,5e-05,,OK,
2026-09-17T04:00:00Z,Bitget USDT Futures,ENAUSDT,0.15031,221081048.0,33230692.32488,5e-05,,OK,
2026-09-17T04:00:00Z,Bitget USDT Futures,ETHUSDT,2429.8,758381.1900000005,1842714615.4620013,4.7e-05,,OK,
2026-09-17T04:00:00Z,Bitget USDT Futures,HBARUSDT,0.0739,166174505.0,12280295.919499999,0.0001,,OK,
2026-09-17T04:00:00Z,Bitget USDT Futures,HYPEUSDT,79.358,2458441.959999999,195097037.06167993,5e-05,,OK,
2026-09-17T04:00:00Z,Bitget USDT Futures,LINKUSDT,11.09,4065582.0,45087304.38,0.0001,,OK,
2026-09-17T04:00:00Z,Bitget USDT Futures,MORPHOUSDT,2.1121,1055825.0,2230007.9825,5e-05,,OK,
2026-09-17T04:00:00Z,Bitget USDT Futures,NEARUSDT,2.6632,16069844.0,42797208.5408,2.6e-05,,OK,
2026-09-17T04:00:00Z,Bitget USDT Futures,ONDOUSDT,0.3485,52675961.1,18357572.44335,5e-05,,OK,
2026-09-17T04:00:00Z,Bitget USDT Futures,SEIUSDT,0.04307,146165330.0,6295340.763099999,0.0001,,OK,
2026-09-17T04:00:00Z,Bitget USDT Futures,SOLUSDT,99.524,4329259.799999957,430865252.3351957,-4.4e-05,,OK,
2026-09-17T04:00:00Z,Bitget USDT Futures,SUIUSDT,0.7169,64564544.50000001,46286321.95205001,-6.4e-05,,OK,
2026-09-17T04:00:00Z,Bitget USDT Futures,TAOUSDT,223.86,120803.76800000001,27043131.504480004,5e-05,,OK,
2026-09-17T04:00:00Z,Bitget USDT Futures,UNIUSDT,6.765,3393859.0,22959456.134999998,0.0001,,OK,
2026-09-17T04:00:00Z,Bitget USDT Futures,XLMUSDT,0.18196,115672728.0,21047809.586880002,0.0001,,OK,
2026-09-17T04:00:00Z,Bitget USDT Futures,XRPUSDT,1.2976,169264944.0,219638191.33440003,1.9e-05,,OK,
2026-09-17T04:00:00Z,Bitget USDT Futures,ZECUSDT,1362.6,118297.51800000017,161192198.02680022,-0.000691,,OK,
2026-09-17T05:00:00Z,Bitget USDT Futures,AAVEUSDT,122.4,200269.20000000004,24512950.080000006,0.0001,,OK,
2026-09-17T05:00:00Z,Bitget USDT Futures,AVAXUSDT,7.525,2833150.099999999,21319454.502499994,0.0001,,OK,
2026-09-17T05:00:00Z,Bitget USDT Futures,BTCUSDT,76402.4,33439.570299999905,2554863425.8887124,6e-05,,OK,
2026-09-17T05:00:00Z,Bitget USDT Futures,CAKEUSDT,2.3072,795597.1999999997,1835601.8598399993,5e-05,,OK,
2026-09-17T05:00:00Z,Bitget USDT Futures,CCUSDT,0.09739,7760606.0,755805.4183400001,5e-05,,OK,
2026-09-17T05:00:00Z,Bitget USDT Futures,ENAUSDT,0.15065,221959454.0,33438191.745100003,5e-05,,OK,
2026-09-17T05:00:00Z,Bitget USDT Futures,ETHUSDT,2437.61,763118.5800000004,1860185481.793801,4.6e-05,,OK,
2026-09-17T05:00:00Z,Bitget USDT Futures,HBARUSDT,0.07377,166223041.0,12262273.73457,0.0001,,OK,
2026-09-17T05:00:00Z,Bitget USDT Futures,HYPEUSDT,78.88,2456053.659999999,193733512.70079994,5e-05,,OK,
2026-09-17T05:00:00Z,Bitget USDT Futures,LINKUSDT,11.119,4088318.0,45458007.842,0.0001,,OK,
2026-09-17T05:00:00Z,Bitget USDT Futures,MORPHOUSDT,2.1161,1057215.0,2237172.6615,5e-05,,OK,
2026-09-17T05:00:00Z,Bitget USDT Futures,NEARUSDT,2.6498,16133526.0,42750617.1948,2.4e-05,,OK,
2026-09-17T05:00:00Z,Bitget USDT Futures,ONDOUSDT,0.35,52951320.4,18532962.139999997,5e-05,,OK,
2026-09-17T05:00:00Z,Bitget USDT Futures,SEIUSDT,0.04316,146120636.0,6306566.6497599995,0.0001,,OK,
2026-09-17T05:00:00Z,Bitget USDT Futures,SOLUSDT,99.538,4342659.799999958,432259671.17239577,-3.8e-05,,OK,
2026-09-17T05:00:00Z,Bitget USDT Futures,SUIUSDT,0.7207,64458922.7,46455545.58989,-5.2e-05,,OK,
2026-09-17T05:00:00Z,Bitget USDT Futures,TAOUSDT,224.4,121316.73000000001,27223474.212,5e-05,,OK,
2026-09-17T05:00:00Z,Bitget USDT Futures,UNIUSDT,6.761,3433534.0,23214123.374,0.0001,,OK,
2026-09-17T05:00:00Z,Bitget USDT Futures,XLMUSDT,0.18203,115715684.0,21063725.95852,0.0001,,OK,
2026-09-17T05:00:00Z,Bitget USDT Futures,XRPUSDT,1.2954,169292946.0,219302082.24840003,3.7e-05,,OK,
2026-09-17T05:00:00Z,Bitget USDT Futures,ZECUSDT,1355.77,120045.55500000018,162754162.10235023,-0.000605,,OK,
2026-09-17T06:00:00Z,Bitget USDT Futures,AAVEUSDT,121.9,199940.10000000003,24372698.190000005,0.0001,,OK,
2026-09-17T06:00:00Z,Bitget USDT Futures,AVAXUSDT,7.514,2824508.299999999,21223355.366199993,0.0001,,OK,
2026-09-17T06:00:00Z,Bitget USDT Futures,BTCUSDT,76308.6,33471.981599999905,2554200055.1217527,5.6e-05,,OK,
2026-09-17T06:00:00Z,Bitget USDT Futures,CAKEUSDT,2.2991,799394.7999999997,1837888.5846799994,5e-05,,OK,
2026-09-17T06:00:00Z,Bitget USDT Futures,CCUSDT,0.09834,7827216.0,769728.42144,5e-05,,OK,
2026-09-17T06:00:00Z,Bitget USDT Futures,ENAUSDT,0.15058,220191882.0,33156493.59156,5e-05,,OK,
2026-09-17T06:00:00Z,Bitget USDT Futures,ETHUSDT,2435.0,764964.5600000004,1862688703.600001,4.5e-05,,OK,
2026-09-17T06:00:00Z,Bitget USDT Futures,HBARUSDT,0.0736,167051463.0,12294987.6768,0.0001,,OK,
2026-09-17T06:00:00Z,Bitget USDT Futures,HYPEUSDT,79.058,2479020.9399999995,195986437.47451997,5e-05,,OK,
2026-09-17T06:00:00Z,Bitget USDT Futures,LINKUSDT,11.138,4069787.0,45329287.606,0.0001,,OK,
2026-09-17T06:00:00Z,Bitget USDT Futures,MORPHOUSDT,2.1373,1054335.0,2253430.1955000004,5e-05,,OK,
2026-09-17T06:00:00Z,Bitget USDT Futures,NEARUSDT,2.6756,16237651.0,43445459.0156,5.9e-05,,OK,
2026-09-17T06:00:00Z,Bitget USDT Futures,ONDOUSDT,0.3512,53076777.7,18640564.328240003,5e-05,,OK,
2026-09-17T06:00:00Z,Bitget USDT Futures,SEIUSDT,0.04302,146155432.0,6287606.684640001,3.4e-05,,OK,
2026-09-17T06:00:00Z,Bitget USDT Futures,SOLUSDT,99.438,4345609.8999999575,432118757.2361958,-5e-05,,OK,
2026-09-17T06:00:00Z,Bitget USDT Futures,SUIUSDT,0.7191,64639999.300000004,46482623.49663,-2.4e-05,,OK,
2026-09-17T06:00:00Z,Bitget USDT Futures,TAOUSDT,224.76,120581.084,27101804.43984,5e-05,,OK,
2026-09-17T06:00:00Z,Bitget USDT Futures,UNIUSDT,6.702,3409747.0,22852124.394,0.0001,,OK,
2026-09-17T06:00:00Z,Bitget USDT Futures,XLMUSDT,0.18196,115893000.0,21087890.28,0.0001,,OK,
2026-09-17T06:00:00Z,Bitget USDT Futures,XRPUSDT,1.2936,169967492.0,219869947.65120003,4.6e-05,,OK,
2026-09-17T06:00:00Z,Bitget USDT Futures,ZECUSDT,1351.71,119883.59500000016,162047854.19745022,-0.000505,,OK,
2026-09-17T07:00:00Z,Bitget USDT Futures,AAVEUSDT,123.4,199813.6,24656998.240000002,0.0001,,OK,
2026-09-17T07:00:00Z,Bitget USDT Futures,AVAXUSDT,7.543,2827402.699999999,21327098.56609999,0.0001,,OK,
2026-09-17T07:00:00Z,Bitget USDT Futures,BTCUSDT,76508.3,33424.35899999989,2557240885.6796913,4.5e-05,,OK,
2026-09-17T07:00:00Z,Bitget USDT Futures,CAKEUSDT,2.3166,811869.9999999998,1880778.0419999997,5e-05,,OK,
2026-09-17T07:00:00Z,Bitget USDT Futures,CCUSDT,0.09957,7648548.0,761565.9243600001,5e-05,,OK,
2026-09-17T07:00:00Z,Bitget USDT Futures,ENAUSDT,0.15223,220958721.0,33636546.09783,5e-05,,OK,
2026-09-17T07:00:00Z,Bitget USDT Futures,ETHUSDT,2446.67,760719.8400000002,1861230410.9328005,3.7e-05,,OK,
2026-09-17T07:00:00Z,Bitget USDT Futures,HBARUSDT,0.07391,168299743.0,12439034.00513,0.0001,,OK,
2026-09-17T07:00:00Z,Bitget USDT Futures,HYPEUSDT,79.456,2481701.6399999997,197186085.50783998,5e-05,,OK,
2026-09-17T07:00:00Z,Bitget USDT Futures,LINKUSDT,11.191,4053232.0,45359719.31200001,0.0001,,OK,
2026-09-17T07:00:00Z,Bitget USDT Futures,MORPHOUSDT,2.1566,1062789.0,2292010.7574,5e-05,,OK,
2026-09-17T07:00:00Z,Bitget USDT Futures,NEARUSDT,2.7338,16289274.0,44531617.2612,5.7e-05,,OK,
2026-09-17T07:00:00Z,Bitget USDT Futures,ONDOUSDT,0.3532,53414729.7,18866082.530040003,5e-05,,OK,
2026-09-17T07:00:00Z,Bitget USDT Futures,SEIUSDT,0.04329,146044200.0,6322253.4180000005,7e-06,,OK,
2026-09-17T07:00:00Z,Bitget USDT Futures,SOLUSDT,100.021,4347240.799999957,434815372.0567957,-5.1e-05,,OK,
2026-09-17T07:00:00Z,Bitget USDT Futures,SUIUSDT,0.7232,64715658.900000006,46802364.51648,-3e-06,,OK,
2026-09-17T07:00:00Z,Bitget USDT Futures,TAOUSDT,225.83,120477.032,27207328.136560004,5e-05,,OK,
2026-09-17T07:00:00Z,Bitget USDT Futures,UNIUSDT,6.814,3395041.0,23133809.374,0.0001,,OK,
2026-09-17T07:00:00Z,Bitget USDT Futures,XLMUSDT,0.18299,116421672.0,21304001.75928,0.0001,,OK,
2026-09-17T07:00:00Z,Bitget USDT Futures,XRPUSDT,1.3016,169600898.0,220752528.8368,4.5e-05,,OK,
2026-09-17T07:00:00Z,Bitget USDT Futures,ZECUSDT,1354.6,120440.30700000004,163148439.86220005,-0.000422,,OK,
2026-09-17T08:00:00Z,Bitget USDT Futures,AAVEUSDT,123.5,199690.2,24661739.700000003,0.0001,,OK,
2026-09-17T08:00:00Z,Bitget USDT Futures,AVAXUSDT,7.565,2832675.699999999,21429191.67049999,0.0001,,OK,
2026-09-17T08:00:00Z,Bitget USDT Futures,BTCUSDT,76465.0,33437.60819999989,2556806711.012992,4.5e-05,,OK,
2026-09-17T08:00:00Z,Bitget USDT Futures,CAKEUSDT,2.3156,812260.9999999998,1880871.5715999994,5e-05,,OK,
2026-09-17T08:00:00Z,Bitget USDT Futures,CCUSDT,0.10069,7716204.0,776944.58076,5e-05,,OK,
2026-09-17T08:00:00Z,Bitget USDT Futures,ENAUSDT,0.15364,220266282.0,33841711.56648,9e-06,,OK,
2026-09-17T08:00:00Z,Bitget USDT Futures,ETHUSDT,2440.99,765939.1900000002,1869649903.3981004,5.5e-05,,OK,
2026-09-17T08:00:00Z,Bitget USDT Futures,HBARUSDT,0.07384,168512193.0,12442940.331120001,0.0001,,OK,
2026-09-17T08:00:00Z,Bitget USDT Futures,HYPEUSDT,79.965,2487000.06,198872959.79790002,5e-05,,OK,
2026-09-17T08:00:00Z,Bitget USDT Futures,LINKUSDT,11.203,4043838.0,45303117.114,0.0001,,OK,
2026-09-17T08:00:00Z,Bitget USDT Futures,MORPHOUSDT,2.1459,1062997.0,2281085.2623,5e-05,,OK,
2026-09-17T08:00:00Z,Bitget USDT Futures,NEARUSDT,2.7301,16331772.0,44587370.73720001,1e-06,,OK,
2026-09-17T08:00:00Z,Bitget USDT Futures,ONDOUSDT,0.3532,53403375.9,18862072.36788,5e-05,,OK,
2026-09-17T08:00:00Z,Bitget USDT Futures,SEIUSDT,0.04334,146559234.0,6351877.20156,2e-06,,OK,
2026-09-17T08:00:00Z,Bitget USDT Futures,SOLUSDT,100.06,4353855.199999957,435646751.31199574,-6.7e-05,,OK,
2026-09-17T08:00:00Z,Bitget USDT Futures,SUIUSDT,0.7233,65021348.0,47029941.0084,1e-06,,OK,
2026-09-17T08:00:00Z,Bitget USDT Futures,TAOUSDT,228.14,121049.565,27616247.759099998,5e-05,,OK,
2026-09-17T08:00:00Z,Bitget USDT Futures,UNIUSDT,6.901,3406875.0,23510844.375,5e-05,,OK,
2026-09-17T08:00:00Z,Bitget USDT Futures,XLMUSDT,0.18262,116715760.0,21314632.0912,0.0001,,OK,
2026-09-17T08:00:00Z,Bitget USDT Futures,XRPUSDT,1.3014,169195474.0,220190989.8636,3e-05,,OK,
2026-09-17T08:00:00Z,Bitget USDT Futures,ZECUSDT,1381.55,119746.41800000014,165435663.78790018,-0.000432,,OK,
2026-09-17T09:00:00Z,Bitget USDT Futures,AAVEUSDT,123.24,199996.2,24647531.688,0.0001,,OK,
2026-09-17T09:00:00Z,Bitget USDT Futures,AVAXUSDT,7.57,2842421.0999999987,21517127.72699999,0.0001,,OK,
2026-09-17T09:00:00Z,Bitget USDT Futures,BTCUSDT,76654.1,33630.71459999989,2577932160.0198517,5.5e-05,,OK,
2026-09-17T09:00:00Z,Bitget USDT Futures,CAKEUSDT,2.3896,808833.9999999998,1932789.7263999996,5e-05,,OK,
2026-09-17T09:00:00Z,Bitget USDT Futures,CCUSDT,0.10244,7811749.0,800235.56756,5e-05,,OK,
2026-09-17T09:00:00Z,Bitget USDT Futures,ENAUSDT,0.15316,223589948.0,34245036.435679995,2.9e-05,,OK,
2026-09-17T09:00:00Z,Bitget USDT Futures,ETHUSDT,2445.74,765998.7400000002,1873433758.3676004,6.4e-05,,OK,
2026-09-17T09:00:00Z,Bitget USDT Futures,HBARUSDT,0.07421,166968065.0,12390700.10365,9.4e-05,,OK,
2026-09-17T09:00:00Z,Bitget USDT Futures,HYPEUSDT,80.772,2490767.44,201184267.66368002,5e-05,,OK,
2026-09-17T09:00:00Z,Bitget USDT Futures,LINKUSDT,11.213,4055092.0,45469746.59599999,0.0001,,OK,
2026-09-17T09:00:00Z,Bitget USDT Futures,MORPHOUSDT,2.1526,1062237.0,2286571.3662,5e-05,,OK,
2026-09-17T09:00:00Z,Bitget USDT Futures,NEARUSDT,2.8108,16347050.0,45948288.14,1e-06,,OK,
2026-09-17T09:00:00Z,Bitget USDT Futures,ONDOUSDT,0.3538,53128032.300000004,18796697.827740002,5e-05,,OK,
2026-09-17T09:00:00Z,Bitget USDT Futures,SEIUSDT,0.04359,147106450.0,6412370.155499999,4.9e-05,,OK,
2026-09-17T09:00:00Z,Bitget USDT Futures,SOLUSDT,100.593,4348842.8999999575,437463153.83969575,-8.1e-05,,OK,
2026-09-17T09:00:00Z,Bitget USDT Futures,SUIUSDT,0.7231,64834290.2,46881675.24362,1.3e-05,,OK,
2026-09-17T09:00:00Z,Bitget USDT Futures,TAOUSDT,228.95,120875.23400000001,27674384.824300002,5e-05,,OK,
2026-09-17T09:00:00Z,Bitget USDT Futures,UNIUSDT,6.916,3427523.0,23704749.068,4.9e-05,,OK,
2026-09-17T09:00:00Z,Bitget USDT Futures,XLMUSDT,0.18303,117184626.0,21448302.09678,0.0001,,OK,
2026-09-17T09:00:00Z,Bitget USDT Futures,XRPUSDT,1.3076,169435348.0,221553661.0448,1.7e-05,,OK,
2026-09-17T09:00:00Z,Bitget USDT Futures,ZECUSDT,1373.88,120054.54000000012,164940531.41520017,-0.000523,,OK,
2026-09-17T10:00:00Z,Bitget USDT Futures,AAVEUSDT,121.95,200408.9,24439865.355,0.0001,,OK,
2026-09-17T10:00:00Z,Bitget USDT Futures,AVAXUSDT,7.514,2830135.5999999987,21265638.89839999,0.0001,,OK,
2026-09-17T10:00:00Z,Bitget USDT Futures,BTCUSDT,76329.5,33407.47319999989,2549975725.619392,5.4e-05,,OK,
2026-09-17T10:00:00Z,Bitget USDT Futures,CAKEUSDT,2.4003,802301.9999999998,1925765.4905999994,5e-05,,OK,
2026-09-17T10:00:00Z,Bitget USDT Futures,CCUSDT,0.10194,7813198.0,796477.4041200001,5e-05,,OK,
2026-09-17T10:00:00Z,Bitget USDT Futures,ENAUSDT,0.1503,221108395.0,33232591.768499997,2.1e-05,,OK,
2026-09-17T10:00:00Z,Bitget USDT Futures,ETHUSDT,2432.64,761641.4400000002,1852799432.6016004,4.9e-05,,OK,
2026-09-17T10:00:00Z,Bitget USDT Futures,HBARUSDT,0.07434,168516595.0,12527523.6723,6.3e-05,,OK,
2026-09-17T10:00:00Z,Bitget USDT Futures,HYPEUSDT,79.798,2489574.57,198663071.53686,5e-05,,OK,
2026-09-17T10:00:00Z,Bitget USDT Futures,LINKUSDT,11.128,4038786.0,44943610.608,0.0001,,OK,
2026-09-17T10:00:00Z,Bitget USDT Futures,MORPHOUSDT,2.152,1065655.0,2293289.56,5e-05,,OK,
2026-09-17T10:00:00Z,Bitget USDT Futures,NEARUSDT,2.7848,16355083.0,45545635.1384,1.9e-05,,OK,
2026-09-17T10:00:00Z,Bitget USDT Futures,ONDOUSDT,0.3503,52947827.6,18547624.00828,5e-05,,OK,
2026-09-17T10:00:00Z,Bitget USDT Futures,SEIUSDT,0.04336,146672702.0,6359728.358720001,2.4e-05,,OK,
2026-09-17T10:00:00Z,Bitget USDT Futures,SOLUSDT,99.586,4342487.599999957,432450970.1335957,-0.0001,,OK,
2026-09-17T10:00:00Z,Bitget USDT Futures,SUIUSDT,0.7176,64460043.300000004,46256527.07208,2.6e-05,,OK,
2026-09-17T10:00:00Z,Bitget USDT Futures,TAOUSDT,226.14,120653.84000000001,27284659.3776,5e-05,,OK,
2026-09-17T10:00:00Z,Bitget USDT Futures,UNIUSDT,6.772,3424399.0,23190030.028,-5e-06,,OK,
2026-09-17T10:00:00Z,Bitget USDT Futures,XLMUSDT,0.181,116992570.0,21175655.169999998,0.0001,,OK,
2026-09-17T10:00:00Z,Bitget USDT Futures,XRPUSDT,1.2935,169909774.0,219778292.66900003,2e-06,,OK,
2026-09-17T10:00:00Z,Bitget USDT Futures,ZECUSDT,1329.57,115779.44200000011,153936872.69994015,-0.000523,,OK,
2026-09-17T11:00:00Z,Bitget USDT Futures,AAVEUSDT,122.55,199719.7,24475649.235,0.0001,,OK,
2026-09-17T11:00:00Z,Bitget USDT Futures,AVAXUSDT,7.543,2830433.4999999986,21349959.89049999,0.0001,,OK,
2026-09-17T11:00:00Z,Bitget USDT Futures,BTCUSDT,76325.9,33486.413999999895,2555880686.322592,6.2e-05,,OK,
2026-09-17T11:00:00Z,Bitget USDT Futures,CAKEUSDT,2.4,801873.4999999999,1924496.3999999997,5e-05,,OK,
2026-09-17T11:00:00Z,Bitget USDT Futures,CCUSDT,0.10059,7777698.0,782358.64182,5e-05,,OK,
2026-09-17T11:00:00Z,Bitget USDT Futures,ENAUSDT,0.15094,223256322.0,33698309.24268,3e-05,,OK,
2026-09-17T11:00:00Z,Bitget USDT Futures,ETHUSDT,2433.61,763170.6200000002,1857259652.5382006,4.5e-05,,OK,
2026-09-17T11:00:00Z,Bitget USDT Futures,HBARUSDT,0.07441,169294707.0,12597219.14787,7.7e-05,,OK,
2026-09-17T11:00:00Z,Bitget USDT Futures,HYPEUSDT,79.711,2499221.7600000002,199215465.71136,5e-05,,OK,
2026-09-17T11:00:00Z,Bitget USDT Futures,LINKUSDT,11.164,4038456.0,45085322.784,0.0001,,OK,
2026-09-17T11:00:00Z,Bitget USDT Futures,MORPHOUSDT,2.1548,1072631.0,2311305.2788,5e-05,,OK,
2026-09-17T11:00:00Z,Bitget USDT Futures,NEARUSDT,2.8187,16336084.0,46046519.970800005,4.2e-05,,OK,
2026-09-17T11:00:00Z,Bitget USDT Futures,ONDOUSDT,0.3496,52985876.300000004,18523862.354480002,5e-05,,OK,
2026-09-17T11:00:00Z,Bitget USDT Futures,SEIUSDT,0.04347,146491860.0,6368001.154200001,3.5e-05,,OK,
2026-09-17T11:00:00Z,Bitget USDT Futures,SOLUSDT,100.01,4346323.599999957,434675823.2359957,-9.8e-05,,OK,
2026-09-17T11:00:00Z,Bitget USDT Futures,SUIUSDT,0.7192,63860208.2,45928261.73744,2.7e-05,,OK,
2026-09-17T11:00:00Z,Bitget USDT Futures,TAOUSDT,226.79,120129.278,27244118.95762,5e-05,,OK,
2026-09-17T11:00:00Z,Bitget USDT Futures,UNIUSDT,6.848,3424837.0,23453283.776,-8e-06,,OK,
2026-09-17T11:00:00Z,Bitget USDT Futures,XLMUSDT,0.18119,117372290.0,21266685.2251,0.0001,,OK,
2026-09-17T11:00:00Z,Bitget USDT Futures,XRPUSDT,1.2959,170284112.0,220671180.74080002,1.8e-05,,OK,
2026-09-17T11:00:00Z,Bitget USDT Futures,ZECUSDT,1349.69,116459.73000000013,157184532.9837002,-0.000423,,OK,
2026-09-17T12:00:00Z,Bitget USDT Futures,AAVEUSDT,123.69,198727.19999999998,24580567.367999997,8.1e-05,,OK,
2026-09-17T12:00:00Z,Bitget USDT Futures,AVAXUSDT,7.606,2829295.8999999985,21519624.615399987,0.0001,,OK,
2026-09-17T12:00:00Z,Bitget USDT Futures,BTCUSDT,76873.1,33256.665799999886,2556542995.7099714,6.7e-05,,OK,
2026-09-17T12:00:00Z,Bitget USDT Futures,CAKEUSDT,2.4306,803135.1999999998,1952100.4171199996,5e-05,,OK,
2026-09-17T12:00:00Z,Bitget USDT Futures,CCUSDT,0.10036,7644288.0,767180.7436800001,5e-05,,OK,
2026-09-17T12:00:00Z,Bitget USDT Futures,ENAUSDT,0.15219,225218820.0,34276052.215799995,5e-05,,OK,
2026-09-17T12:00:00Z,Bitget USDT Futures,ETHUSDT,2460.86,758678.1300000002,1867000662.9918008,4.5e-05,,OK,
2026-09-17T12:00:00Z,Bitget USDT Futures,HBARUSDT,0.07532,169203723.0,12744424.41636,0.0001,,OK,
2026-09-17T12:00:00Z,Bitget USDT Futures,HYPEUSDT,80.387,2498516.13,200848216.14231,5e-05,,OK,
2026-09-17T12:00:00Z,Bitget USDT Futures,LINKUSDT,11.251,4038434.0,45436420.934,0.0001,,OK,
2026-09-17T12:00:00Z,Bitget USDT Futures,MORPHOUSDT,2.1513,1078767.0,2320751.4471,5e-05,,OK,
2026-09-17T12:00:00Z,Bitget USDT Futures,NEARUSDT,2.8811,16430725.0,47338561.7975,2.4e-05,,OK,
2026-09-17T12:00:00Z,Bitget USDT Futures,ONDOUSDT,0.3536,53259977.9,18832728.18544,5e-05,,OK,
2026-09-17T12:00:00Z,Bitget USDT Futures,SEIUSDT,0.04367,146353710.0,6391266.5157,8.6e-05,,OK,
2026-09-17T12:00:00Z,Bitget USDT Futures,SOLUSDT,100.953,4354550.299999956,439604916.43589556,-9e-05,,OK,
2026-09-17T12:00:00Z,Bitget USDT Futures,SUIUSDT,0.7263,63771066.6,46316925.671579994,3.9e-05,,OK,
2026-09-17T12:00:00Z,Bitget USDT Futures,TAOUSDT,227.78,119805.177,27289223.21706,5e-05,,OK,
2026-09-17T12:00:00Z,Bitget USDT Futures,UNIUSDT,6.914,3419495.0,23642388.43,-3.8e-05,,OK,
2026-09-17T12:00:00Z,Bitget USDT Futures,XLMUSDT,0.18346,117319890.0,21523507.0194,0.0001,,OK,
2026-09-17T12:00:00Z,Bitget USDT Futures,XRPUSDT,1.3107,168414937.0,220741457.92589998,3.2e-05,,OK,
2026-09-17T12:00:00Z,Bitget USDT Futures,ZECUSDT,1372.4,117161.86900000014,160792949.0156002,-0.000413,,OK,
2026-09-17T13:00:00Z,Bitget USDT Futures,AAVEUSDT,124.17,198364.0,24630857.88,9e-05,,OK,
2026-09-17T13:00:00Z,Bitget USDT Futures,AVAXUSDT,7.585,2826625.8999999985,21439957.451499987,0.0001,,OK,
2026-09-17T13:00:00Z,Bitget USDT Futures,BTCUSDT,76644.0,33123.551399999895,2538721473.501592,6.1e-05,,OK,
2026-09-17T13:00:00Z,Bitget USDT Futures,CAKEUSDT,2.3918,798923.9999999999,1910866.4231999996,5e-05,,OK,
2026-09-17T13:00:00Z,Bitget USDT Futures,CCUSDT,0.10109,7857440.0,794308.6096,5e-05,,OK,
2026-09-17T13:00:00Z,Bitget USDT Futures,ENAUSDT,0.15188,224324638.0,34070426.019439995,5e-05,,OK,
2026-09-17T13:00:00Z,Bitget USDT Futures,ETHUSDT,2455.83,757796.8000000002,1861020115.3440003,5.5e-05,,OK,
2026-09-17T13:00:00Z,Bitget USDT Futures,HBARUSDT,0.07479,168842115.0,12627701.780849999,0.0001,,OK,
2026-09-17T13:00:00Z,Bitget USDT Futures,HYPEUSDT,81.059,2501532.72,202771740.75048,5e-05,,OK,
2026-09-17T13:00:00Z,Bitget USDT Futures,LINKUSDT,11.255,4052506.0,45610955.03,0.0001,,OK,
2026-09-17T13:00:00Z,Bitget USDT Futures,MORPHOUSDT,2.1508,1076773.0,2315923.3684,5e-05,,OK,
2026-09-17T13:00:00Z,Bitget USDT Futures,NEARUSDT,2.8685,16489984.0,47301519.104,2.6e-05,,OK,
2026-09-17T13:00:00Z,Bitget USDT Futures,ONDOUSDT,0.3682,53668714.2,19760820.56844,5e-05,,OK,
2026-09-17T13:00:00Z,Bitget USDT Futures,SEIUSDT,0.04345,146226528.0,6353542.641600001,0.0001,,OK,
2026-09-17T13:00:00Z,Bitget USDT Futures,SOLUSDT,100.445,4351473.999999956,437083805.9299956,-8.5e-05,,OK,
2026-09-17T13:00:00Z,Bitget USDT Futures,SUIUSDT,0.7261,64295070.900000006,46684650.98049,6e-05,,OK,
2026-09-17T13:00:00Z,Bitget USDT Futures,TAOUSDT,226.93,118690.982,26934544.54526,5e-05,,OK,
2026-09-17T13:00:00Z,Bitget USDT Futures,UNIUSDT,6.968,3474140.0,24207807.52,-6.8e-05,,OK,
2026-09-17T13:00:00Z,Bitget USDT Futures,XLMUSDT,0.18416,117104956.0,21566048.69696,0.0001,,OK,
2026-09-17T13:00:00Z,Bitget USDT Futures,XRPUSDT,1.3024,168498532.0,219452488.0768,2.5e-05,,OK,
2026-09-17T13:00:00Z,Bitget USDT Futures,ZECUSDT,1361.2,117519.81900000015,159967977.6228002,-0.000451,,OK,
2026-09-17T14:00:00Z,Bitget USDT Futures,AAVEUSDT,126.19,197899.4,24972925.286,0.0001,,OK,
2026-09-17T14:00:00Z,Bitget USDT Futures,AVAXUSDT,7.618,2832404.699999999,21577259.004599992,0.0001,,OK,
2026-09-17T14:00:00Z,Bitget USDT Futures,BTCUSDT,76694.2,33209.225999999886,2546955020.6891913,7.2e-05,,OK,
2026-09-17T14:00:00Z,Bitget USDT Futures,CAKEUSDT,2.3788,805526.9999999999,1916187.6275999998,5e-05,,OK,
2026-09-17T14:00:00Z,Bitget USDT Futures,CCUSDT,0.10107,7896200.0,798068.9339999999,5e-05,,OK,
2026-09-17T14:00:00Z,Bitget USDT Futures,ENAUSDT,0.15293,225914926.0,34549169.63318,5e-05,,OK,
2026-09-17T14:00:00Z,Bitget USDT Futures,ETHUSDT,2467.66,756598.5600000002,1867028002.5696003,6e-05,,OK,
2026-09-17T14:00:00Z,Bitget USDT Futures,HBARUSDT,0.07495,169011093.0,12667381.42035,0.0001,,OK,
2026-09-17T14:00:00Z,Bitget USDT Futures,HYPEUSDT,82.448,2479894.29,204462324.42191997,5e-05,,OK,
2026-09-17T14:00:00Z,Bitget USDT Futures,LINKUSDT,11.337,4018591.0,45558766.166999996,0.0001,,OK,
2026-09-17T14:00:00Z,Bitget USDT Futures,MORPHOUSDT,2.1812,1081139.0,2358180.3868,5e-05,,OK,
2026-09-17T14:00:00Z,Bitget USDT Futures,NEARUSDT,2.8688,16627516.0,47701017.9008,4.8e-05,,OK,
2026-09-17T14:00:00Z,Bitget USDT Futures,ONDOUSDT,0.3728,55970572.8,20865829.53984,5e-05,,OK,
2026-09-17T14:00:00Z,Bitget USDT Futures,SEIUSDT,0.04368,146609464.0,6403901.387519999,0.0001,,OK,
2026-09-17T14:00:00Z,Bitget USDT Futures,SOLUSDT,100.971,4356396.199999956,439869680.7101956,-6.9e-05,,OK,
2026-09-17T14:00:00Z,Bitget USDT Futures,SUIUSDT,0.7307,64314800.60000001,46994824.798420005,7.4e-05,,OK,
2026-09-17T14:00:00Z,Bitget USDT Futures,TAOUSDT,227.7,118384.186,26956079.1522,5e-05,,OK,
2026-09-17T14:00:00Z,Bitget USDT Futures,UNIUSDT,7.248,3502972.0,25389541.056,-9.7e-05,,OK,
2026-09-17T14:00:00Z,Bitget USDT Futures,XLMUSDT,0.18507,117515674.0,21748625.787180003,0.0001,,OK,
2026-09-17T14:00:00Z,Bitget USDT Futures,XRPUSDT,1.3047,169226885.0,220790316.8595,1.8e-05,,OK,
2026-09-17T14:00:00Z,Bitget USDT Futures,ZECUSDT,1406.53,120025.53500000016,168819515.74355024,-0.000491,,OK,
2026-09-17T15:00:00Z,Bitget USDT Futures,AAVEUSDT,124.5,197509.6,24589945.2,0.0001,,OK,
2026-09-17T15:00:00Z,Bitget USDT Futures,AVAXUSDT,7.559,2832887.4999999986,21413796.61249999,0.0001,,OK,
2026-09-17T15:00:00Z,Bitget USDT Futures,BTCUSDT,76410.6,33354.45539999989,2548633949.787232,7.5e-05,,OK,
2026-09-17T15:00:00Z,Bitget USDT Futures,CAKEUSDT,2.3935,814092.5999999999,1948530.6380999996,5e-05,,OK,
2026-09-17T15:00:00Z,Bitget USDT Futures,CCUSDT,0.10261,7940209.0,814744.8454900001,5e-05,,OK,
2026-09-17T15:00:00Z,Bitget USDT Futures,ENAUSDT,0.15094,226507665.0,34189066.9551,5e-05,,OK,
2026-09-17T15:00:00Z,Bitget USDT Futures,ETHUSDT,2454.86,752463.3500000002,1847192179.3810005,4.7e-05,,OK,
2026-09-17T15:00:00Z,Bitget USDT Futures,HBARUSDT,0.07541,169298627.0,12766809.462070001,0.0001,,OK,
2026-09-17T15:00:00Z,Bitget USDT Futures,HYPEUSDT,81.954,2450627.48,200838724.49591997,5e-05,,OK,
2026-09-17T15:00:00Z,Bitget USDT Futures,LINKUSDT,11.274,4025012.0,45377985.287999995,0.0001,,OK,
2026-09-17T15:00:00Z,Bitget USDT Futures,MORPHOUSDT,2.1746,1077941.0,2344090.4986,5e-05,,OK,
2026-09-17T15:00:00Z,Bitget USDT Futures,NEARUSDT,2.8517,16540340.0,47168087.578,0.0001,,OK,
2026-09-17T15:00:00Z,Bitget USDT Futures,ONDOUSDT,0.3732,54944436.199999996,20505263.58984,5e-05,,OK,
2026-09-17T15:00:00Z,Bitget USDT Futures,SEIUSDT,0.04357,146556972.0,6385487.27004,0.0001,,OK,
2026-09-17T15:00:00Z,Bitget USDT Futures,SOLUSDT,100.607,4354088.499999956,438051781.7194956,-5.4e-05,,OK,
2026-09-17T15:00:00Z,Bitget USDT Futures,SUIUSDT,0.7251,64759832.900000006,46957354.83579,7.2e-05,,OK,
2026-09-17T15:00:00Z,Bitget USDT Futures,TAOUSDT,226.72,118448.804,26854712.84288,5e-05,,OK,
2026-09-17T15:00:00Z,Bitget USDT Futures,UNIUSDT,7.182,3529444.0,25348466.808000002,-0.000118,,OK,
2026-09-17T15:00:00Z,Bitget USDT Futures,XLMUSDT,0.18421,116858861.0,21526570.784810003,0.0001,,OK,
2026-09-17T15:00:00Z,Bitget USDT Futures,XRPUSDT,1.2987,168470965.0,218793242.2455,1.1e-05,,OK,
2026-09-17T15:00:00Z,Bitget USDT Futures,ZECUSDT,1426.74,122565.35700000027,174868897.44618037,-0.000544,,OK,
2026-09-17T16:00:00Z,Bitget USDT Futures,AAVEUSDT,125.87,197618.0,24874177.66,0.0001,,OK,
2026-09-17T16:00:00Z,Bitget USDT Futures,AVAXUSDT,7.613,2845847.4999999986,21665437.01749999,0.0001,,OK,
2026-09-17T16:00:00Z,Bitget USDT Futures,BTCUSDT,76689.7,33266.545999999886,2551201432.776191,8.5e-05,,OK,
2026-09-17T16:00:00Z,Bitget USDT Futures,CAKEUSDT,2.405,802676.1999999998,1930436.2609999995,5e-05,,OK,
2026-09-17T16:00:00Z,Bitget USDT Futures,CCUSDT,0.10167,7852078.0,798320.77026,5e-05,,OK,
2026-09-17T16:00:00Z,Bitget USDT Futures,ENAUSDT,0.15503,223892811.0,34710102.48933,5e-05,,OK,
2026-09-17T16:00:00Z,Bitget USDT Futures,ETHUSDT,2468.28,750397.6600000003,1852191536.2248008,4.7e-05,,OK,
2026-09-17T16:00:00Z,Bitget USDT Futures,HBARUSDT,0.07621,169200074.0,12894737.63954,0.0001,,OK,
2026-09-17T16:00:00Z,Bitget USDT Futures,HYPEUSDT,82.2,2452656.79,201608388.138,5e-05,,OK,
2026-09-17T16:00:00Z,Bitget USDT Futures,LINKUSDT,11.369,4032993.0,45851097.416999996,0.0001,,OK,
2026-09-17T16:00:00Z,Bitget USDT Futures,MORPHOUSDT,2.191,1086343.0,2380177.513,5e-05,,OK,
2026-09-17T16:00:00Z,Bitget USDT Futures,NEARUSDT,2.9104,16639663.0,48428075.1952,0.0001,,OK,
2026-09-17T16:00:00Z,Bitget USDT Futures,ONDOUSDT,0.3709,55048490.699999996,20417485.200629998,5e-05,,OK,
2026-09-17T16:00:00Z,Bitget USDT Futures,SEIUSDT,0.04389,146134808.0,6413856.72312,0.0001,,OK,
2026-09-17T16:00:00Z,Bitget USDT Futures,SOLUSDT,101.206,4350185.6999999555,440264893.9541955,-3.8e-05,,OK,
2026-09-17T16:00:00Z,Bitget USDT Futures,SUIUSDT,0.7333,64777419.1,47501281.426029995,7.7e-05,,OK,
2026-09-17T16:00:00Z,Bitget USDT Futures,TAOUSDT,227.6,118196.952,26901626.275200002,5e-05,,OK,
2026-09-17T16:00:00Z,Bitget USDT Futures,UNIUSDT,7.18,3500866.0,25136217.88,-0.000135,,OK,
2026-09-17T16:00:00Z,Bitget USDT Futures,XLMUSDT,0.18615,117263542.0,21828608.3433,0.0001,,OK,
2026-09-17T16:00:00Z,Bitget USDT Futures,XRPUSDT,1.305,168015085.0,219259685.92499998,7e-06,,OK,
2026-09-17T16:00:00Z,Bitget USDT Futures,ZECUSDT,1475.59,129045.51900000013,190418277.38121018,-0.000603,,OK,
2026-09-17T17:00:00Z,Bitget USDT Futures,AAVEUSDT,128.06,196771.4,25198545.484,0.0001,,OK,
2026-09-17T17:00:00Z,Bitget USDT Futures,AVAXUSDT,7.627,2853425.8999999985,21763079.339299988,0.0001,,OK,
2026-09-17T17:00:00Z,Bitget USDT Futures,BTCUSDT,76784.3,33276.32279999989,2555099152.772032,8.9e-05,,OK,
2026-09-17T17:00:00Z,Bitget USDT Futures,CAKEUSDT,2.434,799866.2999999999,1946874.5742,5e-05,,OK,
2026-09-17T17:00:00Z,Bitget USDT Futures,CCUSDT,0.10059,7879198.0,792568.52682,5e-05,,OK,
2026-09-17T17:00:00Z,Bitget USDT Futures,ENAUSDT,0.15542,223439575.0,34726978.7465,5e-05,,OK,
2026-09-17T17:00:00Z,Bitget USDT Futures,ETHUSDT,2468.19,751097.4900000002,1853851313.8431005,3.9e-05,,OK,
2026-09-17T17:00:00Z,Bitget USDT Futures,HBARUSDT,0.07614,168746953.0,12848393.00142,0.0001,,OK,
2026-09-17T17:00:00Z,Bitget USDT Futures,HYPEUSDT,82.148,2449935.21,201257277.63108,5e-05,,OK,
2026-09-17T17:00:00Z,Bitget USDT Futures,LINKUSDT,11.379,4005959.0,45583807.460999995,0.0001,,OK,
2026-09-17T17:00:00Z,Bitget USDT Futures,MORPHOUSDT,2.1998,1098195.0,2415809.361,5e-05,,OK,
2026-09-17T17:00:00Z,Bitget USDT Futures,NEARUSDT,3.0042,17008383.0,51096584.2086,0.0001,,OK,
2026-09-17T17:00:00Z,Bitget USDT Futures,ONDOUSDT,0.3738,54919172.699999996,20528786.75526,5e-05,,OK,
2026-09-17T17:00:00Z,Bitget USDT Futures,SEIUSDT,0.0441,145839888.0,6431539.0608,0.0001,,OK,
2026-09-17T17:00:00Z,Bitget USDT Futures,SOLUSDT,101.263,4341185.599999956,439601477.41279554,-2.2e-05,,OK,
2026-09-17T17:00:00Z,Bitget USDT Futures,SUIUSDT,0.7347,65099798.300000004,47828821.81101,8.6e-05,,OK,
2026-09-17T17:00:00Z,Bitget USDT Futures,TAOUSDT,229.11,118803.74900000001,27219126.933390003,5e-05,,OK,
2026-09-17T17:00:00Z,Bitget USDT Futures,UNIUSDT,7.678,3564343.0,27367025.554,-9.6e-05,,OK,
2026-09-17T17:00:00Z,Bitget USDT Futures,XLMUSDT,0.18706,117821908.0,22039766.11048,0.0001,,OK,
2026-09-17T17:00:00Z,Bitget USDT Futures,XRPUSDT,1.3038,166700132.0,217343632.10160002,-1.2e-05,,OK,
2026-09-17T17:00:00Z,Bitget USDT Futures,ZECUSDT,1473.82,128922.41100000011,190008427.78002015,-0.00079,,OK,
2026-09-17T18:00:00Z,Bitget USDT Futures,AAVEUSDT,127.95,195909.0,25066556.55,0.0001,,OK,
2026-09-17T18:00:00Z,Bitget USDT Futures,AVAXUSDT,7.604,2855315.0999999987,21711816.02039999,0.0001,,OK,
2026-09-17T18:00:00Z,Bitget USDT Futures,BTCUSDT,76720.2,33152.82729999989,2543491541.0214515,8.8e-05,,OK,
2026-09-17T18:00:00Z,Bitget USDT Futures,CAKEUSDT,2.4598,797957.3999999999,1962815.6125199997,5e-05,,OK,
2026-09-17T18:00:00Z,Bitget USDT Futures,CCUSDT,0.10015,7947602.0,795952.3403,5e-05,,OK,
2026-09-17T18:00:00Z,Bitget USDT Futures,ENAUSDT,0.15661,224138878.0,35102389.683579996,5e-05,,OK,
2026-09-17T18:00:00Z,Bitget USDT Futures,ETHUSDT,2460.88,751785.7000000003,1850054393.4160008,4e-05,,OK,
2026-09-17T18:00:00Z,Bitget USDT Futures,HBARUSDT,0.07551,168673537.0,12736538.77887,0.0001,,OK,
2026-09-17T18:00:00Z,Bitget USDT Futures,HYPEUSDT,82.484,2447888.92,201911669.67727998,5e-05,,OK,
2026-09-17T18:00:00Z,Bitget USDT Futures,LINKUSDT,11.346,4014364.0,45546973.944,0.0001,,OK,
2026-09-17T18:00:00Z,Bitget USDT Futures,MORPHOUSDT,2.2193,1100617.0,2442599.3081,5e-05,,OK,
2026-09-17T18:00:00Z,Bitget USDT Futures,NEARUSDT,3.0563,16979596.0,51894739.2548,0.0001,,OK,
2026-09-17T18:00:00Z,Bitget USDT Futures,ONDOUSDT,0.3773,54523611.6,20571758.656680003,5e-05,,OK,
2026-09-17T18:00:00Z,Bitget USDT Futures,SEIUSDT,0.04381,145945804.0,6393885.67324,0.0001,,OK,
2026-09-17T18:00:00Z,Bitget USDT Futures,SOLUSDT,101.5,4323799.499999955,438865649.24999547,6e-06,,OK,
2026-09-17T18:00:00Z,Bitget USDT Futures,SUIUSDT,0.734,65184177.900000006,47845186.578600004,0.0001,,OK,
2026-09-17T18:00:00Z,Bitget USDT Futures,TAOUSDT,229.73,118238.25400000002,27162874.091420002,5e-05,,OK,
2026-09-17T18:00:00Z,Bitget USDT Futures,UNIUSDT,7.726,3538039.0,27334889.314,-3.6e-05,,OK,
2026-09-17T18:00:00Z,Bitget USDT Futures,XLMUSDT,0.18574,118184318.0,21951555.22532,0.0001,,OK,
2026-09-17T18:00:00Z,Bitget USDT Futures,XRPUSDT,1.2991,166803502.0,216694429.4482,-3.6e-05,,OK,
2026-09-17T18:00:00Z,Bitget USDT Futures,ZECUSDT,1468.22,127455.11900000002,187132154.81818002,-0.000776,,OK,
2026-09-17T19:00:00Z,Bitget USDT Futures,AAVEUSDT,127.22,195392.7,24857859.294,0.0001,,OK,
2026-09-17T19:00:00Z,Bitget USDT Futures,AVAXUSDT,7.585,2854894.699999999,21654376.299499992,0.0001,,OK,
2026-09-17T19:00:00Z,Bitget USDT Futures,BTCUSDT,76490.2,32998.74099999989,2524080298.8381915,7.9e-05,,OK,
2026-09-17T19:00:00Z,Bitget USDT Futures,CAKEUSDT,2.4541,800115.5999999999,1963563.6939599996,5e-05,,OK,
2026-09-17T19:00:00Z,Bitget USDT Futures,CCUSDT,0.09889,7874144.0,778674.10016,5e-05,,OK,
2026-09-17T19:00:00Z,Bitget USDT Futures,ENAUSDT,0.15275,224390861.0,34275704.01775,5e-05,,OK,
2026-09-17T19:00:00Z,Bitget USDT Futures,ETHUSDT,2449.54,752634.6600000003,1843608705.0564005,4.1e-05,,OK,
2026-09-17T19:00:00Z,Bitget USDT Futures,HBARUSDT,0.07508,168648961.0,12662163.99188,0.0001,,OK,
2026-09-17T19:00:00Z,Bitget USDT Futures,HYPEUSDT,82.052,2450475.43,201066409.98236004,5e-05,,OK,
2026-09-17T19:00:00Z,Bitget USDT Futures,LINKUSDT,11.303,4019611.0,45433663.133,0.0001,,OK,
2026-09-17T19:00:00Z,Bitget USDT Futures,MORPHOUSDT,2.2107,1088209.0,2405703.6363,5e-05,,OK,
2026-09-17T19:00:00Z,Bitget USDT Futures,NEARUSDT,2.9753,16912392.0,50319439.9176,0.0001,,OK,
2026-09-17T19:00:00Z,Bitget USDT Futures,ONDOUSDT,0.3739,54398791.1,20339707.99229,5e-05,,OK,
2026-09-17T19:00:00Z,Bitget USDT Futures,SEIUSDT,0.04371,145775910.0,6371865.026099999,0.0001,,OK,
2026-09-17T19:00:00Z,Bitget USDT Futures,SOLUSDT,100.731,4326681.899999956,435830994.4688955,4e-06,,OK,
2026-09-17T19:00:00Z,Bitget USDT Futures,SUIUSDT,0.7296,64963689.0,47397507.4944,9.8e-05,,OK,
2026-09-17T19:00:00Z,Bitget USDT Futures,TAOUSDT,229.39,117596.652,26975496.00228,5e-05,,OK,
2026-09-17T19:00:00Z,Bitget USDT Futures,UNIUSDT,7.58,3523491.0,26708061.78,2.4e-05,,OK,
2026-09-17T19:00:00Z,Bitget USDT Futures,XLMUSDT,0.18449,118186294.0,21804189.38006,0.0001,,OK,
2026-09-17T19:00:00Z,Bitget USDT Futures,XRPUSDT,1.2921,166743552.0,215449343.5392,-5.5e-05,,OK,
2026-09-17T19:00:00Z,Bitget USDT Futures,ZECUSDT,1458.27,126950.54100000003,185128165.42407003,-0.000653,,OK,
2026-09-17T20:00:00Z,Bitget USDT Futures,AAVEUSDT,128.59,197138.8,25350078.292,0.0001,,OK,
2026-09-17T20:00:00Z,Bitget USDT Futures,AVAXUSDT,7.614,2854084.8999999985,21731002.428599987,0.0001,,OK,
2026-09-17T20:00:00Z,Bitget USDT Futures,BTCUSDT,76580.4,33009.86139999989,2527908389.9565516,7.1e-05,,OK,
2026-09-17T20:00:00Z,Bitget USDT Futures,CAKEUSDT,2.4709,799839.5999999999,1976323.6676399997,5e-05,,OK,
2026-09-17T20:00:00Z,Bitget USDT Futures,CCUSDT,0.0992,7773627.0,771143.7984,5e-05,,OK,
2026-09-17T20:00:00Z,Bitget USDT Futures,ENAUSDT,0.15492,224065021.0,34712153.05332,5e-05,,OK,
2026-09-17T20:00:00Z,Bitget USDT Futures,ETHUSDT,2452.74,750837.7700000003,1841609831.9898005,4.5e-05,,OK,
2026-09-17T20:00:00Z,Bitget USDT Futures,HBARUSDT,0.07549,168586617.0,12726603.71733,0.0001,,OK,
2026-09-17T20:00:00Z,Bitget USDT Futures,HYPEUSDT,83.567,2450248.11,204759883.80836996,5e-05,,OK,
2026-09-17T20:00:00Z,Bitget USDT Futures,LINKUSDT,11.348,4018536.0,45602346.528000005,0.0001,,OK,
2026-09-17T20:00:00Z,Bitget USDT Futures,MORPHOUSDT,2.2115,1087205.0,2404353.8575,5e-05,,OK,
2026-09-17T20:00:00Z,Bitget USDT Futures,NEARUSDT,3.0277,16914429.0,51211816.683299996,0.0001,,OK,
2026-09-17T20:00:00Z,Bitget USDT Futures,ONDOUSDT,0.3754,54662073.9,20520142.54206,5e-05,,OK,
2026-09-17T20:00:00Z,Bitget USDT Futures,SEIUSDT,0.04386,145797124.0,6394661.85864,7.8e-05,,OK,
2026-09-17T20:00:00Z,Bitget USDT Futures,SOLUSDT,101.152,4332367.899999956,438227677.82079554,2.2e-05,,OK,
2026-09-17T20:00:00Z,Bitget USDT Futures,SUIUSDT,0.7339,64765935.300000004,47531719.91667,0.0001,,OK,
2026-09-17T20:00:00Z,Bitget USDT Futures,TAOUSDT,230.55,117467.55,27082143.652500004,5e-05,,OK,
2026-09-17T20:00:00Z,Bitget USDT Futures,UNIUSDT,7.689,3533476.0,27168896.964,4.8e-05,,OK,
2026-09-17T20:00:00Z,Bitget USDT Futures,XLMUSDT,0.1866,118545060.0,22120508.196,0.0001,,OK,
2026-09-17T20:00:00Z,Bitget USDT Futures,XRPUSDT,1.2982,169191260.0,219644093.732,-4.6e-05,,OK,
2026-09-17T20:00:00Z,Bitget USDT Futures,ZECUSDT,1499.34,126842.89100000002,190180620.19194,-0.000554,,OK,
2026-09-17T21:00:00Z,Bitget USDT Futures,AAVEUSDT,128.17,199336.6,25548972.022,0.0001,,OK,
2026-09-17T21:00:00Z,Bitget USDT Futures,AVAXUSDT,7.607,2854785.2999999984,21716351.77709999,0.0001,,OK,
2026-09-17T21:00:00Z,Bitget USDT Futures,BTCUSDT,76479.1,33000.28019999989,2523831729.443812,6.6e-05,,OK,
2026-09-17T21:00:00Z,Bitget USDT Futures,CAKEUSDT,2.468,795613.3999999999,1963573.8711999997,3.9e-05,,OK,
2026-09-17T21:00:00Z,Bitget USDT Futures,CCUSDT,0.0999,7723572.0,771584.8428,5e-05,,OK,
2026-09-17T21:00:00Z,Bitget USDT Futures,ENAUSDT,0.15285,224100372.0,34253741.8602,5e-05,,OK,
2026-09-17T21:00:00Z,Bitget USDT Futures,ETHUSDT,2449.79,753135.9500000003,1845024918.9505007,4.1e-05,,OK,
2026-09-17T21:00:00Z,Bitget USDT Futures,HBARUSDT,0.07521,168719351.0,12689382.38871,0.0001,,OK,
2026-09-17T21:00:00Z,Bitget USDT Futures,HYPEUSDT,83.094,2455067.66,204001392.14004,5e-05,,OK,
2026-09-17T21:00:00Z,Bitget USDT Futures,LINKUSDT,11.342,4024802.0,45649304.284,0.0001,,OK,
2026-09-17T21:00:00Z,Bitget USDT Futures,MORPHOUSDT,2.203,1082459.0,2384657.1769999997,5e-05,,OK,
2026-09-17T21:00:00Z,Bitget USDT Futures,NEARUSDT,3.0025,16952726.0,50900559.815,0.0001,,OK,
2026-09-17T21:00:00Z,Bitget USDT Futures,ONDOUSDT,0.3718,54444871.7,20242603.298060004,5e-05,,OK,
2026-09-17T21:00:00Z,Bitget USDT Futures,SEIUSDT,0.04377,145739960.0,6379038.0492,-2.9e-05,,OK,
2026-09-17T21:00:00Z,Bitget USDT Futures,SOLUSDT,101.139,4323938.799999956,437318846.29319555,3.4e-05,,OK,
2026-09-17T21:00:00Z,Bitget USDT Futures,SUIUSDT,0.7347,64988698.1,47747196.49407,0.0001,,OK,
2026-09-17T21:00:00Z,Bitget USDT Futures,TAOUSDT,229.32,117840.198,27023114.20536,5e-05,,OK,
2026-09-17T21:00:00Z,Bitget USDT Futures,UNIUSDT,7.674,3485434.0,26747220.516000003,0.0001,,OK,
2026-09-17T21:00:00Z,Bitget USDT Futures,XLMUSDT,0.18475,119067976.0,21997808.566,0.0001,,OK,
2026-09-17T21:00:00Z,Bitget USDT Futures,XRPUSDT,1.2952,169753201.0,219864345.93519998,-7e-06,,OK,
2026-09-17T21:00:00Z,Bitget USDT Futures,ZECUSDT,1466.59,127695.38800000005,187276779.08692005,-0.00052,,OK,
2026-09-17T22:00:00Z,Bitget USDT Futures,AAVEUSDT,127.35,198190.6,25239572.91,0.0001,,OK,
2026-09-17T22:00:00Z,Bitget USDT Futures,AVAXUSDT,7.564,2857223.2999999984,21612037.04119999,0.0001,,OK,
2026-09-17T22:00:00Z,Bitget USDT Futures,BTCUSDT,76293.0,32970.58869999989,2515425123.6890917,6.4e-05,,OK,
2026-09-17T22:00:00Z,Bitget USDT Futures,CAKEUSDT,2.4496,800979.3999999999,1962079.13824,-6.9e-05,,OK,
2026-09-17T22:00:00Z,Bitget USDT Futures,CCUSDT,0.10022,7721934.0,773892.22548,5e-05,,OK,
2026-09-17T22:00:00Z,Bitget USDT Futures,ENAUSDT,0.15125,223412822.0,33791189.3275,5e-05,,OK,
2026-09-17T22:00:00Z,Bitget USDT Futures,ETHUSDT,2440.14,751922.4100000003,1834795949.5374005,4.5e-05,,OK,
2026-09-17T22:00:00Z,Bitget USDT Futures,HBARUSDT,0.07455,168578351.0,12567516.06705,0.0001,,OK,
2026-09-17T22:00:00Z,Bitget USDT Futures,HYPEUSDT,83.01,2464193.09,204552668.4009,3.2e-05,,OK,
2026-09-17T22:00:00Z,Bitget USDT Futures,LINKUSDT,11.27,4006606.0,45154449.62,0.0001,,OK,
2026-09-17T22:00:00Z,Bitget USDT Futures,MORPHOUSDT,2.1935,1078099.0,2364810.1564999996,5e-05,,OK,
2026-09-17T22:00:00Z,Bitget USDT Futures,NEARUSDT,3.0226,16919217.0,51140025.3042,0.0001,,OK,
2026-09-17T22:00:00Z,Bitget USDT Futures,ONDOUSDT,0.3688,54808538.5,20213388.998800002,5e-05,,OK,
2026-09-17T22:00:00Z,Bitget USDT Futures,SEIUSDT,0.04355,145662696.0,6343610.4108,-6.4e-05,,OK,
2026-09-17T22:00:00Z,Bitget USDT Futures,SOLUSDT,100.941,4321600.099999956,436226635.69409555,3.8e-05,,OK,
2026-09-17T22:00:00Z,Bitget USDT Futures,SUIUSDT,0.7315,64849518.300000004,47437422.63645001,0.0001,,OK,
2026-09-17T22:00:00Z,Bitget USDT Futures,TAOUSDT,228.51,117660.76400000001,26886661.181640003,5e-05,,OK,
2026-09-17T22:00:00Z,Bitget USDT Futures,UNIUSDT,7.565,3536509.0,26753690.585,0.0001,,OK,
2026-09-17T22:00:00Z,Bitget USDT Futures,XLMUSDT,0.18355,117908217.0,21642053.23035,0.0001,,OK,
2026-09-17T22:00:00Z,Bitget USDT Futures,XRPUSDT,1.2917,170872621.0,220716164.5457,2.4e-05,,OK,
2026-09-17T22:00:00Z,Bitget USDT Futures,ZECUSDT,1464.0,127047.10500000008,185996961.72000012,-0.000473,,OK,
2026-09-17T23:00:00Z,Bitget USDT Futures,AAVEUSDT,128.53,196536.0,25260772.080000002,0.0001,,OK,
2026-09-17T23:00:00Z,Bitget USDT Futures,AVAXUSDT,7.59,2852420.2999999984,21649870.07699999,0.0001,,OK,
2026-09-17T23:00:00Z,Bitget USDT Futures,BTCUSDT,76461.9,32965.590299999894,2520611668.959562,6.6e-05,,OK,
2026-09-17T23:00:00Z,Bitget USDT Futures,CAKEUSDT,2.435,799203.9999999999,1946061.7399999998,-0.000111,,OK,
2026-09-17T23:00:00Z,Bitget USDT Futures,CCUSDT,0.10151,7727266.0,784394.77166,5e-05,,OK,
2026-09-17T23:00:00Z,Bitget USDT Futures,ENAUSDT,0.15288,223754666.0,34207613.33808,5e-05,,OK,
2026-09-17T23:00:00Z,Bitget USDT Futures,ETHUSDT,2446.94,755465.1400000002,1848577869.6716006,5.8e-05,,OK,
2026-09-17T23:00:00Z,Bitget USDT Futures,HBARUSDT,0.07439,170667769.0,12695975.33591,6.1e-05,,OK,
2026-09-17T23:00:00Z,Bitget USDT Futures,HYPEUSDT,84.904,2450267.88,208037544.08352,1.9e-05,,OK,
2026-09-17T23:00:00Z,Bitget USDT Futures,LINKUSDT,11.354,4026744.0,45719651.375999995,0.0001,,OK,
2026-09-17T23:00:00Z,Bitget USDT Futures,MORPHOUSDT,2.2355,1078865.0,2411802.7075,5e-05,,OK,
2026-09-17T23:00:00Z,Bitget USDT Futures,NEARUSDT,3.1175,16876246.0,52611696.905,0.0001,,OK,
2026-09-17T23:00:00Z,Bitget USDT Futures,ONDOUSDT,0.3716,54717762.7,20333120.61932,5e-05,,OK,
2026-09-17T23:00:00Z,Bitget USDT Futures,SEIUSDT,0.04391,145456214.0,6386982.35674,-6.5e-05,,OK,
2026-09-17T23:00:00Z,Bitget USDT Futures,SOLUSDT,101.526,4320700.999999956,438663489.72599554,4.1e-05,,OK,
2026-09-17T23:00:00Z,Bitget USDT Futures,SUIUSDT,0.737,64649105.50000001,47646390.75350001,0.0001,,OK,
2026-09-17T23:00:00Z,Bitget USDT Futures,TAOUSDT,231.88,117576.17000000001,27263562.2996,5e-05,,OK,
2026-09-17T23:00:00Z,Bitget USDT Futures,UNIUSDT,7.698,3486299.0,26837529.702,0.0001,,OK,
2026-09-17T23:00:00Z,Bitget USDT Futures,XLMUSDT,0.18394,117873882.0,21681721.855079997,0.0001,,OK,
2026-09-17T23:00:00Z,Bitget USDT Futures,XRPUSDT,1.2963,170848676.0,221471138.6988,4.2e-05,,OK,
2026-09-17T23:00:00Z,Bitget USDT Futures,ZECUSDT,1475.79,127023.03900000014,187459330.7258102,-0.000444,,OK,
2026-09-18T00:00:00Z,Bitget USDT Futures,AAVEUSDT,127.57,196967.6,25127156.732,0.0001,,OK,
2026-09-18T00:00:00Z,Bitget USDT Futures,AVAXUSDT,7.59,2847617.4999999986,21613416.824999988,0.0001,,OK,
2026-09-18T00:00:00Z,Bitget USDT Futures,BTCUSDT,76326.2,33004.11109999989,2519078384.640812,5.9e-05,,OK,
2026-09-18T00:00:00Z,Bitget USDT Futures,CAKEUSDT,2.4179,802512.8999999999,1940395.9409099997,-6.3e-05,,OK,
2026-09-18T00:00:00Z,Bitget USDT Futures,CCUSDT,0.10215,7830802.0,799916.4243000001,5e-05,,OK,
2026-09-18T00:00:00Z,Bitget USDT Futures,ENAUSDT,0.15382,224331794.0,34506716.55308,5e-05,,OK,
2026-09-18T00:00:00Z,Bitget USDT Futures,ETHUSDT,2438.91,756329.9400000002,1844620653.9654002,7.2e-05,,OK,
2026-09-18T00:00:00Z,Bitget USDT Futures,HBARUSDT,0.07437,170566095.0,12685000.48515,3.3e-05,,OK,
2026-09-18T00:00:00Z,Bitget USDT Futures,HYPEUSDT,85.27,2450258.96,208933581.5192,5e-05,,OK,
2026-09-18T00:00:00Z,Bitget USDT Futures,LINKUSDT,11.361,4015610.0,45621345.21,0.0001,,OK,
2026-09-18T00:00:00Z,Bitget USDT Futures,MORPHOUSDT,2.211,1074575.0,2375885.3249999997,5e-05,,OK,
2026-09-18T00:00:00Z,Bitget USDT Futures,NEARUSDT,3.0795,16784632.0,51688274.243999995,0.0001,,OK,
2026-09-18T00:00:00Z,Bitget USDT Futures,ONDOUSDT,0.3763,54505953.1,20510590.15153,5e-05,,OK,
2026-09-18T00:00:00Z,Bitget USDT Futures,SEIUSDT,0.04408,145362996.0,6407600.86368,-4.6e-05,,OK,
2026-09-18T00:00:00Z,Bitget USDT Futures,SOLUSDT,100.95,4316844.299999956,435785432.08499557,3.3e-05,,OK,
2026-09-18T00:00:00Z,Bitget USDT Futures,SUIUSDT,0.7371,64331974.2,47419098.18282,0.0001,,OK,
2026-09-18T00:00:00Z,Bitget USDT Futures,TAOUSDT,231.84,118690.87600000002,27517292.691840004,5e-05,,OK,
2026-09-18T00:00:00Z,Bitget USDT Futures,UNIUSDT,7.64,3512412.0,26834827.68,0.0001,,OK,
2026-09-18T00:00:00Z,Bitget USDT Futures,XLMUSDT,0.18269,117905582.0,21540170.77558,0.0001,,OK,
2026-09-18T00:00:00Z,Bitget USDT Futures,XRPUSDT,1.2928,170735493.0,220726845.3504,5.1e-05,,OK,
2026-09-18T00:00:00Z,Bitget USDT Futures,ZECUSDT,1444.41,126695.53400000013,183000296.2649402,-0.000405,,OK,
2026-09-18T01:00:00Z,Bitget USDT Futures,AAVEUSDT,129.28,197384.80000000002,25517906.944000002,0.0001,,OK,
2026-09-18T01:00:00Z,Bitget USDT Futures,AVAXUSDT,7.637,2861252.2999999984,21851383.815099988,0.0001,,OK,
2026-09-18T01:00:00Z,Bitget USDT Futures,BTCUSDT,76501.2,33010.92949999989,2525375719.8653913,6.2e-05,,OK,
2026-09-18T01:00:00Z,Bitget USDT Futures,CAKEUSDT,2.4415,808534.9999999999,1974038.2024999997,1.9e-05,,OK,
2026-09-18T01:00:00Z,Bitget USDT Futures,CCUSDT,0.1037,7845972.0,813627.2964,5e-05,,OK,
2026-09-18T01:00:00Z,Bitget USDT Futures,ENAUSDT,0.15661,223591448.0,35016656.67128,5e-05,,OK,
2026-09-18T01:00:00Z,Bitget USDT Futures,ETHUSDT,2448.92,755614.5400000002,1850439559.2968004,9e-05,,OK,
2026-09-18T01:00:00Z,Bitget USDT Futures,HBARUSDT,0.07493,170621707.0,12784684.505509999,4.1e-05,,OK,
2026-09-18T01:00:00Z,Bitget USDT Futures,HYPEUSDT,86.861,2459452.2199999997,213630479.28142,4.9e-05,,OK,
2026-09-18T01:00:00Z,Bitget USDT Futures,LINKUSDT,11.434,4036792.0,46156679.728,0.0001,,OK,
2026-09-18T01:00:00Z,Bitget USDT Futures,MORPHOUSDT,2.283,1087791.0,2483426.853,5e-05,,OK,
2026-09-18T01:00:00Z,Bitget USDT Futures,NEARUSDT,3.1784,16735051.0,53190686.0984,0.0001,,OK,
2026-09-18T01:00:00Z,Bitget USDT Futures,ONDOUSDT,0.3849,55000709.099999994,21169772.93259,5e-05,,OK,
2026-09-18T01:00:00Z,Bitget USDT Futures,SEIUSDT,0.0446,145988638.0,6511093.2548,8e-06,,OK,
2026-09-18T01:00:00Z,Bitget USDT Futures,SOLUSDT,101.489,4328299.999999956,439274838.6999956,2.3e-05,,OK,
2026-09-18T01:00:00Z,Bitget USDT Futures,SUIUSDT,0.7531,64166651.300000004,48323905.09403,0.0001,,OK,
2026-09-18T01:00:00Z,Bitget USDT Futures,TAOUSDT,234.55,118798.72600000001,27864241.183300003,5e-05,,OK,
2026-09-18T01:00:00Z,Bitget USDT Futures,UNIUSDT,7.817,3508895.0,27429032.215,0.0001,,OK,
2026-09-18T01:00:00Z,Bitget USDT Futures,XLMUSDT,0.1835,118330276.0,21713605.645999998,0.0001,,OK,
2026-09-18T01:00:00Z,Bitget USDT Futures,XRPUSDT,1.2999,170355109.0,221444606.1891,5e-05,,OK,
2026-09-18T01:00:00Z,Bitget USDT Futures,ZECUSDT,1462.31,126273.44100000014,184650915.5087102,-0.000389,,OK,
2026-09-18T02:00:00Z,Bitget USDT Futures,AAVEUSDT,130.62,197723.80000000002,25826682.756000005,0.0001,,OK,
2026-09-18T02:00:00Z,Bitget USDT Futures,AVAXUSDT,7.701,2869118.8999999985,22095084.648899987,0.0001,,OK,
2026-09-18T02:00:00Z,Bitget USDT Futures,BTCUSDT,76751.3,33055.61029999989,2537061062.818382,7e-05,,OK,
2026-09-18T02:00:00Z,Bitget USDT Futures,CAKEUSDT,2.4649,815738.1999999998,2010713.0891799997,5e-05,,OK,
2026-09-18T02:00:00Z,Bitget USDT Futures,CCUSDT,0.10712,7909613.0,847277.74456,5e-05,,OK,
2026-09-18T02:00:00Z,Bitget USDT Futures,ENAUSDT,0.16095,224205786.0,36085921.2567,5e-05,,OK,
2026-09-18T02:00:00Z,Bitget USDT Futures,ETHUSDT,2457.04,760166.5500000002,1867759620.0120003,0.0001,,OK,
2026-09-18T02:00:00Z,Bitget USDT Futures,HBARUSDT,0.07548,170729470.0,12886660.3956,9.1e-05,,OK,
2026-09-18T02:00:00Z,Bitget USDT Futures,HYPEUSDT,86.496,2456888.2600000002,212511006.93696,4.9e-05,,OK,
2026-09-18T02:00:00Z,Bitget USDT Futures,LINKUSDT,11.548,4012058.0,46331245.784,0.0001,,OK,
2026-09-18T02:00:00Z,Bitget USDT Futures,MORPHOUSDT,2.2732,1101589.0,2504132.1148,5e-05,,OK,
2026-09-18T02:00:00Z,Bitget USDT Futures,NEARUSDT,3.2514,16847768.0,54778832.875199996,0.0001,,OK,
2026-09-18T02:00:00Z,Bitget USDT Futures,ONDOUSDT,0.3868,54881100.1,21228009.51868,5e-05,,OK,
2026-09-18T02:00:00Z,Bitget USDT Futures,SEIUSDT,0.04499,145239988.0,6534347.0601200005,3.8e-05,,OK,
2026-09-18T02:00:00Z,Bitget USDT Futures,SOLUSDT,102.541,4309527.599999957,441903269.63159555,3.3e-05,,OK,
2026-09-18T02:00:00Z,Bitget USDT Futures,SUIUSDT,0.7691,64482806.00000001,49593726.09460001,0.0001,,OK,
2026-09-18T02:00:00Z,Bitget USDT Futures,TAOUSDT,237.2,118208.26400000001,28039000.2208,5e-05,,OK,
2026-09-18T02:00:00Z,Bitget USDT Futures,UNIUSDT,7.917,3524278.0,27901708.926,0.0001,,OK,
2026-09-18T02:00:00Z,Bitget USDT Futures,XLMUSDT,0.18464,118600488.0,21898394.10432,0.0001,,OK,
2026-09-18T02:00:00Z,Bitget USDT Futures,XRPUSDT,1.3042,169834736.0,221498462.69120002,5.9e-05,,OK,
2026-09-18T02:00:00Z,Bitget USDT Futures,ZECUSDT,1481.4,126662.23700000012,187637437.8918002,-0.000378,,OK,
2026-09-18T03:00:00Z,Bitget USDT Futures,AAVEUSDT,132.98,196675.6,26153921.288,0.0001,,OK,
2026-09-18T03:00:00Z,Bitget USDT Futures,AVAXUSDT,7.816,2874202.3999999985,22464765.95839999,0.0001,,OK,
2026-09-18T03:00:00Z,Bitget USDT Futures,BTCUSDT,77549.9,32681.65099999989,2534458766.884891,5.7e-05,,OK,
2026-09-18T03:00:00Z,Bitget USDT Futures,CAKEUSDT,2.4834,815239.7999999998,2024566.5193199995,5e-05,,OK,
2026-09-18T03:00:00Z,Bitget USDT Futures,CCUSDT,0.10915,8225186.0,897779.0519,5e-05,,OK,
2026-09-18T03:00:00Z,Bitget USDT Futures,ENAUSDT,0.16513,224267362.0,37033269.48706,5e-05,,OK,
2026-09-18T03:00:00Z,Bitget USDT Futures,ETHUSDT,2482.8,759299.5099999999,1885188823.428,0.0001,,OK,
2026-09-18T03:00:00Z,Bitget USDT Futures,HBARUSDT,0.07673,171356811.0,13148208.10803,0.0001,,OK,
2026-09-18T03:00:00Z,Bitget USDT Futures,HYPEUSDT,86.675,2455037.4,212790366.64499998,2.9e-05,,OK,
2026-09-18T03:00:00Z,Bitget USDT Futures,LINKUSDT,11.723,4013047.0,47044949.981000006,0.0001,,OK,
2026-09-18T03:00:00Z,Bitget USDT Futures,MORPHOUSDT,2.3155,1118802.0,2590586.031,5e-05,,OK,
2026-09-18T03:00:00Z,Bitget USDT Futures,NEARUSDT,3.4099,16770702.0,57186416.7498,0.0001,,OK,
2026-09-18T03:00:00Z,Bitget USDT Futures,ONDOUSDT,0.3953,54747798.9,21641804.905169997,5e-05,,OK,
2026-09-18T03:00:00Z,Bitget USDT Futures,SEIUSDT,0.04558,144994916.0,6608868.27128,7.7e-05,,OK,
2026-09-18T03:00:00Z,Bitget USDT Futures,SOLUSDT,104.094,4284563.299999956,445997332.1501954,4.7e-05,,OK,
2026-09-18T03:00:00Z,Bitget USDT Futures,SUIUSDT,0.7788,64358432.7,50122347.386760004,0.0001,,OK,
2026-09-18T03:00:00Z,Bitget USDT Futures,TAOUSDT,241.34,117917.67300000001,28458251.20182,5e-05,,OK,
2026-09-18T03:00:00Z,Bitget USDT Futures,UNIUSDT,8.377,3511361.0,29414671.097000003,0.0001,,OK,
2026-09-18T03:00:00Z,Bitget USDT Futures,XLMUSDT,0.18788,119332358.0,22420163.42104,0.0001,,OK,
2026-09-18T03:00:00Z,Bitget USDT Futures,XRPUSDT,1.3227,169407618.0,224075456.3286,5.7e-05,,OK,
2026-09-18T03:00:00Z,Bitget USDT Futures,ZECUSDT,1499.2,126548.04800000013,189720833.5616002,-0.000312,,OK,
2026-09-18T04:00:00Z,Bitget USDT Futures,AAVEUSDT,133.59,196654.80000000002,26271114.732000005,0.0001,,OK,
2026-09-18T04:00:00Z,Bitget USDT Futures,AVAXUSDT,7.882,2860532.0999999987,22546714.01219999,0.0001,,OK,
2026-09-18T04:00:00Z,Bitget USDT Futures,BTCUSDT,77300.5,32583.72449999989,2518738195.7122416,3.9e-05,,OK,
2026-09-18T04:00:00Z,Bitget USDT Futures,CAKEUSDT,2.4799,816130.9999999999,2023923.2669,5e-05,,OK,
2026-09-18T04:00:00Z,Bitget USDT Futures,CCUSDT,0.10712,8050180.0,862335.2816000001,5e-05,,OK,
2026-09-18T04:00:00Z,Bitget USDT Futures,ENAUSDT,0.16436,224513784.0,36901085.53824,5e-05,,OK,
2026-09-18T04:00:00Z,Bitget USDT Futures,ETHUSDT,2475.08,763043.4499999998,1888593582.2259996,0.0001,,OK,
2026-09-18T04:00:00Z,Bitget USDT Futures,HBARUSDT,0.07721,171259795.0,13222968.77195,0.0001,,OK,
2026-09-18T04:00:00Z,Bitget USDT Futures,HYPEUSDT,86.619,2473780.88,214276426.04472,-6e-06,,OK,
2026-09-18T04:00:00Z,Bitget USDT Futures,LINKUSDT,11.75,4008603.0,47101085.25,0.0001,,OK,
2026-09-18T04:00:00Z,Bitget USDT Futures,MORPHOUSDT,2.335,1099809.0,2568054.015,5e-05,,OK,
2026-09-18T04:00:00Z,Bitget USDT Futures,NEARUSDT,3.5039,17035136.0,59689413.03039999,0.0001,,OK,
2026-09-18T04:00:00Z,Bitget USDT Futures,ONDOUSDT,0.388,54899067.199999996,21300838.073599998,5e-05,,OK,
2026-09-18T04:00:00Z,Bitget USDT Futures,SEIUSDT,0.04641,143788213.0,6673210.96533,0.0001,,OK,
2026-09-18T04:00:00Z,Bitget USDT Futures,SOLUSDT,105.09,4253004.6999999555,446948263.9229953,9.7e-05,,OK,
2026-09-18T04:00:00Z,Bitget USDT Futures,SUIUSDT,0.7807,64057976.6,50010062.33162,0.0001,,OK,
2026-09-18T04:00:00Z,Bitget USDT Futures,TAOUSDT,240.08,114766.36400000002,27553108.669120006,5e-05,,OK,
2026-09-18T04:00:00Z,Bitget USDT Futures,UNIUSDT,8.642,3547569.0,30658091.297999997,0.0001,,OK,
2026-09-18T04:00:00Z,Bitget USDT Futures,XLMUSDT,0.18842,119176740.0,22455281.3508,0.0001,,OK,
2026-09-18T04:00:00Z,Bitget USDT Futures,XRPUSDT,1.3201,169855716.0,224226530.6916,7.4e-05,,OK,
2026-09-18T04:00:00Z,Bitget USDT Futures,ZECUSDT,1509.53,126929.16300000015,191603379.4233902,-0.000297,,OK,
2026-09-18T05:00:00Z,Bitget USDT Futures,AAVEUSDT,134.29,196239.2,26352962.168,0.0001,,OK,
2026-09-18T05:00:00Z,Bitget USDT Futures,AVAXUSDT,7.928,2886154.199999999,22881430.49759999,0.0001,,OK,
2026-09-18T05:00:00Z,Bitget USDT Futures,BTCUSDT,77490.3,32693.429899999886,2533423690.9799614,3.9e-05,,OK,
2026-09-18T05:00:00Z,Bitget USDT Futures,CAKEUSDT,2.5022,814357.3999999999,2037685.08628,5e-05,,OK,
2026-09-18T05:00:00Z,Bitget USDT Futures,CCUSDT,0.10893,7972024.0,868392.57432,5e-05,,OK,
2026-09-18T05:00:00Z,Bitget USDT Futures,ENAUSDT,0.16241,225394948.0,36606393.50468,5e-05,,OK,
2026-09-18T05:00:00Z,Bitget USDT Futures,ETHUSDT,2488.37,759559.5599999997,1890065222.3171992,8.3e-05,,OK,
2026-09-18T05:00:00Z,Bitget USDT Futures,HBARUSDT,0.07713,176346645.0,13601616.728850001,0.0001,,OK,
2026-09-18T05:00:00Z,Bitget USDT Futures,HYPEUSDT,87.668,2471480.55,216669756.8574,-2.7e-05,,OK,
2026-09-18T05:00:00Z,Bitget USDT Futures,LINKUSDT,11.787,4012590.0,47296398.330000006,0.0001,,OK,
2026-09-18T05:00:00Z,Bitget USDT Futures,MORPHOUSDT,2.3288,1098827.0,2558948.3176,5e-05,,OK,
2026-09-18T05:00:00Z,Bitget USDT Futures,NEARUSDT,3.506,16793198.0,58876952.18799999,0.0001,,OK,
2026-09-18T05:00:00Z,Bitget USDT Futures,ONDOUSDT,0.3859,55118441.699999996,21270206.65203,5e-05,,OK,
2026-09-18T05:00:00Z,Bitget USDT Futures,SEIUSDT,0.04631,142904886.0,6617925.27066,0.0001,,OK,
2026-09-18T05:00:00Z,Bitget USDT Futures,SOLUSDT,105.595,4243880.999999955,448132614.1949953,0.0001,,OK,
2026-09-18T05:00:00Z,Bitget USDT Futures,SUIUSDT,0.7797,64114672.300000004,49990209.99231,0.0001,,OK,
2026-09-18T05:00:00Z,Bitget USDT Futures,TAOUSDT,241.5,114478.728,27646612.812,5e-05,,OK,
2026-09-18T05:00:00Z,Bitget USDT Futures,UNIUSDT,8.523,3557556.0,30321049.788,0.0001,,OK,
2026-09-18T05:00:00Z,Bitget USDT Futures,XLMUSDT,0.18821,118805898.0,22360458.062579997,0.0001,,OK,
2026-09-18T05:00:00Z,Bitget USDT Futures,XRPUSDT,1.3217,170924474.0,225910877.2858,9e-05,,OK,
2026-09-18T05:00:00Z,Bitget USDT Futures,ZECUSDT,1520.23,123039.43700000006,187048243.3105101,-0.000362,,OK,
2026-09-18T06:00:00Z,Bitget USDT Futures,AAVEUSDT,134.37,196367.40000000002,26385887.538000003,0.0001,,OK,
2026-09-18T06:00:00Z,Bitget USDT Futures,AVAXUSDT,7.885,2887319.4999999986,22766514.25749999,0.0001,,OK,
2026-09-18T06:00:00Z,Bitget USDT Futures,BTCUSDT,77588.5,32734.646199999886,2539832096.688691,3.1e-05,,OK,
2026-09-18T06:00:00Z,Bitget USDT Futures,CAKEUSDT,2.4842,803113.9999999999,1995095.7987999998,5e-05,,OK,
2026-09-18T06:00:00Z,Bitget USDT Futures,CCUSDT,0.10817,7907036.0,855304.08412,5e-05,,OK,
2026-09-18T06:00:00Z,Bitget USDT Futures,ENAUSDT,0.16362,226849311.0,37117084.26582,5e-05,,OK,
2026-09-18T06:00:00Z,Bitget USDT Futures,ETHUSDT,2485.58,764199.6399999998,1899479341.1911993,7.2e-05,,OK,
2026-09-18T06:00:00Z,Bitget USDT Futures,HBARUSDT,0.07619,175294305.0,13355673.097949998,0.0001,,OK,
2026-09-18T06:00:00Z,Bitget USDT Futures,HYPEUSDT,87.723,2475119.11,217124873.68653,-3.1e-05,,OK,
2026-09-18T06:00:00Z,Bitget USDT Futures,LINKUSDT,11.786,4016556.0,47339129.015999995,0.0001,,OK,
2026-09-18T06:00:00Z,Bitget USDT Futures,MORPHOUSDT,2.3044,1098211.0,2530717.4283999996,5e-05,,OK,
2026-09-18T06:00:00Z,Bitget USDT Futures,NEARUSDT,3.4797,16766944.0,58343935.0368,0.0001,,OK,
2026-09-18T06:00:00Z,Bitget USDT Futures,ONDOUSDT,0.3846,54948916.3,21133353.208979998,5e-05,,OK,
2026-09-18T06:00:00Z,Bitget USDT Futures,SEIUSDT,0.04647,142745028.0,6633361.45116,0.0001,,OK,
2026-09-18T06:00:00Z,Bitget USDT Futures,SOLUSDT,105.675,4228592.799999955,446856544.1399952,0.0001,,OK,
2026-09-18T06:00:00Z,Bitget USDT Futures,SUIUSDT,0.7767,64013306.1,49719134.84787,0.0001,,OK,
2026-09-18T06:00:00Z,Bitget USDT Futures,TAOUSDT,241.06,115495.05700000002,27841238.440420005,5e-05,,OK,
2026-09-18T06:00:00Z,Bitget USDT Futures,UNIUSDT,8.474,3562173.0,30185854.002,0.0001,,OK,
2026-09-18T06:00:00Z,Bitget USDT Futures,XLMUSDT,0.18724,118172791.0,22126673.386839997,0.0001,,OK,
2026-09-18T06:00:00Z,Bitget USDT Futures,XRPUSDT,1.3219,170487884.0,225367933.8596,0.0001,,OK,
2026-09-18T06:00:00Z,Bitget USDT Futures,ZECUSDT,1503.95,123289.01000000001,185420506.5895,-0.000318,,OK,
2026-09-18T07:00:00Z,Bitget USDT Futures,AAVEUSDT,134.45,195949.80000000002,26345450.61,0.0001,,OK,
2026-09-18T07:00:00Z,Bitget USDT Futures,AVAXUSDT,7.894,2884345.8999999985,22769026.53459999,0.0001,,OK,
2026-09-18T07:00:00Z,Bitget USDT Futures,BTCUSDT,77631.0,32756.217199999886,2542897897.4531913,2.4e-05,,OK,
2026-09-18T07:00:00Z,Bitget USDT Futures,CAKEUSDT,2.4804,802809.7999999999,1991289.4279199997,5e-05,,OK,
2026-09-18T07:00:00Z,Bitget USDT Futures,CCUSDT,0.10949,8082694.0,884974.1660600001,5e-05,,OK,
2026-09-18T07:00:00Z,Bitget USDT Futures,ENAUSDT,0.16925,229347114.0,38816999.0445,5e-05,,OK,
2026-09-18T07:00:00Z,Bitget USDT Futures,ETHUSDT,2489.16,763452.2799999997,1900354877.284799,6.9e-05,,OK,
2026-09-18T07:00:00Z,Bitget USDT Futures,HBARUSDT,0.07612,175361273.0,13348500.100759998,0.0001,,OK,
2026-09-18T07:00:00Z,Bitget USDT Futures,HYPEUSDT,87.714,2475755.6,217158426.6984,-1.8e-05,,OK,
2026-09-18T07:00:00Z,Bitget USDT Futures,LINKUSDT,11.803,4065242.0,47982051.326000005,0.0001,,OK,
2026-09-18T07:00:00Z,Bitget USDT Futures,MORPHOUSDT,2.3699,1108023.0,2625903.7076999997,5e-05,,OK,
2026-09-18T07:00:00Z,Bitget USDT Futures,NEARUSDT,3.5001,16704397.0,58467059.9397,0.0001,,OK,
2026-09-18T07:00:00Z,Bitget USDT Futures,ONDOUSDT,0.386,55256291.9,21328928.6734,5e-05,,OK,
2026-09-18T07:00:00Z,Bitget USDT Futures,SEIUSDT,0.04656,141975532.0,6610380.76992,0.0001,,OK,
2026-09-18T07:00:00Z,Bitget USDT Futures,SOLUSDT,105.771,4226877.999999954,447081112.9379952,0.0001,,OK,
2026-09-18T07:00:00Z,Bitget USDT Futures,SUIUSDT,0.7792,64030690.4,49892713.95968,0.0001,,OK,
2026-09-18T07:00:00Z,Bitget USDT Futures,TAOUSDT,244.34,115680.21600000001,28265303.977440003,5e-05,,OK,
2026-09-18T07:00:00Z,Bitget USDT Futures,UNIUSDT,8.637,3571501.0,30847054.137000002,0.0001,,OK,
2026-09-18T07:00:00Z,Bitget USDT Futures,XLMUSDT,0.18734,118208994.0,22145272.935960002,0.0001,,OK,
2026-09-18T07:00:00Z,Bitget USDT Futures,XRPUSDT,1.3247,170287931.0,225580422.1957,0.0001,,OK,
2026-09-18T07:00:00Z,Bitget USDT Futures,ZECUSDT,1489.76,122248.89400000003,182121512.32544005,-0.000239,,OK,
2026-09-18T08:00:00Z,Bitget USDT Futures,AAVEUSDT,134.57,195660.0,26329966.2,0.0001,,OK,
2026-09-18T08:00:00Z,Bitget USDT Futures,AVAXUSDT,7.916,2893135.8999999985,22902063.78439999,0.0001,,OK,
2026-09-18T08:00:00Z,Bitget USDT Futures,BTCUSDT,77832.8,32808.761999999886,2553597810.9935913,2.8e-05,,OK,
2026-09-18T08:00:00Z,Bitget USDT Futures,CAKEUSDT,2.4842,794725.7999999998,1974257.8323599994,5e-05,,OK,
2026-09-18T08:00:00Z,Bitget USDT Futures,CCUSDT,0.11181,8350844.0,933707.8676400001,5e-05,,OK,
2026-09-18T08:00:00Z,Bitget USDT Futures,ENAUSDT,0.16949,226901796.0,38457585.40404,5e-05,,OK,
2026-09-18T08:00:00Z,Bitget USDT Futures,ETHUSDT,2489.94,770274.0899999997,1917936267.6545994,6.5e-05,,OK,
2026-09-18T08:00:00Z,Bitget USDT Futures,HBARUSDT,0.07645,173908005.0,13295266.982250001,0.0001,,OK,
2026-09-18T08:00:00Z,Bitget USDT Futures,HYPEUSDT,88.252,2461633.1,217244044.3412,2.5e-05,,OK,
2026-09-18T08:00:00Z,Bitget USDT Futures,LINKUSDT,11.821,4062590.0,48023876.39,0.0001,,OK,
2026-09-18T08:00:00Z,Bitget USDT Futures,MORPHOUSDT,2.3764,1095205.0,2602645.162,5e-05,,OK,
2026-09-18T08:00:00Z,Bitget USDT Futures,NEARUSDT,3.484,16762312.0,58399895.008,0.0001,,OK,
2026-09-18T08:00:00Z,Bitget USDT Futures,ONDOUSDT,0.3841,55294553.5,21238637.99935,5e-05,,OK,
2026-09-18T08:00:00Z,Bitget USDT Futures,SEIUSDT,0.04672,141526182.0,6612103.22304,0.0001,,OK,
2026-09-18T08:00:00Z,Bitget USDT Futures,SOLUSDT,105.784,4230975.499999953,447569512.2919951,0.0001,,OK,
2026-09-18T08:00:00Z,Bitget USDT Futures,SUIUSDT,0.7792,64507875.900000006,50264536.90128001,0.0001,,OK,
2026-09-18T08:00:00Z,Bitget USDT Futures,TAOUSDT,246.49,115555.259,28483215.79091,5e-05,,OK,
2026-09-18T08:00:00Z,Bitget USDT Futures,UNIUSDT,8.793,3565446.0,31350966.677999996,0.0001,,OK,
2026-09-18T08:00:00Z,Bitget USDT Futures,XLMUSDT,0.18731,117765630.0,22058680.1553,0.0001,,OK,
2026-09-18T08:00:00Z,Bitget USDT Futures,XRPUSDT,1.3299,172064209.0,228828191.5491,0.0001,,OK,
2026-09-18T08:00:00Z,Bitget USDT Futures,ZECUSDT,1489.2,124101.779,184812369.2868,-0.000153,,OK,
2026-09-18T09:00:00Z,Bitget USDT Futures,AAVEUSDT,134.37,196610.90000000002,26418606.633000005,0.0001,,OK,
2026-09-18T09:00:00Z,Bitget USDT Futures,AVAXUSDT,7.933,2902572.0999999987,23026104.46929999,0.0001,,OK,
2026-09-18T09:00:00Z,Bitget USDT Futures,BTCUSDT,78277.9,32655.011099999887,2556165693.3846807,3.4e-05,,OK,
2026-09-18T09:00:00Z,Bitget USDT Futures,CAKEUSDT,2.5327,799102.1999999998,2023886.1419399998,5e-05,,OK,
2026-09-18T09:00:00Z,Bitget USDT Futures,CCUSDT,0.1111,8293882.0,921450.2902,5e-05,,OK,
2026-09-18T09:00:00Z,Bitget USDT Futures,ENAUSDT,0.16755,226733188.0,37989145.6494,5e-05,,OK,
2026-09-18T09:00:00Z,Bitget USDT Futures,ETHUSDT,2514.63,772463.47,1942459815.5661001,7e-05,,OK,
2026-09-18T09:00:00Z,Bitget USDT Futures,HBARUSDT,0.07732,174133317.0,13463988.07044,0.0001,,OK,
2026-09-18T09:00:00Z,Bitget USDT Futures,HYPEUSDT,88.587,2466575.36,218506511.41632,3.4e-05,,OK,
2026-09-18T09:00:00Z,Bitget USDT Futures,LINKUSDT,11.837,4083052.0,48331086.524,0.0001,,OK,
2026-09-18T09:00:00Z,Bitget USDT Futures,MORPHOUSDT,2.3568,1097401.0,2586354.6767999995,5e-05,,OK,
2026-09-18T09:00:00Z,Bitget USDT Futures,NEARUSDT,3.4513,16972660.0,58577741.458,0.0001,,OK,
2026-09-18T09:00:00Z,Bitget USDT Futures,ONDOUSDT,0.3864,55004540.9,21253754.60376,5e-05,,OK,
2026-09-18T09:00:00Z,Bitget USDT Futures,SEIUSDT,0.04688,142413302.0,6676335.597759999,0.0001,,OK,
2026-09-18T09:00:00Z,Bitget USDT Futures,SOLUSDT,106.214,4236759.999999952,450003226.63999486,0.0001,,OK,
2026-09-18T09:00:00Z,Bitget USDT Futures,SUIUSDT,0.7855,64596537.7,50740580.363350004,0.0001,,OK,
2026-09-18T09:00:00Z,Bitget USDT Futures,TAOUSDT,246.75,115064.44900000001,28392152.79075,5e-05,,OK,
2026-09-18T09:00:00Z,Bitget USDT Futures,UNIUSDT,8.901,3552208.0,31618203.408,0.0001,,OK,
2026-09-18T09:00:00Z,Bitget USDT Futures,XLMUSDT,0.18793,118778404.0,22322025.46372,0.0001,,OK,
2026-09-18T09:00:00Z,Bitget USDT Futures,XRPUSDT,1.3351,171466932.0,228925500.9132,0.0001,,OK,
2026-09-18T09:00:00Z,Bitget USDT Futures,ZECUSDT,1467.54,125613.72899999999,184343171.85665998,-9.5e-05,,OK,
2026-09-18T10:00:00Z,Bitget USDT Futures,AAVEUSDT,136.65,195821.4,26758994.31,0.0001,,OK,
2026-09-18T10:00:00Z,Bitget USDT Futures,AVAXUSDT,8.001,2917004.699999999,23338954.604699988,0.0001,,OK,
2026-09-18T10:00:00Z,Bitget USDT Futures,BTCUSDT,78162.1,32928.60749999989,2573769112.2757416,3.5e-05,,OK,
2026-09-18T10:00:00Z,Bitget USDT Futures,CAKEUSDT,2.5146,791005.1999999998,1989061.6759199998,5e-05,,OK,
2026-09-18T10:00:00Z,Bitget USDT Futures,CCUSDT,0.11062,8384320.0,927473.4784,5e-05,,OK,
2026-09-18T10:00:00Z,Bitget USDT Futures,ENAUSDT,0.16817,227240704.0,38215069.19168,5e-05,,OK,
2026-09-18T10:00:00Z,Bitget USDT Futures,ETHUSDT,2513.99,779489.92,1959629863.9808,7.2e-05,,OK,
2026-09-18T10:00:00Z,Bitget USDT Futures,HBARUSDT,0.07777,174263203.0,13552449.29731,0.0001,,OK,
2026-09-18T10:00:00Z,Bitget USDT Futures,HYPEUSDT,89.287,2475617.6,221040468.65120003,-4e-06,,OK,
2026-09-18T10:00:00Z,Bitget USDT Futures,LINKUSDT,11.913,4079842.0,48603157.746,0.0001,,OK,
2026-09-18T10:00:00Z,Bitget USDT Futures,MORPHOUSDT,2.3702,1106079.0,2621628.4458,5e-05,,OK,
2026-09-18T10:00:00Z,Bitget USDT Futures,NEARUSDT,3.5072,16888564.0,59231571.6608,0.0001,,OK,
2026-09-18T10:00:00Z,Bitget USDT Futures,ONDOUSDT,0.3915,56220787.7,22010438.38455,5e-05,,OK,
2026-09-18T10:00:00Z,Bitget USDT Futures,SEIUSDT,0.0472,142034704.0,6704038.0287999995,0.0001,,OK,
2026-09-18T10:00:00Z,Bitget USDT Futures,SOLUSDT,106.468,4278739.29999995,455548815.79239476,0.0001,,OK,
2026-09-18T10:00:00Z,Bitget USDT Futures,SUIUSDT,0.7994,64412236.900000006,51491142.17786001,0.0001,,OK,
2026-09-18T10:00:00Z,Bitget USDT Futures,TAOUSDT,249.59,113586.46200000001,28350045.050580002,5e-05,,OK,
2026-09-18T10:00:00Z,Bitget USDT Futures,UNIUSDT,9.386,3661567.0,34367467.861999996,0.0001,,OK,
2026-09-18T10:00:00Z,Bitget USDT Futures,XLMUSDT,0.18827,118849220.0,22375742.6494,0.0001,,OK,
2026-09-18T10:00:00Z,Bitget USDT Futures,XRPUSDT,1.3348,171881705.0,229427699.834,0.0001,,OK,
2026-09-18T10:00:00Z,Bitget USDT Futures,ZECUSDT,1481.04,125403.34999999995,185727377.4839999,-3.1e-05,,OK,
2026-09-18T11:00:00Z,Bitget USDT Futures,AAVEUSDT,133.64,194111.0,25940994.04,0.0001,,OK,
2026-09-18T11:00:00Z,Bitget USDT Futures,AVAXUSDT,7.953,2906271.8999999985,23113580.420699988,0.0001,,OK,
2026-09-18T11:00:00Z,Bitget USDT Futures,BTCUSDT,78123.0,33028.019199999886,2580247943.9615912,3.3e-05,,OK,
2026-09-18T11:00:00Z,Bitget USDT Futures,CAKEUSDT,2.4842,796444.9999999999,1978528.6689999998,5e-05,,OK,
2026-09-18T11:00:00Z,Bitget USDT Futures,CCUSDT,0.10648,8437130.0,898385.6024000001,5e-05,,OK,
2026-09-18T11:00:00Z,Bitget USDT Futures,ENAUSDT,0.16189,224169898.0,36290864.78722,5e-05,,OK,
2026-09-18T11:00:00Z,Bitget USDT Futures,ETHUSDT,2504.2,776835.5800000001,1945351659.436,6.7e-05,,OK,
2026-09-18T11:00:00Z,Bitget USDT Futures,HBARUSDT,0.07676,173842173.0,13344125.199479999,0.0001,,OK,
2026-09-18T11:00:00Z,Bitget USDT Futures,HYPEUSDT,90.26,2490975.61,224835458.5586,1.5e-05,,OK,
2026-09-18T11:00:00Z,Bitget USDT Futures,LINKUSDT,11.75,4059310.0,47696892.5,0.0001,,OK,
2026-09-18T11:00:00Z,Bitget USDT Futures,MORPHOUSDT,2.3372,1104151.0,2580621.7172000003,5e-05,,OK,
2026-09-18T11:00:00Z,Bitget USDT Futures,NEARUSDT,3.4489,16887559.0,58243502.2351,0.0001,,OK,
2026-09-18T11:00:00Z,Bitget USDT Futures,ONDOUSDT,0.3854,54533352.0,21017153.8608,5e-05,,OK,
2026-09-18T11:00:00Z,Bitget USDT Futures,SEIUSDT,0.04654,140554710.0,6541416.2034,0.0001,,OK,
2026-09-18T11:00:00Z,Bitget USDT Futures,SOLUSDT,105.704,4256540.799999949,449933388.72319454,0.0001,,OK,
2026-09-18T11:00:00Z,Bitget USDT Futures,SUIUSDT,0.7856,64231664.5,50460395.6312,0.0001,,OK,
2026-09-18T11:00:00Z,Bitget USDT Futures,TAOUSDT,244.98,113285.69000000002,27752728.336200003,5e-05,,OK,
2026-09-18T11:00:00Z,Bitget USDT Futures,UNIUSDT,8.699,3572523.0,31077377.577,0.0001,,OK,
2026-09-18T11:00:00Z,Bitget USDT Futures,XLMUSDT,0.18501,118503194.0,21924275.921940003,0.0001,,OK,
2026-09-18T11:00:00Z,Bitget USDT Futures,XRPUSDT,1.3217,169999031.0,224687719.2727,0.0001,,OK,
2026-09-18T11:00:00Z,Bitget USDT Futures,ZECUSDT,1469.28,124777.3419999999,183332853.05375984,2.8e-05,,OK,
2026-09-18T12:00:00Z,Bitget USDT Futures,AAVEUSDT,136.18,195005.1,26555794.518000003,0.0001,,OK,
2026-09-18T12:00:00Z,Bitget USDT Futures,AVAXUSDT,7.992,2899688.2999999984,23174308.893599987,0.0001,,OK,
2026-09-18T12:00:00Z,Bitget USDT Futures,BTCUSDT,78025.0,33176.32329999989,2588582625.482491,3e-05,,OK,
2026-09-18T12:00:00Z,Bitget USDT Futures,CAKEUSDT,2.4671,789328.9999999999,1947353.5758999996,5e-05,,OK,
2026-09-18T12:00:00Z,Bitget USDT Futures,CCUSDT,0.10762,8421988.0,906374.34856,5e-05,,OK,
2026-09-18T12:00:00Z,Bitget USDT Futures,ENAUSDT,0.16268,225084178.0,36616694.07704,5e-05,,OK,
2026-09-18T12:00:00Z,Bitget USDT Futures,ETHUSDT,2502.99,778193.0900000001,1947809522.3391001,6.3e-05,,OK,
2026-09-18T12:00:00Z,Bitget USDT Futures,HBARUSDT,0.0769,173690041.0,13356764.1529,0.0001,,OK,
2026-09-18T12:00:00Z,Bitget USDT Futures,HYPEUSDT,90.411,2480280.28,224244620.39507997,4.6e-05,,OK,
2026-09-18T12:00:00Z,Bitget USDT Futures,LINKUSDT,11.812,4070941.0,48085955.092,0.0001,,OK,
2026-09-18T12:00:00Z,Bitget USDT Futures,MORPHOUSDT,2.3947,1117449.0,2675955.1202999996,5e-05,,OK,
2026-09-18T12:00:00Z,Bitget USDT Futures,NEARUSDT,3.5082,16908600.0,59318750.52,0.0001,,OK,
2026-09-18T12:00:00Z,Bitget USDT Futures,ONDOUSDT,0.3907,54458660.699999996,21276998.735489998,5e-05,,OK,
2026-09-18T12:00:00Z,Bitget USDT Futures,SEIUSDT,0.04708,140294810.0,6605079.6548,0.0001,,OK,
2026-09-18T12:00:00Z,Bitget USDT Futures,SOLUSDT,105.637,4261326.799999948,450153779.1715945,0.0001,,OK,
2026-09-18T12:00:00Z,Bitget USDT Futures,SUIUSDT,0.7919,64285256.0,50907494.2264,0.0001,,OK,
2026-09-18T12:00:00Z,Bitget USDT Futures,TAOUSDT,244.94,113332.00200000002,27759540.569880005,5e-05,,OK,
2026-09-18T12:00:00Z,Bitget USDT Futures,UNIUSDT,8.755,3545428.0,31040222.140000004,0.0001,,OK,
2026-09-18T12:00:00Z,Bitget USDT Futures,XLMUSDT,0.18571,118747421.0,22052583.55391,0.0001,,OK,
2026-09-18T12:00:00Z,Bitget USDT Futures,XRPUSDT,1.3238,171012805.0,226386751.259,0.0001,,OK,
2026-09-18T12:00:00Z,Bitget USDT Futures,ZECUSDT,1463.39,124303.97699999988,181905196.90202984,9.5e-05,,OK,
2026-09-18T13:00:00Z,Bitget USDT Futures,AAVEUSDT,138.23,201253.7,27819298.951,0.0001,,OK,
2026-09-18T13:00:00Z,Bitget USDT Futures,AVAXUSDT,8.056,2905480.8999999985,23406554.130399987,0.0001,,OK,
2026-09-18T13:00:00Z,Bitget USDT Futures,BTCUSDT,78022.5,33184.75349999988,2589157429.9537406,3e-05,,OK,
2026-09-18T13:00:00Z,Bitget USDT Futures,CAKEUSDT,2.4715,804351.3999999999,1987954.4850999997,5e-05,,OK,
2026-09-18T13:00:00Z,Bitget USDT Futures,CCUSDT,0.1089,8598238.0,936348.1182,5e-05,,OK,
2026-09-18T13:00:00Z,Bitget USDT Futures,ENAUSDT,0.16275,225465542.0,36694516.9605,5e-05,,OK,
2026-09-18T13:00:00Z,Bitget USDT Futures,ETHUSDT,2498.85,780827.7100000002,1951171323.1335003,5.4e-05,,OK,
2026-09-18T13:00:00Z,Bitget USDT Futures,HBARUSDT,0.07722,174407429.0,13467741.66738,0.0001,,OK,
2026-09-18T13:00:00Z,Bitget USDT Futures,HYPEUSDT,90.935,2511737.11,228404814.09785,5e-05,,OK,
2026-09-18T13:00:00Z,Bitget USDT Futures,LINKUSDT,11.809,4066775.0,48024545.974999994,0.0001,,OK,
2026-09-18T13:00:00Z,Bitget USDT Futures,MORPHOUSDT,2.4333,1118389.0,2721375.9537,5e-05,,OK,
2026-09-18T13:00:00Z,Bitget USDT Futures,NEARUSDT,3.6028,17097928.0,61600414.998399995,0.0001,,OK,
2026-09-18T13:00:00Z,Bitget USDT Futures,ONDOUSDT,0.3932,54451768.9,21410435.53148,5e-05,,OK,
2026-09-18T13:00:00Z,Bitget USDT Futures,SEIUSDT,0.04739,139880664.0,6628944.66696,0.0001,,OK,
2026-09-18T13:00:00Z,Bitget USDT Futures,SOLUSDT,105.769,4263177.399999946,450912010.42059433,0.0001,,OK,
2026-09-18T13:00:00Z,Bitget USDT Futures,SUIUSDT,0.7976,64659809.300000004,51572663.89768,0.0001,,OK,
2026-09-18T13:00:00Z,Bitget USDT Futures,TAOUSDT,245.72,113705.59000000001,27939737.574800003,5e-05,,OK,
2026-09-18T13:00:00Z,Bitget USDT Futures,UNIUSDT,8.735,3568901.0,31174350.235,0.0001,,OK,
2026-09-18T13:00:00Z,Bitget USDT Futures,XLMUSDT,0.18587,118651794.0,22053808.95078,0.0001,,OK,
2026-09-18T13:00:00Z,Bitget USDT Futures,XRPUSDT,1.3228,171827602.0,227293551.9256,0.0001,,OK,
2026-09-18T13:00:00Z,Bitget USDT Futures,ZECUSDT,1470.3,123117.12399999987,181019107.4171998,0.0001,,OK,
2026-09-18T14:00:00Z,Bitget USDT Futures,AAVEUSDT,137.65,201106.4,27682295.96,0.0001,,OK,
2026-09-18T14:00:00Z,Bitget USDT Futures,AVAXUSDT,8.066,2892558.4999999986,23331376.86099999,0.0001,,OK,
2026-09-18T14:00:00Z,Bitget USDT Futures,BTCUSDT,80402.3,32860.44979999989,2642055742.9545317,4.3e-05,,OK,
2026-09-18T14:00:00Z,Bitget USDT Futures,CAKEUSDT,2.4886,837394.5999999999,2083940.2015599995,-8.9e-05,,OK,
2026-09-18T14:00:00Z,Bitget USDT Futures,CCUSDT,0.10816,8248314.0,892137.6422400001,5e-05,,OK,
2026-09-18T14:00:00Z,Bitget USDT Futures,ENAUSDT,0.16447,225959368.0,37163537.25496,5e-05,,OK,
2026-09-18T14:00:00Z,Bitget USDT Futures,ETHUSDT,2560.04,758845.3300000005,1942674398.6132014,8e-05,,OK,
2026-09-18T14:00:00Z,Bitget USDT Futures,HBARUSDT,0.07791,176012261.0,13713115.254509998,0.0001,,OK,
2026-09-18T14:00:00Z,Bitget USDT Futures,HYPEUSDT,91.12,2516305.9499999997,229285798.16399997,5e-05,,OK,
2026-09-18T14:00:00Z,Bitget USDT Futures,LINKUSDT,12.035,4109202.0,49454246.07,0.0001,,OK,
2026-09-18T14:00:00Z,Bitget USDT Futures,MORPHOUSDT,2.4268,1092985.0,2652455.998,5e-05,,OK,
2026-09-18T14:00:00Z,Bitget USDT Futures,NEARUSDT,3.6196,17320092.0,62691805.0032,0.0001,,OK,
2026-09-18T14:00:00Z,Bitget USDT Futures,ONDOUSDT,0.3972,53853513.5,21390615.5622,5e-05,,OK,
2026-09-18T14:00:00Z,Bitget USDT Futures,SEIUSDT,0.04734,139963092.0,6625852.77528,0.0001,,OK,
2026-09-18T14:00:00Z,Bitget USDT Futures,SOLUSDT,108.853,4252786.799999943,462928601.54039377,0.0001,,OK,
2026-09-18T14:00:00Z,Bitget USDT Futures,SUIUSDT,0.8026,65094586.7,52244915.28542,0.0001,,OK,
2026-09-18T14:00:00Z,Bitget USDT Futures,TAOUSDT,249.27,113070.23400000001,28185017.229180004,5e-05,,OK,
2026-09-18T14:00:00Z,Bitget USDT Futures,UNIUSDT,8.717,3589366.0,31288503.422000002,0.0001,,OK,
2026-09-18T14:00:00Z,Bitget USDT Futures,XLMUSDT,0.19132,117723820.0,22522921.242399998,0.0001,,OK,
2026-09-18T14:00:00Z,Bitget USDT Futures,XRPUSDT,1.368,171917473.0,235183103.064,0.0001,,OK,
2026-09-18T14:00:00Z,Bitget USDT Futures,ZECUSDT,1478.62,120502.27899999969,178177079.77497953,0.0001,,OK,
2026-09-18T15:00:00Z,Bitget USDT Futures,AAVEUSDT,137.51,201042.2,27645312.922,0.0001,,OK,
2026-09-18T15:00:00Z,Bitget USDT Futures,AVAXUSDT,8.11,2924995.0999999987,23721710.26099999,0.0001,,OK,
2026-09-18T15:00:00Z,Bitget USDT Futures,BTCUSDT,80861.6,33645.23009999989,2720607138.2541513,3e-05,,OK,
2026-09-18T15:00:00Z,Bitget USDT Futures,CAKEUSDT,2.4729,841481.3999999999,2080899.3540599998,-0.000116,,OK,
2026-09-18T15:00:00Z,Bitget USDT Futures,CCUSDT,0.10824,8226040.0,890386.5696,5e-05,,OK,
2026-09-18T15:00:00Z,Bitget USDT Futures,ENAUSDT,0.16406,225313015.0,36964853.2409,5e-05,,OK,
2026-09-18T15:00:00Z,Bitget USDT Futures,ETHUSDT,2580.69,772326.5600000009,1993135430.1264024,9.3e-05,,OK,
2026-09-18T15:00:00Z,Bitget USDT Futures,HBARUSDT,0.07895,172953560.0,13654683.562,0.0001,,OK,
2026-09-18T15:00:00Z,Bitget USDT Futures,HYPEUSDT,91.659,2521642.8000000007,231131257.4052001,1.5e-05,,OK,
2026-09-18T15:00:00Z,Bitget USDT Futures,LINKUSDT,12.163,4099614.0,49863605.082,0.0001,,OK,
2026-09-18T15:00:00Z,Bitget USDT Futures,MORPHOUSDT,2.4143,1089001.0,2629175.1143,5e-05,,OK,
2026-09-18T15:00:00Z,Bitget USDT Futures,NEARUSDT,3.7572,17065593.0,64118846.019600004,0.0001,,OK,
2026-09-18T15:00:00Z,Bitget USDT Futures,ONDOUSDT,0.3956,54070208.300000004,21390174.40348,5e-05,,OK,
2026-09-18T15:00:00Z,Bitget USDT Futures,SEIUSDT,0.04726,140634730.0,6646397.3398,0.0001,,OK,
2026-09-18T15:00:00Z,Bitget USDT Futures,SOLUSDT,110.336,4241699.19999994,468012122.93119335,0.0001,,OK,
2026-09-18T15:00:00Z,Bitget USDT Futures,SUIUSDT,0.8032,65382531.900000006,52515249.622080006,0.0001,,OK,
2026-09-18T15:00:00Z,Bitget USDT Futures,TAOUSDT,252.04,111814.206,28181652.480240002,5e-05,,OK,
2026-09-18T15:00:00Z,Bitget USDT Futures,UNIUSDT,8.605,3594533.0,30930956.465,0.0001,,OK,
2026-09-18T15:00:00Z,Bitget USDT Futures,XLMUSDT,0.19192,116765874.0,22409706.53808,0.0001,,OK,
2026-09-18T15:00:00Z,Bitget USDT Futures,XRPUSDT,1.389,168547987.0,234113153.943,0.0001,,OK,
2026-09-18T15:00:00Z,Bitget USDT Futures,ZECUSDT,1487.61,119831.59699999963,178262682.01316944,-4.8e-05,,OK,
2026-09-18T16:00:00Z,Bitget USDT Futures,AAVEUSDT,139.0,201016.1,27941237.900000002,0.0001,,OK,
2026-09-18T16:00:00Z,Bitget USDT Futures,AVAXUSDT,8.103,2907585.4999999986,23560165.306499988,0.0001,,OK,
2026-09-18T16:00:00Z,Bitget USDT Futures,BTCUSDT,80957.2,33783.148299999884,2734989093.5527506,1.7e-05,,OK,
2026-09-18T16:00:00Z,Bitget USDT Futures,CAKEUSDT,2.4724,839342.3999999999,2075190.1497599997,-0.0001,,OK,
2026-09-18T16:00:00Z,Bitget USDT Futures,CCUSDT,0.10922,8279676.0,904306.21272,5e-05,,OK,
2026-09-18T16:00:00Z,Bitget USDT Futures,ENAUSDT,0.16615,225537513.0,37473057.784949996,5e-05,,OK,
2026-09-18T16:00:00Z,Bitget USDT Futures,ETHUSDT,2592.7,770132.5900000009,1996722766.093002,9e-05,,OK,
2026-09-18T16:00:00Z,Bitget USDT Futures,HBARUSDT,0.07862,175330169.0,13784457.88678,7e-05,,OK,
2026-09-18T16:00:00Z,Bitget USDT Futures,HYPEUSDT,91.355,2521941.440000001,230391960.25120008,-2.5e-05,,OK,
2026-09-18T16:00:00Z,Bitget USDT Futures,LINKUSDT,12.186,4086946.0,49803523.956,0.0001,,OK,
2026-09-18T16:00:00Z,Bitget USDT Futures,MORPHOUSDT,2.4283,1088228.0,2642544.0524,5e-05,,OK,
2026-09-18T16:00:00Z,Bitget USDT Futures,NEARUSDT,3.6351,16737775.0,60843485.9025,0.0001,,OK,
2026-09-18T16:00:00Z,Bitget USDT Futures,ONDOUSDT,0.3965,53876450.9,21362012.78185,5e-05,,OK,
2026-09-18T16:00:00Z,Bitget USDT Futures,SEIUSDT,0.04751,142869114.0,6787711.60614,0.0001,,OK,
2026-09-18T16:00:00Z,Bitget USDT Futures,SOLUSDT,111.695,4230686.199999939,472546495.1089931,0.0001,,OK,
2026-09-18T16:00:00Z,Bitget USDT Futures,SUIUSDT,0.8057,65429208.2,52716313.04674,0.0001,,OK,
2026-09-18T16:00:00Z,Bitget USDT Futures,TAOUSDT,250.37,111914.86400000002,28020124.499680005,5e-05,,OK,
2026-09-18T16:00:00Z,Bitget USDT Futures,UNIUSDT,8.769,3615416.0,31703582.904,6.7e-05,,OK,
2026-09-18T16:00:00Z,Bitget USDT Futures,XLMUSDT,0.19159,116898203.0,22396526.71277,0.0001,,OK,
2026-09-18T16:00:00Z,Bitget USDT Futures,XRPUSDT,1.3837,168121441.0,232629637.91169998,0.0001,,OK,
2026-09-18T16:00:00Z,Bitget USDT Futures,ZECUSDT,1480.48,118680.52999999959,175704151.0543994,-0.000172,,OK,
2026-09-18T17:00:00Z,Bitget USDT Futures,AAVEUSDT,138.0,201591.5,27819627.0,0.0001,,OK,
2026-09-18T17:00:00Z,Bitget USDT Futures,AVAXUSDT,8.075,2909326.699999999,23492813.102499988,0.0001,,OK,
2026-09-18T17:00:00Z,Bitget USDT Futures,BTCUSDT,80869.6,33741.56639999989,2728666978.141431,1.3e-05,,OK,
2026-09-18T17:00:00Z,Bitget USDT Futures,CAKEUSDT,2.4402,842827.9999999999,2056668.8855999997,-3e-05,,OK,
2026-09-18T17:00:00Z,Bitget USDT Futures,CCUSDT,0.10898,8360042.0,911077.3771599999,5e-05,,OK,
2026-09-18T17:00:00Z,Bitget USDT Futures,ENAUSDT,0.164,228618950.0,37493507.800000004,5e-05,,OK,
2026-09-18T17:00:00Z,Bitget USDT Futures,ETHUSDT,2594.86,768039.7700000011,1992955677.582203,8.7e-05,,OK,
2026-09-18T17:00:00Z,Bitget USDT Futures,HBARUSDT,0.07821,175263569.0,13707363.731490001,8.2e-05,,OK,
2026-09-18T17:00:00Z,Bitget USDT Futures,HYPEUSDT,91.115,2511249.170000001,228812468.12455007,-3.7e-05,,OK,
2026-09-18T17:00:00Z,Bitget USDT Futures,LINKUSDT,12.129,4085426.0,49552131.953999996,0.0001,,OK,
2026-09-18T17:00:00Z,Bitget USDT Futures,MORPHOUSDT,2.4039,1082173.0,2601435.6747000003,5e-05,,OK,
2026-09-18T17:00:00Z,Bitget USDT Futures,NEARUSDT,3.7158,16549672.0,61495271.2176,0.0001,,OK,
2026-09-18T17:00:00Z,Bitget USDT Futures,ONDOUSDT,0.3976,53693508.5,21348538.9796,5e-05,,OK,
2026-09-18T17:00:00Z,Bitget USDT Futures,SEIUSDT,0.04748,142138620.0,6748741.6776,0.0001,,OK,
2026-09-18T17:00:00Z,Bitget USDT Futures,SOLUSDT,111.97,4231441.49999994,473794504.7549933,0.0001,,OK,
2026-09-18T17:00:00Z,Bitget USDT Futures,SUIUSDT,0.7984,65544174.1,52330468.60144,0.0001,,OK,
2026-09-18T17:00:00Z,Bitget USDT Futures,TAOUSDT,248.28,111511.19300000001,27685998.99804,5e-05,,OK,
2026-09-18T17:00:00Z,Bitget USDT Futures,UNIUSDT,8.794,3606811.0,31718295.934,1.9e-05,,OK,
2026-09-18T17:00:00Z,Bitget USDT Futures,XLMUSDT,0.19212,117317941.0,22539122.824920002,0.0001,,OK,
2026-09-18T17:00:00Z,Bitget USDT Futures,XRPUSDT,1.3829,168186053.0,232584492.69370002,0.0001,,OK,
2026-09-18T17:00:00Z,Bitget USDT Futures,ZECUSDT,1448.18,117659.61499999963,170392301.25069946,-0.000174,,OK,
2026-09-18T18:00:00Z,Bitget USDT Futures,AAVEUSDT,138.56,201649.0,27940485.44,0.0001,,OK,
2026-09-18T18:00:00Z,Bitget USDT Futures,AVAXUSDT,8.168,2919314.8999999985,23844964.103199985,0.0001,,OK,
2026-09-18T18:00:00Z,Bitget USDT Futures,BTCUSDT,80879.3,33738.908099999884,2728779269.8923206,1.5e-05,,OK,
2026-09-18T18:00:00Z,Bitget USDT Futures,CAKEUSDT,2.4512,835076.5999999999,2046939.7619199997,8e-06,,OK,
2026-09-18T18:00:00Z,Bitget USDT Futures,CCUSDT,0.10963,8405762.0,921523.6880600001,5e-05,,OK,
2026-09-18T18:00:00Z,Bitget USDT Futures,ENAUSDT,0.16543,228995781.0,37882772.05083,5e-05,,OK,
2026-09-18T18:00:00Z,Bitget USDT Futures,ETHUSDT,2606.13,768541.8900000012,2002920075.7857032,6.8e-05,,OK,
2026-09-18T18:00:00Z,Bitget USDT Futures,HBARUSDT,0.07875,175220011.0,13798575.86625,0.0001,,OK,
2026-09-18T18:00:00Z,Bitget USDT Futures,HYPEUSDT,91.507,2504142.650000001,229146581.47355008,-2e-05,,OK,
2026-09-18T18:00:00Z,Bitget USDT Futures,LINKUSDT,12.213,4089462.0,49944599.405999996,0.0001,,OK,
2026-09-18T18:00:00Z,Bitget USDT Futures,MORPHOUSDT,2.4212,1080341.0,2615721.6292,5e-05,,OK,
2026-09-18T18:00:00Z,Bitget USDT Futures,NEARUSDT,3.7917,16537498.0,62705231.166600004,0.0001,,OK,
2026-09-18T18:00:00Z,Bitget USDT Futures,ONDOUSDT,0.3977,53711441.1,21361040.12547,5e-05,,OK,
2026-09-18T18:00:00Z,Bitget USDT Futures,SEIUSDT,0.04775,141857172.0,6773679.963,0.0001,,OK,
2026-09-18T18:00:00Z,Bitget USDT Futures,SOLUSDT,112.526,4261835.999999941,479567357.7359934,0.0001,,OK,
2026-09-18T18:00:00Z,Bitget USDT Futures,SUIUSDT,0.802,65250485.300000004,52330889.2106,0.0001,,OK,
2026-09-18T18:00:00Z,Bitget USDT Futures,TAOUSDT,249.78,111632.05000000002,27883453.449000005,5e-05,,OK,
2026-09-18T18:00:00Z,Bitget USDT Futures,UNIUSDT,8.912,3528154.0,31442908.448000003,1e-05,,OK,
2026-09-18T18:00:00Z,Bitget USDT Futures,XLMUSDT,0.19293,117372308.0,22644639.382439997,0.0001,,OK,
2026-09-18T18:00:00Z,Bitget USDT Futures,XRPUSDT,1.3929,168022681.0,234038792.3649,0.0001,,OK,
2026-09-18T18:00:00Z,Bitget USDT Futures,ZECUSDT,1457.63,117978.0969999996,171968413.53010944,-0.000128,,OK,
2026-09-18T19:00:00Z,Bitget USDT Futures,AAVEUSDT,138.39,201628.80000000002,27903409.632,0.0001,,OK,
2026-09-18T19:00:00Z,Bitget USDT Futures,AVAXUSDT,8.316,2900282.0999999987,24118745.94359999,0.0001,,OK,
2026-09-18T19:00:00Z,Bitget USDT Futures,BTCUSDT,81251.4,33713.627299999884,2739279417.2032104,1.7e-05,,OK,
2026-09-18T19:00:00Z,Bitget USDT Futures,CAKEUSDT,2.4572,833021.1999999998,2046899.6926399996,3.4e-05,,OK,
2026-09-18T19:00:00Z,Bitget USDT Futures,CCUSDT,0.10958,7914378.0,867257.5412399999,5e-05,,OK,
2026-09-18T19:00:00Z,Bitget USDT Futures,ENAUSDT,0.16738,226911326.0,37980417.74588,5e-05,,OK,
2026-09-18T19:00:00Z,Bitget USDT Futures,ETHUSDT,2630.66,755182.8700000013,1986629368.7942033,5.4e-05,,OK,
2026-09-18T19:00:00Z,Bitget USDT Futures,HBARUSDT,0.07899,175409415.0,13855589.69085,0.0001,,OK,
2026-09-18T19:00:00Z,Bitget USDT Futures,HYPEUSDT,91.609,2500784.840000001,229094398.40756005,-2.7e-05,,OK,
2026-09-18T19:00:00Z,Bitget USDT Futures,LINKUSDT,12.316,4101930.0,50519369.88,0.0001,,OK,
2026-09-18T19:00:00Z,Bitget USDT Futures,MORPHOUSDT,2.41,1077171.0,2595982.1100000003,5e-05,,OK,
2026-09-18T19:00:00Z,Bitget USDT Futures,NEARUSDT,3.7737,16618787.0,62714316.501899995,0.0001,,OK,
2026-09-18T19:00:00Z,Bitget USDT Futures,ONDOUSDT,0.3993,53636197.800000004,21416933.781540003,5e-05,,OK,
2026-09-18T19:00:00Z,Bitget USDT Futures,SEIUSDT,0.04792,141976022.0,6803490.974239999,0.0001,,OK,
2026-09-18T19:00:00Z,Bitget USDT Futures,SOLUSDT,113.026,4255874.799999942,481024505.14479345,0.0001,,OK,
2026-09-18T19:00:00Z,Bitget USDT Futures,SUIUSDT,0.8071,65087498.300000004,52532119.87793001,0.0001,,OK,
2026-09-18T19:00:00Z,Bitget USDT Futures,TAOUSDT,252.27,112065.43000000001,28270746.026100002,5e-05,,OK,
2026-09-18T19:00:00Z,Bitget USDT Futures,UNIUSDT,8.907,3551780.0,31635704.46,3.6e-05,,OK,
2026-09-18T19:00:00Z,Bitget USDT Futures,XLMUSDT,0.19347,117262228.0,22686723.25116,0.0001,,OK,
2026-09-18T19:00:00Z,Bitget USDT Futures,XRPUSDT,1.399,167712008.0,234629099.192,0.0001,,OK,
2026-09-18T19:00:00Z,Bitget USDT Futures,ZECUSDT,1465.86,117742.35899999957,172593814.36373937,-9.2e-05,,OK,
2026-09-18T20:00:00Z,Bitget USDT Futures,AAVEUSDT,139.27,201066.2,28002489.674000002,0.0001,,OK,
2026-09-18T20:00:00Z,Bitget USDT Futures,AVAXUSDT,8.269,2910484.699999999,24066797.98429999,0.0001,,OK,
2026-09-18T20:00:00Z,Bitget USDT Futures,BTCUSDT,81124.5,33491.473199999884,2716979017.6133904,1e-05,,OK,
2026-09-18T20:00:00Z,Bitget USDT Futures,CAKEUSDT,2.4555,817837.1999999998,2008199.2445999994,5e-05,,OK,
2026-09-18T20:00:00Z,Bitget USDT Futures,CCUSDT,0.11041,8217486.0,907292.62926,5e-05,,OK,
2026-09-18T20:00:00Z,Bitget USDT Futures,ENAUSDT,0.16811,226621352.0,38097315.48472,5e-05,,OK,
2026-09-18T20:00:00Z,Bitget USDT Futures,ETHUSDT,2636.74,760314.2300000013,2004750942.810203,5.3e-05,,OK,
2026-09-18T20:00:00Z,Bitget USDT Futures,HBARUSDT,0.07937,175621845.0,13939105.83765,0.0001,,OK,
2026-09-18T20:00:00Z,Bitget USDT Futures,HYPEUSDT,92.345,2494008.220000001,230309189.0759001,5e-06,,OK,
2026-09-18T20:00:00Z,Bitget USDT Futures,LINKUSDT,12.388,4090639.0,50674835.932,0.0001,,OK,
2026-09-18T20:00:00Z,Bitget USDT Futures,MORPHOUSDT,2.4186,1075247.0,2600592.3942,5e-05,,OK,
2026-09-18T20:00:00Z,Bitget USDT Futures,NEARUSDT,3.6771,16502741.0,60682228.931099996,0.0001,,OK,
2026-09-18T20:00:00Z,Bitget USDT Futures,ONDOUSDT,0.3978,53631176.2,21334481.89236,5e-05,,OK,
2026-09-18T20:00:00Z,Bitget USDT Futures,SEIUSDT,0.048,141959188.0,6814041.024,0.0001,,OK,
2026-09-18T20:00:00Z,Bitget USDT Futures,SOLUSDT,113.891,4276436.399999943,487047618.0323935,0.0001,,OK,
2026-09-18T20:00:00Z,Bitget USDT Futures,SUIUSDT,0.8094,65184366.7,52760226.40698,0.0001,,OK,
2026-09-18T20:00:00Z,Bitget USDT Futures,TAOUSDT,251.38,112995.63700000002,28404843.229060005,5e-05,,OK,
2026-09-18T20:00:00Z,Bitget USDT Futures,UNIUSDT,9.029,3505753.0,31653443.837,4.1e-05,,OK,
2026-09-18T20:00:00Z,Bitget USDT Futures,XLMUSDT,0.19474,116883014.0,22761798.14636,0.0001,,OK,
2026-09-18T20:00:00Z,Bitget USDT Futures,XRPUSDT,1.4099,167150439.0,235665403.9461,0.0001,,OK,
2026-09-18T20:00:00Z,Bitget USDT Futures,ZECUSDT,1482.2,118367.76099999958,175444695.35419938,-0.000106,,OK,
2026-09-18T21:00:00Z,Bitget USDT Futures,AAVEUSDT,139.55,202493.6,28257981.880000003,0.0001,,OK,
2026-09-18T21:00:00Z,Bitget USDT Futures,AVAXUSDT,8.282,2910009.2999999984,24100697.022599988,0.0001,,OK,
2026-09-18T21:00:00Z,Bitget USDT Futures,BTCUSDT,81174.0,33634.01629999989,2730207639.136191,1e-05,,OK,
2026-09-18T21:00:00Z,Bitget USDT Futures,CAKEUSDT,2.4621,831761.5999999999,2047880.2353599996,4e-05,,OK,
2026-09-18T21:00:00Z,Bitget USDT Futures,CCUSDT,0.11126,8421890.0,937019.4813999999,5e-05,,OK,
2026-09-18T21:00:00Z,Bitget USDT Futures,ENAUSDT,0.17065,226623430.0,38673288.3295,5e-05,,OK,
2026-09-18T21:00:00Z,Bitget USDT Futures,ETHUSDT,2635.08,764319.0300000013,2014041789.5724034,4.7e-05,,OK,
2026-09-18T21:00:00Z,Bitget USDT Futures,HBARUSDT,0.07988,176727212.0,14116969.69456,0.0001,,OK,
2026-09-18T21:00:00Z,Bitget USDT Futures,HYPEUSDT,91.65,2493459.830000001,228525593.4195001,9e-06,,OK,
2026-09-18T21:00:00Z,Bitget USDT Futures,LINKUSDT,12.373,4085376.0,50548357.247999996,0.0001,,OK,
2026-09-18T21:00:00Z,Bitget USDT Futures,MORPHOUSDT,2.395,1077119.0,2579700.005,5e-05,,OK,
2026-09-18T21:00:00Z,Bitget USDT Futures,NEARUSDT,3.6853,16507132.0,60833733.559599996,0.0001,,OK,
2026-09-18T21:00:00Z,Bitget USDT Futures,ONDOUSDT,0.3989,53744651.7,21438741.56313,5e-05,,OK,
2026-09-18T21:00:00Z,Bitget USDT Futures,SEIUSDT,0.04812,141497294.0,6808849.787280001,0.0001,,OK,
2026-09-18T21:00:00Z,Bitget USDT Futures,SOLUSDT,113.428,4261050.499999944,483322436.11399364,0.0001,,OK,
2026-09-18T21:00:00Z,Bitget USDT Futures,SUIUSDT,0.8174,65246050.300000004,53332121.51522,0.0001,,OK,
2026-09-18T21:00:00Z,Bitget USDT Futures,TAOUSDT,249.14,112743.74200000001,28088975.88188,5e-05,,OK,
2026-09-18T21:00:00Z,Bitget USDT Futures,UNIUSDT,9.069,3505198.0,31788640.662000004,9e-06,,OK,
2026-09-18T21:00:00Z,Bitget USDT Futures,XLMUSDT,0.19397,118623044.0,23009311.84468,0.0001,,OK,
2026-09-18T21:00:00Z,Bitget USDT Futures,XRPUSDT,1.4029,166825451.0,234039425.20790002,0.0001,,OK,
2026-09-18T21:00:00Z,Bitget USDT Futures,ZECUSDT,1494.07,118597.42799999956,177192859.25195935,-0.000108,,OK,
2026-09-18T22:00:00Z,Bitget USDT Futures,AAVEUSDT,138.58,202809.4,28105326.652000003,0.0001,,OK,
2026-09-18T22:00:00Z,Bitget USDT Futures,AVAXUSDT,8.248,2926101.8999999985,24134488.471199986,0.0001,,OK,
2026-09-18T22:00:00Z,Bitget USDT Futures,BTCUSDT,81267.3,33659.76829999989,2735438488.366581,1.4e-05,,OK,
2026-09-18T22:00:00Z,Bitget USDT Futures,CAKEUSDT,2.4606,831668.3999999999,2046403.2650399997,3.5e-05,,OK,
2026-09-18T22:00:00Z,Bitget USDT Futures,CCUSDT,0.11122,8363440.0,930181.7968,5e-05,,OK,
2026-09-18T22:00:00Z,Bitget USDT Futures,ENAUSDT,0.1695,226386958.0,38372589.381000005,5e-05,,OK,
2026-09-18T22:00:00Z,Bitget USDT Futures,ETHUSDT,2630.85,760818.5500000014,2001599482.2675037,5.2e-05,,OK,
2026-09-18T22:00:00Z,Bitget USDT Futures,HBARUSDT,0.07929,174819489.0,13861437.28281,0.0001,,OK,
2026-09-18T22:00:00Z,Bitget USDT Futures,HYPEUSDT,92.062,2489705.9000000013,229207304.5658001,-1e-05,,OK,
2026-09-18T22:00:00Z,Bitget USDT Futures,LINKUSDT,12.41,4082638.0,50665537.58,0.0001,,OK,
2026-09-18T22:00:00Z,Bitget USDT Futures,MORPHOUSDT,2.408,1071305.0,2579702.44,5e-05,,OK,
2026-09-18T22:00:00Z,Bitget USDT Futures,NEARUSDT,3.7056,16405147.0,60790912.7232,0.0001,,OK,
2026-09-18T22:00:00Z,Bitget USDT Futures,ONDOUSDT,0.3995,53643806.5,21430700.69675,5e-05,,OK,
2026-09-18T22:00:00Z,Bitget USDT Futures,SEIUSDT,0.04804,141875854.0,6815716.02616,0.0001,,OK,
2026-09-18T22:00:00Z,Bitget USDT Futures,SOLUSDT,113.496,4252486.499999945,482640207.80399376,0.0001,,OK,
2026-09-18T22:00:00Z,Bitget USDT Futures,SUIUSDT,0.8201,65043699.00000001,53342337.54990001,0.0001,,OK,
2026-09-18T22:00:00Z,Bitget USDT Futures,TAOUSDT,250.09,112379.15600000002,28104903.124040004,5e-05,,OK,
2026-09-18T22:00:00Z,Bitget USDT Futures,UNIUSDT,8.966,3511208.0,31481490.928,3e-06,,OK,
2026-09-18T22:00:00Z,Bitget USDT Futures,XLMUSDT,0.19365,118596136.0,22966141.736399997,0.0001,,OK,
2026-09-18T22:00:00Z,Bitget USDT Futures,XRPUSDT,1.4034,167034162.0,234415742.9508,0.0001,,OK,
2026-09-18T22:00:00Z,Bitget USDT Futures,ZECUSDT,1499.36,118584.70499999958,177801163.28879935,-3.2e-05,,OK,
